memory_initialization_radix=16;
memory_initialization_vector=
f8f8f8,
f7f7f7,
f6f6f6,
f6f6f6,
f6f6f6,
f7f7f7,
f8f8f8,
f8f8f8,
f7f7f7,
f6f6f6,
f5f5f5,
f6f6f6,
f7f7f7,
f8f8f8,
f9f9f9,
f8f8f8,
f6f6f6,
f6f6f6,
f6f6f6,
f7f7f7,
f8f8f8,
f8f8f8,
f8f8f8,
f7f7f7,
f5f5f5,
f6f6f6,
f7f7f7,
f8f8f8,
f8f8f8,
f7f7f7,
f6f6f6,
f6f6f6,
f6f6f6,
f7f7f7,
f8f8f8,
f8f8f8,
f8f8f8,
f7f7f7,
f6f6f6,
f7f7f7,
f7f7f7,
f8f8f8,
f9f9f9,
f8f8f8,
f6f6f6,
f6f6f6,
f6f6f6,
f7f7f7,
f8f8f8,
f8f8f8,
f8f8f8,
f7f7f7,
f6f6f6,
f7f7f7,
f7f7f7,
f8f8f8,
f9f9f9,
f8f8f8,
f7f7f7,
f7f7f7,
f6f6f6,
f7f7f7,
f8f8f8,
f8f8f8,
f8f8f8,
f7f7f7,
f5f5f5,
f6f6f6,
f6f6f6,
f8f8f8,
f9f9f9,
f8f8f8,
f7f7f7,
f6f6f6,
f5f5f5,
f7f7f7,
f8f8f8,
f8f8f8,
f8f8f8,
f7f7f7,
f6f6f6,
f6f6f6,
f6f6f6,
f7f7f7,
f8f8f8,
f8f8f8,
f7f7f7,
f6f6f6,
f5f5f5,
f7f7f7,
f8f8f8,
f8f8f8,
f8f8f8,
f7f7f7,
f6f6f6,
f6f6f6,
f6f6f6,
f7f7f7,
f8f8f8,
f8f8f8,
f7f7f7,
f6f6f6,
f5f5f5,
f6f6f6,
f7f7f7,
f8f8f8,
f8f8f8,
f7f7f7,
f6f6f6,
f6f6f6,
f6f6f6,
f7f7f7,
f8f8f8,
f8f8f8,
f8f8f8,
f7f7f7,
f5f5f5,
f6f6f6,
f7f7f7,
f8f8f8,
f9f9f9,
f8f8f8,
f6f6f6,
f6f6f6,
f6f6f6,
f7f7f7,
f8f8f8,
f8f8f8,
f8f8f8,
f7f7f7,
f5f5f5,
f6f6f6,
f7f7f7,
f8f8f8,
f9f9f9,
f8f8f8,
f6f6f6,
f6f6f6,
f6f6f6,
f7f7f7,
f8f8f8,
f8f8f8,
f8f8f8,
f7f7f7,
f6f6f6,
f7f7f7,
f7f7f7,
f8f8f8,
f9f9f9,
f8f8f8,
f7f7f7,
f7f7f7,
f6f6f6,
f7f7f7,
f8f8f8,
f8f8f8,
f8f8f8,
f7f7f7,
f6f6f6,
f6f6f6,
f6f6f6,
f8f8f8,
f9f9f9,
f8f8f8,
f7f7f7,
f6f6f6,
f5f5f5,
f6f6f6,
f6f6f6,
f6f6f6,
f5f5f5,
f4f4f4,
f2f2f3,
f3f3f4,
f3f3f4,
f5f5f6,
f7f7f7,
f7f7f7,
f7f7f7,
f6f6f6,
f5f5f5,
f7f7f7,
f8f8f8,
f8f8f8,
f8f8f8,
f7f7f7,
f6f6f6,
f6f6f6,
f6f6f6,
f7f7f7,
f8f8f8,
f8f8f8,
f7f7f7,
f6f6f6,
f5f5f5,
f6f6f6,
f7f7f7,
f8f8f8,
f8f8f8,
f7f7f7,
f6f6f6,
f6f6f6,
f6f6f6,
f7f7f7,
f8f8f8,
f8f8f8,
f8f8f8,
f7f7f7,
f5f5f5,
f6f6f6,
f7f7f7,
f8f8f8,
f8f8f8,
f7f7f7,
f6f6f6,
f6f6f6,
f6f6f6,
f7f7f7,
f8f8f8,
f8f8f8,
f8f8f8,
f7f7f7,
f6f6f6,
f6f6f6,
fafafa,
f7f7f7,
f5f5f5,
f5f5f5,
f5f5f5,
f7f7f7,
fafafa,
f9f9f9,
f8f8f8,
f6f6f6,
f4f4f4,
f6f6f6,
f8f8f8,
f9f9f9,
fafafa,
f8f8f8,
f6f6f6,
f5f5f5,
f5f5f5,
f7f7f7,
fafafa,
f9f9f9,
f9f9f9,
f6f6f6,
f4f4f4,
f5f5f5,
f7f7f7,
f8f8f8,
fafafa,
f8f8f8,
f6f6f6,
f5f5f5,
f5f5f5,
f7f7f7,
fafafa,
f9f9f9,
f9f9f9,
f7f7f7,
f5f5f5,
f6f6f6,
f7f7f7,
f9f9f9,
fbfbfb,
f8f8f8,
f6f6f6,
f5f5f5,
f5f5f5,
f7f7f7,
f9f9f9,
f9f9f9,
f9f9f9,
f7f7f7,
f5f5f5,
f6f6f6,
f7f7f7,
f9f9f9,
fbfbfb,
f9f9f9,
f7f7f7,
f6f6f6,
f5f5f5,
f7f7f7,
f9f9f9,
f9f9f9,
f9f9f9,
f7f7f7,
f4f4f4,
f5f5f5,
f6f6f6,
f8f8f8,
fbfbfb,
f9f9f9,
f7f7f7,
f5f5f5,
f4f4f4,
f6f6f6,
f9f9f9,
f9f9f9,
fafafa,
f7f7f7,
f5f5f5,
f5f5f5,
f6f6f6,
f8f8f8,
fafafa,
f9f9f9,
f8f8f8,
f6f6f6,
f4f4f4,
f6f6f6,
f9f9f9,
f9f9f9,
fafafa,
f7f7f7,
f5f5f5,
f5f5f5,
f5f5f5,
f7f7f7,
fafafa,
f9f9f9,
f8f8f8,
f6f6f6,
f4f4f4,
f6f6f6,
f8f8f8,
f9f9f9,
fafafa,
f7f7f7,
f5f5f5,
f5f5f5,
f5f5f5,
f7f7f7,
fafafa,
f9f9f9,
f9f9f9,
f6f6f6,
f4f4f4,
f6f6f6,
f8f8f8,
f9f9f9,
fafafa,
f8f8f8,
f6f6f6,
f5f5f5,
f5f5f5,
f7f7f7,
fafafa,
f9f9f9,
f9f9f9,
f6f6f6,
f4f4f4,
f6f6f6,
f7f7f7,
f9f9f9,
fbfbfb,
f8f8f8,
f6f6f6,
f5f5f5,
f5f5f5,
f7f7f7,
f9f9f9,
f9f9f9,
f9f9f9,
f7f7f7,
f5f5f5,
f6f6f6,
f7f7f7,
f9f9f9,
fbfbfb,
f9f9f9,
f7f7f7,
f6f6f6,
f5f5f5,
f7f7f7,
f9f9f9,
f9f9f9,
f9f9f9,
f7f7f7,
f4f4f4,
f3f3f3,
f3f3f3,
f3f3f3,
f3f3f4,
eeeeef,
e9e9eb,
e5e5e7,
e1e1e3,
e2e1e4,
e2e2e5,
e1e1e4,
e0e0e3,
dedee2,
dddde1,
dddde1,
dedee2,
e1e1e5,
e4e4e7,
e6e6e9,
e8e8ea,
eaeaec,
ececed,
f2f2f2,
f7f7f8,
f8f8f9,
fafafa,
f7f7f7,
f5f5f5,
f5f5f5,
f6f6f6,
f8f8f8,
fafafa,
f9f9f9,
f8f8f8,
f6f6f6,
f4f4f4,
f6f6f6,
f8f8f8,
f9f9f9,
fafafa,
f7f7f7,
f5f5f5,
f5f5f5,
f5f5f5,
f7f7f7,
fafafa,
f9f9f9,
f8f8f8,
f6f6f6,
f4f4f4,
f6f6f6,
f8f8f8,
f9f9f9,
fafafa,
f8f8f8,
f6f6f6,
f5f5f5,
f5f5f5,
f7f7f7,
fafafa,
f9f9f9,
f9f9f9,
f7f7f7,
f5f5f5,
f5f5f5,
fbfbfb,
f8f8f8,
f4f4f4,
f4f4f4,
f4f4f4,
f8f8f8,
fbfbfb,
fafafa,
f8f8f8,
f5f5f5,
f2f2f2,
f5f5f5,
f8f8f8,
fafafa,
fbfbfb,
f8f8f8,
f5f5f5,
f5f5f5,
f4f4f4,
f8f8f8,
fbfbfb,
fafafa,
f9f9f9,
f6f6f6,
f2f2f2,
f5f5f5,
f7f7f7,
f9f9f9,
fbfbfb,
f8f8f8,
f5f5f5,
f4f4f4,
f3f3f3,
f7f7f7,
fbfbfb,
fafafa,
f9f9f9,
f6f6f6,
f3f3f3,
f5f5f5,
f6f6f6,
f9f9f9,
fcfcfc,
f9f9f9,
f5f5f5,
f4f4f4,
f3f3f3,
f7f7f7,
fafafa,
fafafa,
fafafa,
f7f7f7,
f3f3f3,
f5f5f5,
f6f6f6,
f9f9f9,
fcfcfc,
f9f9f9,
f6f6f6,
f5f5f5,
f3f3f3,
f6f6f6,
f9f9f9,
fafafa,
fafafa,
f7f7f7,
f3f3f3,
f4f4f4,
f5f5f5,
f9f9f9,
fcfcfc,
f9f9f9,
f6f6f6,
f5f5f5,
f3f3f3,
f6f6f6,
f9f9f9,
fafafa,
fbfbfb,
f7f7f7,
f3f3f3,
f4f4f4,
f5f5f5,
f8f8f8,
fbfbfb,
fafafa,
f8f8f8,
f5f5f5,
f2f2f2,
f6f6f6,
f9f9f9,
fafafa,
fbfbfb,
f8f8f8,
f4f4f4,
f4f4f4,
f4f4f4,
f8f8f8,
fbfbfb,
fafafa,
f8f8f8,
f5f5f5,
f2f2f2,
f5f5f5,
f8f8f8,
fafafa,
fbfbfb,
f8f8f8,
f4f4f4,
f4f4f4,
f4f4f4,
f8f8f8,
fbfbfb,
fafafa,
f9f9f9,
f6f6f6,
f2f2f2,
f5f5f5,
f8f8f8,
fafafa,
fbfbfb,
f8f8f8,
f5f5f5,
f4f4f4,
f3f3f3,
f7f7f7,
fbfbfb,
fafafa,
f9f9f9,
f6f6f6,
f3f3f3,
f5f5f5,
f7f7f7,
fafafa,
fcfcfc,
f9f9f9,
f5f5f5,
f4f4f4,
f3f3f3,
f7f7f7,
fafafa,
fafafa,
f9f9f9,
f6f6f6,
f3f3f3,
f5f5f5,
f6f6f6,
f9f9f9,
fcfcfc,
f9f9f9,
f6f6f6,
f5f5f5,
f3f3f3,
f7f7f7,
fafafa,
fafafa,
fafafa,
f6f6f6,
f2f2f2,
f1f1f1,
efefef,
eeeeef,
ededee,
e4e4e6,
dbdbde,
d4d4d7,
cdccd0,
cecdd2,
cecdd3,
cdccd2,
cbcbd1,
c9c9d0,
c7c7ce,
c8c8cf,
c9c9d0,
cdcdd4,
d1d1d7,
d5d5da,
d9d9dd,
dedee1,
e3e3e5,
ededee,
f6f6f7,
f9f9f9,
fbfbfb,
f7f7f7,
f3f3f3,
f4f4f4,
f5f5f5,
f8f8f8,
fbfbfb,
fafafa,
f8f8f8,
f5f5f5,
f2f2f2,
f5f5f5,
f8f8f8,
fafafa,
fbfbfb,
f8f8f8,
f4f4f4,
f4f4f4,
f4f4f4,
f8f8f8,
fbfbfb,
fafafa,
f8f8f8,
f5f5f5,
f2f2f2,
f5f5f5,
f8f8f8,
fafafa,
fbfbfb,
f8f8f8,
f5f5f5,
f4f4f4,
f3f3f3,
f7f7f7,
fbfbfb,
fafafa,
f9f9f9,
f6f6f6,
f3f3f3,
f3f3f3,
f6f6f6,
f7f7f7,
f8f8f8,
f8f8f8,
f8f8f8,
f7f7f7,
f6f6f6,
f6f6f6,
f7f7f7,
f7f7f7,
f8f8f8,
f7f7f7,
f7f7f7,
f7f7f7,
f6f6f6,
f7f7f7,
f8f8f8,
f8f8f8,
f8f8f8,
f7f7f7,
f7f7f7,
f7f7f7,
f7f7f7,
f7f7f7,
f8f8f8,
f7f7f7,
f7f7f7,
f7f7f7,
f6f6f6,
f7f7f7,
f8f8f8,
f8f8f8,
f8f8f8,
f7f7f7,
f7f7f7,
f7f7f7,
f7f7f7,
f7f7f7,
f8f8f8,
f8f8f8,
f7f7f7,
f7f7f7,
f7f7f7,
f7f7f7,
f7f7f7,
f8f8f8,
f8f8f8,
f7f7f7,
f7f7f7,
f7f7f7,
f7f7f7,
f7f7f7,
f8f8f8,
f8f8f8,
f8f8f8,
f7f7f7,
f7f7f7,
f7f7f7,
f8f8f8,
f8f8f8,
f8f8f8,
f7f7f7,
f7f7f7,
f7f7f7,
f7f7f7,
f7f7f7,
f8f8f8,
f8f8f8,
f7f7f7,
f7f7f7,
f7f7f7,
f7f7f7,
f7f7f7,
f8f8f8,
f8f8f8,
f7f7f7,
f7f7f7,
f7f7f7,
f7f7f7,
f7f7f7,
f8f8f8,
f8f8f8,
f8f8f8,
f7f7f7,
f6f6f6,
f7f7f7,
f7f7f7,
f7f7f7,
f8f8f8,
f7f7f7,
f7f7f7,
f7f7f7,
f6f6f6,
f7f7f7,
f8f8f8,
f8f8f8,
f8f8f8,
f7f7f7,
f6f6f6,
f6f6f6,
f7f7f7,
f7f7f7,
f8f8f8,
f7f7f7,
f7f7f7,
f6f6f6,
f6f6f6,
f7f7f7,
f8f8f8,
f8f8f8,
f8f8f8,
f7f7f7,
f6f6f6,
f7f7f7,
f7f7f7,
f7f7f7,
f8f8f8,
f7f7f7,
f7f7f7,
f7f7f7,
f6f6f6,
f7f7f7,
f8f8f8,
f8f8f8,
f8f8f8,
f7f7f7,
f7f7f7,
f7f7f7,
f7f7f7,
f7f7f7,
f8f8f8,
f8f8f8,
f7f7f7,
f7f7f7,
f7f7f7,
f7f7f7,
f7f7f7,
f7f7f7,
f8f8f8,
f7f7f7,
f7f7f7,
f7f7f7,
f7f7f7,
f7f7f7,
f8f8f8,
f8f8f8,
f8f8f8,
f7f7f7,
f7f7f7,
f7f7f7,
f8f8f8,
f8f8f8,
f8f8f8,
f7f7f7,
f5f5f5,
f2f2f2,
efefef,
e8e8e9,
e2e2e3,
dcdcde,
d7d6d9,
d4d3d7,
d1d0d5,
ccccd1,
c8c7ce,
c5c4cb,
c2c1c8,
c3c2ca,
c4c3cc,
c3c3cc,
c3c3cd,
c2c2cd,
c2c1cd,
c2c2cd,
c3c3ce,
c5c5d0,
c7c7d1,
c9c9d2,
cbcbd4,
ceced6,
d1d1d8,
d9d9de,
e2e2e4,
eaeaeb,
f2f2f3,
f5f5f5,
f8f8f8,
f8f8f8,
f8f8f8,
f7f7f7,
f6f6f6,
f7f7f7,
f7f7f7,
f7f7f7,
f8f8f8,
f7f7f7,
f7f7f7,
f6f6f6,
f6f6f6,
f7f7f7,
f8f8f8,
f8f8f8,
f8f8f8,
f7f7f7,
f6f6f6,
f6f6f6,
f7f7f7,
f7f7f7,
f8f8f8,
f7f7f7,
f7f7f7,
f7f7f7,
f6f6f6,
f7f7f7,
f8f8f8,
f8f8f8,
f8f8f8,
f7f7f7,
f7f7f7,
f7f7f7,
f7f7f7,
f8f8f8,
f8f8f8,
f8f8f8,
f1f1f1,
f6f6f6,
fbfbfb,
fbfbfb,
fbfbfb,
f6f6f6,
f1f1f1,
f3f3f3,
f5f5f5,
f9f9f9,
fdfdfd,
fafafa,
f6f6f6,
f4f4f4,
f1f1f1,
f6f6f6,
fafafa,
fbfbfb,
fbfbfb,
f7f7f7,
f2f2f2,
f4f4f4,
f5f5f5,
f9f9f9,
fdfdfd,
fafafa,
f7f7f7,
f4f4f4,
f1f1f1,
f6f6f6,
fafafa,
fbfbfb,
fcfcfc,
f7f7f7,
f2f2f2,
f3f3f3,
f4f4f4,
f9f9f9,
fdfdfd,
fbfbfb,
f8f8f8,
f5f5f5,
f1f1f1,
f5f5f5,
f9f9f9,
fbfbfb,
fdfdfd,
f8f8f8,
f3f3f3,
f3f3f3,
f3f3f3,
f8f8f8,
fdfdfd,
fbfbfb,
f9f9f9,
f5f5f5,
f1f1f1,
f5f5f5,
f9f9f9,
fbfbfb,
fdfdfd,
f9f9f9,
f4f4f4,
f4f4f4,
f3f3f3,
f8f8f8,
fdfdfd,
fbfbfb,
f9f9f9,
f5f5f5,
f1f1f1,
f5f5f5,
f8f8f8,
fbfbfb,
fdfdfd,
f9f9f9,
f4f4f4,
f3f3f3,
f2f2f2,
f7f7f7,
fcfcfc,
fbfbfb,
fafafa,
f6f6f6,
f1f1f1,
f4f4f4,
f6f6f6,
fafafa,
fdfdfd,
f9f9f9,
f5f5f5,
f3f3f3,
f1f1f1,
f6f6f6,
fbfbfb,
fbfbfb,
fbfbfb,
f6f6f6,
f1f1f1,
f3f3f3,
f5f5f5,
f9f9f9,
fdfdfd,
f9f9f9,
f5f5f5,
f3f3f3,
f1f1f1,
f6f6f6,
fbfbfb,
fbfbfb,
fbfbfb,
f6f6f6,
f1f1f1,
f3f3f3,
f5f5f5,
f9f9f9,
fdfdfd,
fafafa,
f6f6f6,
f4f4f4,
f1f1f1,
f6f6f6,
fafafa,
fbfbfb,
fcfcfc,
f7f7f7,
f2f2f2,
f3f3f3,
f4f4f4,
f9f9f9,
fdfdfd,
fafafa,
f7f7f7,
f4f4f4,
f1f1f1,
f5f5f5,
f9f9f9,
fbfbfb,
fcfcfc,
f8f8f8,
f3f3f3,
f4f4f4,
f4f4f4,
f9f9f9,
fdfdfd,
fbfbfb,
f9f9f9,
f5f5f5,
f1f1f1,
f5f5f5,
f9f9f9,
fbfbfb,
fdfdfd,
f7f7f7,
f0f0f0,
eaeaea,
e3e3e4,
dbdadc,
d2d1d4,
c8c7cc,
bebdc3,
b9b8c0,
b4b3bc,
b4b3bd,
b4b3bd,
b6b4bf,
b7b5c0,
b8b7c3,
b9b8c5,
babac7,
bbbbc8,
bcbbca,
bcbbcb,
bdbccc,
bdbccc,
bdbccc,
bdbccb,
bdbccb,
bdbcca,
bebeca,
bfbfca,
c6c6ce,
cdcdd1,
dbdbde,
e9e9ea,
f3f3f3,
fcfcfc,
fbfbfb,
fafafa,
f6f6f6,
f1f1f1,
f4f4f4,
f6f6f6,
fafafa,
fdfdfd,
f9f9f9,
f5f5f5,
f3f3f3,
f1f1f1,
f6f6f6,
fbfbfb,
fbfbfb,
fbfbfb,
f6f6f6,
f1f1f1,
f3f3f3,
f5f5f5,
f9f9f9,
fdfdfd,
fafafa,
f6f6f6,
f4f4f4,
f1f1f1,
f6f6f6,
fafafa,
fbfbfb,
fcfcfc,
f7f7f7,
f2f2f2,
f4f4f4,
f5f5f5,
f9f9f9,
fdfdfd,
fdfdfd,
f5f5f5,
f7f7f7,
f8f8f8,
f8f8f8,
f8f8f8,
f7f7f7,
f5f5f5,
f6f6f6,
f7f7f7,
f8f8f8,
f9f9f9,
f8f8f8,
f7f7f7,
f6f6f6,
f5f5f5,
f6f6f6,
f8f8f8,
f8f8f8,
f8f8f8,
f7f7f7,
f6f6f6,
f6f6f6,
f7f7f7,
f8f8f8,
f9f9f9,
f8f8f8,
f7f7f7,
f6f6f6,
f5f5f5,
f7f7f7,
f8f8f8,
f8f8f8,
f9f9f9,
f7f7f7,
f6f6f6,
f6f6f6,
f6f6f6,
f8f8f8,
f9f9f9,
f8f8f8,
f8f8f8,
f7f7f7,
f6f6f6,
f7f7f7,
f8f8f8,
f8f8f8,
f9f9f9,
f8f8f8,
f6f6f6,
f6f6f6,
f6f6f6,
f8f8f8,
f9f9f9,
f8f8f8,
f8f8f8,
f7f7f7,
f6f6f6,
f7f7f7,
f8f8f8,
f8f8f8,
f9f9f9,
f8f8f8,
f6f6f6,
f6f6f6,
f6f6f6,
f8f8f8,
f9f9f9,
f8f8f8,
f8f8f8,
f7f7f7,
f6f6f6,
f7f7f7,
f8f8f8,
f8f8f8,
f9f9f9,
f7f7f7,
f6f6f6,
f6f6f6,
f6f6f6,
f7f7f7,
f9f9f9,
f8f8f8,
f8f8f8,
f7f7f7,
f5f5f5,
f6f6f6,
f7f7f7,
f8f8f8,
f9f9f9,
f8f8f8,
f7f7f7,
f6f6f6,
f5f5f5,
f7f7f7,
f8f8f8,
f8f8f8,
f8f8f8,
f7f7f7,
f5f5f5,
f6f6f6,
f7f7f7,
f8f8f8,
f9f9f9,
f8f8f8,
f7f7f7,
f6f6f6,
f5f5f5,
f7f7f7,
f8f8f8,
f8f8f8,
f8f8f8,
f7f7f7,
f5f5f5,
f6f6f6,
f7f7f7,
f8f8f8,
f9f9f9,
f8f8f8,
f7f7f7,
f6f6f6,
f5f5f5,
f7f7f7,
f8f8f8,
f8f8f8,
f9f9f9,
f7f7f7,
f6f6f6,
f6f6f6,
f6f6f6,
f7f7f7,
f9f9f9,
f8f8f8,
f7f7f7,
f6f6f6,
f6f6f6,
f7f7f7,
f8f8f8,
f8f8f8,
f9f9f9,
f7f7f7,
f6f6f6,
f6f6f6,
f6f6f6,
f7f7f7,
f9f9f9,
f8f8f8,
f8f8f8,
f7f7f7,
f6f6f6,
f6f6f6,
f7f7f7,
f4f4f4,
f1f1f1,
e6e6e7,
dbdadd,
d2d1d5,
c9c9cd,
c3c2c8,
bebcc4,
b9b8c0,
b5b3bd,
b3b2bc,
b2b1bc,
b3b2bd,
b5b4bf,
b6b5c0,
b8b7c2,
b9b8c4,
babac7,
bbbbc8,
bcbcca,
bdbccb,
bdbccc,
bebdcd,
bebdcd,
bebdcd,
bfbecd,
bfbecd,
bfbecd,
bfbfcd,
c0bfcc,
c2c2cd,
c5c5ce,
ceced5,
d8d8dc,
e6e6e8,
f4f5f5,
f6f6f6,
f8f8f8,
f7f7f7,
f5f5f5,
f6f6f6,
f7f7f7,
f8f8f8,
f9f9f9,
f8f8f8,
f7f7f7,
f6f6f6,
f5f5f5,
f7f7f7,
f8f8f8,
f8f8f8,
f8f8f8,
f7f7f7,
f5f5f5,
f6f6f6,
f7f7f7,
f8f8f8,
f9f9f9,
f8f8f8,
f7f7f7,
f6f6f6,
f5f5f5,
f7f7f7,
f8f8f8,
f8f8f8,
f9f9f9,
f7f7f7,
f6f6f6,
f6f6f6,
f7f7f7,
f8f8f8,
f9f9f9,
f9f9f9,
f9f9f9,
f7f7f7,
f5f5f5,
f5f5f5,
f5f5f5,
f7f7f7,
f9f9f9,
f9f9f9,
f8f8f8,
f6f6f6,
f4f4f4,
f6f6f6,
f8f8f8,
f9f9f9,
f9f9f9,
f7f7f7,
f5f5f5,
f5f5f5,
f5f5f5,
f7f7f7,
f9f9f9,
f9f9f9,
f8f8f8,
f6f6f6,
f4f4f4,
f6f6f6,
f7f7f7,
f8f8f8,
f9f9f9,
f8f8f8,
f6f6f6,
f6f6f6,
f5f5f5,
f7f7f7,
f9f9f9,
f9f9f9,
f8f8f8,
f7f7f7,
f5f5f5,
f6f6f6,
f7f7f7,
f9f9f9,
fafafa,
f8f8f8,
f6f6f6,
f6f6f6,
f5f5f5,
f7f7f7,
f9f9f9,
f9f9f9,
f9f9f9,
f7f7f7,
f5f5f5,
f6f6f6,
f6f6f6,
f8f8f8,
fafafa,
f8f8f8,
f6f6f6,
f6f6f6,
f5f5f5,
f7f7f7,
f8f8f8,
f9f9f9,
f9f9f9,
f7f7f7,
f5f5f5,
f6f6f6,
f6f6f6,
f8f8f8,
fafafa,
f9f9f9,
f7f7f7,
f6f6f6,
f4f4f4,
f6f6f6,
f8f8f8,
f9f9f9,
f9f9f9,
f7f7f7,
f5f5f5,
f6f6f6,
f6f6f6,
f8f8f8,
f9f9f9,
f8f8f8,
f7f7f7,
f6f6f6,
f4f4f4,
f6f6f6,
f8f8f8,
f9f9f9,
f9f9f9,
f7f7f7,
f5f5f5,
f5f5f5,
f5f5f5,
f7f7f7,
f9f9f9,
f9f9f9,
f8f8f8,
f6f6f6,
f4f4f4,
f6f6f6,
f8f8f8,
f9f9f9,
f9f9f9,
f7f7f7,
f5f5f5,
f5f5f5,
f5f5f5,
f7f7f7,
f9f9f9,
f9f9f9,
f8f8f8,
f6f6f6,
f4f4f4,
f6f6f6,
f7f7f7,
f8f8f8,
f9f9f9,
f8f8f8,
f6f6f6,
f6f6f6,
f5f5f5,
f7f7f7,
f9f9f9,
f9f9f9,
f8f8f8,
f6f6f6,
f4f4f4,
f6f6f6,
f7f7f7,
f9f9f9,
fafafa,
f8f8f8,
f6f6f6,
f6f6f6,
f5f5f5,
f7f7f7,
f9f9f9,
f9f9f9,
f8f8f8,
f6f6f6,
f4f4f4,
f5f5f5,
f6f6f6,
f8f8f8,
fafafa,
f8f8f8,
f5f5f5,
ededed,
e5e5e5,
d5d5d7,
c5c4c9,
bab9c0,
afaeb6,
acabb5,
a9a7b3,
aaa8b5,
aba9b6,
adacb9,
afafbb,
b2b2be,
b5b4c0,
b7b6c2,
b8b8c4,
babac6,
bbbbc8,
bcbcca,
bdbccb,
bebdcc,
bebdcd,
bfbece,
bfbece,
c0bfcf,
c0bfcf,
c1c0d0,
c1c0d0,
c1c0cf,
c0bfce,
bfbecc,
bdbcca,
c2c1cc,
c6c6cd,
d9dadd,
eceded,
f1f2f2,
f6f6f6,
f8f8f8,
f9f9f9,
f8f8f8,
f7f7f7,
f6f6f6,
f4f4f4,
f6f6f6,
f8f8f8,
f9f9f9,
f9f9f9,
f7f7f7,
f5f5f5,
f5f5f5,
f5f5f5,
f7f7f7,
f9f9f9,
f9f9f9,
f8f8f8,
f6f6f6,
f4f4f4,
f6f6f6,
f7f7f7,
f8f8f8,
f9f9f9,
f8f8f8,
f6f6f6,
f6f6f6,
f5f5f5,
f7f7f7,
f9f9f9,
f9f9f9,
f8f8f8,
f6f6f6,
f4f4f4,
f4f4f4,
fafafa,
f7f7f7,
f5f5f5,
f5f5f5,
f5f5f5,
f7f7f7,
fafafa,
f9f9f9,
f8f8f8,
f6f6f6,
f4f4f4,
f6f6f6,
f8f8f8,
f9f9f9,
fafafa,
f7f7f7,
f5f5f5,
f5f5f5,
f5f5f5,
f7f7f7,
f9f9f9,
f9f9f9,
f8f8f8,
f6f6f6,
f4f4f4,
f6f6f6,
f7f7f7,
f8f8f8,
fafafa,
f8f8f8,
f6f6f6,
f5f5f5,
f5f5f5,
f7f7f7,
f9f9f9,
f9f9f9,
f9f9f9,
f7f7f7,
f5f5f5,
f6f6f6,
f7f7f7,
f9f9f9,
fafafa,
f8f8f8,
f6f6f6,
f5f5f5,
f5f5f5,
f7f7f7,
f9f9f9,
f9f9f9,
f9f9f9,
f7f7f7,
f5f5f5,
f5f5f5,
f6f6f6,
f8f8f8,
fafafa,
f8f8f8,
f6f6f6,
f5f5f5,
f5f5f5,
f7f7f7,
f9f9f9,
f9f9f9,
f9f9f9,
f7f7f7,
f5f5f5,
f5f5f5,
f6f6f6,
f8f8f8,
fafafa,
f9f9f9,
f7f7f7,
f6f6f6,
f4f4f4,
f6f6f6,
f9f9f9,
f9f9f9,
f9f9f9,
f7f7f7,
f5f5f5,
f5f5f5,
f6f6f6,
f8f8f8,
fafafa,
f8f8f8,
f7f7f7,
f6f6f6,
f4f4f4,
f6f6f6,
f8f8f8,
f9f9f9,
fafafa,
f7f7f7,
f5f5f5,
f5f5f5,
f5f5f5,
f7f7f7,
fafafa,
f9f9f9,
f8f8f8,
f6f6f6,
f4f4f4,
f6f6f6,
f8f8f8,
f9f9f9,
fafafa,
f7f7f7,
f5f5f5,
f5f5f5,
f5f5f5,
f7f7f7,
fafafa,
f9f9f9,
f8f8f8,
f6f6f6,
f4f4f4,
f6f6f6,
f7f7f7,
f8f8f8,
fafafa,
f8f8f8,
f6f6f6,
f5f5f5,
f5f5f5,
f7f7f7,
f9f9f9,
f9f9f9,
f9f9f9,
f6f6f6,
f4f4f4,
f6f6f6,
f7f7f7,
f9f9f9,
fafafa,
f8f8f8,
f6f6f6,
f6f6f6,
f5f5f5,
f7f7f7,
f9f9f9,
f9f9f9,
f9f9f8,
f6f6f6,
f4f4f4,
f5f5f5,
f6f6f6,
f6f6f6,
f7f7f7,
ececec,
e1e1e2,
d5d4d7,
c8c8cc,
bebec4,
b5b4bc,
afafb8,
aaaab4,
aaa9b4,
a9a8b4,
aba9b5,
adabb7,
afadb9,
b1b0bc,
b3b2be,
b6b4c1,
b7b6c3,
b8b8c5,
babac7,
bbbbca,
bcbccb,
bebdcc,
bebdcd,
bebece,
bfbfce,
c0bfcf,
c0c0cf,
c1c0d0,
c1c0d0,
c2c1d0,
c1c0d0,
c1c0d0,
c0bfce,
c0bfcd,
c1c0cc,
c2c2cb,
d1d2d7,
e1e2e3,
ebecec,
f6f6f6,
f8f8f8,
fafafa,
f8f8f8,
f7f7f7,
f6f6f6,
f4f4f4,
f6f6f6,
f8f8f8,
f9f9f9,
fafafa,
f7f7f7,
f5f5f5,
f5f5f5,
f5f5f5,
f7f7f7,
fafafa,
f9f9f9,
f8f8f8,
f6f6f6,
f4f4f4,
f6f6f6,
f7f7f7,
f8f8f8,
fafafa,
f8f8f8,
f6f6f6,
f5f5f5,
f5f5f5,
f7f7f7,
f9f9f9,
f9f9f9,
f8f8f8,
f6f6f6,
f4f4f4,
f4f4f4,
fafafa,
f8f8f8,
f5f5f5,
f5f5f5,
f5f5f5,
f8f8f8,
fafafa,
f9f9f9,
f8f8f8,
f6f6f6,
f4f4f4,
f6f6f6,
f7f7f7,
f9f9f9,
fafafa,
f8f8f8,
f5f5f5,
f5f5f5,
f5f5f5,
f7f7f7,
f9f9f9,
f9f9f9,
f8f8f8,
f6f6f6,
f4f4f4,
f6f6f6,
f7f7f7,
f9f9f9,
fafafa,
f8f8f8,
f5f5f5,
f5f5f5,
f5f5f5,
f7f7f7,
f9f9f9,
f9f9f9,
f9f9f9,
f7f7f7,
f4f4f4,
f6f6f6,
f7f7f7,
f9f9f9,
fafafa,
f8f8f8,
f6f6f6,
f5f5f5,
f4f4f4,
f7f7f7,
f9f9f9,
f9f9f9,
f9f9f9,
f7f7f7,
f4f4f4,
f5f5f5,
f6f6f6,
f8f8f8,
fafafa,
f8f8f8,
f6f6f6,
f5f5f5,
f4f4f4,
f7f7f7,
f9f9f9,
f9f9f9,
f9f9f9,
f7f7f7,
f4f4f4,
f5f5f5,
f6f6f6,
f8f8f8,
fafafa,
f9f9f9,
f7f7f7,
f6f6f6,
f4f4f4,
f7f7f7,
f9f9f9,
f9f9f9,
f9f9f9,
f7f7f7,
f5f5f5,
f5f5f5,
f5f5f5,
f8f8f8,
fafafa,
f9f9f9,
f7f7f7,
f6f6f6,
f4f4f4,
f6f6f6,
f8f8f8,
f9f9f9,
fafafa,
f8f8f8,
f5f5f5,
f5f5f5,
f5f5f5,
f8f8f8,
fafafa,
f9f9f9,
f8f8f8,
f6f6f6,
f4f4f4,
f6f6f6,
f8f8f8,
f9f9f9,
fafafa,
f8f8f8,
f5f5f5,
f5f5f5,
f5f5f5,
f8f8f8,
fafafa,
f9f9f9,
f8f8f8,
f6f6f6,
f4f4f4,
f6f6f6,
f7f7f7,
f9f9f9,
fafafa,
f8f8f8,
f5f5f5,
f5f5f5,
f5f5f5,
f7f7f7,
f9f9f9,
f9f9f9,
f9f9f9,
f7f7f7,
f4f4f4,
f6f6f6,
f7f7f7,
f9f9f9,
fafafa,
f8f8f8,
f6f6f6,
f6f6f6,
f5f5f5,
f7f7f7,
f9f9f9,
f9f9f9,
f9f9f8,
f7f7f6,
f4f4f4,
f5f5f5,
f6f6f6,
f5f5f5,
f3f3f3,
e0e0e1,
cdcccf,
bcbbc1,
abaab2,
a8a7b1,
a4a3af,
a5a4b0,
a5a5b1,
a7a7b3,
a9a8b4,
acaab6,
aeacb8,
b0aeba,
b2b0bc,
b4b2bf,
b6b4c1,
b7b6c3,
b8b8c5,
babac8,
bbbbcb,
bdbccc,
bebdcc,
bebecd,
bebfce,
bfc0cf,
c0c0cf,
c1c1d0,
c2c1d0,
c2c1d0,
c2c1d0,
c2c1d1,
c2c1d1,
c2c1d0,
c2c1cf,
c0bfcc,
bdbdc9,
cacad1,
d6d6d9,
e6e6e7,
f5f5f5,
f8f8f8,
fafafa,
f9f9f9,
f7f7f7,
f6f6f6,
f4f4f4,
f6f6f6,
f8f8f8,
f9f9f9,
fafafa,
f8f8f8,
f5f5f5,
f5f5f5,
f5f5f5,
f8f8f8,
fafafa,
f9f9f9,
f8f8f8,
f6f6f6,
f4f4f4,
f6f6f6,
f7f7f7,
f9f9f9,
fafafa,
f8f8f8,
f5f5f5,
f5f5f5,
f5f5f5,
f7f7f7,
f9f9f9,
f9f9f9,
f8f8f8,
f6f6f6,
f4f4f4,
f4f4f4,
f6f6f6,
f7f7f7,
f8f8f8,
f8f8f8,
f8f8f8,
f7f7f7,
f6f6f6,
f6f6f6,
f7f7f7,
f8f8f8,
f9f9f9,
f8f8f8,
f7f7f7,
f6f6f6,
f6f6f6,
f7f7f7,
f8f8f8,
f8f8f8,
f8f8f8,
f7f7f7,
f6f6f6,
f6f6f6,
f7f7f7,
f8f8f8,
f9f9f9,
f8f8f8,
f7f7f7,
f6f6f6,
f6f6f6,
f7f7f7,
f8f8f8,
f8f8f8,
f9f9f9,
f7f7f7,
f6f6f6,
f6f6f6,
f7f7f7,
f8f8f8,
f9f9f9,
f8f8f8,
f8f8f8,
f7f7f7,
f6f6f6,
f7f7f7,
f8f8f8,
f8f8f8,
f9f9f9,
f7f7f7,
f6f6f6,
f6f6f6,
f6f6f6,
f7f7f7,
f9f9f9,
f8f8f8,
f8f8f8,
f7f7f7,
f6f6f6,
f7f7f7,
f8f8f8,
f8f8f8,
f9f9f9,
f8f8f8,
f7f7f7,
f6f6f6,
f6f6f6,
f7f7f7,
f9f9f9,
f8f8f8,
f8f8f8,
f7f7f7,
f6f6f6,
f7f7f7,
f8f8f8,
f8f8f8,
f9f9f9,
f8f8f8,
f7f7f7,
f6f6f6,
f6f6f6,
f7f7f7,
f9f9f9,
f8f8f8,
f8f8f8,
f7f7f7,
f6f6f6,
f6f6f6,
f7f7f7,
f8f8f8,
f9f9f9,
f8f8f8,
f7f7f7,
f6f6f6,
f6f6f6,
f7f7f7,
f8f8f8,
f8f8f8,
f8f8f8,
f7f7f7,
f6f6f6,
f6f6f6,
f7f7f7,
f8f8f8,
f9f9f9,
f8f8f8,
f7f7f7,
f6f6f6,
f6f6f6,
f7f7f7,
f8f8f8,
f8f8f8,
f8f8f8,
f7f7f7,
f6f6f6,
f6f6f6,
f7f7f7,
f8f8f8,
f9f9f9,
f8f8f8,
f7f7f7,
f6f6f6,
f6f6f6,
f7f7f7,
f8f8f8,
f8f8f8,
f9f9f9,
f7f7f7,
f6f6f6,
f6f6f6,
f7f7f7,
f7f7f7,
f8f8f8,
f7f7f7,
f5f5f6,
f3f3f3,
f1f1f1,
f1f1f1,
f0f0f1,
efeff0,
eeeef0,
ededef,
ececee,
ebebed,
ebebec,
ebebed,
ececee,
e9e9ea,
e5e5e6,
dcdcdd,
d3d2d5,
c5c4c8,
b7b6bc,
afaeb6,
a7a6b1,
a6a5b1,
a5a5b1,
a6a6b2,
a7a7b3,
a9a8b4,
abaab5,
adabb7,
afadba,
b1afbb,
b3b1bd,
b5b3bf,
b7b5c2,
b8b7c4,
b9b9c6,
babac9,
bcbccc,
bdbdcc,
bebecd,
bfbfce,
c0c0cf,
c1c0cf,
c2c1d0,
c2c1d0,
c3c2d0,
c3c2d0,
c3c2d1,
c3c2d1,
c3c2d1,
c3c2d1,
c3c2d0,
c1c1ce,
bfbfcc,
c8c9d1,
d2d2d6,
e4e5e6,
f7f7f7,
f6f6f6,
f6f6f6,
f6f6f6,
f7f7f7,
f8f8f8,
f9f9f9,
f8f8f8,
f7f7f7,
f6f6f6,
f6f6f6,
f7f7f7,
f8f8f8,
f8f8f8,
f8f8f8,
f7f7f7,
f6f6f6,
f6f6f6,
f7f7f7,
f8f8f8,
f9f9f9,
f8f8f8,
f7f7f7,
f6f6f6,
f6f6f6,
f7f7f7,
f8f8f8,
f8f8f8,
f9f9f9,
f7f7f7,
f6f6f6,
f6f6f6,
f7f7f7,
f8f8f8,
f9f9f9,
f9f9f9,
f1f1f1,
f6f6f6,
fbfbfb,
fbfbfb,
fbfbfb,
f6f6f6,
f1f1f1,
f3f3f3,
f5f5f5,
f9f9f9,
fdfdfd,
fafafa,
f6f6f6,
f4f4f4,
f1f1f1,
f6f6f6,
fafafa,
fbfbfb,
fbfbfb,
f7f7f7,
f2f2f2,
f4f4f4,
f5f5f5,
f9f9f9,
fdfdfd,
fafafa,
f7f7f7,
f4f4f4,
f1f1f1,
f6f6f6,
fafafa,
fbfbfb,
fcfcfc,
f7f7f7,
f2f2f2,
f3f3f3,
f4f4f4,
f9f9f9,
fdfdfd,
fbfbfb,
f8f8f8,
f5f5f5,
f1f1f1,
f5f5f5,
f9f9f9,
fbfbfb,
fdfdfd,
f8f8f8,
f3f3f3,
f3f3f3,
f3f3f3,
f8f8f8,
fdfdfd,
fbfbfb,
f9f9f9,
f5f5f5,
f1f1f1,
f5f5f5,
f9f9f9,
fbfbfb,
fdfdfd,
f9f9f9,
f4f4f4,
f4f4f4,
f3f3f3,
f8f8f8,
fdfdfd,
fbfbfb,
f9f9f9,
f5f5f5,
f1f1f1,
f5f5f5,
f8f8f8,
fbfbfb,
fdfdfd,
f9f9f9,
f4f4f4,
f3f3f3,
f2f2f2,
f7f7f7,
fcfcfc,
fbfbfb,
fafafa,
f6f6f6,
f1f1f1,
f4f4f4,
f6f6f6,
fafafa,
fdfdfd,
f9f9f9,
f5f5f5,
f3f3f3,
f1f1f1,
f6f6f6,
fbfbfb,
fbfbfb,
fbfbfb,
f6f6f6,
f1f1f1,
f3f3f3,
f5f5f5,
f9f9f9,
fdfdfd,
f9f9f9,
f5f5f5,
f3f3f3,
f1f1f1,
f6f6f6,
fbfbfb,
fbfbfb,
fbfbfb,
f6f6f6,
f1f1f1,
f3f3f3,
f5f5f5,
f9f9f9,
fdfdfd,
fafafa,
f6f6f6,
f4f4f4,
f1f1f1,
f6f6f6,
fafafa,
fbfbfb,
fcfcfc,
f7f7f7,
f2f2f2,
f3f3f3,
f4f4f4,
f8f8f8,
fcfcfc,
f8f8f8,
f3f3f4,
eeeeee,
e8e8e8,
e9e9ea,
eaeaec,
e9e9eb,
e7e7ea,
e3e3e7,
dedee3,
dddde2,
dcdce0,
e0e0e4,
e4e4e7,
dcdcdf,
d4d4d6,
c3c3c6,
b2b1b6,
a9a9b0,
a0a0a9,
a2a1ac,
a3a1af,
a5a4b1,
a6a6b3,
a7a7b4,
a8a8b4,
aaaab5,
acabb6,
aeadb9,
b0aebb,
b2b0bd,
b4b2be,
b6b4c0,
b7b5c2,
b8b8c5,
b9bac7,
bbbbca,
bdbccc,
bebdcd,
bebece,
c0bfcf,
c1c0d0,
c2c1d0,
c3c2d0,
c3c2d0,
c3c2d0,
c4c3d1,
c4c3d1,
c4c3d1,
c4c3d1,
c4c3d1,
c4c3d1,
c3c2d0,
c1c1ce,
c7c8d0,
cdced2,
e3e4e6,
f9f9f9,
f5f5f5,
f1f1f1,
f4f4f4,
f6f6f6,
fafafa,
fdfdfd,
f9f9f9,
f5f5f5,
f3f3f3,
f1f1f1,
f6f6f6,
fbfbfb,
fbfbfb,
fbfbfb,
f6f6f6,
f1f1f1,
f3f3f3,
f5f5f5,
f9f9f9,
fdfdfd,
fafafa,
f6f6f6,
f4f4f4,
f1f1f1,
f6f6f6,
fafafa,
fbfbfb,
fcfcfc,
f7f7f7,
f2f2f2,
f4f4f4,
f5f5f5,
f9f9f9,
fdfdfd,
fdfdfd,
f6f6f6,
f7f7f7,
f8f8f8,
f8f8f8,
f8f8f8,
f7f7f7,
f6f6f6,
f6f6f6,
f7f7f7,
f7f7f7,
f8f8f8,
f7f7f7,
f7f7f7,
f7f7f7,
f6f6f6,
f7f7f7,
f8f8f8,
f8f8f8,
f8f8f8,
f7f7f7,
f7f7f7,
f7f7f7,
f7f7f7,
f7f7f7,
f8f8f8,
f7f7f7,
f7f7f7,
f7f7f7,
f6f6f6,
f7f7f7,
f8f8f8,
f8f8f8,
f8f8f8,
f7f7f7,
f7f7f7,
f7f7f7,
f7f7f7,
f7f7f7,
f8f8f8,
f8f8f8,
f7f7f7,
f7f7f7,
f7f7f7,
f7f7f7,
f7f7f7,
f8f8f8,
f8f8f8,
f7f7f7,
f7f7f7,
f7f7f7,
f7f7f7,
f7f7f7,
f8f8f8,
f8f8f8,
f8f8f8,
f7f7f7,
f7f7f7,
f7f7f7,
f8f8f8,
f8f8f8,
f8f8f8,
f7f7f7,
f7f7f7,
f7f7f7,
f7f7f7,
f7f7f7,
f8f8f8,
f8f8f8,
f7f7f7,
f7f7f7,
f7f7f7,
f7f7f7,
f7f7f7,
f8f8f8,
f8f8f8,
f7f7f7,
f7f7f7,
f7f7f7,
f7f7f7,
f7f7f7,
f8f8f8,
f8f8f8,
f8f8f8,
f7f7f7,
f6f6f6,
f7f7f7,
f7f7f7,
f7f7f7,
f8f8f8,
f7f7f7,
f7f7f7,
f7f7f7,
f6f6f6,
f7f7f7,
f8f8f8,
f8f8f8,
f8f8f8,
f7f7f7,
f6f6f6,
f6f6f6,
f7f7f7,
f7f7f7,
f8f8f8,
f7f7f7,
f7f7f7,
f6f6f6,
f6f6f6,
f7f7f7,
f8f8f8,
f8f8f8,
f8f8f8,
f7f7f7,
f6f6f6,
f7f7f7,
f7f7f7,
f7f7f7,
f8f8f8,
f7f7f7,
f7f7f7,
f7f7f7,
f6f6f6,
f7f7f7,
f8f8f8,
f8f8f8,
f8f8f8,
f7f7f7,
f6f6f6,
f4f4f4,
f2f2f2,
f1f1f2,
f0f0f2,
efeef1,
eeedf1,
ecebee,
eae8ec,
e9e8ed,
e9e9ee,
e7e6ed,
e4e4ec,
e0e0e9,
dcdce6,
d7d7e1,
d2d2dc,
cfcfd8,
cdccd3,
c2c2c8,
b7b7bd,
afafb6,
a8a7b0,
a5a4ae,
a2a2ac,
a3a3af,
a5a4b2,
a6a6b3,
a8a8b4,
a9a8b4,
aaa9b5,
acabb7,
aeacb8,
afaeba,
b1b0bc,
b3b2be,
b5b4c0,
b7b5c2,
b8b7c4,
bab9c6,
bbbbc9,
bcbcca,
bebdcc,
bfbecd,
c0bfcf,
c1c0d0,
c2c1d1,
c3c2d1,
c4c3d1,
c4c3d1,
c4c3d1,
c4c4d1,
c5c4d2,
c5c4d2,
c5c4d2,
c5c4d2,
c5c5d2,
c4c4d1,
c3c3cf,
c7c7d0,
cbccd1,
e0e1e3,
f6f6f6,
f6f6f6,
f6f6f6,
f7f7f7,
f7f7f7,
f7f7f7,
f8f8f8,
f7f7f7,
f7f7f7,
f6f6f6,
f6f6f6,
f7f7f7,
f8f8f8,
f8f8f8,
f8f8f8,
f7f7f7,
f6f6f6,
f6f6f6,
f7f7f7,
f7f7f7,
f8f8f8,
f7f7f7,
f7f7f7,
f7f7f7,
f6f6f6,
f7f7f7,
f8f8f8,
f8f8f8,
f8f8f8,
f7f7f7,
f7f7f7,
f7f7f7,
f7f7f7,
f8f8f8,
f8f8f8,
f8f8f8,
fbfbfb,
f8f8f8,
f4f4f4,
f4f4f4,
f4f4f4,
f8f8f8,
fbfbfb,
fafafa,
f8f8f8,
f5f5f5,
f2f2f2,
f5f5f5,
f8f8f8,
fafafa,
fbfbfb,
f8f8f8,
f5f5f5,
f5f5f5,
f4f4f4,
f8f8f8,
fbfbfb,
fafafa,
f9f9f9,
f6f6f6,
f2f2f2,
f5f5f5,
f7f7f7,
f9f9f9,
fbfbfb,
f8f8f8,
f5f5f5,
f4f4f4,
f3f3f3,
f7f7f7,
fbfbfb,
fafafa,
f9f9f9,
f6f6f6,
f3f3f3,
f5f5f5,
f6f6f6,
f9f9f9,
fcfcfc,
f9f9f9,
f5f5f5,
f4f4f4,
f3f3f3,
f7f7f7,
fafafa,
fafafa,
fafafa,
f7f7f7,
f3f3f3,
f5f5f5,
f6f6f6,
f9f9f9,
fcfcfc,
f9f9f9,
f6f6f6,
f5f5f5,
f3f3f3,
f6f6f6,
f9f9f9,
fafafa,
fafafa,
f7f7f7,
f3f3f3,
f4f4f4,
f5f5f5,
f9f9f9,
fcfcfc,
f9f9f9,
f6f6f6,
f5f5f5,
f3f3f3,
f6f6f6,
f9f9f9,
fafafa,
fbfbfb,
f7f7f7,
f3f3f3,
f4f4f4,
f5f5f5,
f8f8f8,
fbfbfb,
fafafa,
f8f8f8,
f5f5f5,
f2f2f2,
f6f6f6,
f9f9f9,
fafafa,
fbfbfb,
f8f8f8,
f4f4f4,
f4f4f4,
f4f4f4,
f8f8f8,
fbfbfb,
fafafa,
f8f8f8,
f5f5f5,
f2f2f2,
f5f5f5,
f8f8f8,
fafafa,
fbfbfb,
f8f8f8,
f4f4f4,
f4f4f4,
f4f4f4,
f8f8f8,
fbfbfb,
fafafa,
f9f9f9,
f6f6f6,
f2f2f2,
f5f5f5,
f8f8f8,
fafafa,
fbfbfb,
f8f8f8,
f5f5f5,
f4f4f4,
f3f3f3,
f6f6f6,
f9f9f9,
f4f4f5,
efeff0,
eae9ec,
e4e3e7,
e7e5ea,
e9e7ed,
eae8ef,
ebe8f0,
eae8f0,
e8e7f0,
e5e4ef,
e1e0ed,
deddeb,
dad9e8,
d1d0e0,
c8c7d8,
bfbecc,
b5b4bf,
a8a7b2,
9a9aa4,
9c9ca7,
9d9da9,
a0a0ac,
a3a3af,
a5a5b2,
a7a6b4,
a8a8b4,
a9a9b4,
aaaab5,
abaab6,
adacb8,
afadba,
b1afbc,
b2b1bd,
b4b3bf,
b6b5c1,
b8b7c3,
b9b9c5,
bbbbc8,
bdbcca,
bebdcb,
bebecc,
c0bfce,
c1c0cf,
c2c1d0,
c3c2d1,
c4c3d1,
c4c4d1,
c5c4d2,
c5c4d2,
c5c5d2,
c5c5d2,
c5c5d2,
c5c5d2,
c5c6d3,
c5c6d3,
c5c6d2,
c4c5d0,
c7c7d0,
c9c9cf,
dedee1,
f2f2f2,
f7f7f7,
fbfbfb,
fafafa,
f8f8f8,
f5f5f5,
f2f2f2,
f5f5f5,
f8f8f8,
fafafa,
fbfbfb,
f8f8f8,
f4f4f4,
f4f4f4,
f4f4f4,
f8f8f8,
fbfbfb,
fafafa,
f8f8f8,
f5f5f5,
f2f2f2,
f5f5f5,
f8f8f8,
fafafa,
fbfbfb,
f8f8f8,
f5f5f5,
f4f4f4,
f3f3f3,
f7f7f7,
fbfbfb,
fafafa,
f9f9f9,
f6f6f6,
f3f3f3,
f3f3f3,
fafafa,
f8f8f8,
f6f6f6,
f6f6f6,
f6f6f6,
f8f8f8,
fafafa,
f9f9f9,
f8f8f8,
f6f6f6,
f4f4f4,
f6f6f6,
f8f8f8,
f9f9f9,
fafafa,
f8f8f8,
f6f6f6,
f6f6f6,
f6f6f6,
f8f8f8,
fafafa,
f9f9f9,
f8f8f8,
f6f6f6,
f4f4f4,
f6f6f6,
f7f7f7,
f8f8f8,
fafafa,
f8f8f8,
f6f6f6,
f5f5f5,
f5f5f5,
f7f7f7,
fafafa,
f9f9f9,
f8f8f8,
f6f6f6,
f5f5f5,
f6f6f6,
f7f7f7,
f8f8f8,
fafafa,
f8f8f8,
f6f6f6,
f5f5f5,
f5f5f5,
f7f7f7,
f9f9f9,
f9f9f9,
f9f9f9,
f7f7f7,
f5f5f5,
f6f6f6,
f7f7f7,
f8f8f8,
fafafa,
f8f8f8,
f7f7f7,
f6f6f6,
f5f5f5,
f6f6f6,
f8f8f8,
f8f8f8,
f9f9f9,
f7f7f7,
f5f5f5,
f5f5f5,
f6f6f6,
f8f8f8,
fafafa,
f8f8f8,
f7f7f7,
f6f6f6,
f5f5f5,
f6f6f6,
f8f8f8,
f9f9f9,
fafafa,
f7f7f7,
f5f5f5,
f5f5f5,
f6f6f6,
f8f8f8,
fafafa,
f9f9f9,
f8f8f8,
f6f6f6,
f4f4f4,
f6f6f6,
f8f8f8,
f9f9f9,
fafafa,
f8f8f8,
f6f6f6,
f6f6f6,
f6f6f6,
f8f8f8,
fafafa,
f9f9f9,
f8f8f8,
f6f6f6,
f4f4f4,
f6f6f6,
f8f8f8,
f9f9f9,
fafafa,
f8f8f8,
f6f6f6,
f6f6f6,
f6f6f6,
f8f8f8,
fafafa,
f9f9f9,
f8f8f8,
f6f6f6,
f4f4f4,
f6f6f6,
f8f8f8,
f9f9f9,
fafafa,
f8f8f8,
f6f6f6,
f3f3f4,
f1f1f2,
f2f1f2,
f2f2f3,
eeeef1,
ebeaee,
e4e3e9,
dddce5,
e1dfe8,
e4e2ec,
e6e3ee,
e8e5f0,
e5e3ee,
e2e0ec,
dbd9e9,
d5d3e5,
d1cfe1,
cdcbde,
c6c4d6,
bfbece,
b4b3c1,
a8a8b4,
a1a2ae,
9b9ca8,
9d9eaa,
a0a0ac,
a2a2af,
a5a5b1,
a6a6b3,
a8a8b5,
a9a9b5,
ababb6,
acabb7,
adacb8,
aeadb9,
b0afbb,
b1b0bc,
b3b2be,
b5b4c0,
b7b6c2,
b8b8c4,
b9bac6,
bbbbc8,
bdbdca,
bebecb,
bfbfcd,
c1c0ce,
c2c2d0,
c3c2d1,
c4c3d2,
c5c4d2,
c5c5d2,
c5c5d2,
c6c5d2,
c6c6d2,
c6c6d2,
c6c6d2,
c6c7d3,
c6c7d3,
c6c8d4,
c5c7d2,
c5c6d1,
c9c9d1,
cdcdd2,
e0e0e3,
f4f4f4,
f7f7f7,
fafafa,
f9f9f9,
f8f8f8,
f6f6f6,
f4f4f4,
f6f6f6,
f8f8f8,
f9f9f9,
fafafa,
f8f8f8,
f6f6f6,
f6f6f6,
f6f6f6,
f8f8f8,
fafafa,
f9f9f9,
f8f8f8,
f6f6f6,
f4f4f4,
f6f6f6,
f8f8f8,
f9f9f9,
fafafa,
f8f8f8,
f6f6f6,
f5f5f5,
f5f5f5,
f7f7f7,
fafafa,
f9f9f9,
f8f8f8,
f6f6f6,
f5f5f5,
f5f5f5,
f8f8f8,
f8f8f8,
f7f7f7,
f7f7f7,
f7f7f7,
f8f8f8,
f8f8f8,
f8f8f8,
f7f7f7,
f7f7f7,
f6f6f6,
f7f7f7,
f7f7f7,
f8f8f8,
f8f8f8,
f8f8f8,
f7f7f7,
f7f7f7,
f7f7f7,
f8f8f8,
f8f8f8,
f8f8f8,
f7f7f7,
f7f7f7,
f6f6f6,
f7f7f7,
f7f7f7,
f8f8f8,
f8f8f8,
f8f8f8,
f7f7f7,
f7f7f7,
f6f6f6,
f7f7f7,
f8f8f8,
f8f8f8,
f7f7f7,
f7f7f7,
f6f6f6,
f7f7f7,
f7f7f7,
f8f8f8,
f8f8f8,
f8f8f8,
f7f7f7,
f7f7f7,
f6f6f6,
f7f7f7,
f7f7f7,
f8f8f8,
f8f8f8,
f7f7f7,
f6f6f6,
f7f7f7,
f7f7f7,
f8f8f8,
f8f8f8,
f8f8f8,
f7f7f7,
f7f7f7,
f6f6f6,
f7f7f7,
f7f7f7,
f7f7f7,
f7f7f7,
f7f7f7,
f6f6f6,
f7f7f7,
f7f7f7,
f8f8f8,
f8f8f8,
f8f8f8,
f7f7f7,
f7f7f7,
f6f6f6,
f7f7f7,
f7f7f7,
f8f8f8,
f8f8f8,
f7f7f7,
f6f6f6,
f7f7f7,
f7f7f7,
f8f8f8,
f8f8f8,
f8f8f8,
f7f7f7,
f7f7f7,
f6f6f6,
f7f7f7,
f7f7f7,
f8f8f8,
f8f8f8,
f8f8f8,
f7f7f7,
f7f7f7,
f7f7f7,
f8f8f8,
f8f8f8,
f8f8f8,
f7f7f7,
f7f7f7,
f6f6f6,
f7f7f7,
f7f7f7,
f8f8f8,
f8f8f8,
f8f8f8,
f7f7f7,
f7f7f7,
f7f7f7,
f8f8f8,
f8f8f8,
f8f8f8,
f7f7f7,
f7f7f7,
f6f6f6,
f7f7f7,
f7f7f7,
f8f8f8,
f8f8f8,
f7f7f7,
f6f6f6,
f3f3f3,
efeff0,
ededef,
ebeaed,
e9e7ed,
e6e4ec,
dedce7,
d6d4e2,
dbd8e7,
dfdceb,
e2dfed,
e4e2ef,
e0deec,
dcd9e8,
d2cfe3,
c8c5dd,
c4c1d8,
bfbcd3,
bbb8cb,
b6b4c3,
a9a8b6,
9b9ca8,
9b9daa,
9b9eab,
9fa1ad,
a2a3af,
a4a5b1,
a6a6b3,
a8a8b4,
a9a9b5,
ababb6,
acacb7,
adadb8,
aeaeb9,
afafba,
b0b0bb,
b2b2bd,
b4b3be,
b6b5c1,
b8b6c3,
b9b8c5,
b9bac6,
bbbcc8,
bdbdca,
bfbfcc,
c0c0cd,
c2c2cf,
c3c3d0,
c4c4d1,
c5c4d2,
c6c5d2,
c6c6d2,
c6c6d2,
c6c6d2,
c6c7d2,
c6c7d2,
c7c8d3,
c7c8d3,
c7c9d4,
c6c9d4,
c6c8d3,
c5c6d2,
cbcbd3,
d0d0d4,
e3e3e5,
f6f6f6,
f7f7f7,
f8f8f8,
f8f8f8,
f7f7f7,
f7f7f7,
f6f6f6,
f7f7f7,
f7f7f7,
f8f8f8,
f8f8f8,
f8f8f8,
f7f7f7,
f7f7f7,
f7f7f7,
f8f8f8,
f8f8f8,
f8f8f8,
f7f7f7,
f7f7f7,
f6f6f6,
f7f7f7,
f7f7f7,
f8f8f8,
f8f8f8,
f8f8f8,
f7f7f7,
f7f7f7,
f6f6f6,
f7f7f7,
f8f8f8,
f8f8f8,
f7f7f7,
f7f7f7,
f6f6f6,
f6f6f6,
f5f5f5,
f7f7f7,
f9f9f9,
f9f9f9,
f9f9f9,
f7f7f7,
f5f5f5,
f6f6f6,
f7f7f7,
f8f8f8,
fafafa,
f8f8f8,
f7f7f7,
f6f6f6,
f5f5f5,
f7f7f7,
f9f9f9,
f9f9f9,
f9f9f9,
f7f7f7,
f6f6f6,
f6f6f6,
f6f6f6,
f8f8f8,
fafafa,
f8f8f8,
f7f7f7,
f6f6f6,
f5f5f5,
f7f7f7,
f9f9f9,
f9f9f9,
f9f9f9,
f7f7f7,
f6f6f6,
f6f6f6,
f6f6f6,
f7f7f7,
f9f9f9,
f8f8f8,
f8f8f8,
f6f6f6,
f5f5f5,
f6f6f6,
f8f8f8,
f9f9f9,
f9f9f9,
f7f7f7,
f5f5f5,
f6f6f6,
f6f6f6,
f8f8f8,
f9f9f9,
f8f8f8,
f8f8f8,
f6f6f6,
f5f5f5,
f6f6f6,
f8f8f8,
f8f8f8,
f9f9f9,
f7f7f7,
f6f6f6,
f5f5f5,
f5f5f5,
f7f7f7,
f9f9f9,
f9f9f9,
f8f8f8,
f6f6f6,
f5f5f5,
f6f6f6,
f8f8f8,
f8f8f8,
f9f9f9,
f7f7f7,
f6f6f6,
f6f6f6,
f6f6f6,
f7f7f7,
f9f9f9,
f9f9f9,
f9f9f9,
f7f7f7,
f5f5f5,
f6f6f6,
f7f7f7,
f8f8f8,
fafafa,
f8f8f8,
f6f6f6,
f6f6f6,
f5f5f5,
f7f7f7,
f9f9f9,
f9f9f9,
f9f9f9,
f7f7f7,
f5f5f5,
f6f6f6,
f7f7f7,
f8f8f8,
fafafa,
f8f8f8,
f7f7f7,
f6f6f6,
f5f5f5,
f7f7f7,
f9f9f9,
f9f9f9,
f9f9f9,
f7f7f7,
f5f5f5,
f6f6f6,
f6f6f6,
f8f8f8,
fafafa,
f8f8f8,
f7f7f7,
f6f6f6,
f5f5f5,
f3f3f3,
f2f2f2,
f0eff1,
eeedf1,
eeedf2,
efedf3,
e9e7f1,
e3e1ef,
d7d4e6,
cac8dd,
cac7dc,
cac7db,
c5c3d6,
c1bfd1,
b7b5c5,
aeabb8,
b7b4c4,
c0bed1,
c1bfd1,
c2c0d1,
b6b5c4,
abaab7,
a3a3b0,
9c9daa,
9d9eac,
9fa0ae,
a1a2af,
a4a4b1,
a6a6b2,
a8a8b4,
a9a9b5,
aaaab6,
acacb7,
adadb9,
aeaeb9,
afafba,
b0b0bb,
b1b1bc,
b3b2be,
b5b4c0,
b6b5c1,
b8b6c3,
b9b8c5,
babac7,
bcbcc9,
bebecb,
bfbfcd,
c1c1cf,
c2c2d0,
c4c4d1,
c5c5d1,
c6c5d2,
c6c6d2,
c6c6d2,
c6c7d3,
c6c7d3,
c6c8d3,
c7c8d3,
c8c9d4,
c9c9d4,
c8cad5,
c8cad5,
c7c8d3,
c6c6d2,
cfcfd7,
d8d8dc,
e8e8ea,
f8f8f8,
f7f7f7,
f5f5f5,
f6f6f6,
f7f7f7,
f8f8f8,
fafafa,
f8f8f8,
f7f7f7,
f6f6f6,
f5f5f5,
f7f7f7,
f9f9f9,
f9f9f9,
f9f9f9,
f7f7f7,
f5f5f5,
f6f6f6,
f6f6f6,
f8f8f8,
fafafa,
f8f8f8,
f7f7f7,
f6f6f6,
f5f5f5,
f7f7f7,
f9f9f9,
f9f9f9,
f9f9f9,
f7f7f7,
f6f6f6,
f6f6f6,
f6f6f6,
f8f8f8,
f9f9f9,
f9f9f9,
f2f2f2,
f7f7f7,
fbfbfb,
fbfbfb,
fbfbfb,
f7f7f7,
f2f2f2,
f4f4f4,
f6f6f6,
fafafa,
fdfdfd,
fafafa,
f6f6f6,
f4f4f4,
f2f2f2,
f6f6f6,
fafafa,
fbfbfb,
fbfbfb,
f7f7f7,
f3f3f3,
f4f4f4,
f5f5f5,
f9f9f9,
fdfdfd,
fafafa,
f7f7f7,
f5f5f5,
f2f2f2,
f6f6f6,
fafafa,
fbfbfb,
fbfbfb,
f7f7f7,
f3f3f3,
f4f4f4,
f4f4f4,
f8f8f8,
fcfcfc,
fafafa,
f8f8f8,
f5f5f5,
f1f1f1,
f5f5f5,
f9f9f9,
fbfbfb,
fcfcfc,
f8f8f8,
f3f3f3,
f4f4f4,
f4f4f4,
f8f8f8,
fcfcfc,
fafafa,
f8f8f8,
f5f5f5,
f1f1f1,
f5f5f5,
f8f8f8,
fafafa,
fcfcfc,
f8f8f8,
f4f4f4,
f4f4f4,
f3f3f3,
f8f8f8,
fcfcfc,
fbfbfb,
f9f9f9,
f5f5f5,
f1f1f1,
f5f5f5,
f8f8f8,
fafafa,
fcfcfc,
f8f8f8,
f4f4f4,
f4f4f4,
f3f3f3,
f7f7f7,
fbfbfb,
fbfbfb,
fafafa,
f6f6f6,
f2f2f2,
f4f4f4,
f6f6f6,
fafafa,
fdfdfd,
f9f9f9,
f5f5f5,
f4f4f4,
f2f2f2,
f7f7f7,
fbfbfb,
fbfbfb,
fafafa,
f6f6f6,
f2f2f2,
f4f4f4,
f6f6f6,
fafafa,
fdfdfd,
fafafa,
f6f6f6,
f4f4f4,
f2f2f2,
f6f6f6,
fafafa,
fbfbfb,
fbfbfb,
f7f7f7,
f2f2f2,
f4f4f4,
f5f5f5,
f9f9f9,
fdfdfd,
fafafa,
f6f6f6,
f4f4f4,
f1f1f1,
efeff0,
ededee,
edecf0,
ecebf1,
efedf5,
f2eff9,
e9e6f5,
e0ddf1,
cfcce4,
bebbd7,
b9b6d1,
b4b1ca,
a9a6bf,
9e9bb3,
8f8c9e,
7f7d88,
9c9aa6,
b8b6c4,
bebdca,
c4c3cf,
b2b1bd,
9f9fab,
9e9eab,
9c9dab,
9f9fae,
a2a1b0,
a4a3b2,
a6a5b3,
a8a7b4,
a9a9b4,
aaaab5,
ababb6,
adadb8,
aeaeba,
afafbb,
b0b0bb,
b1b1bc,
b2b1bd,
b4b3bf,
b5b4c1,
b6b5c2,
b7b6c3,
b9b8c5,
babac7,
bcbcca,
bebecc,
c0c0ce,
c1c1d0,
c3c3d1,
c4c5d1,
c5c6d2,
c6c6d2,
c6c6d2,
c6c6d2,
c6c7d3,
c6c8d4,
c7c9d4,
c7c9d4,
c9cad5,
cacad5,
cacbd6,
cacbd6,
c8c9d4,
c6c6d1,
d3d3db,
e0e0e4,
ededef,
fafafa,
f6f6f6,
f2f2f2,
f4f4f4,
f6f6f6,
fafafa,
fdfdfd,
fafafa,
f6f6f6,
f4f4f4,
f2f2f2,
f7f7f7,
fbfbfb,
fbfbfb,
fbfbfb,
f7f7f7,
f2f2f2,
f4f4f4,
f5f5f5,
f9f9f9,
fdfdfd,
fafafa,
f6f6f6,
f4f4f4,
f2f2f2,
f6f6f6,
fafafa,
fbfbfb,
fbfbfb,
f7f7f7,
f3f3f3,
f4f4f4,
f5f5f5,
f9f9f9,
fcfcfc,
fcfcfc,
f7f7f7,
f7f7f7,
f7f7f7,
f7f7f7,
f7f7f7,
f7f7f7,
f7f7f7,
f7f7f7,
f8f8f8,
f7f7f7,
f7f7f7,
f7f7f7,
f7f7f7,
f7f7f7,
f7f7f7,
f7f7f7,
f7f7f7,
f7f7f7,
f7f7f7,
f7f7f7,
f8f8f8,
f7f7f7,
f7f7f7,
f7f7f7,
f7f7f7,
f7f7f7,
f7f7f7,
f7f7f7,
f7f7f7,
f7f7f7,
f7f7f7,
f7f7f7,
f7f7f7,
f7f7f7,
f8f8f8,
f7f7f7,
f7f7f7,
f7f7f7,
f7f7f7,
f7f7f7,
f7f7f7,
f7f7f7,
f7f7f7,
f7f7f7,
f7f7f7,
f7f7f7,
f7f7f7,
f7f7f7,
f7f7f7,
f7f7f7,
f8f8f8,
f7f7f7,
f7f7f7,
f7f7f7,
f7f7f7,
f7f7f7,
f7f7f7,
f7f7f7,
f7f7f7,
f7f7f7,
f7f7f7,
f7f7f7,
f7f7f7,
f7f7f7,
f7f7f7,
f7f7f7,
f7f7f7,
f7f7f7,
f7f7f7,
f7f7f7,
f7f7f7,
f7f7f7,
f7f7f7,
f7f7f7,
f7f7f7,
f7f7f7,
f7f7f7,
f7f7f7,
f8f8f8,
f7f7f7,
f7f7f7,
f7f7f7,
f7f7f7,
f7f7f7,
f7f7f7,
f7f7f7,
f7f7f7,
f7f7f7,
f7f7f7,
f7f7f7,
f7f7f7,
f7f7f7,
f7f7f7,
f7f7f7,
f7f7f7,
f7f7f7,
f7f7f7,
f7f7f7,
f7f7f7,
f7f7f7,
f8f8f8,
f7f7f7,
f7f7f7,
f7f7f7,
f8f8f8,
f7f7f7,
f7f7f7,
f7f7f7,
f7f7f7,
f7f7f7,
f7f7f7,
f7f7f7,
f7f7f7,
f7f7f7,
f7f7f7,
f7f7f7,
f7f7f7,
f7f7f7,
f6f6f6,
f2f2f3,
efefef,
eeeef0,
eeedf1,
efedf4,
efedf6,
e5e2f3,
dbd7f0,
c5c1e2,
b0abd5,
a19dbf,
928fa9,
928fa6,
9390a4,
9794a7,
9c99ab,
a3a1ae,
aba9b1,
b8b5c0,
c4c2ce,
bbb9c6,
b2b1be,
a7a7b4,
9d9daa,
9d9da9,
9e9da8,
a09ea7,
a39fa6,
a5a0a6,
a7a2a5,
a8a3a5,
a9a5a4,
aaa5a5,
aba6a6,
aba7a8,
aca8aa,
adaaad,
afacb1,
b0adb4,
b1afb8,
b2b0bb,
b3b2bf,
b3b2bf,
b4b3c0,
b6b5c3,
b8b8c5,
bbbac8,
bebdcb,
c0bfce,
c2c2d1,
c4c4d1,
c5c6d2,
c6c6d2,
c7c7d3,
c7c7d3,
c7c7d3,
c7c8d4,
c7c9d5,
c8c9d5,
c8cad5,
c9cad6,
cbcbd7,
cbcbd7,
cbcbd7,
c9c9d4,
c7c7d1,
d5d5dc,
e4e3e6,
ededef,
f7f7f7,
f7f7f7,
f7f7f7,
f7f7f7,
f7f7f7,
f7f7f7,
f7f7f7,
f7f7f7,
f8f8f8,
f7f7f7,
f7f7f7,
f7f7f7,
f7f7f7,
f7f7f7,
f7f7f7,
f7f7f7,
f7f7f7,
f7f7f7,
f7f7f7,
f7f7f7,
f7f7f7,
f7f7f7,
f7f7f7,
f7f7f7,
f7f7f7,
f7f7f7,
f7f7f7,
f7f7f7,
f7f7f7,
f7f7f7,
f8f8f8,
f7f7f7,
f7f7f7,
f7f7f7,
f7f7f7,
f7f7f7,
fcfcfc,
f8f8f8,
f3f3f3,
f3f3f3,
f3f3f3,
f8f8f8,
fcfcfc,
fbfbfb,
f9f9f9,
f5f5f5,
f1f1f1,
f5f5f5,
f8f8f8,
fafafa,
fcfcfc,
f8f8f8,
f4f4f4,
f4f4f4,
f3f3f3,
f8f8f8,
fcfcfc,
fbfbfb,
f9f9f9,
f5f5f5,
f1f1f1,
f4f4f4,
f7f7f7,
fafafa,
fcfcfc,
f8f8f8,
f4f4f4,
f3f3f3,
f2f2f2,
f7f7f7,
fcfcfc,
fbfbfb,
fafafa,
f6f6f6,
f2f2f2,
f4f4f4,
f6f6f6,
fafafa,
fdfdfd,
f9f9f9,
f5f5f5,
f4f4f4,
f2f2f2,
f7f7f7,
fbfbfb,
fbfbfb,
fbfbfb,
f7f7f7,
f2f2f2,
f4f4f4,
f5f5f5,
f9f9f9,
fdfdfd,
f9f9f9,
f5f5f5,
f4f4f4,
f2f2f2,
f6f6f6,
fafafa,
fbfbfb,
fbfbfb,
f7f7f7,
f2f2f2,
f4f4f4,
f5f5f5,
f9f9f9,
fdfdfd,
fafafa,
f6f6f6,
f4f4f4,
f2f2f2,
f6f6f6,
fafafa,
fbfbfb,
fcfcfc,
f7f7f7,
f2f2f2,
f3f3f3,
f4f4f4,
f8f8f8,
fcfcfc,
fafafa,
f8f8f8,
f5f5f5,
f1f1f1,
f5f5f5,
f9f9f9,
fbfbfb,
fcfcfc,
f8f8f8,
f3f3f3,
f3f3f3,
f3f3f3,
f8f8f8,
fcfcfc,
fbfbfb,
f9f9f9,
f5f5f5,
f1f1f1,
f5f5f5,
f9f9f9,
fbfbfb,
fcfcfc,
f8f8f8,
f3f3f3,
f3f3f3,
f3f3f3,
f8f8f8,
fcfcfc,
fbfbfb,
f9f9f9,
f5f5f5,
f1f1f1,
f4f4f4,
f6f6f6,
f1f1f2,
ececed,
eeecf1,
efecf4,
f1eef8,
f2effb,
dbd7f1,
c3bfe6,
a19cd0,
7f78b9,
726d9a,
65627b,
6b687c,
716e7d,
858290,
9996a3,
b8b6bf,
d7d5da,
d4d1d9,
d0cdd8,
b8b6c3,
9f9fad,
9d9dab,
9a9ba8,
9d9ca6,
9f9ca4,
a29ca0,
a49c9c,
a69e9a,
a89f97,
a9a096,
a9a094,
aaa095,
aaa095,
aaa197,
a9a199,
aca5a0,
aea8a6,
afaaad,
b0acb3,
b1aeb8,
b1afbc,
b1afbd,
b0afbd,
b3b2c0,
b5b5c3,
b9b9c7,
bdbcca,
c0bfce,
c3c2d1,
c5c4d2,
c6c6d2,
c7c7d3,
c7c8d4,
c7c8d4,
c7c8d4,
c8c9d5,
c8c9d6,
c9cad6,
c9cad6,
cacbd7,
cbccd8,
cbccd8,
cbcbd7,
cacad4,
c8c8d1,
d8d7dd,
e7e6e8,
eeedee,
f4f4f4,
f8f8f8,
fcfcfc,
fafafa,
f8f8f8,
f5f5f5,
f1f1f1,
f5f5f5,
f9f9f9,
fbfbfb,
fcfcfc,
f8f8f8,
f3f3f3,
f3f3f3,
f3f3f3,
f8f8f8,
fcfcfc,
fbfbfb,
f9f9f9,
f5f5f5,
f1f1f1,
f5f5f5,
f8f8f8,
fafafa,
fcfcfc,
f8f8f8,
f4f4f4,
f3f3f3,
f2f2f2,
f7f7f7,
fcfcfc,
fbfbfb,
f9f9f9,
f6f6f6,
f2f2f2,
f2f2f2,
f9f9f9,
f7f7f7,
f6f6f6,
f6f6f6,
f6f6f6,
f7f7f7,
f9f9f9,
f8f8f8,
f8f8f8,
f7f7f7,
f5f5f5,
f6f6f6,
f8f8f8,
f8f8f8,
f9f9f9,
f7f7f7,
f6f6f6,
f6f6f6,
f6f6f6,
f7f7f7,
f9f9f9,
f8f8f8,
f8f8f8,
f6f6f6,
f5f5f5,
f6f6f6,
f7f7f7,
f8f8f8,
f9f9f9,
f7f7f7,
f6f6f6,
f6f6f6,
f5f5f5,
f7f7f7,
f9f9f9,
f9f9f9,
f8f8f8,
f7f7f7,
f6f6f6,
f6f6f6,
f7f7f7,
f8f8f8,
f9f9f9,
f8f8f8,
f7f7f7,
f6f6f6,
f6f6f6,
f7f7f7,
f9f9f9,
f9f9f9,
f9f9f9,
f7f7f7,
f6f6f6,
f6f6f6,
f6f6f6,
f8f8f8,
f9f9f9,
f8f8f8,
f6f6f6,
f6f6f6,
f6f6f6,
f7f7f7,
f8f8f8,
f8f8f8,
f9f9f9,
f7f7f7,
f6f6f6,
f6f6f6,
f7f7f7,
f8f8f8,
f9f9f9,
f8f8f8,
f7f7f7,
f6f6f6,
f6f6f6,
f7f7f7,
f8f8f8,
f9f9f9,
f9f9f9,
f7f7f7,
f5f5f5,
f6f6f6,
f6f6f6,
f7f7f7,
f9f9f9,
f8f8f8,
f8f8f8,
f6f6f6,
f5f5f5,
f6f6f6,
f8f8f8,
f8f8f8,
f9f9f9,
f7f7f7,
f6f6f6,
f6f6f6,
f6f6f6,
f7f7f7,
f9f9f9,
f8f8f8,
f8f8f8,
f7f7f7,
f5f5f5,
f7f7f7,
f8f8f8,
f8f8f8,
f9f9f9,
f7f7f7,
f6f6f6,
f6f6f6,
f6f6f6,
f7f7f7,
f9f9f9,
f8f8f8,
f8f8f8,
f6f6f6,
f5f5f5,
f2f2f2,
f0f0f0,
ebebee,
e7e6ed,
e4e2ef,
e2dff1,
dad6f0,
d2ceee,
b3afdf,
948fcf,
7e79b2,
686395,
6e6a89,
73707d,
878490,
9c99a4,
afadb7,
c3c1cb,
cbc8d1,
d2d0d6,
c4c1c7,
b6b2b8,
aba5a8,
a09998,
a29993,
a4998d,
a89b8a,
ad9d87,
b09e83,
b39f80,
b5a07e,
b7a17c,
b7a27b,
b8a27b,
b8a27b,
b9a37c,
b7a27c,
b6a17d,
b6a381,
b7a586,
b6a58c,
b6a693,
b3a89e,
b0aaa9,
b0acb1,
b0aeba,
b2b1be,
b5b4c3,
b8b7c5,
bbbac8,
bfbecc,
c3c3d1,
c5c5d2,
c6c7d4,
c7c8d4,
c8c9d5,
c8c9d5,
c8c9d5,
c9c9d6,
c9cad7,
cacad7,
cacbd7,
cbccd7,
ccccd8,
cbcbd7,
cacad6,
ccccd5,
ceced4,
dedee2,
efeef0,
f3f2f3,
f6f6f6,
f7f7f7,
f9f9f9,
f8f8f8,
f8f8f8,
f6f6f6,
f5f5f5,
f7f7f7,
f8f8f8,
f8f8f8,
f9f9f9,
f7f7f7,
f6f6f6,
f6f6f6,
f6f6f6,
f7f7f7,
f8f8f8,
f5f5f5,
f3f3f2,
f2f2f2,
f2f2f2,
f5f5f4,
f8f8f7,
f8f8f8,
f9f9f9,
f7f7f7,
f6f6f6,
f6f6f6,
f5f5f5,
f7f7f7,
f9f9f9,
f8f8f8,
f8f8f8,
f7f7f7,
f6f6f6,
f6f6f6,
f5f5f5,
f7f7f7,
f8f8f8,
f8f8f8,
f8f8f8,
f7f7f7,
f5f5f5,
f6f6f6,
f7f7f7,
f8f8f8,
f9f9f9,
f8f8f8,
f7f7f7,
f6f6f6,
f5f5f5,
f7f7f7,
f8f8f8,
f8f8f8,
f8f8f8,
f7f7f7,
f6f6f6,
f6f6f6,
f6f6f6,
f8f8f8,
f9f9f9,
f8f8f8,
f7f7f7,
f6f6f6,
f5f5f5,
f7f7f7,
f8f8f8,
f8f8f8,
f8f8f8,
f7f7f7,
f6f6f6,
f6f6f6,
f6f6f6,
f8f8f8,
f9f9f9,
f8f8f8,
f7f7f7,
f6f6f6,
f5f5f5,
f7f7f7,
f8f8f8,
f9f9f9,
f9f9f9,
f8f8f8,
f6f6f6,
f6f6f6,
f6f6f6,
f8f8f8,
f9f9f9,
f8f8f8,
f7f7f7,
f6f6f6,
f5f5f5,
f6f6f6,
f7f7f7,
f8f8f8,
f9f9f9,
f8f8f8,
f6f6f6,
f6f6f6,
f6f6f6,
f8f8f8,
f9f9f9,
f9f9f9,
f8f8f8,
f7f7f7,
f5f5f5,
f6f6f6,
f7f7f7,
f8f8f8,
f9f9f9,
f8f8f8,
f6f6f6,
f6f6f6,
f6f6f6,
f7f7f7,
f8f8f8,
f8f8f8,
f8f8f8,
f7f7f7,
f5f5f5,
f6f6f6,
f7f7f7,
f8f8f8,
f9f9f9,
f8f8f8,
f6f6f6,
f6f6f6,
f5f5f5,
f7f7f7,
f8f8f8,
f8f8f8,
f8f8f8,
f7f7f7,
f5f5f5,
f6f6f6,
f7f7f7,
f8f8f8,
f9f9f9,
f8f8f8,
f7f7f7,
f6f6f6,
f5f5f5,
f7f7f7,
f8f8f8,
f8f8f8,
f8f8f8,
f7f7f7,
f5f5f5,
f6f6f6,
f6f6f6,
f7f7f7,
f8f8f8,
f1f1f1,
e9e9ea,
e6e5eb,
e2e0ec,
dbd9ed,
d4d1ee,
c3bfe8,
b2ade1,
8c86cd,
655fb8,
5b5795,
514e71,
696678,
817e7f,
a4a1a5,
c6c3ca,
dad7df,
edebf3,
dddbe3,
cdcad2,
b4b1b5,
9b9798,
9e958e,
a09283,
a7957b,
ad9772,
b49a6e,
ba9d69,
be9f66,
c1a163,
c3a262,
c5a361,
c6a461,
c6a461,
c7a562,
c7a562,
c5a362,
c2a161,
c1a163,
c0a165,
bea16c,
bba072,
b5a284,
afa495,
afa9a6,
afadb7,
b2b0bd,
b4b3c2,
b6b5c4,
b8b7c5,
bebdcb,
c3c3d0,
c5c6d3,
c6c8d5,
c7c9d6,
c8cad6,
c9cad6,
c9cad6,
cacad7,
cacad7,
cbcbd7,
cbccd7,
ccccd8,
ccccd8,
cbcbd6,
c9c9d4,
ceced6,
d3d3d7,
e5e5e7,
f7f6f7,
f8f7f8,
f8f8f8,
f7f7f7,
f5f5f5,
f6f6f6,
f7f7f7,
f8f8f8,
f9f9f9,
f8f8f8,
f7f7f7,
f6f6f6,
f5f5f5,
f7f7f7,
f8f8f8,
f8f8f8,
f8f8f8,
f6f6f6,
f3f3f3,
f0f0ef,
ececea,
f0efee,
f3f2f2,
f5f5f4,
f7f7f6,
f6f6f6,
f5f5f5,
f7f7f7,
f8f8f8,
f8f8f8,
f8f8f8,
f7f7f7,
f6f6f6,
f6f6f6,
f6f6f6,
f8f8f8,
f9f9f9,
f9f9f9,
f5f5f5,
f7f7f7,
f9f9f9,
f9f9f9,
f9f9f9,
f7f7f7,
f5f5f5,
f6f6f6,
f7f7f7,
f8f8f8,
fafafa,
f8f8f8,
f7f7f7,
f6f6f6,
f5f5f5,
f7f7f7,
f9f9f9,
f9f9f9,
f9f9f9,
f7f7f7,
f5f5f5,
f6f6f6,
f6f6f6,
f8f8f8,
fafafa,
f9f9f9,
f7f7f7,
f6f6f6,
f5f5f5,
f7f7f7,
f9f9f9,
f9f9f9,
f9f9f9,
f7f7f7,
f5f5f5,
f5f5f5,
f6f6f6,
f8f8f8,
fafafa,
f8f8f8,
f7f7f7,
f6f6f6,
f4f4f4,
f6f6f6,
f8f8f8,
f9f9f9,
fafafa,
f8f8f8,
f6f6f6,
f6f6f6,
f6f6f6,
f8f8f8,
fafafa,
f9f9f9,
f8f8f8,
f6f6f6,
f4f4f4,
f6f6f6,
f8f8f8,
f9f9f9,
fafafa,
f8f8f8,
f6f6f6,
f6f6f6,
f6f6f6,
f8f8f8,
fafafa,
f9f9f9,
f8f8f8,
f6f6f6,
f4f4f4,
f6f6f6,
f7f7f7,
f8f8f8,
fafafa,
f8f8f8,
f6f6f6,
f5f5f5,
f5f5f5,
f7f7f7,
f9f9f9,
f9f9f9,
f9f9f9,
f7f7f7,
f5f5f5,
f6f6f6,
f7f7f7,
f9f9f9,
fafafa,
f8f8f8,
f6f6f6,
f5f5f5,
f5f5f5,
f7f7f7,
f9f9f9,
f9f9f9,
f9f9f9,
f7f7f7,
f5f5f5,
f6f6f6,
f7f7f7,
f8f8f8,
fafafa,
f8f8f8,
f7f7f7,
f6f6f6,
f5f5f5,
f7f7f7,
f9f9f9,
f9f9f9,
f9f9f9,
f7f7f7,
f5f5f5,
f5f5f5,
f6f6f6,
f6f6f6,
f5f5f6,
edecef,
e4e4e8,
d8d6e5,
ccc9e2,
bcb9e0,
adaadf,
9b96d2,
8883c6,
7772b5,
6662a5,
74719e,
838098,
9c9aa8,
b6b4b8,
c9c6cd,
ddd9e1,
ded9dd,
dfd8d9,
cdc4be,
bbb0a3,
b3a591,
aa9a7f,
af9b78,
b39c72,
b79e6e,
bca06b,
bfa268,
c2a366,
c4a464,
c6a563,
c7a662,
c8a662,
c8a662,
c8a762,
c9a762,
c9a863,
c8a663,
c7a563,
c7a564,
c6a666,
c5a569,
c4a56c,
bfa575,
bba67f,
b7a78f,
b4a99f,
b6afb0,
b8b5c0,
bbbac6,
bfbecc,
c2c2d0,
c5c6d3,
c6c8d5,
c8cad7,
c9cad7,
cacbd7,
cacbd7,
cbcbd7,
cbcbd7,
cbcbd8,
ccccd8,
cccdd8,
ccccd7,
cbcbd7,
cbcad5,
cacad3,
d5d5da,
dfdfe2,
ececed,
f9f8f9,
f9f8f9,
f9f9f9,
f7f7f7,
f5f5f5,
f6f6f6,
f7f7f7,
f8f8f8,
fafafa,
f8f8f8,
f7f7f7,
f6f6f6,
f5f5f5,
f7f7f7,
f9f9f9,
f9f9f9,
f9f9f9,
eeeeec,
e3e3e0,
d9d8d2,
d0cdc3,
ccc8c0,
c8c4be,
d8d5d1,
e8e7e5,
eeeeed,
f4f4f4,
f6f6f6,
f9f9f9,
f9f9f9,
f9f9f9,
f7f7f7,
f5f5f5,
f6f6f6,
f6f6f6,
f8f8f8,
fafafa,
fafafa,
f4f4f4,
f7f7f7,
f9f9f9,
f9f9f9,
f9f9f9,
f7f7f7,
f4f4f4,
f5f5f5,
f6f6f6,
f9f9f9,
fbfbfb,
f9f9f9,
f6f6f6,
f5f5f5,
f4f4f4,
f7f7f7,
f9f9f9,
fafafa,
fafafa,
f7f7f7,
f4f4f4,
f5f5f5,
f6f6f6,
f9f9f9,
fbfbfb,
f9f9f9,
f7f7f7,
f6f6f6,
f4f4f4,
f7f7f7,
f9f9f9,
fafafa,
fafafa,
f7f7f7,
f4f4f4,
f5f5f5,
f5f5f5,
f8f8f8,
fafafa,
f9f9f9,
f7f7f7,
f5f5f5,
f3f3f3,
f6f6f6,
f8f8f8,
f9f9f9,
fafafa,
f8f8f8,
f5f5f5,
f5f5f5,
f5f5f5,
f8f8f8,
fafafa,
f9f9f9,
f8f8f8,
f6f6f6,
f3f3f3,
f6f6f6,
f8f8f8,
f9f9f9,
fafafa,
f8f8f8,
f5f5f5,
f5f5f5,
f5f5f5,
f8f8f8,
fafafa,
f9f9f9,
f8f8f8,
f6f6f6,
f3f3f3,
f5f5f5,
f7f7f7,
f9f9f9,
fafafa,
f8f8f8,
f5f5f5,
f5f5f5,
f4f4f4,
f7f7f7,
fafafa,
fafafa,
f9f9f9,
f7f7f7,
f4f4f4,
f6f6f6,
f7f7f7,
f9f9f9,
fbfbfb,
f9f9f9,
f6f6f6,
f5f5f5,
f4f4f4,
f7f7f7,
f9f9f9,
f9f9f9,
f9f9f9,
f7f7f7,
f4f4f4,
f5f5f5,
f6f6f6,
f9f9f9,
fbfbfb,
f9f9f9,
f6f6f6,
f5f5f5,
f4f4f4,
f7f7f7,
f9f9f9,
f9f9f9,
f9f9f9,
f7f7f7,
f4f4f4,
f5f5f5,
f6f6f6,
f4f4f5,
f2f2f3,
e9e8ed,
dfdee6,
cac8df,
b5b2d7,
9e9ad3,
8682cf,
726dbd,
5e58ab,
635e9e,
676491,
8e8ba8,
b4b2bf,
d0ced8,
ebe9f1,
efecf5,
f3eff8,
e2dadc,
d0c5bf,
bdae9a,
a99674,
b19a6d,
b99d65,
c0a163,
c6a561,
c8a762,
caa963,
caa963,
caa963,
caa963,
caa962,
caa962,
caa962,
caa962,
caa962,
cbaa63,
cbaa63,
ccaa64,
cca965,
ccaa66,
ccaa66,
ccaa66,
ccaa65,
c9a967,
c6a768,
bfa678,
b8a587,
baaea3,
bbb7be,
c1bec9,
c6c5d3,
c7c7d5,
c7c9d6,
c8cad7,
c9cbd8,
cbcbd8,
cccbd8,
ccccd8,
ccccd8,
ccccd8,
ccccd8,
cdcdd8,
cdcdd8,
cccbd7,
cac9d6,
cbcad4,
cbcbd1,
dbdbdf,
ebebec,
f3f3f3,
fafafa,
fafafa,
f9f9f9,
f7f7f7,
f4f4f4,
f5f5f5,
f6f6f6,
f9f9f9,
fbfbfb,
f9f9f9,
f6f6f6,
f5f5f5,
f4f4f4,
f7f7f7,
f9f9f9,
f9f9f9,
f9f9f9,
e6e6e3,
d3d2cd,
c3c0b5,
b3ad9c,
a8a193,
9c9589,
bab6af,
d8d7d4,
e6e5e4,
f3f3f3,
f6f6f6,
f9f9f9,
fafafa,
fafafa,
f7f7f7,
f4f4f4,
f5f5f5,
f6f6f6,
f8f8f8,
fafafa,
fafafa,
f9f9f9,
f7f7f7,
f6f6f6,
f6f6f6,
f6f6f6,
f7f7f7,
f9f9f9,
f8f8f8,
f8f8f8,
f7f7f7,
f6f6f6,
f6f6f6,
f7f7f7,
f8f8f8,
f9f9f9,
f8f8f8,
f7f7f7,
f7f7f7,
f7f7f7,
f7f7f7,
f8f8f8,
f8f8f8,
f8f8f8,
f7f7f7,
f6f6f6,
f6f6f6,
f7f7f7,
f8f8f8,
f9f9f9,
f8f8f8,
f7f7f7,
f6f6f6,
f6f6f6,
f7f7f7,
f8f8f8,
f8f8f8,
f8f8f8,
f7f7f7,
f6f6f6,
f6f6f6,
f7f7f7,
f8f8f8,
f9f9f9,
f8f8f8,
f7f7f7,
f6f6f6,
f6f6f6,
f7f7f7,
f8f8f8,
f8f8f8,
f8f8f8,
f7f7f7,
f6f6f6,
f6f6f6,
f7f7f7,
f8f8f8,
f9f9f9,
f8f8f8,
f7f7f7,
f6f6f6,
f6f6f6,
f7f7f7,
f8f8f8,
f8f8f8,
f8f8f8,
f7f7f7,
f6f6f6,
f6f6f6,
f7f7f7,
f8f8f8,
f9f9f9,
f8f8f8,
f7f7f7,
f6f6f6,
f6f6f6,
f7f7f7,
f8f8f8,
f8f8f8,
f8f8f8,
f7f7f7,
f6f6f6,
f6f6f6,
f7f7f7,
f8f8f8,
f9f9f9,
f8f8f8,
f8f8f8,
f7f7f7,
f6f6f6,
f7f7f7,
f8f8f8,
f8f8f8,
f9f9f9,
f7f7f7,
f6f6f6,
f6f6f6,
f6f6f6,
f7f7f7,
f9f9f9,
f8f8f8,
f8f8f8,
f7f7f7,
f6f6f6,
f7f7f7,
f8f8f8,
f8f8f8,
f9f9f9,
f7f7f7,
f6f6f6,
f6f6f6,
f6f6f6,
f7f7f7,
f9f9f8,
f8f8f8,
f8f8f8,
ebebf0,
dfdfe9,
d0d1e2,
c2c3db,
adacce,
9895c0,
8986c0,
7a76c0,
7a76b9,
7b77b2,
8f8cb7,
a4a1bd,
bcbacd,
d5d2de,
e1dee8,
eeebf2,
e8e2e4,
e3d9d5,
d6c7b5,
c9b596,
c1aa81,
b99f6c,
bfa46c,
c5a96d,
ccaf73,
d2b679,
d5ba7e,
d9be84,
d9be84,
d9bf85,
d8be84,
d8be83,
d7bd82,
d6bc80,
d5ba7d,
d3b879,
d1b474,
d0b16f,
ceae6b,
cdab68,
cdab67,
ceac67,
ceac67,
ceac68,
c7a86a,
c1a56c,
bca475,
b8a47e,
bdad93,
c2b6a8,
c6bebc,
c9c7d0,
cac9d4,
cacbd7,
cbcbd8,
cbccd9,
ccccd9,
cdccd9,
cdccd9,
cdcdd9,
cdcdd9,
cdcdd9,
cdcdd8,
cdcdd8,
cbcbd6,
cac9d4,
d2d2d9,
dbdbdf,
e7e7e9,
f4f4f4,
f5f5f5,
f6f6f6,
f6f6f6,
f7f7f7,
f8f8f8,
f9f9f9,
f8f8f8,
f7f7f7,
f6f6f6,
f6f6f6,
f7f7f7,
f8f8f8,
f8f8f8,
f9f9f9,
f7f7f7,
f6f6f6,
f3f3f3,
f1f1f0,
d9d7d4,
c1beb7,
b3ada1,
a59d8a,
9a9180,
908675,
a8a296,
c1beb6,
dcdad6,
f6f6f6,
f6f6f6,
f7f7f7,
f6f6f6,
f6f6f6,
f7f7f7,
f8f8f8,
f8f8f8,
f8f8f8,
f7f7f7,
f6f6f6,
f6f6f6,
fdfdfd,
f8f8f8,
f3f3f3,
f3f3f3,
f3f3f3,
f8f8f8,
fdfdfd,
fbfbfb,
f9f9f9,
f5f5f5,
f0f0f0,
f4f4f4,
f8f8f8,
fbfbfb,
fdfdfd,
f9f9f9,
f4f4f4,
f4f4f4,
f3f3f3,
f8f8f8,
fcfcfc,
fbfbfb,
f9f9f9,
f5f5f5,
f0f0f0,
f4f4f4,
f7f7f7,
fafafa,
fdfdfd,
f9f9f9,
f4f4f4,
f3f3f3,
f2f2f2,
f7f7f7,
fcfcfc,
fbfbfb,
fafafa,
f6f6f6,
f1f1f1,
f4f4f4,
f6f6f6,
fafafa,
fefefe,
fafafa,
f5f5f5,
f3f3f3,
f1f1f1,
f6f6f6,
fbfbfb,
fbfbfb,
fbfbfb,
f6f6f6,
f1f1f1,
f3f3f3,
f5f5f5,
fafafa,
fefefe,
fafafa,
f5f5f5,
f3f3f3,
f1f1f1,
f6f6f6,
fafafa,
fbfbfb,
fbfbfb,
f6f6f6,
f1f1f1,
f3f3f3,
f5f5f5,
fafafa,
fefefe,
fafafa,
f6f6f6,
f4f4f4,
f1f1f1,
f6f6f6,
fafafa,
fbfbfb,
fcfcfc,
f7f7f7,
f2f2f2,
f3f3f3,
f4f4f4,
f9f9f9,
fdfdfd,
fbfbfb,
f8f8f8,
f4f4f4,
f0f0f0,
f5f5f5,
f9f9f9,
fbfbfb,
fdfdfd,
f8f8f8,
f3f3f3,
f3f3f3,
f3f3f3,
f8f8f8,
fdfdfd,
fbfbfb,
f9f9f9,
f5f5f5,
f0f0f0,
f5f5f5,
f9f9f9,
fbfbfb,
fdfdfd,
f8f8f8,
f3f3f3,
f3f3f3,
f3f3f3,
f8f8f8,
fdfdfc,
fbfbfb,
f9f9f9,
e2e3ec,
cbccde,
b8bad7,
a5a7d0,
9090bd,
7a78a9,
7471ad,
6d6ab0,
8380b5,
9895b9,
bcbad1,
e0dee8,
ebe8f2,
f5f2fc,
f3eff8,
f0ecf3,
e1d8d3,
d2c3b2,
cab48f,
c2a46c,
c5a668,
c8a863,
cdaf6c,
d1b575,
d8be83,
dec691,
e3cc9b,
e7d2a4,
e7d3a6,
e7d4a7,
e6d4a6,
e5d3a4,
e4d1a1,
e2cf9e,
dfcb97,
dcc690,
d8bf86,
d4b77b,
d1b273,
cead6a,
cfad69,
cfad68,
cfad69,
cfad6a,
c5a86d,
bba36f,
baa372,
b8a275,
c1ab84,
c9b492,
cbbeb0,
ccc8cd,
cdcbd3,
cdcdd8,
cdcdd9,
cdccda,
cdccda,
cdccd9,
cecdd9,
ceced9,
ceceda,
ceceda,
cdcdd9,
ccccd7,
cbcbd5,
c9c9d2,
dadadf,
eaeaec,
f3f3f4,
fcfcfc,
f7f7f7,
f2f2f2,
f3f3f3,
f4f4f4,
f9f9f9,
fdfdfd,
fbfbfb,
f8f8f8,
f4f4f4,
f0f0f0,
f5f5f5,
f9f9f9,
fbfbfb,
fdfdfd,
f8f8f8,
f3f3f3,
eeeeed,
e8e8e7,
cbc9c4,
aeaaa1,
a39b8d,
978c78,
8d816d,
837661,
978e7d,
aaa598,
d2cfc9,
f9f9f9,
f7f7f7,
f4f4f4,
f3f3f3,
f2f2f2,
f7f7f7,
fcfcfc,
fbfbfb,
f9f9f9,
f5f5f5,
f1f1f1,
f1f1f1,
f8f8f8,
f7f7f7,
f7f7f7,
f7f7f7,
f7f7f7,
f7f7f7,
f8f8f8,
f8f8f8,
f8f8f8,
f7f7f7,
f6f6f6,
f6f6f6,
f7f7f7,
f8f8f8,
f8f8f8,
f7f7f7,
f7f7f7,
f7f7f7,
f7f7f7,
f7f7f7,
f8f8f8,
f8f8f8,
f7f7f7,
f6f6f6,
f6f6f6,
f6f6f6,
f7f7f7,
f8f8f8,
f8f8f8,
f7f7f7,
f7f7f7,
f6f6f6,
f6f6f6,
f7f7f7,
f8f8f8,
f8f8f8,
f8f8f8,
f7f7f7,
f6f6f6,
f6f6f6,
f7f7f7,
f8f8f8,
f9f9f9,
f8f8f8,
f7f7f7,
f7f7f7,
f6f6f6,
f7f7f7,
f8f8f8,
f8f8f8,
f8f8f8,
f7f7f7,
f6f6f6,
f6f6f6,
f7f7f7,
f8f8f8,
f9f9f9,
f8f8f8,
f7f7f7,
f6f6f6,
f6f6f6,
f7f7f7,
f8f8f8,
f8f8f8,
f8f8f8,
f7f7f7,
f6f6f6,
f6f6f6,
f7f7f7,
f8f8f8,
f9f9f9,
f8f8f8,
f7f7f7,
f6f6f6,
f6f6f6,
f7f7f7,
f8f8f8,
f8f8f8,
f8f8f8,
f7f7f7,
f6f6f6,
f6f6f6,
f7f7f7,
f7f7f7,
f8f8f8,
f8f8f8,
f8f8f8,
f7f7f7,
f6f6f6,
f6f6f6,
f7f7f7,
f8f8f8,
f9f9f9,
f8f8f8,
f7f7f7,
f7f7f7,
f7f7f7,
f7f7f7,
f8f8f8,
f8f8f8,
f8f8f8,
f7f7f7,
f6f6f6,
f7f7f7,
f8f8f8,
f8f8f8,
f8f8f8,
f7f7f7,
f7f7f7,
f6f6f6,
f6f6f6,
f6f6f7,
f6f6f7,
eeeff5,
e6e7f2,
c3c5e0,
a0a4cd,
8e91b7,
7d7fa1,
7a7a99,
787592,
8986ab,
9a97c4,
b0adcf,
c5c2da,
d8d5e6,
ebe8f2,
edeaf2,
f0ebf2,
e6dfdd,
ddd2c8,
d4c3aa,
cbb48d,
c9af7e,
c8aa6e,
cdb073,
d2b678,
d8bf85,
dec793,
e3cf9f,
e9d6ac,
ebdab2,
eedeb8,
eddeb8,
eddeb8,
ecdeb8,
ecdeb7,
ecddb6,
ecddb6,
eadab2,
e9d8af,
e5d1a5,
e1cb9b,
dac18b,
d4b77b,
d4b576,
d4b371,
d2b06e,
d0ae6c,
bea371,
ac9877,
a5937a,
9e8e7d,
b49f80,
cbb083,
ccb99d,
cec2b8,
cec7c8,
cecdd8,
cecdd9,
cecddb,
cecdda,
cecdda,
ceceda,
cfceda,
cdcdd8,
cccbd7,
c7c6d0,
c2c2ca,
bbbbc1,
b5b4b8,
bfbec0,
c9c8c8,
cccaca,
cfcdcc,
dbdad9,
e8e8e7,
efefef,
f7f7f7,
f7f7f7,
f8f8f8,
f8f8f8,
f7f7f7,
f6f6f6,
f6f6f6,
f7f7f7,
f8f8f8,
f8f8f8,
f8f8f8,
f2f2f2,
edecec,
dad9d6,
c7c5bf,
b1ada3,
9b9587,
928a7a,
897f6e,
928979,
9c9384,
afa99d,
c2bfb7,
dcdad6,
f6f6f6,
f6f6f6,
f7f7f7,
f6f6f6,
f6f6f6,
f7f7f7,
f8f8f8,
f8f8f8,
f7f7f7,
f7f7f7,
f6f6f6,
f6f6f6,
f3f3f3,
f7f7f7,
fafafa,
fafafa,
fafafa,
f7f7f7,
f3f3f3,
f5f5f5,
f6f6f6,
f9f9f9,
fbfbfb,
f9f9f9,
f6f6f6,
f5f5f5,
f3f3f3,
f6f6f6,
f9f9f9,
fafafa,
fafafa,
f7f7f7,
f4f4f4,
f5f5f5,
f5f5f5,
f8f8f8,
fbfbfb,
f9f9f9,
f7f7f7,
f5f5f5,
f3f3f3,
f6f6f6,
f9f9f9,
fafafa,
fafafa,
f7f7f7,
f4f4f4,
f5f5f5,
f5f5f5,
f8f8f8,
fbfbfb,
f9f9f9,
f7f7f7,
f5f5f5,
f3f3f3,
f6f6f6,
f9f9f9,
fafafa,
fbfbfb,
f8f8f8,
f4f4f4,
f4f4f4,
f4f4f4,
f8f8f8,
fbfbfb,
fafafa,
f8f8f8,
f6f6f6,
f3f3f3,
f6f6f6,
f8f8f8,
fafafa,
fbfbfb,
f8f8f8,
f5f5f5,
f5f5f5,
f4f4f4,
f7f7f7,
fafafa,
fafafa,
f9f9f9,
f6f6f6,
f3f3f3,
f5f5f5,
f7f7f7,
f9f9f9,
fbfbfb,
f8f8f8,
f5f5f5,
f5f5f5,
f4f4f4,
f7f7f7,
fafafa,
fafafa,
f9f9f9,
f6f6f6,
f3f3f3,
f5f5f5,
f7f7f7,
f9f9f9,
fbfbfb,
f8f8f8,
f5f5f5,
f5f5f5,
f4f4f4,
f7f7f7,
fafafa,
fafafa,
fafafa,
f7f7f7,
f3f3f3,
f5f5f5,
f6f6f6,
f9f9f9,
fbfbfb,
f9f9f9,
f6f6f6,
f5f5f5,
f3f3f3,
f7f7f7,
fafafa,
fafafa,
f9f9f9,
f4f4f6,
efeff2,
e1e2ef,
d2d5eb,
a3a8d4,
747bbc,
656997,
555671,
656476,
75717b,
9e9ba9,
c7c4d7,
dddae9,
f2effa,
f4f1fb,
f5f2fc,
f0ebf2,
eae4e7,
dacec2,
cab89c,
c7af82,
c3a568,
c9ab6c,
ceb070,
d5ba7f,
dbc48d,
e3cf9f,
ead9b0,
efe0bb,
f3e6c6,
f4e8c9,
f5eacc,
f4e9cb,
f2e7c9,
f3e8ca,
f3e8ca,
f5e9cc,
f6eacd,
f6eacd,
f5eacd,
f2e4c4,
eedebb,
e4cfa4,
d9c08c,
d9bc83,
d8b879,
d5b474,
d1af6e,
b79e76,
9d8d7e,
908482,
837a85,
a8937c,
ccac73,
ceb48b,
cfbba3,
cfc4bd,
cfcdd7,
cfceda,
cfcedc,
cfcedb,
ceceda,
cfcedb,
cfcedb,
cccbd7,
c9c8d3,
c1c0c8,
b8b7bd,
acabae,
a09e9e,
a4a2a1,
a8a6a3,
a5a29f,
a19d9b,
c0bdbc,
dedddc,
ecebeb,
f9f9f9,
f6f6f6,
f3f3f3,
f5f5f5,
f6f6f6,
f9f9f9,
fbfbfb,
f9f9f9,
f6f6f6,
f5f5f5,
f3f3f3,
edecec,
e6e5e5,
c6c4be,
a5a297,
969182,
87806d,
817968,
7b7263,
989185,
b4b0a7,
c7c4be,
dad8d5,
e7e6e4,
f3f3f3,
f6f6f6,
f9f9f9,
fafafa,
fafafa,
f7f7f7,
f4f4f4,
f5f5f5,
f5f5f5,
f8f8f8,
fbfbfb,
fbfbfb,
f4f4f4,
f7f7f7,
f9f9f9,
f9f9f9,
f9f9f9,
f7f7f7,
f4f4f4,
f5f5f5,
f7f7f7,
f8f8f8,
fafafa,
f8f8f8,
f7f7f7,
f5f5f5,
f4f4f4,
f6f6f6,
f9f9f9,
f9f9f9,
f9f9f9,
f7f7f7,
f5f5f5,
f5f5f5,
f6f6f6,
f8f8f8,
fafafa,
f9f9f9,
f7f7f7,
f6f6f6,
f4f4f4,
f6f6f6,
f9f9f9,
f9f9f9,
f9f9f9,
f7f7f7,
f5f5f5,
f5f5f5,
f6f6f6,
f8f8f8,
fafafa,
f9f9f9,
f7f7f7,
f6f6f6,
f4f4f4,
f6f6f6,
f9f9f9,
f9f9f9,
fafafa,
f8f8f8,
f5f5f5,
f5f5f5,
f5f5f5,
f8f8f8,
fafafa,
f9f9f9,
f8f8f8,
f6f6f6,
f4f4f4,
f6f6f6,
f8f8f8,
f9f9f9,
fafafa,
f8f8f8,
f6f6f6,
f5f5f5,
f5f5f5,
f7f7f7,
fafafa,
f9f9f9,
f9f9f9,
f6f6f6,
f4f4f4,
f6f6f6,
f7f7f7,
f8f8f8,
fafafa,
f8f8f8,
f6f6f6,
f5f5f5,
f5f5f5,
f7f7f7,
f9f9f9,
f9f9f9,
f9f9f9,
f6f6f6,
f4f4f4,
f6f6f6,
f7f7f7,
f9f9f9,
fafafa,
f8f8f8,
f6f6f6,
f5f5f5,
f5f5f5,
f7f7f7,
f9f9f9,
f9f9f9,
f9f9f9,
f7f7f7,
f4f4f4,
f5f5f5,
f7f7f7,
f8f8f8,
fafafa,
f8f8f8,
f7f7f7,
f5f5f5,
f4f4f4,
f7f7f7,
f9f9f9,
f9f9f9,
f8f8f8,
efeff3,
e5e5ee,
c7cae6,
a8aede,
858abf,
6167a0,
6d6f94,
797887,
93919d,
adaab2,
c6c2ce,
dedbea,
e8e5f2,
f2effa,
ebe7ef,
e5e0e5,
dcd2cc,
d4c5b3,
ceba9a,
c8af81,
caaf7a,
ccaf73,
d4ba81,
ddc690,
e1cd9b,
e6d4a7,
eadab2,
efe1bd,
f2e5c5,
f4e9cd,
f4eacf,
f5ebd1,
f3e8cd,
f1e6c9,
f1e6c8,
f2e7c8,
f4e8ca,
f5eacd,
f5eacd,
f5eacd,
f3e6c7,
f1e3c2,
e7d5b0,
dec89e,
ddc391,
dcbe84,
d6b679,
d1ae6f,
c2a473,
b49b77,
ab9478,
a38e79,
b99e75,
d0ae71,
d0b27f,
cfb68d,
cebeab,
cec7c8,
cecbd2,
cfcfdb,
c8c7d3,
c1c0cb,
bebdc8,
bbbac4,
adabb4,
9f9ca3,
8f8b90,
7f7b7d,
767171,
6d6866,
706b67,
736e69,
706a67,
6d6764,
928d8b,
b6b4b3,
d7d5d5,
f7f7f7,
f6f6f6,
f4f4f4,
f5f5f5,
f7f7f7,
f8f8f8,
fafafa,
f8f8f8,
f7f7f7,
f3f3f3,
f0f0f0,
dad9d8,
c3c2c0,
a19e98,
807b70,
7d7769,
7a7363,
867f72,
928b81,
b3afa7,
d5d3ce,
dfddda,
e9e8e6,
eeeeed,
f4f4f4,
f6f6f6,
f9f9f9,
f9f9f9,
f9f9f9,
f7f7f7,
f5f5f5,
f5f5f5,
f6f6f6,
f8f8f8,
fafafa,
fafafa,
f5f5f5,
f7f7f7,
f8f8f8,
f8f8f8,
f8f8f8,
f7f7f7,
f5f5f5,
f6f6f6,
f7f7f7,
f8f8f8,
f9f9f9,
f8f8f8,
f7f7f7,
f6f6f6,
f5f5f5,
f7f7f7,
f8f8f8,
f8f8f8,
f8f8f8,
f7f7f7,
f6f6f6,
f6f6f6,
f6f6f6,
f8f8f8,
f9f9f9,
f8f8f8,
f7f7f7,
f6f6f6,
f5f5f5,
f7f7f7,
f8f8f8,
f8f8f8,
f8f8f8,
f7f7f7,
f6f6f6,
f6f6f6,
f6f6f6,
f8f8f8,
f9f9f9,
f8f8f8,
f7f7f7,
f6f6f6,
f5f5f5,
f7f7f7,
f8f8f8,
f9f9f9,
f9f9f9,
f8f8f8,
f6f6f6,
f6f6f6,
f6f6f6,
f8f8f8,
f9f9f9,
f8f8f8,
f7f7f7,
f6f6f6,
f5f5f5,
f6f6f6,
f7f7f7,
f8f8f8,
f9f9f9,
f8f8f8,
f6f6f6,
f6f6f6,
f6f6f6,
f8f8f8,
f9f9f9,
f9f9f9,
f8f8f8,
f7f7f7,
f5f5f5,
f6f6f6,
f7f7f7,
f8f8f8,
f8f8f8,
f7f7f7,
f6f6f6,
f6f6f6,
f6f6f6,
f7f7f7,
f8f8f8,
f8f8f8,
f8f8f8,
f7f7f7,
f5f5f5,
f6f6f6,
f7f7f7,
f8f8f8,
f9f9f9,
f8f8f8,
f6f6f6,
f6f6f6,
f5f5f5,
f7f7f7,
f8f8f8,
f8f8f8,
f8f8f8,
f7f7f7,
f5f5f5,
f6f6f6,
f7f7f7,
f8f8f8,
f9f9f9,
f8f8f8,
f7f7f7,
f6f6f6,
f5f5f5,
f7f7f7,
f8f8f8,
f8f8f8,
f7f7f7,
e9e9f0,
dbdbe9,
adb1dd,
7e87d0,
666daa,
4e5284,
767691,
9d9a9d,
c1bec3,
e5e2e9,
edeaf3,
f5f2fd,
f4f0fb,
f2eef9,
e3dee4,
d4cdce,
c9baa7,
bea67f,
c2a672,
c5a565,
cdaf72,
d4b97e,
e0ca97,
ebdbaf,
eedfb8,
f0e3c0,
f2e6c5,
f4e8c9,
f5eacf,
f5ecd4,
f5ecd5,
f4ecd6,
f2e8cf,
efe4c8,
f0e5c7,
f1e5c6,
f3e7c9,
f4e9cc,
f5eacc,
f5eacc,
f4e9ca,
f3e7c8,
ebdcbc,
e3d0af,
e1ca9f,
dfc38e,
d8b87f,
d1ac6f,
ceaa70,
caa870,
c6a56f,
c2a26d,
cba96e,
d4b06e,
d2b073,
cfb077,
ceb998,
ccc1b9,
cec8ca,
cfcfda,
c1c1cb,
b3b2bc,
adacb5,
a7a5ad,
8e8a90,
746f73,
5d5758,
453e3d,
3f3835,
39322d,
3b342e,
3d352f,
3b332e,
39312d,
645e5b,
8e8a89,
c2c0bf,
f5f5f5,
f5f5f5,
f5f5f5,
f6f6f6,
f7f7f7,
f8f8f8,
f9f9f9,
f8f8f8,
f7f7f7,
f2f2f2,
ededed,
c7c6c4,
a09e9a,
7d7971,
5a5448,
645d50,
6d6658,
8b857b,
a8a49e,
cfcdc9,
f5f5f4,
f6f6f6,
f7f7f7,
f6f6f6,
f5f5f5,
f7f7f7,
f8f8f8,
f8f8f8,
f8f8f8,
f7f7f7,
f6f6f6,
f6f6f6,
f6f6f6,
f8f8f8,
f9f9f9,
f9f9f9,
f9f9f9,
f7f7f7,
f6f6f6,
f6f6f6,
f6f6f6,
f7f7f7,
f9f9f9,
f8f8f8,
f8f8f8,
f7f7f7,
f5f5f5,
f6f6f6,
f8f8f8,
f8f8f8,
f9f9f9,
f7f7f7,
f6f6f6,
f6f6f6,
f6f6f6,
f7f7f7,
f9f9f9,
f8f8f8,
f8f8f8,
f6f6f6,
f5f5f5,
f6f6f6,
f7f7f7,
f8f8f8,
f9f9f9,
f7f7f7,
f6f6f6,
f6f6f6,
f5f5f5,
f7f7f7,
f9f9f9,
f9f9f9,
f8f8f8,
f7f7f7,
f6f6f6,
f6f6f6,
f7f7f7,
f8f8f8,
f9f9f9,
f8f8f8,
f7f7f7,
f6f6f6,
f6f6f6,
f7f7f7,
f9f9f9,
f9f9f9,
f9f9f9,
f7f7f7,
f6f6f6,
f6f6f6,
f6f6f6,
f8f8f8,
f9f9f9,
f8f8f8,
f6f6f6,
f6f6f6,
f6f6f6,
f7f7f7,
f8f8f8,
f8f8f8,
f9f9f9,
f7f7f7,
f6f6f6,
f6f6f6,
f7f7f7,
f8f8f8,
f9f9f9,
f8f8f8,
f7f7f7,
f6f6f6,
f5f5f5,
f7f7f7,
f8f8f8,
f9f9f9,
f9f9f9,
f7f7f7,
f5f5f5,
f6f6f6,
f6f6f6,
f7f7f7,
f9f9f9,
f8f8f8,
f8f8f8,
f6f6f6,
f5f5f5,
f6f6f6,
f8f8f8,
f8f8f8,
f9f9f9,
f7f7f7,
f6f6f6,
f6f6f6,
f6f6f6,
f7f7f7,
f9f9f9,
f8f8f8,
f8f8f8,
f7f7f7,
f5f5f5,
f7f7f7,
f8f8f8,
f8f8f8,
f9f9f9,
f7f7f7,
f6f6f6,
f5f5f5,
f5f5f5,
ededf1,
e6e6ee,
bec1e0,
969dd2,
9094c0,
8a8caf,
a9a8bc,
c8c5ca,
dad7de,
ece9f1,
ebe7ee,
e9e5eb,
e0dbe2,
d7d1d8,
ccc2c2,
c1b4ac,
c0ab8d,
c0a36e,
c6a971,
cdb073,
d8bf88,
e2ce9e,
e9d8ae,
f0e3be,
f0e4c2,
f1e5c6,
f3e7c8,
f5e9cb,
f5eacf,
f5ecd2,
f4ebd1,
f4ebd1,
f0e4c8,
ecdec0,
eddfc0,
eee0c0,
efe2c3,
f1e5c6,
f3e8c8,
f5eaca,
f4e9c8,
f3e7c7,
eadbbb,
e2ceaf,
e0caa2,
dfc596,
d6b682,
cda86f,
cda86e,
cea96d,
cca96c,
cba86b,
d0ac6c,
d5b16d,
d2b06f,
d0b072,
ceb58a,
cdbba2,
cec4bb,
d0cdd4,
bab8bf,
a4a2a9,
8d8a8f,
777375,
656061,
544e4e,
453f3d,
362f2d,
302a27,
2b2521,
312b26,
38302b,
362e2a,
342c28,
4f4946,
6a6564,
9c9998,
cecdcd,
dfdede,
f0f0ef,
f3f3f3,
f7f7f7,
f6f6f6,
f5f5f5,
f3f3f3,
f1f1f1,
dddddc,
cac9c7,
a4a29e,
7e7c75,
6c685f,
59544a,
726e64,
8c877f,
aaa7a1,
c9c7c4,
dedddb,
f3f3f3,
f5f5f5,
f8f8f8,
f8f8f8,
f9f9f9,
f7f7f7,
f6f6f6,
f6f6f6,
f5f5f5,
f7f7f7,
f9f9f9,
f8f8f8,
f8f8f8,
f7f7f7,
f6f6f6,
f6f6f6,
fcfcfc,
f8f8f8,
f3f3f3,
f3f3f3,
f3f3f3,
f8f8f8,
fcfcfc,
fbfbfb,
f9f9f9,
f5f5f5,
f1f1f1,
f5f5f5,
f8f8f8,
fafafa,
fcfcfc,
f8f8f8,
f4f4f4,
f4f4f4,
f3f3f3,
f8f8f8,
fcfcfc,
fbfbfb,
f9f9f9,
f5f5f5,
f1f1f1,
f4f4f4,
f7f7f7,
fafafa,
fcfcfc,
f8f8f8,
f4f4f4,
f3f3f3,
f2f2f2,
f7f7f7,
fcfcfc,
fbfbfb,
fafafa,
f6f6f6,
f2f2f2,
f4f4f4,
f6f6f6,
fafafa,
fdfdfd,
f9f9f9,
f5f5f5,
f4f4f4,
f2f2f2,
f7f7f7,
fbfbfb,
fbfbfb,
fbfbfb,
f7f7f7,
f2f2f2,
f4f4f4,
f5f5f5,
f9f9f9,
fdfdfd,
f9f9f9,
f5f5f5,
f4f4f4,
f2f2f2,
f6f6f6,
fafafa,
fbfbfb,
fbfbfb,
f7f7f7,
f2f2f2,
f4f4f4,
f5f5f5,
f9f9f9,
fdfdfd,
fafafa,
f6f6f6,
f4f4f4,
f2f2f2,
f6f6f6,
fafafa,
fbfbfb,
fcfcfc,
f7f7f7,
f2f2f2,
f3f3f3,
f4f4f4,
f8f8f8,
fcfcfc,
fafafa,
f8f8f8,
f5f5f5,
f1f1f1,
f5f5f5,
f9f9f9,
fbfbfb,
fcfcfc,
f8f8f8,
f3f3f3,
f3f3f3,
f3f3f3,
f8f8f8,
fcfcfc,
fbfbfb,
f9f9f9,
f5f5f5,
f1f1f1,
f5f5f5,
f9f9f9,
fbfbfb,
fcfcfc,
f8f8f8,
f3f3f3,
f3f3f3,
f3f3f3,
f2f2f3,
f0f0f2,
cfd1e3,
adb2d4,
babcd7,
c6c5d9,
dcdae8,
f2eff7,
f3eff8,
f3eff9,
e8e3e9,
ddd7d9,
cdc5c8,
bcb3b7,
b5a7a1,
ae9a8a,
b89d74,
c19f5d,
cbad6f,
d5bb81,
e3cf9f,
f0e2bd,
f2e6c5,
f4eacc,
f3e9cc,
f2e7cb,
f4e9cc,
f5eacd,
f5ebcf,
f4ebd0,
f4eace,
f3e9cb,
eee1c1,
e8d8b7,
e9d9b8,
eadab9,
ecdebc,
eee1bf,
f2e6c4,
f5eac8,
f4e9c7,
f2e7c5,
e9daba,
e0ccae,
dfcaa6,
dec79d,
d4b586,
c9a36e,
cda76c,
d1aa69,
d2ac69,
d3ae68,
d4b06a,
d5b16b,
d3b06c,
d1af6c,
cfb27c,
cdb48b,
cfc0ad,
d0cbce,
b2afb2,
949296,
6d696a,
46403d,
3d3733,
342d28,
2d2722,
26201c,
221c18,
1d1814,
28221e,
322b27,
302925,
2e2723,
3a3431,
45403e,
767371,
a7a5a4,
c9c8c7,
eaeae9,
f1f1f0,
f7f7f7,
f4f4f4,
f1f1f1,
eeeeee,
ebebea,
c9c8c5,
a6a5a0,
817f78,
5c594f,
5a574d,
58544b,
817e78,
aaa8a5,
cac9c7,
eaeae9,
eeeeed,
f1f1f1,
f5f5f5,
f8f8f8,
fafafa,
fcfcfc,
f8f8f8,
f4f4f4,
f3f3f3,
f2f2f2,
f7f7f7,
fcfcfc,
fbfbfb,
f9f9f9,
f6f6f6,
f2f2f2,
f2f2f2,
f7f7f7,
f7f7f7,
f7f7f7,
f7f7f7,
f7f7f7,
f7f7f7,
f7f7f7,
f7f7f7,
f8f8f8,
f7f7f7,
f7f7f7,
f7f7f7,
f7f7f7,
f7f7f7,
f7f7f7,
f7f7f7,
f7f7f7,
f7f7f7,
f7f7f7,
f7f7f7,
f8f8f8,
f7f7f7,
f7f7f7,
f7f7f7,
f7f7f7,
f7f7f7,
f7f7f7,
f7f7f7,
f7f7f7,
f7f7f7,
f7f7f7,
f7f7f7,
f7f7f7,
f7f7f7,
f8f8f8,
f7f7f7,
f7f7f7,
f7f7f7,
f7f7f7,
f7f7f7,
f7f7f7,
f7f7f7,
f7f7f7,
f7f7f7,
f7f7f7,
f7f7f7,
f7f7f7,
f7f7f7,
f7f7f7,
f7f7f7,
f7f7f7,
f7f7f7,
f7f7f7,
f7f7f7,
f7f7f7,
f7f7f7,
f7f7f7,
f7f7f7,
f7f7f7,
f7f7f7,
f7f7f7,
f7f7f7,
f7f7f7,
f7f7f7,
f7f7f7,
f7f7f7,
f7f7f7,
f7f7f7,
f7f7f7,
f7f7f7,
f7f7f7,
f7f7f7,
f7f7f7,
f7f7f7,
f7f7f7,
f7f7f7,
f7f7f7,
f7f7f7,
f8f8f8,
f7f7f7,
f7f7f7,
f7f7f7,
f7f7f7,
f7f7f7,
f7f7f7,
f7f7f7,
f7f7f7,
f7f7f7,
f7f7f7,
f7f7f7,
f7f7f7,
f7f7f7,
f7f7f7,
f7f7f7,
f7f7f7,
f7f7f7,
f7f7f7,
f7f7f7,
f7f7f7,
f7f7f7,
f8f8f8,
f7f7f7,
f7f7f7,
f7f7f7,
f8f8f8,
f7f7f7,
f7f7f7,
f6f6f6,
f5f4f5,
f1f1f2,
eeeeef,
ececee,
ebeaee,
ddddea,
cfd0e6,
d4d4e6,
dad8e7,
dfdde9,
e5e2eb,
ddd8dd,
d6cecf,
cdc2b9,
c4b6a4,
bdaea4,
b6a7a5,
b3a096,
b09a88,
bca179,
c8a96b,
d5bc85,
e2ce9f,
eadbb3,
f3e7c7,
f4e9c9,
f4eacc,
f2e7c7,
efe3c3,
f1e4c5,
f2e6c6,
f2e6c7,
f1e6c8,
f1e5c6,
f1e4c4,
e9dab9,
e2cfaf,
e3d0af,
e4d1af,
e5d3b0,
e7d6b2,
eedfbb,
f5e9c5,
f1e4c1,
eddfbd,
e7d6b7,
e1ceb1,
dfcbaa,
ddc9a3,
d6b98f,
cfaa7c,
cfa874,
cfa76c,
cfa768,
cfa864,
d1ab66,
d3ae69,
d2ae6a,
d2af6c,
d0b074,
cfb17d,
cdb795,
ccbead,
bfb6ae,
b2afae,
84807d,
57514d,
4d4641,
443c36,
413933,
3e3630,
342d28,
2b241f,
302824,
352c29,
322926,
2f2623,
332b28,
372f2d,
554e4c,
736e6c,
8b8785,
a4a19f,
c3c1c0,
e2e1e0,
e7e6e6,
ececec,
d3d2d0,
b9b8b4,
a4a19b,
8e8b83,
76726a,
5e5a51,
76726b,
8e8b86,
adaca8,
cdcccb,
dededd,
f0f0ef,
f3f3f3,
f7f7f7,
f7f7f7,
f7f7f7,
f7f7f7,
f7f7f7,
f7f7f7,
f7f7f7,
f7f7f7,
f7f7f7,
f7f7f7,
f8f8f8,
f7f7f7,
f7f7f7,
f7f7f7,
f7f7f7,
f7f7f7,
f2f2f2,
f7f7f7,
fbfbfb,
fbfbfb,
fbfbfb,
f7f7f7,
f2f2f2,
f4f4f4,
f6f6f6,
fafafa,
fdfdfd,
fafafa,
f6f6f6,
f4f4f4,
f2f2f2,
f6f6f6,
fafafa,
fafafa,
fafafa,
f7f7f7,
f3f3f3,
f4f4f4,
f5f5f5,
f9f9f9,
fdfdfd,
fafafa,
f7f7f7,
f5f5f5,
f2f2f2,
f6f6f6,
fafafa,
fbfbfb,
fbfbfb,
f7f7f7,
f3f3f3,
f4f4f4,
f4f4f4,
f8f8f8,
fcfcfc,
fafafa,
f8f8f8,
f5f5f5,
f1f1f1,
f5f5f5,
f9f9f9,
fbfbfb,
fcfcfc,
f8f8f8,
f3f3f3,
f3f3f3,
f3f3f3,
f8f8f8,
fcfcfc,
fafafa,
f8f8f8,
f5f5f5,
f1f1f1,
f5f5f5,
f8f8f8,
fafafa,
fcfcfc,
f8f8f8,
f4f4f4,
f4f4f4,
f3f3f3,
f8f8f8,
fcfcfc,
fbfbfb,
f9f9f9,
f5f5f5,
f1f1f1,
f5f5f5,
f8f8f8,
fafafa,
fcfcfc,
f8f8f8,
f4f4f4,
f4f4f4,
f3f3f3,
f7f7f7,
fbfbfb,
fbfbfb,
fafafa,
f6f6f6,
f2f2f2,
f4f4f4,
f6f6f6,
fafafa,
fdfdfd,
f9f9f9,
f5f5f5,
f4f4f4,
f2f2f2,
f7f7f7,
fbfbfb,
fbfbfb,
fafafa,
f6f6f6,
f2f2f2,
f4f4f4,
f6f6f6,
fafafa,
fdfdfd,
fafafa,
f6f6f6,
f4f4f4,
f2f2f2,
f4f4f4,
f6f5f6,
efeff0,
e8e8ea,
e7e6ea,
e5e3e9,
ebe8f0,
f0edf7,
efecf6,
edeaf4,
e3e0ea,
d8d5df,
c8c1c2,
b8ada4,
b2a189,
ab946e,
ad9881,
af9b93,
b19a8c,
b29985,
c0a67f,
ceb379,
deca9b,
eee1bd,
f2e7c7,
f6ecd1,
f5ebce,
f4eacb,
f0e5c3,
ecdfbb,
eee0bd,
efe1bf,
efe1c0,
eee0c0,
eee0bf,
eedfbd,
e5d3b2,
dcc6a6,
ddc7a6,
ddc7a5,
dec9a5,
dfcaa4,
ead9b3,
f4e8c1,
eee0bb,
e8d7b5,
e5d3b4,
e1cfb3,
dfcdae,
dccaa8,
d9bd99,
d5b08a,
d1aa7c,
cda36e,
cca367,
caa260,
cda663,
d0aa66,
d2ad69,
d3af6b,
d2ae6d,
d0ad6e,
ccaf7d,
c8b08c,
ccbea9,
d0cbc6,
9c9691,
67615c,
5e5650,
544a43,
554b44,
554b44,
473d37,
382f2a,
382e2a,
372d2a,
332926,
2f2522,
2c221f,
281e1c,
332a28,
3e3633,
4e4744,
5d5855,
95918f,
cccac9,
dad9d8,
e7e7e6,
b7b6b2,
87857d,
7f7b71,
767065,
6b655c,
5f5a53,
918e8a,
c3c2c0,
dad9d8,
f0f0f0,
f3f3f3,
f5f5f5,
f9f9f9,
fdfdfd,
fafafa,
f6f6f6,
f4f4f4,
f2f2f2,
f6f6f6,
fafafa,
fbfbfb,
fbfbfb,
f7f7f7,
f3f3f3,
f4f4f4,
f5f5f5,
f9f9f9,
fcfcfc,
fcfcfc,
f5f5f5,
f7f7f7,
f9f9f9,
f9f9f9,
f9f9f9,
f7f7f7,
f5f5f5,
f6f6f6,
f7f7f7,
f8f8f8,
fafafa,
f8f8f8,
f7f7f7,
f6f6f6,
f5f5f5,
f7f7f7,
f9f9f9,
f8f8f8,
f8f8f8,
f7f7f7,
f6f6f6,
f6f6f6,
f6f6f6,
f8f8f8,
fafafa,
f8f8f8,
f7f7f7,
f6f6f6,
f5f5f5,
f7f7f7,
f9f9f9,
f9f9f9,
f9f9f9,
f7f7f7,
f6f6f6,
f6f6f6,
f6f6f6,
f7f7f7,
f9f9f9,
f8f8f8,
f8f8f8,
f6f6f6,
f5f5f5,
f6f6f6,
f8f8f8,
f9f9f9,
f9f9f9,
f7f7f7,
f5f5f5,
f5f5f5,
f5f5f5,
f7f7f7,
f9f9f9,
f8f8f8,
f8f8f8,
f6f6f6,
f5f5f5,
f6f6f6,
f8f8f8,
f8f8f8,
f9f9f9,
f7f7f7,
f6f6f6,
f5f5f5,
f5f5f5,
f7f7f7,
f9f9f9,
f9f9f9,
f8f8f8,
f6f6f6,
f5f5f5,
f6f6f6,
f8f8f8,
f8f8f8,
f9f9f9,
f7f7f7,
f6f6f6,
f6f6f6,
f6f6f6,
f7f7f7,
f9f9f9,
f9f9f9,
f9f9f9,
f7f7f7,
f5f5f5,
f6f6f6,
f7f7f7,
f8f8f8,
fafafa,
f8f8f8,
f6f6f6,
f6f6f6,
f5f5f5,
f7f7f7,
f9f9f9,
f9f9f9,
f9f9f9,
f7f7f7,
f5f5f5,
f6f6f6,
f7f7f7,
f8f8f8,
fafafa,
f7f7f7,
f4f4f5,
f1f1f1,
eeeeee,
efeeef,
f0eef1,
ecebee,
e9e8ec,
e5e4ea,
e2e0e7,
dfdde5,
dddae3,
d8d5df,
d3d0da,
cbc8d2,
c4c0c9,
bab0aa,
b09f8b,
ab9576,
a68b62,
a89076,
aa958a,
b09a8c,
b7a08f,
c8b291,
dac494,
e6d5ad,
f2e6c6,
f4e9cb,
f6ecd1,
f4eacb,
f3e8c6,
eddfba,
e7d7ae,
e9d8b1,
ead9b5,
e8d6b4,
e5d3b4,
e8d7b7,
ecdcbb,
e6d3b6,
e0cbb1,
e0caaf,
e0caad,
e0c9aa,
dfc8a7,
e7d4b3,
efe1bf,
ecdbbd,
e8d6bc,
e7d5bd,
e6d4bf,
dbc6b0,
d1b8a1,
c5a48e,
b9917b,
b58b6e,
b18562,
b2875b,
b38954,
c1995d,
cfa966,
d0ab69,
d2ae6b,
d2ae6d,
d2ae6f,
cfaf7b,
ccb086,
d2bfa3,
d8cec1,
bcb5ad,
a19d99,
86807b,
6b635d,
635a53,
5b514a,
544a43,
4d433d,
4d423e,
4e423e,
4b403c,
493d39,
433834,
3d322f,
3f3532,
413835,
473f3c,
4d4643,
7b7573,
aaa5a4,
afacaa,
b5b3b0,
9e9c96,
88857d,
868179,
837e76,
847f7b,
848080,
a6a4a5,
c8c8cb,
dbdbdc,
ededee,
f1f1f2,
f6f6f6,
f8f8f8,
fafafa,
f8f8f8,
f7f7f7,
f6f6f6,
f5f5f5,
f7f7f7,
f9f9f9,
f9f9f9,
f9f9f9,
f7f7f7,
f6f6f6,
f6f6f6,
f6f6f6,
f8f8f8,
f9f9f9,
f9f9f9,
f8f8f8,
f8f8f8,
f7f7f7,
f7f7f7,
f7f7f7,
f8f8f8,
f8f8f8,
f8f8f8,
f7f7f7,
f7f7f7,
f6f6f6,
f7f7f7,
f7f7f7,
f8f8f8,
f8f8f8,
f8f8f8,
f7f7f7,
f7f7f7,
f6f6f6,
f7f7f7,
f8f8f8,
f8f8f8,
f7f7f7,
f7f7f7,
f6f6f6,
f7f7f7,
f7f7f7,
f8f8f8,
f8f8f8,
f8f8f8,
f7f7f7,
f7f7f7,
f6f6f6,
f7f7f7,
f8f8f8,
f8f8f8,
f7f7f7,
f7f7f7,
f6f6f6,
f7f7f7,
f7f7f7,
f8f8f8,
f8f8f8,
f8f8f8,
f7f7f7,
f7f7f7,
f6f6f6,
f7f7f7,
f7f7f7,
f7f7f7,
f7f7f7,
f7f7f7,
f6f6f6,
f7f7f7,
f7f7f7,
f8f8f8,
f8f8f8,
f8f8f8,
f7f7f7,
f7f7f7,
f6f6f6,
f7f7f7,
f7f7f7,
f7f7f7,
f7f7f7,
f7f7f7,
f6f6f6,
f7f7f7,
f7f7f7,
f8f8f8,
f8f8f8,
f8f8f8,
f7f7f7,
f7f7f7,
f6f6f6,
f7f7f7,
f7f7f7,
f8f8f8,
f8f8f8,
f7f7f7,
f6f6f6,
f7f7f7,
f7f7f7,
f8f8f8,
f8f8f8,
f8f8f8,
f7f7f7,
f7f7f7,
f6f6f6,
f7f7f7,
f7f7f7,
f8f8f8,
f8f8f8,
f8f8f8,
f7f7f7,
f7f7f7,
f7f7f7,
f8f8f8,
f8f8f8,
f8f8f8,
f7f7f7,
f7f7f7,
f6f6f6,
f4f4f5,
f2f2f3,
eeeeef,
e9e9ea,
e9e8eb,
e9e7eb,
e9e7ed,
e9e7ee,
e4e2ea,
dfdce5,
d4d2da,
c9c7cf,
c1bfc8,
b8b6c0,
b4b1ba,
afabb3,
ab9e93,
a79172,
a48a64,
a18255,
a3896b,
a58f81,
b09b8d,
bba698,
d0bea3,
e5d5ae,
ede0be,
f5eace,
f5ebcf,
f5ebd0,
f3e9c9,
f1e6c1,
eadab1,
e2cea1,
e4d0a6,
e5d1aa,
e1cca9,
dcc6a7,
e3cfb0,
e9d8b8,
e7d4ba,
e4cfbc,
e4ceb9,
e3ccb5,
e1c9af,
dfc6a9,
e5d0b3,
ead9bd,
e9d7c0,
e8d5c2,
e9d7c7,
ead9cb,
d8c0b3,
c5a69a,
b18c83,
9d716b,
996c60,
956655,
996b4e,
9c7047,
b58c57,
cda766,
cfaa69,
d1ad6b,
d2ae6e,
d3af70,
d1b078,
cfb080,
d7c09e,
dfd0bb,
ddd4c9,
dad8d6,
aeaaa6,
827c76,
716963,
60564f,
615650,
625650,
635751,
645752,
635651,
625550,
5a4e49,
524642,
4b403c,
433a36,
403733,
3c3330,
625957,
887f7e,
857f7c,
827f79,
86827b,
89847c,
8d8881,
908b86,
9d989a,
a9a5ad,
bbbac1,
cdced5,
dcdce1,
eaeaec,
f0f0f1,
f6f6f6,
f6f6f6,
f6f6f6,
f7f7f7,
f7f7f7,
f8f8f8,
f8f8f8,
f8f8f8,
f7f7f7,
f7f7f7,
f6f6f6,
f7f7f7,
f8f8f8,
f8f8f8,
f7f7f7,
f7f7f7,
f6f6f6,
f6f6f6,
fafafa,
f8f8f8,
f6f6f6,
f6f6f6,
f6f6f6,
f8f8f8,
fafafa,
f9f9f9,
f8f8f8,
f6f6f6,
f4f4f4,
f6f6f6,
f8f8f8,
f9f9f9,
fafafa,
f8f8f8,
f6f6f6,
f6f6f6,
f5f5f5,
f7f7f7,
fafafa,
f9f9f9,
f8f8f8,
f6f6f6,
f4f4f4,
f6f6f6,
f7f7f7,
f8f8f8,
fafafa,
f8f8f8,
f6f6f6,
f5f5f5,
f5f5f5,
f7f7f7,
fafafa,
f9f9f9,
f8f8f8,
f6f6f6,
f5f5f5,
f6f6f6,
f7f7f7,
f8f8f8,
fafafa,
f8f8f8,
f6f6f6,
f5f5f5,
f5f5f5,
f7f7f7,
f9f9f9,
f9f9f9,
f9f9f9,
f7f7f7,
f5f5f5,
f6f6f6,
f7f7f7,
f8f8f8,
fafafa,
f8f8f8,
f7f7f7,
f6f6f6,
f5f5f5,
f6f6f6,
f8f8f8,
f8f8f8,
f9f9f9,
f7f7f7,
f5f5f5,
f5f5f5,
f6f6f6,
f8f8f8,
fafafa,
f8f8f8,
f7f7f7,
f6f6f6,
f5f5f5,
f6f6f6,
f8f8f8,
f9f9f9,
fafafa,
f7f7f7,
f5f5f5,
f5f5f5,
f6f6f6,
f8f8f8,
fafafa,
f9f9f9,
f8f8f8,
f6f6f6,
f4f4f4,
f6f6f6,
f8f8f8,
f9f9f9,
fafafa,
f8f8f8,
f6f6f6,
f6f6f6,
f6f6f6,
f8f8f8,
fafafa,
f7f7f7,
f4f4f4,
efeff0,
ebebeb,
e9e8ea,
e7e6e9,
e3e2e5,
dfdee2,
dcdadf,
d9d7dd,
d6d4db,
d3d1d9,
d0ced5,
cccad2,
c7c5cc,
c1c0c7,
bdbbc4,
b8b7c0,
b5b2b8,
b3adb1,
b0a290,
ae9670,
a48a62,
9b7f54,
8f785c,
847165,
a18f81,
bfac9e,
d4c4ab,
eadcb8,
efe3c3,
f5ebce,
f5ebce,
f5ebcf,
f4e9c9,
f3e7c3,
ead9b0,
e0cb9e,
e1caa2,
e1caa7,
d9c1a3,
d1b79f,
cab09a,
c3a895,
bfa295,
bb9b94,
c3a59a,
ccaea0,
d7bdac,
e3cdb9,
e8d4c1,
eddcca,
eddccc,
eddbce,
ecdace,
ebd9ce,
d2bab5,
ba9b9c,
ab898e,
9c7680,
a17b7a,
a57f74,
a37b63,
a07852,
b8925f,
d0ac6c,
ceaa6a,
cda968,
d0ae71,
d3b37a,
d4b786,
d6bc93,
dccaae,
e3d8c9,
e5dfd6,
e7e5e4,
cfcdca,
b8b4b1,
9f9a96,
87807c,
7e7671,
756c67,
706661,
6c615c,
675c56,
625751,
5d524c,
584d48,
5b514d,
5f5652,
665d59,
6e6461,
7d7370,
8d827f,
807872,
746e65,
8b857f,
a29d99,
a9a5a3,
b0adae,
b1adb1,
b1aeb4,
b8b6bd,
bfbfc7,
c9c9d0,
d4d3da,
dddde2,
e6e6ea,
eaeaec,
eeedef,
f2f2f2,
f6f6f6,
f8f8f8,
fafafa,
f8f8f8,
f6f6f6,
f5f5f5,
f5f5f5,
f7f7f7,
fafafa,
f9f9f9,
f8f8f8,
f6f6f6,
f5f5f5,
f5f5f5,
fbfbfb,
f8f8f8,
f4f4f4,
f4f4f4,
f4f4f4,
f8f8f8,
fbfbfb,
fafafa,
f8f8f8,
f5f5f5,
f2f2f2,
f5f5f5,
f8f8f8,
fafafa,
fbfbfb,
f8f8f8,
f5f5f5,
f5f5f5,
f4f4f4,
f8f8f8,
fbfbfb,
fafafa,
f9f9f9,
f6f6f6,
f2f2f2,
f5f5f5,
f7f7f7,
f9f9f9,
fbfbfb,
f8f8f8,
f5f5f5,
f4f4f4,
f3f3f3,
f7f7f7,
fbfbfb,
fafafa,
f9f9f9,
f6f6f6,
f3f3f3,
f5f5f5,
f6f6f6,
f9f9f9,
fcfcfc,
f9f9f9,
f5f5f5,
f4f4f4,
f3f3f3,
f7f7f7,
fafafa,
fafafa,
fafafa,
f7f7f7,
f3f3f3,
f5f5f5,
f6f6f6,
f9f9f9,
fcfcfc,
f9f9f9,
f6f6f6,
f5f5f5,
f3f3f3,
f6f6f6,
f9f9f9,
fafafa,
fafafa,
f7f7f7,
f3f3f3,
f4f4f4,
f5f5f5,
f9f9f9,
fcfcfc,
f9f9f9,
f6f6f6,
f5f5f5,
f3f3f3,
f6f6f6,
f9f9f9,
fafafa,
fbfbfb,
f7f7f7,
f3f3f3,
f4f4f4,
f5f5f5,
f8f8f8,
fbfbfb,
fafafa,
f8f8f8,
f5f5f5,
f2f2f2,
f6f6f6,
f9f9f9,
fafafa,
fbfbfb,
f8f8f8,
f4f4f4,
f4f4f4,
f4f4f4,
f8f8f8,
fbfbfb,
f6f6f6,
f1f1f1,
e8e8e9,
dfdfe0,
dddcdf,
dbd9de,
d8d6dc,
d5d3da,
cfcdd4,
c9c6ce,
c3c1c9,
bdbbc4,
bbbac1,
b9b8be,
b9b8bf,
b9b8bf,
b9b8c0,
b8b7c0,
b7b3b7,
b6afae,
b5a58e,
b49b6e,
a58b60,
957b52,
7c674d,
625348,
928376,
c2b2a4,
d8cab3,
eee2c1,
f2e7c8,
f5ecce,
f5ecce,
f5ebcd,
f5e9c9,
f5e7c5,
ead7b0,
dec79a,
dec59f,
ddc3a4,
d2b69e,
c6a897,
b29085,
9d7872,
97706f,
91676c,
a37c7c,
b4908b,
ceb2aa,
e7d3c8,
ecd9cf,
f0dfd6,
f1e0d8,
f1e1d9,
efddd5,
ecd9d1,
cdb5b7,
ae909d,
a58699,
9b7b94,
a88a94,
b59893,
ad8c78,
a47f5d,
bb9867,
d2b171,
ceab6b,
c9a464,
cead74,
d3b684,
d8bf95,
dcc7a5,
e2d4be,
e7e0d6,
ede9e4,
f3f2f1,
f0efee,
edeceb,
cecbca,
aeaaa8,
9b9693,
88817e,
7e7672,
736a65,
6b615c,
625852,
605650,
5d534d,
6c635e,
7b726e,
8d8380,
9f9491,
988d88,
91857f,
7b7168,
655c51,
908983,
bab6b5,
c5c3c5,
d0cfd5,
c5c3c8,
b9b6bb,
b5b3ba,
b0afb8,
b7b6c0,
bdbcc7,
cac9d3,
d6d6de,
dedde3,
e5e4e7,
ededee,
f5f5f5,
f8f8f8,
fbfbfb,
f8f8f8,
f5f5f5,
f4f4f4,
f3f3f3,
f7f7f7,
fbfbfb,
fafafa,
f9f9f9,
f6f6f6,
f3f3f3,
f3f3f3,
f6f6f6,
f7f7f7,
f8f8f8,
f8f8f8,
f8f8f8,
f7f7f7,
f6f6f6,
f6f6f6,
f7f7f7,
f7f7f7,
f8f8f8,
f8f8f8,
f7f7f7,
f7f7f7,
f6f6f6,
f7f7f7,
f8f8f8,
f8f8f8,
f8f8f8,
f7f7f7,
f7f7f7,
f7f7f7,
f7f7f7,
f8f8f8,
f8f8f8,
f8f8f8,
f7f7f7,
f7f7f7,
f6f6f6,
f7f7f7,
f8f8f8,
f8f8f8,
f8f8f8,
f7f7f7,
f7f7f7,
f7f7f7,
f7f7f7,
f7f7f7,
f8f8f8,
f8f8f8,
f7f7f7,
f7f7f7,
f6f6f6,
f7f7f7,
f7f7f7,
f8f8f8,
f8f8f8,
f7f7f7,
f7f7f7,
f7f7f7,
f7f7f7,
f7f7f7,
f8f8f8,
f8f8f8,
f8f8f8,
f7f7f7,
f6f6f6,
f7f7f7,
f8f8f8,
f8f8f8,
f8f8f8,
f7f7f7,
f7f7f7,
f7f7f7,
f7f7f7,
f7f7f7,
f8f8f8,
f8f8f8,
f7f7f7,
f7f7f7,
f6f6f6,
f7f7f7,
f7f7f7,
f8f8f8,
f8f8f8,
f7f7f7,
f7f7f7,
f7f7f7,
f7f7f7,
f7f7f7,
f8f8f8,
f8f8f8,
f8f8f8,
f7f7f7,
f6f6f6,
f7f7f7,
f7f7f7,
f8f8f8,
f8f8f8,
f8f8f8,
f7f7f7,
f7f7f7,
f6f6f7,
f6f6f7,
f7f7f7,
f3f3f3,
f0f0f0,
eaeaeb,
e5e4e6,
dfdfe0,
dad9db,
d5d5d7,
d1d0d4,
cfced3,
ceccd3,
cccad2,
cac8d1,
c7c5ce,
c5c2cb,
c1bfc8,
bebdc5,
bdbcc3,
bcbbc1,
bcbac0,
bcbabf,
bbb8bd,
bab7bb,
bbb3ad,
bcb09f,
bfac8b,
c1a978,
a78f64,
8d7550,
766249,
5f4f43,
8a7968,
b6a48d,
cfbfa3,
e8dab9,
eee2c2,
f5ebcb,
f5eacb,
f5eacc,
f5e9ca,
f6e9c8,
edddb8,
e5d1a8,
dac2a1,
d0b39b,
bb9c8b,
a6867c,
9f7e80,
997784,
9a7786,
9b7787,
af8e94,
c3a5a2,
d7beb8,
ebd7ce,
eedbd2,
f1dfd6,
f1dfd7,
f1dfd8,
f0dcd4,
eedad1,
dcc4c1,
caafb2,
c6a9af,
c2a3ad,
c8aaaa,
cfb0a8,
c2a38c,
b69571,
c4a371,
d2b072,
cdab6f,
c9a66c,
cfb282,
d5be98,
dcc9ab,
e3d4bf,
eae1d3,
f1ede8,
f4f1ee,
f6f6f5,
f3f2f2,
efefee,
e1e0df,
d3d1d0,
cac7c6,
c1bebc,
b8b4b1,
aeaaa7,
a5a09d,
9d9793,
8e8783,
7f7873,
817974,
847a74,
8d837d,
978c86,
978c86,
978d86,
989089,
99938d,
b4b0ae,
cecdd0,
cfcfd6,
d0d1dc,
c4c4cc,
b9b7bd,
aba8ad,
9e9a9c,
aca9af,
bab8c3,
c2c0cc,
cac9d6,
cfcdd9,
d4d2dd,
dbdae2,
e2e2e7,
e9e8ec,
efeff1,
f3f3f4,
f7f7f7,
f7f7f7,
f8f8f8,
f7f7f7,
f7f7f7,
f7f7f7,
f7f7f7,
f8f8f8,
f8f8f8,
f8f8f8,
f1f1f1,
f6f6f6,
fbfbfb,
fbfbfb,
fbfbfb,
f6f6f6,
f1f1f1,
f3f3f3,
f5f5f5,
fafafa,
fefefe,
fafafa,
f6f6f6,
f4f4f4,
f1f1f1,
f6f6f6,
fafafa,
fbfbfb,
fbfbfb,
f7f7f7,
f2f2f2,
f4f4f4,
f5f5f5,
fafafa,
fefefe,
fbfbfb,
f7f7f7,
f4f4f4,
f1f1f1,
f6f6f6,
fafafa,
fbfbfb,
fcfcfc,
f7f7f7,
f2f2f2,
f3f3f3,
f4f4f4,
f9f9f9,
fdfdfd,
fbfbfb,
f8f8f8,
f4f4f4,
f0f0f0,
f5f5f5,
f9f9f9,
fbfbfb,
fdfdfd,
f8f8f8,
f3f3f3,
f3f3f3,
f3f3f3,
f8f8f8,
fdfdfd,
fbfbfb,
f9f9f9,
f5f5f5,
f0f0f0,
f5f5f5,
f9f9f9,
fbfbfb,
fdfdfd,
f9f9f9,
f4f4f4,
f4f4f4,
f3f3f3,
f8f8f8,
fdfdfd,
fbfbfb,
f9f9f9,
f5f5f5,
f0f0f0,
f4f4f4,
f8f8f8,
fbfbfb,
fdfdfd,
f9f9f9,
f4f4f4,
f3f3f3,
f2f2f2,
f7f7f7,
fcfcfc,
fbfbfb,
fafafa,
f6f6f6,
f1f1f1,
f4f4f4,
f6f6f6,
fafafa,
fefefe,
fafafa,
f5f5f5,
f3f3f4,
f1f1f2,
f5f5f6,
f9f9f9,
f3f2f3,
ecebec,
dddcde,
cecdd0,
c8c7cb,
c2c1c5,
c2c1c6,
c2c1c7,
c1c0c8,
c0bfc8,
bfbec8,
bebdc7,
bfbec7,
c0bec7,
c0bec7,
bfbec6,
bfbec5,
bfbdc3,
bfbcc1,
bebbbf,
bdb9bb,
bbb6b6,
bfb3a3,
c2b08f,
c8b388,
ceb681,
aa9367,
856f4d,
705d45,
5b4a3d,
827059,
a99575,
c5b493,
e1d2b0,
ebdebc,
f4e9c8,
f4e9c9,
f4e9ca,
f5eaca,
f6eaca,
f1e2c0,
ebdab5,
d7bfa3,
c2a391,
a48379,
856361,
8d6c7c,
957596,
9d7e9c,
a586a2,
bca0ad,
d2b9b8,
e1cac6,
efdbd3,
f1ddd4,
f2ded5,
f2ded6,
f1ddd6,
f1dcd3,
f0dad0,
ebd4cc,
e6cdc7,
e7ccc6,
e8cbc5,
e8cac1,
e8c8bd,
d8baa1,
c7ab84,
ccad7b,
d1af72,
cdac73,
c8a874,
cfb790,
d6c5ab,
e0d3c2,
e9e1d8,
f2eee9,
fbfaf9,
fafaf9,
f9f9f9,
f5f5f5,
f1f1f1,
f4f4f4,
f7f7f7,
f9f9f9,
fafafa,
f2f2f1,
e9e9e8,
e0dfde,
d7d5d4,
bcb9b7,
a09c99,
968f8a,
8c817a,
8d837a,
8e847a,
958c83,
9c948c,
b5afaa,
cdcac8,
d8d7da,
e2e3eb,
d9dbe7,
d0d3e2,
c4c5d1,
b8b7bf,
a29ea0,
8b8580,
a19d9f,
b6b4be,
bab8c6,
bdbbce,
c0bed0,
c2c0d2,
c9c7d5,
cfced8,
d9d9df,
e3e3e6,
eeeef0,
f9f9f9,
fbfbfb,
fcfcfc,
f7f7f7,
f2f2f2,
f4f4f4,
f5f5f5,
f9f9f9,
fdfdfd,
fdfdfd,
f6f6f6,
f7f7f7,
f8f8f8,
f8f8f8,
f8f8f8,
f7f7f7,
f6f6f6,
f6f6f6,
f7f7f7,
f8f8f8,
f9f9f9,
f8f8f8,
f7f7f7,
f6f6f6,
f6f6f6,
f7f7f7,
f8f8f8,
f8f8f8,
f8f8f8,
f7f7f7,
f6f6f6,
f6f6f6,
f7f7f7,
f8f8f8,
f9f9f9,
f8f8f8,
f7f7f7,
f6f6f6,
f6f6f6,
f7f7f7,
f8f8f8,
f8f8f8,
f9f9f9,
f7f7f7,
f6f6f6,
f6f6f6,
f7f7f7,
f8f8f8,
f9f9f9,
f8f8f8,
f8f8f8,
f6f6f6,
f5f5f5,
f6f6f6,
f8f8f8,
f8f8f8,
f9f9f9,
f7f7f7,
f6f6f6,
f6f6f6,
f6f6f6,
f7f7f7,
f9f9f9,
f8f8f8,
f8f8f8,
f6f6f6,
f5f5f5,
f6f6f6,
f8f8f8,
f8f8f8,
f9f9f9,
f7f7f7,
f6f6f6,
f6f6f6,
f6f6f6,
f7f7f7,
f9f9f9,
f8f8f8,
f8f8f8,
f6f6f6,
f5f5f5,
f6f6f6,
f8f8f8,
f8f8f8,
f9f9f9,
f8f8f8,
f7f7f7,
f6f6f6,
f6f6f6,
f7f7f7,
f9f9f9,
f8f8f8,
f8f8f8,
f7f7f7,
f6f6f6,
f6f6f6,
f7f7f7,
f8f8f8,
f9f9f9,
f8f8f8,
f6f6f6,
f2f2f2,
eeeeef,
eaeaeb,
e6e6e8,
e0e0e2,
dad9dd,
d1d1d6,
c9c9cf,
c6c6cc,
c4c4ca,
c4c3ca,
c4c3cb,
c3c2cb,
c2c1cb,
c1c0cb,
c1bfca,
c1bfc9,
c1bfc9,
c1bfc7,
c0bfc6,
c3c0c2,
c5c2bf,
c5c1ba,
c6c0b6,
c5beb0,
c5bcab,
cabda3,
cfbf9b,
c3b28c,
b7a57d,
928061,
6d5c44,
665543,
5f4e42,
7c6a54,
998565,
b8a483,
d6c3a0,
e0ceab,
e9d8b5,
edddbb,
f1e3c0,
f2e5c2,
f3e7c5,
f1e4c1,
efe2be,
e1ceb1,
d3baa5,
c1a699,
b0938c,
b4989c,
b99dac,
bfa3b0,
c6aab5,
d3b9bc,
e0c8c4,
e8d2cc,
f1dcd4,
f1ddd5,
f2dfd7,
f2ded7,
f1ded8,
f0ddd5,
f0dcd3,
edd8d0,
ead4cd,
ecd4cd,
edd4ce,
ebd1c8,
e8cdc2,
d7bda3,
c7ac85,
caac7d,
cdad76,
cdaf7d,
cdb185,
d8c4a6,
e2d7c6,
e9e2d7,
f1ede8,
f4f2f0,
f8f8f7,
f8f8f7,
f8f8f8,
f7f7f7,
f6f6f6,
f6f6f6,
f7f7f7,
f7f7f7,
f7f7f7,
f4f4f4,
f1f1f0,
e9e8e8,
e1e0df,
cecbcb,
bab7b7,
b2adab,
aba3a0,
b0a9a5,
b5b0ab,
beb9b6,
c6c2c1,
d4d1d2,
e2e0e3,
e6e5ea,
eaebf2,
e1e2ec,
d8dae7,
cccdd8,
c1c1ca,
b2b1b5,
a4a0a1,
a8a5a8,
adaab0,
b0adb7,
b4b1bf,
bab8c7,
c0bfd0,
c3c2d2,
c6c5d3,
ceced8,
d7d6de,
e2e2e6,
eeeeef,
f3f3f4,
f9f9f9,
f7f7f7,
f6f6f6,
f6f6f6,
f7f7f7,
f8f8f8,
f9f9f9,
f9f9f9,
fafafa,
f8f8f8,
f5f5f5,
f5f5f5,
f5f5f5,
f8f8f8,
fafafa,
f9f9f9,
f8f8f8,
f6f6f6,
f4f4f4,
f6f6f6,
f7f7f7,
f9f9f9,
fafafa,
f8f8f8,
f5f5f5,
f5f5f5,
f5f5f5,
f7f7f7,
f9f9f9,
f9f9f9,
f8f8f8,
f6f6f6,
f4f4f4,
f6f6f6,
f7f7f7,
f9f9f9,
fafafa,
f8f8f8,
f5f5f5,
f5f5f5,
f5f5f5,
f7f7f7,
f9f9f9,
f9f9f9,
f9f9f9,
f7f7f7,
f4f4f4,
f6f6f6,
f7f7f7,
f9f9f9,
fafafa,
f8f8f8,
f6f6f6,
f5f5f5,
f4f4f4,
f7f7f7,
f9f9f9,
f9f9f9,
f9f9f9,
f7f7f7,
f4f4f4,
f5f5f5,
f6f6f6,
f8f8f8,
fafafa,
f8f8f8,
f6f6f6,
f5f5f5,
f4f4f4,
f6f6f6,
f8f8f8,
f9f9f9,
f9f9f9,
f7f7f7,
f4f4f4,
f5f5f5,
f6f6f6,
f8f8f8,
fafafa,
f9f9f9,
f7f7f7,
f6f6f6,
f4f4f4,
f7f7f7,
f9f9f9,
f9f9f9,
f9f9f9,
f7f7f7,
f5f5f5,
f5f5f5,
f5f5f5,
f8f8f8,
fafafa,
f9f9f9,
f7f7f7,
f6f6f6,
f4f4f4,
f6f6f6,
f7f7f7,
f1f1f1,
ebeaeb,
dfdfe1,
d3d3d6,
cdcdd2,
c7c7cd,
c6c6cd,
c4c4cd,
c5c5ce,
c5c6ce,
c5c6ce,
c5c5ce,
c5c4ce,
c4c3ce,
c4c2ce,
c3c1cd,
c3c1cc,
c2c0ca,
c2c0c8,
c1bfc5,
c6c3c0,
cbc6ba,
ccc5b3,
cdc4ac,
cec3a6,
cec1a0,
d5c7a4,
dbcda7,
beb090,
a09379,
7b6e5a,
55483b,
5c4d41,
625247,
76644e,
897555,
aa9573,
cbb490,
d5be99,
dec7a2,
e6d2ac,
eddcb6,
efe0bb,
f0e4bf,
f2e7c3,
f3e9c6,
ebddc0,
e3d0b9,
dfc9b8,
dac2b7,
dbc3bc,
dcc4c1,
e2c9c5,
e7cdc8,
ebd2cc,
eed7cf,
f0dad2,
f2dcd5,
f2ded7,
f2dfd8,
f2dfd9,
f1dfd9,
f0ded7,
efddd5,
efdcd4,
eedbd3,
f0dcd5,
f2ddd6,
edd8cf,
e8d2c7,
d7c0a6,
c6ad85,
c8ac7f,
c9aa79,
ceb288,
d2ba96,
e0d1bc,
eee8e1,
f3f0ed,
f8f8f8,
f7f7f7,
f5f5f5,
f6f6f6,
f6f6f6,
f8f8f8,
fafafa,
f9f9f9,
f7f7f7,
f6f6f6,
f4f4f4,
f6f6f6,
f8f8f8,
f2f1f1,
ebeaea,
e0dee0,
d4d2d5,
cfcbcd,
c9c4c5,
d3d0d1,
dcdbdc,
e6e6e9,
f0f0f5,
f3f3f9,
f6f6fd,
f4f4fb,
f1f2f9,
e8e9f2,
dfe0eb,
d5d6e0,
cacbd4,
c3c3cb,
bcbbc2,
b0adb2,
a49fa1,
a7a3a8,
aaa7af,
b4b2bf,
bdbdce,
bdbdce,
bdbcce,
c4c3d2,
cac9d5,
d7d6dd,
e3e3e4,
ececed,
f5f5f5,
f7f7f7,
f9f9f9,
f9f9f9,
f8f8f8,
f6f6f6,
f4f4f4,
f4f4f4,
fafafa,
f7f7f7,
f5f5f5,
f5f5f5,
f5f5f5,
f7f7f7,
fafafa,
f9f9f9,
f8f8f8,
f6f6f6,
f4f4f4,
f6f6f6,
f7f7f7,
f9f9f9,
fafafa,
f8f8f8,
f6f6f6,
f5f5f5,
f5f5f5,
f7f7f7,
f9f9f9,
f9f9f9,
f8f8f8,
f6f6f6,
f4f4f4,
f6f6f6,
f7f7f7,
f8f8f8,
fafafa,
f8f8f8,
f6f6f6,
f5f5f5,
f5f5f5,
f7f7f7,
f9f9f9,
f9f9f9,
f9f9f9,
f7f7f7,
f5f5f5,
f6f6f6,
f7f7f7,
f9f9f9,
fafafa,
f8f8f8,
f6f6f6,
f5f5f5,
f5f5f5,
f7f7f7,
f9f9f9,
f9f9f9,
f9f9f9,
f7f7f7,
f5f5f5,
f5f5f5,
f6f6f6,
f8f8f8,
fafafa,
f8f8f8,
f6f6f6,
f5f5f5,
f5f5f5,
f6f6f6,
f8f8f8,
f9f9f9,
f9f9f9,
f7f7f7,
f5f5f5,
f5f5f5,
f6f6f6,
f8f8f8,
fafafa,
f9f9f9,
f7f7f7,
f6f6f6,
f5f5f5,
f7f7f7,
f9f9f9,
f9f9f9,
f9f9f9,
f7f7f7,
f5f5f5,
f5f5f5,
f6f6f6,
f8f8f8,
fafafa,
f8f8f8,
f7f7f7,
f5f5f5,
f4f4f4,
f0f0f0,
ececec,
e2e2e4,
d9d9dc,
d3d3d7,
ceced3,
cbccd1,
c9c9d0,
c8c8d0,
c7c7d0,
c6c7cf,
c6c7cf,
c6c6ce,
c6c6ce,
c5c5ce,
c5c4ce,
c4c3ce,
c4c3ce,
c4c2cd,
c4c2cc,
c6c3c7,
c8c4c2,
cdc7bb,
d2cab5,
d3c9af,
d4c8a9,
d5c8a8,
d6c9a7,
c2b495,
aea082,
91836a,
736653,
695b4c,
5e5146,
605146,
615247,
6f5d48,
7e6849,
a38b65,
c9ae82,
cfb38c,
d6b996,
dbbf9d,
e0c6a3,
e1caa6,
e2cfa8,
e5d4af,
e8dab5,
e5d5b6,
e3d1b8,
e0ccb7,
ddc7b7,
e0c9be,
e3cbc4,
e8d0ca,
edd5d0,
eed8d3,
f0dcd6,
f1ded9,
f3e0dc,
f2e1dd,
f2e2df,
f2e2df,
f2e2df,
f1e2de,
f0e1dd,
efe1dc,
efe0dc,
f0e0dc,
f2e1dd,
eedcd6,
ead7cf,
d8c2ac,
c7ae8a,
cbb188,
cfb586,
cfb68a,
d0b78e,
dbc9ac,
e7dbca,
ede6db,
f4f1ed,
f4f3f0,
f5f5f4,
f5f5f5,
f6f6f6,
f8f8f8,
fafafa,
f8f8f8,
f7f7f7,
f6f6f6,
f4f4f4,
f6f6f6,
f8f8f8,
ebeaea,
dedddd,
d4d3d4,
cbcacc,
d2d0d3,
d9d7db,
dfdde1,
e4e4e8,
e9e9ef,
efeff5,
f1f2f8,
f4f4fb,
f3f4fb,
f3f4fb,
eeeff7,
eaeaf4,
e0e0ea,
d6d7e1,
cdcdd7,
c4c3cd,
b3b0b6,
a29ea0,
a7a3a6,
aca8ad,
b5b3bd,
bfbfcd,
c1c1cf,
c3c3d2,
cdccd7,
d6d6dd,
e1e0e4,
ebebec,
f0f0f0,
f5f5f5,
f7f7f7,
f9f9f9,
f9f9f9,
f8f8f8,
f6f6f6,
f5f5f5,
f5f5f5,
f9f9f9,
f7f7f7,
f5f5f5,
f5f5f5,
f5f5f5,
f7f7f7,
f9f9f9,
f9f9f9,
f8f8f8,
f6f6f6,
f4f4f4,
f6f6f6,
f7f7f7,
f9f9f9,
fafafa,
f8f8f8,
f6f6f6,
f6f6f6,
f5f5f5,
f7f7f7,
f9f9f9,
f9f9f9,
f8f8f8,
f6f6f6,
f4f4f4,
f6f6f6,
f7f7f7,
f8f8f8,
f9f9f9,
f8f8f8,
f6f6f6,
f6f6f6,
f5f5f5,
f7f7f7,
f9f9f9,
f9f9f9,
f8f8f8,
f7f7f7,
f5f5f5,
f6f6f6,
f7f7f7,
f9f9f9,
fafafa,
f8f8f8,
f6f6f6,
f6f6f6,
f5f5f5,
f7f7f7,
f9f9f9,
f9f9f9,
f9f9f9,
f7f7f7,
f5f5f5,
f6f6f6,
f6f6f6,
f8f8f8,
fafafa,
f8f8f8,
f6f6f6,
f6f6f6,
f5f5f5,
f7f7f7,
f8f8f8,
f9f9f9,
f9f9f9,
f7f7f7,
f5f5f5,
f6f6f6,
f6f6f6,
f8f8f8,
fafafa,
f9f9f9,
f7f7f7,
f6f6f6,
f5f5f5,
f7f7f7,
f8f8f8,
f9f9f9,
f9f9f9,
f7f7f7,
f5f5f5,
f6f6f6,
f6f6f6,
f8f8f8,
f9f9f9,
f8f8f8,
f7f7f7,
f5f5f5,
f3f3f3,
eaeaea,
e0e0e1,
d4d4d7,
c7c7cd,
c8c8ce,
c8c9cf,
c9cad1,
cacbd3,
cacad3,
c9c9d2,
c8c9d1,
c7c8cf,
c7c7cf,
c6c6ce,
c6c6ce,
c5c5ce,
c5c5ce,
c5c4ce,
c5c4ce,
c5c3cd,
cac6c6,
cec9bf,
d3ccb7,
d8ceaf,
dacdaa,
dbcca5,
ddceaa,
ded0ae,
b0a286,
81735d,
645645,
46392c,
57493e,
675950,
64554b,
605146,
695642,
725b3d,
9d8158,
c7a773,
caa97f,
cdab8a,
d0ad8d,
d2af90,
d3b491,
d4b991,
d8c29b,
dccba4,
e0cead,
e3d1b6,
e1ceb7,
dfcbb7,
e5cfbf,
ead2c7,
eed7cf,
f2dcd7,
f2deda,
f2e0dd,
f3e2e0,
f3e3e2,
f3e4e4,
f2e5e5,
f2e5e5,
f2e5e5,
f1e5e5,
f0e5e4,
f0e5e4,
f0e5e4,
f1e5e4,
f1e4e3,
eee0dd,
ebdbd6,
d9c5b2,
c7af8e,
ceb790,
d4bf92,
d1b98c,
ceb385,
d7c09c,
dfcdb3,
e8dbca,
f0e9e1,
f2efea,
f4f4f3,
f5f5f5,
f6f6f6,
f8f8f8,
f9f9f9,
f8f8f8,
f7f7f7,
f6f6f6,
f4f4f4,
f6f6f6,
f7f7f7,
e4e4e3,
d0d0cf,
c9c9c9,
c2c1c3,
d6d5da,
e9e9f0,
ebebf2,
ececf4,
ededf5,
edeef5,
eff0f7,
f1f2f8,
f3f4fa,
f5f6fc,
f5f5fc,
f4f4fc,
ebebf5,
e2e2ed,
d7d7e3,
cbcbd8,
b6b4bb,
a09c9e,
a7a2a4,
ada8aa,
b7b4bb,
c1c0cc,
c5c5d1,
c9c9d5,
d6d6dd,
e2e2e5,
ebebec,
f3f3f3,
f4f4f4,
f5f5f5,
f7f7f7,
f9f9f9,
f9f9f9,
f8f8f8,
f7f7f7,
f5f5f5,
f5f5f5,
f5f5f5,
f7f7f7,
f8f8f8,
f8f8f8,
f8f8f8,
f7f7f7,
f5f5f5,
f6f6f6,
f7f7f7,
f8f8f8,
f9f9f9,
f8f8f8,
f7f7f7,
f6f6f6,
f6f6f6,
f7f7f7,
f8f8f8,
f8f8f8,
f8f8f8,
f7f7f7,
f6f6f6,
f6f6f6,
f7f7f7,
f8f8f8,
f9f9f9,
f8f8f8,
f7f7f7,
f6f6f6,
f5f5f5,
f7f7f7,
f8f8f8,
f8f8f8,
f9f9f9,
f7f7f7,
f6f6f6,
f6f6f6,
f6f6f6,
f8f8f8,
f9f9f9,
f8f8f8,
f8f8f8,
f7f7f7,
f6f6f6,
f7f7f7,
f8f8f8,
f8f8f8,
f9f9f9,
f8f8f8,
f6f6f6,
f6f6f6,
f6f6f6,
f8f8f8,
f9f9f9,
f8f8f8,
f8f8f8,
f7f7f7,
f6f6f6,
f7f7f7,
f8f8f8,
f8f8f8,
f9f9f9,
f8f8f8,
f6f6f6,
f6f6f6,
f6f6f6,
f7f7f7,
f9f9f9,
f8f8f8,
f8f8f8,
f7f7f7,
f6f6f6,
f7f7f7,
f8f8f8,
f8f8f8,
f9f9f9,
f8f8f8,
f6f6f6,
f6f6f6,
f6f6f6,
f7f7f7,
f9f9f9,
f8f8f8,
f8f8f8,
f7f7f7,
f5f5f5,
f6f6f6,
f7f7f7,
f5f5f5,
f3f3f3,
e4e4e5,
d5d5d8,
cecfd3,
c8c9cf,
c9cad0,
cacbd1,
cacbd2,
cacbd3,
cacad2,
c9c9d2,
c8c9d0,
c8c8cf,
c7c8cf,
c7c7cf,
c7c7cf,
c6c6cf,
c4c4cc,
c3c1ca,
c3c1ca,
c3c1ca,
c7c3c1,
cbc5b8,
d0c7af,
d5c9a6,
ded1ad,
e7dab4,
dcceac,
d1c3a4,
9d8f76,
695a49,
5f5142,
55473c,
64564c,
74655c,
695b51,
5e5045,
695641,
745c3e,
9f8459,
caab74,
ceb181,
d2b68f,
d2b491,
d2b394,
d2b495,
d2b597,
d5bb99,
d8c29c,
dcc8a6,
e1ceb1,
e1cdb7,
e2cdbe,
e7d3c8,
edd9d3,
f0ddd9,
f3e1df,
f3e2e1,
f3e4e4,
f3e5e6,
f3e6e7,
f3e7e8,
f2e8ea,
f0e5e7,
eee3e5,
eee3e4,
eee3e4,
efe4e5,
f0e5e6,
f0e5e6,
f1e6e6,
e9dbd6,
e0d0c7,
cfbba4,
bea681,
ccb791,
dac8a1,
d4be95,
cfb589,
d3ba91,
d7bf9a,
dcc9aa,
e2d2bb,
e9dfd0,
f1ede6,
f4f2ee,
f8f7f7,
f6f6f6,
f5f5f5,
f6f6f6,
f7f7f7,
f8f8f8,
f8f8f8,
ededed,
e2e2e1,
c3c2c1,
a4a3a1,
9f9e9c,
9a9998,
b9b9bb,
d9d9de,
e3e3e9,
eeeef5,
edeef5,
ecedf4,
edeef5,
efeff6,
f2f2f9,
f5f5fc,
f5f5fc,
f5f5fd,
efeff7,
eaeaf2,
dcdce4,
cfced6,
bfbdc3,
afacb1,
b5b2b7,
bbb8be,
c3c2c9,
ccccd5,
d1d1d9,
d6d6dd,
dedee2,
e6e6e8,
eeeeef,
f7f7f7,
f8f8f8,
f9f9f9,
f7f7f7,
f6f6f6,
f6f6f6,
f7f7f7,
f8f8f8,
f9f9f9,
f9f9f9,
f1f1f1,
f6f6f6,
fbfbfb,
fbfbfb,
fbfbfb,
f6f6f6,
f1f1f1,
f3f3f3,
f5f5f5,
f9f9f9,
fdfdfd,
fafafa,
f6f6f6,
f4f4f4,
f1f1f1,
f6f6f6,
fafafa,
fbfbfb,
fbfbfb,
f7f7f7,
f2f2f2,
f4f4f4,
f5f5f5,
f9f9f9,
fdfdfd,
fafafa,
f7f7f7,
f4f4f4,
f1f1f1,
f6f6f6,
fafafa,
fbfbfb,
fcfcfc,
f7f7f7,
f2f2f2,
f3f3f3,
f4f4f4,
f9f9f9,
fdfdfd,
fbfbfb,
f8f8f8,
f5f5f5,
f1f1f1,
f5f5f5,
f9f9f9,
fbfbfb,
fdfdfd,
f8f8f8,
f3f3f3,
f3f3f3,
f3f3f3,
f8f8f8,
fdfdfd,
fbfbfb,
f9f9f9,
f5f5f5,
f1f1f1,
f5f5f5,
f9f9f9,
fbfbfb,
fdfdfd,
f9f9f9,
f4f4f4,
f4f4f4,
f3f3f3,
f8f8f8,
fcfcfc,
fbfbfb,
f9f9f9,
f5f5f5,
f1f1f1,
f5f5f5,
f8f8f8,
fbfbfb,
fdfdfd,
f9f9f9,
f4f4f4,
f3f3f3,
f2f2f2,
f7f7f7,
fcfcfc,
fbfbfb,
fafafa,
f6f6f6,
f1f1f1,
f4f4f4,
f6f6f6,
f4f4f4,
f2f2f2,
dedee0,
c9cace,
c9cbd0,
c9cbd1,
caccd2,
cbccd2,
cbcbd2,
cacad2,
cacad2,
c9c9d1,
c9c9d0,
c8c8cf,
c8c8d0,
c8c8d0,
c8c8d0,
c7c7cf,
c4c3cb,
c0bec6,
c0bec6,
c0bec6,
c4bfbb,
c7c0b0,
ccc2a6,
d1c49c,
e2d6b0,
f3e7c3,
dbcfaf,
c3b69a,
8a7c67,
514134,
5a4b40,
63554c,
72635a,
807168,
6e6056,
5c4f44,
695641,
765d3e,
a18659,
ccaf74,
d1b884,
d6c193,
d4bc96,
d1b698,
d1b39a,
d0b09c,
d2b598,
d3b993,
d9c29f,
decaab,
e1ccb8,
e4cec5,
ead7d2,
efdfde,
f1e2e2,
f3e5e6,
f4e6e9,
f4e7eb,
f4e8ec,
f3e8ec,
f3e9ed,
f2eaee,
eee6ea,
e9e1e5,
eae1e4,
ebe1e3,
ede3e6,
efe5e8,
f0e6e8,
f1e7e8,
e3d6d0,
d5c5b7,
c5b195,
b49c73,
cab791,
e0d1af,
d8c49e,
cfb68d,
cfb487,
cfb180,
d1b68b,
d3bb95,
e0d0b7,
ede5d8,
f3efe8,
f9f8f7,
f5f5f4,
f1f1f1,
f4f4f4,
f7f7f7,
fafafa,
fcfcfc,
e4e4e4,
cccccb,
a2a19f,
787673,
757370,
71706c,
9d9c9c,
c8c8cb,
dcdce1,
f0f0f6,
eeeef5,
ebecf3,
ececf3,
ececf3,
f0f0f8,
f4f4fc,
f5f5fd,
f5f5fd,
f3f3fa,
f1f1f6,
e2e1e5,
d2d1d3,
c8c7cb,
bebcc3,
c3c2ca,
c8c7d1,
d0cfd8,
d7d7de,
dddde2,
e2e2e5,
e6e6e8,
e9e9ea,
f2f2f2,
fafafa,
fbfbfb,
fcfcfc,
f7f7f7,
f2f2f2,
f4f4f4,
f5f5f5,
f9f9f9,
fdfdfd,
fdfdfd,
f6f6f6,
f7f7f7,
f8f8f8,
f8f8f8,
f8f8f8,
f7f7f7,
f6f6f6,
f6f6f6,
f7f7f7,
f7f7f7,
f8f8f8,
f7f7f7,
f7f7f7,
f7f7f7,
f6f6f6,
f7f7f7,
f7f7f7,
f7f7f7,
f8f8f8,
f7f7f7,
f7f7f7,
f7f7f7,
f7f7f7,
f7f7f7,
f8f8f8,
f7f7f7,
f7f7f7,
f7f7f7,
f6f6f6,
f7f7f7,
f8f8f8,
f8f8f8,
f8f8f8,
f7f7f7,
f7f7f7,
f7f7f7,
f7f7f7,
f8f8f8,
f8f8f8,
f8f8f8,
f7f7f7,
f7f7f7,
f7f7f7,
f7f7f7,
f7f7f7,
f8f8f8,
f8f8f8,
f7f7f7,
f7f7f7,
f7f7f7,
f7f7f7,
f7f7f7,
f8f8f8,
f8f8f8,
f8f8f8,
f7f7f7,
f7f7f7,
f7f7f7,
f8f8f8,
f8f8f8,
f8f8f8,
f7f7f7,
f7f7f7,
f7f7f7,
f7f7f7,
f7f7f7,
f8f8f8,
f7f7f7,
f7f7f7,
f7f7f7,
f7f7f7,
f7f7f7,
f7f7f7,
f8f8f8,
f8f8f8,
f8f8f8,
f7f7f7,
f7f7f7,
f7f7f7,
f7f7f7,
f8f8f8,
f7f7f7,
f7f7f7,
f7f7f7,
f6f6f6,
f7f7f7,
f7f7f7,
f3f3f3,
efefef,
dddedf,
cccdd0,
cbccd0,
cacbd0,
caccd1,
cbccd2,
cbcbd2,
cacbd2,
cacad2,
cacad2,
c9c9d1,
c9c9d0,
c8c8cf,
c7c7ce,
c0bfc5,
bab8bd,
b2adb1,
a9a3a5,
a49d9f,
9e989a,
a29a94,
a69d8f,
bbb199,
d0c5a3,
e1d5b3,
f2e6c2,
e0d3b0,
cec19d,
a29375,
77654c,
766653,
76675a,
7a6b60,
7e6f65,
695a50,
54463c,
6c5a43,
856d4a,
ab9263,
d0b67c,
d8c390,
e1d0a4,
d8c297,
d0b58b,
cdb089,
cbab87,
caad84,
caaf82,
d7c19a,
e4d3b2,
e1cdb8,
dfc8bf,
e6d3cf,
eddfe0,
efe3e5,
f2e8ea,
f3e9ec,
f4eaee,
f4eaee,
f3eaee,
f3eaef,
f2ebef,
f0e8ed,
eee5ea,
eee5e9,
efe5e9,
f0e5e9,
f0e6e9,
e9dedd,
e3d6d0,
d3c3b3,
c4b095,
c1ab89,
bea67c,
cebb97,
dfd0b2,
d7c4a1,
d0b890,
ceb488,
cdb081,
cfb386,
d1b78c,
d9c5a5,
e2d4bf,
ece3d7,
f5f3f0,
f6f4f3,
f6f6f6,
f6f6f6,
f7f7f7,
ececeb,
e1e1e0,
c1c0bf,
a1a09f,
888785,
6f6d6b,
7a7875,
848480,
aaaaa9,
d0d0d2,
dfdfe3,
eeeef4,
efeff6,
f0f0f7,
f0f0f7,
f0f0f7,
f2f2f8,
f4f4f9,
f3f3f8,
f3f3f7,
f1f1f4,
efeff1,
e3e3e5,
d7d6d9,
cecdd2,
c5c4ca,
d0cfd5,
dbdae0,
dfdfe4,
e4e4e8,
e9e9eb,
ededee,
f0f0f0,
f2f2f3,
f5f5f5,
f7f7f7,
f7f7f7,
f8f8f8,
f7f7f7,
f7f7f7,
f7f7f7,
f7f7f7,
f8f8f8,
f8f8f8,
f8f8f8,
fbfbfb,
f8f8f8,
f4f4f4,
f4f4f4,
f4f4f4,
f8f8f8,
fbfbfb,
fafafa,
f8f8f8,
f5f5f5,
f2f2f2,
f5f5f5,
f8f8f8,
fafafa,
fbfbfb,
f8f8f8,
f4f4f4,
f4f4f4,
f4f4f4,
f8f8f8,
fbfbfb,
fafafa,
f9f9f9,
f6f6f6,
f2f2f2,
f5f5f5,
f7f7f7,
f9f9f9,
fbfbfb,
f8f8f8,
f5f5f5,
f4f4f4,
f3f3f3,
f7f7f7,
fbfbfb,
fbfbfb,
fafafa,
f7f7f7,
f3f3f3,
f5f5f5,
f6f6f6,
f9f9f9,
fcfcfc,
f9f9f9,
f5f5f5,
f4f4f4,
f3f3f3,
f7f7f7,
fafafa,
fafafa,
fafafa,
f7f7f7,
f3f3f3,
f5f5f5,
f6f6f6,
f9f9f9,
fcfcfc,
f9f9f9,
f6f6f6,
f5f5f5,
f3f3f3,
f6f6f6,
f9f9f9,
fafafa,
fafafa,
f7f7f7,
f3f3f3,
f4f4f4,
f5f5f5,
f9f9f9,
fcfcfc,
f9f9f9,
f6f6f6,
f5f5f5,
f3f3f3,
f7f7f7,
fafafa,
fbfbfb,
fbfbfb,
f7f7f7,
f3f3f3,
f4f4f4,
f4f4f4,
f8f8f8,
fbfbfb,
fafafa,
f8f8f8,
f2f2f2,
ebebeb,
ddddde,
cecfd1,
cccdd0,
cacbcf,
cbccd1,
cbccd2,
cbccd2,
cacbd2,
cacbd2,
cacad2,
cacad2,
c9c9d1,
c7c7ce,
c5c5cb,
b9b7bb,
ada8aa,
a09897,
928884,
877d79,
7c716d,
80756e,
84796e,
a99f8c,
cec5aa,
dfd5b6,
f0e5c1,
e4d8b1,
d8cba0,
bbaa82,
9d8964,
938166,
887868,
827265,
7b6c62,
63554b,
4b3d33,
705d44,
947d55,
b49d6d,
d4bd84,
e0ce9c,
ebdeb4,
ddc999,
ceb37d,
caad77,
c6a671,
c3a571,
c0a471,
d5c095,
e9dbb9,
e2cfb9,
dac2b8,
e2d0cd,
eadee1,
eee4e7,
f1eaed,
f3ebef,
f4ecf1,
f4ecf1,
f3ebf0,
f3ebf0,
f2ebf0,
f2eaf0,
f2e9ef,
f3e9ef,
f3e8ee,
f2e7ec,
f1e6ea,
e3d5d1,
d4c4b8,
c4b096,
b39b73,
bda57c,
c7af85,
d3bf9d,
decfb5,
d7c4a4,
d0b992,
ceb48a,
cbaf81,
cdb182,
ceb282,
d3bb94,
d7c3a5,
e4d8c7,
f1ede8,
f6f4f2,
fbfbfb,
f9f9f9,
f6f6f6,
dededd,
c5c5c4,
9d9d9b,
757472,
6e6c6a,
666462,
7f7e7b,
979794,
b7b7b7,
d7d7d9,
e1e1e6,
ebebf2,
f0f0f7,
f4f4fb,
f4f4fb,
f3f3fa,
f3f3f8,
f3f3f6,
f2f2f3,
f0f0f0,
efefee,
ededec,
e4e4e6,
dbdbdf,
d3d3d8,
cbcbd1,
dcdce0,
ededee,
efeff0,
f1f1f1,
f5f5f4,
f8f8f7,
fafaf9,
fbfbfb,
f8f8f8,
f4f4f4,
f4f4f4,
f3f3f3,
f7f7f7,
fbfbfb,
fafafa,
f9f9f9,
f6f6f6,
f3f3f3,
f3f3f3,
f9f9f9,
f7f7f7,
f6f6f6,
f6f6f6,
f6f6f6,
f7f7f7,
f9f9f9,
f8f8f8,
f8f8f8,
f6f6f6,
f5f5f5,
f6f6f6,
f8f8f8,
f8f8f8,
f9f9f9,
f7f7f7,
f6f6f6,
f6f6f6,
f6f6f6,
f7f7f7,
f9f9f9,
f9f9f9,
f8f8f8,
f6f6f6,
f5f5f5,
f6f6f6,
f7f7f7,
f8f8f8,
f9f9f9,
f8f8f8,
f6f6f6,
f6f6f6,
f5f5f5,
f7f7f7,
f9f9f9,
f9f9f9,
f9f9f9,
f7f7f7,
f5f5f5,
f6f6f6,
f7f7f7,
f8f8f8,
fafafa,
f8f8f8,
f6f6f6,
f6f6f6,
f5f5f5,
f7f7f7,
f9f9f9,
f9f9f9,
f9f9f9,
f7f7f7,
f5f5f5,
f6f6f6,
f7f7f7,
f8f8f8,
fafafa,
f8f8f8,
f7f7f7,
f6f6f6,
f5f5f5,
f7f7f7,
f8f8f8,
f8f8f8,
f9f9f9,
f7f7f7,
f5f5f5,
f6f6f6,
f6f6f6,
f8f8f8,
fafafa,
f8f8f8,
f7f7f7,
f6f6f6,
f5f5f5,
f7f7f7,
f9f9f9,
f9f9f9,
f9f9f9,
f7f7f7,
f5f5f5,
f5f5f5,
f6f6f6,
f7f7f7,
f9f9f9,
f8f8f8,
f8f8f8,
f4f4f4,
f1f1f1,
e8e8e9,
dfe0e1,
d9dadc,
d4d4d7,
d1d2d5,
cfd0d4,
cdced3,
cbccd2,
cacbd1,
c9c9d0,
c6c6cd,
c4c4ca,
b4b3b8,
a5a3a6,
a09c9d,
9c9695,
9c9492,
9b928f,
948a86,
8d827d,
8b7f77,
897c71,
aba08d,
cec4a8,
dacfad,
e7dab1,
dfd0a1,
d7c691,
c6b27b,
b69e66,
a9956d,
9d8c74,
8c7c69,
7c6d5f,
645649,
4d3e33,
7b694d,
a99368,
c2ae7e,
dcc894,
e3d2a3,
eadbb1,
dfcc9c,
d4bd88,
ceb37d,
c7a972,
c8ad7a,
c8b183,
d4c098,
dfcfad,
d5c0a6,
cbb0a0,
d4bcb5,
ddc9c9,
e0cfd0,
e4d6d7,
e7d9dc,
eadde1,
ebdfe3,
ece1e5,
ede3e7,
eee5e9,
eee5e9,
eee5e9,
efe5e9,
f0e5e8,
e9dcdb,
e2d4cf,
d2c1b0,
c3ad91,
bda47f,
b79c6e,
bca071,
c2a575,
cbb286,
d4be98,
d0b78c,
ccb080,
cbb082,
cbb084,
cdb285,
d0b486,
d4bc96,
d9c5a7,
e6dac9,
f3f0ec,
f5f4f2,
f8f8f8,
ebebea,
dedddd,
bdbcbb,
9c9c9a,
848481,
6d6c69,
787774,
838280,
a3a2a1,
c3c3c1,
d0cfcf,
dddcdd,
e2e2e4,
e8e7eb,
eae9ec,
edebee,
edecef,
eeedef,
edecee,
ececee,
e9e8ea,
e5e5e7,
e1e1e4,
dedee2,
d7d8de,
d1d2da,
cdced7,
c9cad3,
d6d7dd,
e4e4e7,
ececed,
f4f4f4,
f6f6f5,
f8f8f7,
f8f8f8,
f9f9f9,
f7f7f7,
f6f6f6,
f5f5f5,
f5f5f5,
f7f7f7,
f9f9f9,
f9f9f9,
f8f8f8,
f7f7f7,
f5f5f5,
f5f5f5,
f7f7f7,
f7f7f7,
f7f7f7,
f7f7f7,
f7f7f7,
f7f7f7,
f7f7f7,
f7f7f7,
f7f7f7,
f7f7f7,
f7f7f7,
f7f7f7,
f7f7f7,
f7f7f7,
f7f7f7,
f7f7f7,
f7f7f7,
f7f7f7,
f7f7f7,
f7f7f7,
f7f7f7,
f7f7f7,
f7f7f7,
f7f7f7,
f7f7f7,
f7f7f7,
f7f7f7,
f7f7f7,
f7f7f7,
f7f7f7,
f7f7f7,
f7f7f7,
f7f7f7,
f7f7f7,
f7f7f7,
f7f7f7,
f7f7f7,
f7f7f7,
f7f7f7,
f7f7f7,
f7f7f7,
f7f7f7,
f7f7f7,
f7f7f7,
f7f7f7,
f7f7f7,
f7f7f7,
f7f7f7,
f7f7f7,
f7f7f7,
f7f7f7,
f7f7f7,
f7f7f7,
f7f7f7,
f7f7f7,
f7f7f7,
f7f7f7,
f7f7f7,
f7f7f7,
f7f7f7,
f7f7f7,
f7f7f7,
f7f7f7,
f7f7f7,
f7f7f7,
f7f7f7,
f7f7f7,
f7f7f7,
f7f7f7,
f7f7f7,
f7f7f7,
f7f7f7,
f7f7f7,
f7f7f7,
f7f7f7,
f7f7f7,
f7f7f7,
f7f7f7,
f7f7f7,
f7f7f7,
f7f7f7,
f7f7f7,
f7f7f7,
f7f7f7,
f7f7f7,
f7f7f7,
f7f7f7,
f7f7f7,
f7f7f7,
f3f4f4,
eff0f0,
e6e7e7,
ddddde,
d8d8da,
d3d3d6,
d0d0d4,
cccdd1,
cacbcf,
c7c8cd,
c3c3c8,
bebec3,
a1a0a2,
848180,
888280,
8b8380,
98908d,
a49c9a,
a19893,
9e938c,
968980,
8d7f74,
ada18d,
cdc2a6,
d6c9a4,
decfa1,
dac891,
d6c181,
d2ba75,
ceb268,
c0a974,
b29f7f,
97876e,
7c6e5c,
655747,
4e3f32,
867457,
bda97b,
d1be90,
e4d3a4,
e6d6a9,
e8d8ae,
e1cfa0,
dac692,
d1b983,
c8ac73,
ccb584,
d0bd94,
d3c09a,
d5c3a0,
c9b194,
bc9e88,
c6a99d,
cfb3b1,
d3bab9,
d6c1c0,
dbc8c8,
dfced0,
e2d3d5,
e5d7da,
e7dbde,
e9dee1,
eadfe2,
eae0e3,
ebe1e3,
ece1e2,
dfd2cb,
d2c2b3,
c2ac8e,
b19669,
b69969,
ba9c69,
bb9c67,
bc9b64,
c3a46f,
caad7a,
c9aa74,
c7a66d,
c9ab7a,
cbb087,
ceb388,
d1b589,
d6be99,
dac6a8,
e7dccc,
f4f2f0,
f5f4f3,
f5f5f5,
dddddc,
c5c4c3,
9c9b99,
73726f,
6c6b67,
64645f,
82827f,
a0a09e,
c7c7c6,
eeeeee,
e8e8e8,
e2e1e1,
e4e2e2,
e5e3e3,
e5e3e2,
e5e2e1,
e7e4e3,
e8e6e4,
e7e5e5,
e5e4e5,
e0dfe2,
dadade,
d4d4db,
ceced7,
cbcbd6,
c7c8d5,
c7c8d5,
c6c8d5,
d0d2da,
dadbdf,
e8e9eb,
f6f6f6,
f7f7f7,
f7f7f7,
f7f7f7,
f7f7f7,
f7f7f7,
f7f7f7,
f7f7f7,
f7f7f7,
f7f7f7,
f7f7f7,
f7f7f7,
f7f7f7,
f7f7f7,
f7f7f7,
f7f7f7,
f5f5f5,
f7f7f7,
f9f9f9,
f9f9f9,
f9f9f9,
f7f7f7,
f5f5f5,
f6f6f6,
f7f7f7,
f8f8f8,
fafafa,
f8f8f8,
f7f7f7,
f6f6f6,
f5f5f5,
f7f7f7,
f9f9f9,
f9f9f9,
f9f9f9,
f7f7f7,
f5f5f5,
f6f6f6,
f6f6f6,
f8f8f8,
fafafa,
f8f8f8,
f7f7f7,
f6f6f6,
f5f5f5,
f7f7f7,
f9f9f9,
f9f9f9,
f9f9f9,
f7f7f7,
f5f5f5,
f5f5f5,
f6f6f6,
f8f8f8,
fafafa,
f9f9f9,
f8f8f8,
f6f6f6,
f5f5f5,
f6f6f6,
f8f8f8,
f9f9f9,
fafafa,
f8f8f8,
f6f6f6,
f6f6f6,
f6f6f6,
f8f8f8,
fafafa,
f9f9f9,
f8f8f8,
f6f6f6,
f5f5f5,
f6f6f6,
f8f8f8,
f9f9f9,
fafafa,
f8f8f8,
f6f6f6,
f6f6f6,
f6f6f6,
f8f8f8,
fafafa,
f9f9f9,
f8f8f8,
f6f6f6,
f5f5f5,
f6f6f6,
f8f8f8,
f9f9f9,
fafafa,
f8f8f8,
f6f6f6,
f5f5f5,
f5f5f5,
f7f7f7,
f9f9f9,
f9f9f9,
f9f9f9,
f7f7f7,
f5f5f5,
f6f6f6,
f7f7f7,
f8f8f8,
fafafa,
f6f6f6,
f2f3f3,
ededed,
e8e8e8,
e7e7e8,
e6e6e7,
e2e3e5,
dfe0e2,
dbdcde,
d7d8da,
cccccf,
c2c1c4,
aeacac,
9a9795,
a5a19e,
b0aba7,
b7b1ad,
bdb8b3,
bab2a8,
b7ad9e,
b7ada1,
b6ada4,
c6bdae,
d6ceb8,
d9cdad,
dccda3,
d8c68f,
d5bf7c,
d4bc77,
d4ba72,
ccb886,
c5b69b,
a89a81,
8c7e67,
766652,
614f3c,
978564,
ceba8b,
dccb9e,
eadbb1,
e9dab1,
e9dab1,
e5d5a9,
e2d0a2,
d8c392,
ceb582,
cdb789,
cdb890,
c9b389,
c5ae82,
b69d7b,
a88b74,
af9387,
b69b9a,
bba1a0,
c0a8a6,
c4acac,
c8b1b1,
c7b2b2,
c7b3b3,
c3b1b1,
c0b0b0,
c1b1ad,
c3b3aa,
cab9ac,
d2c0ae,
cab59d,
c2aa8c,
bba078,
b49665,
b69764,
b89863,
bc9b63,
c09e63,
c4a36a,
c8a971,
c7a770,
c6a66f,
caac7b,
ceb288,
d1b68d,
d4ba92,
dcc8aa,
e5d7c3,
ede6db,
f6f5f3,
e7e7e6,
d9d9d8,
bbbab9,
9d9c9a,
848380,
6b6b67,
787874,
848581,
a5a5a3,
c6c6c5,
dddddd,
f5f5f5,
efefef,
eae9e9,
e8e7e7,
e6e5e4,
e7e5e5,
e8e6e5,
e7e5e4,
e6e4e4,
dfdedf,
d8d7db,
d6d6dc,
d5d6de,
d4d4de,
d3d3de,
d2d3df,
d2d4e0,
d1d2df,
cfd1de,
d0d2dc,
d2d3db,
e1e2e6,
f1f1f2,
f4f4f4,
f7f7f7,
f6f6f6,
f5f5f5,
f7f7f7,
f9f9f9,
f9f9f9,
f9f9f9,
f7f7f7,
f5f5f5,
f6f6f6,
f6f6f6,
f8f8f8,
fafafa,
fafafa,
f2f2f2,
f6f6f6,
fafafa,
fafafa,
fafafa,
f6f6f6,
f2f2f2,
f4f4f4,
f6f6f6,
f9f9f9,
fcfcfc,
f9f9f9,
f6f6f6,
f4f4f4,
f2f2f2,
f6f6f6,
fafafa,
fafafa,
fafafa,
f7f7f7,
f3f3f3,
f4f4f4,
f5f5f5,
f9f9f9,
fcfcfc,
fafafa,
f7f7f7,
f5f5f5,
f2f2f2,
f6f6f6,
fafafa,
fbfbfb,
fbfbfb,
f7f7f7,
f3f3f3,
f4f4f4,
f4f4f4,
f8f8f8,
fcfcfc,
fafafa,
f8f8f8,
f5f5f5,
f2f2f2,
f6f6f6,
f9f9f9,
fbfbfb,
fcfcfc,
f8f8f8,
f4f4f4,
f4f4f4,
f4f4f4,
f8f8f8,
fcfcfc,
fafafa,
f8f8f8,
f5f5f5,
f2f2f2,
f5f5f5,
f8f8f8,
fafafa,
fcfcfc,
f8f8f8,
f4f4f4,
f4f4f4,
f4f4f4,
f8f8f8,
fcfcfc,
fbfbfb,
f9f9f9,
f6f6f6,
f2f2f2,
f5f5f5,
f8f8f8,
fafafa,
fcfcfc,
f8f8f8,
f4f4f4,
f4f4f4,
f3f3f3,
f7f7f7,
fbfbfb,
fbfbfb,
fafafa,
f6f6f6,
f2f2f2,
f4f4f4,
f6f6f6,
f9f9f9,
fcfcfc,
f9f9f9,
f5f5f5,
f4f4f4,
f2f2f2,
f5f5f5,
f8f8f8,
f5f6f6,
f2f3f3,
eceded,
e6e7e7,
d6d6d6,
c5c4c4,
bab9b7,
afadaa,
c2c0bc,
d5d3ce,
d6d3cd,
d6d3cc,
d3cdbe,
d0c6af,
d8d0c2,
dfdad4,
dfdacf,
dfd9c9,
dcd2b7,
d9caa5,
d7c48e,
d4bd76,
d7bf79,
d9c17c,
d8c799,
d7cdb6,
baad94,
9c8d72,
88765c,
735f46,
a99571,
decb9b,
e7d7ac,
efe3bd,
ecdfb8,
e9dbb3,
e9dbb3,
e9dab2,
dfcca1,
d4be90,
cfb98e,
c9b38b,
bfa678,
b59964,
a48962,
937860,
987e71,
9d8382,
a48987,
aa8e8c,
ae918f,
b19492,
ad918f,
a88e8c,
a08885,
97817e,
998377,
9b8570,
aa9275,
b89e7a,
b5986f,
b19264,
b49463,
b69561,
b6945f,
b5935c,
bc9a5f,
c3a062,
c5a265,
c6a468,
c6a56c,
c5a670,
cbad7c,
d0b488,
d4b991,
d7be9a,
e3d3bc,
efe8de,
f3f0ea,
f7f7f6,
dadad9,
bdbcbb,
999896,
747470,
6c6c68,
63635f,
848481,
a4a5a3,
c8c9c8,
ececec,
f4f4f4,
fbfbfb,
f7f6f6,
f2f1f1,
edeceb,
e7e6e5,
e9e8e7,
eae9e9,
e7e6e6,
e3e2e3,
d7d6da,
cacad1,
cdced7,
d0d1dd,
d4d5e1,
d7d8e5,
dadce8,
dddfeb,
dbdde9,
d8dae6,
d1d3de,
c9cbd6,
dadbe2,
ebebee,
f1f1f2,
f6f6f6,
f4f4f4,
f2f2f2,
f6f6f6,
fafafa,
fbfbfb,
fbfbfb,
f7f7f7,
f3f3f3,
f4f4f4,
f5f5f5,
f9f9f9,
fcfcfc,
fcfcfc,
f7f7f7,
f7f7f7,
f7f7f7,
f7f7f7,
f7f7f7,
f7f7f7,
f7f7f7,
f7f7f7,
f8f8f8,
f7f7f7,
f7f7f7,
f7f7f7,
f7f7f7,
f7f7f7,
f7f7f7,
f7f7f7,
f7f7f7,
f7f7f7,
f7f7f7,
f7f7f7,
f8f8f8,
f7f7f7,
f7f7f7,
f7f7f7,
f7f7f7,
f7f7f7,
f7f7f7,
f7f7f7,
f7f7f7,
f7f7f7,
f7f7f7,
f7f7f7,
f7f7f7,
f7f7f7,
f8f8f8,
f7f7f7,
f7f7f7,
f7f7f7,
f7f7f7,
f7f7f7,
f7f7f7,
f7f7f7,
f8f8f8,
f7f7f7,
f7f7f7,
f7f7f7,
f7f7f7,
f7f7f7,
f8f8f8,
f8f8f8,
f8f8f8,
f7f7f7,
f7f7f7,
f7f7f7,
f7f7f7,
f7f7f7,
f8f8f8,
f7f7f7,
f7f7f7,
f7f7f7,
f7f7f7,
f7f7f7,
f7f7f7,
f7f7f7,
f8f8f8,
f7f7f7,
f7f7f7,
f6f6f5,
f5f5f4,
f6f6f6,
f7f7f7,
f7f7f7,
f7f7f7,
f7f7f7,
f7f7f7,
f7f7f7,
f7f7f7,
f7f7f7,
f8f8f8,
f7f7f7,
f7f7f7,
f7f7f7,
f7f7f7,
f7f7f7,
f7f7f7,
f7f7f7,
f7f7f7,
f7f7f7,
f7f7f7,
f7f7f7,
f7f7f7,
f7f7f7,
f7f7f7,
f6f6f6,
f6f6f6,
f4f4f4,
f3f3f3,
f1f1f1,
efefee,
e2e1dc,
d6d3cb,
cfcbbd,
c9c3b0,
d5cfba,
e0dac4,
e1dbc6,
e2dcc9,
ded6bc,
dbd0af,
dfd5b8,
e3dac1,
e3d9be,
e2d8ba,
e1d3ae,
dfcea1,
decc97,
deca8d,
decb92,
decb98,
d7c8a3,
d0c5ae,
b4a68d,
98886c,
917f60,
8a7654,
b6a278,
e1ce9d,
e8d9ad,
efe3bd,
eee2bb,
ede0b9,
e9dab1,
e5d5a9,
e0cea2,
dac89b,
d1be93,
c9b48b,
c1a97b,
b99e6b,
9c845f,
806a54,
756156,
6a5958,
6e5c5c,
73605f,
746260,
766461,
72605d,
6e5d59,
685854,
62534f,
726153,
836f57,
9d8563,
b79b70,
b39669,
b09262,
af9060,
ae8f5e,
aa8b5a,
a68756,
ac8c58,
b2925b,
ba9b64,
c2a46e,
c6a976,
caae7e,
ceb386,
d2b78d,
d9c2a0,
e0cdb3,
e7dccd,
efebe6,
e4e2df,
d9d9d8,
b9b9b8,
9a9a98,
828380,
6b6c68,
787975,
858583,
a9a9a7,
cccdcc,
e0e0e0,
f4f4f4,
f5f5f5,
f7f7f7,
f5f5f5,
f3f3f3,
f2f2f2,
f2f1f1,
f1f1f1,
f1f1f1,
ededed,
e9e9e9,
e0dfe2,
d6d6da,
dbdbe2,
e0e0ea,
e2e2ed,
e5e5f0,
e6e7f1,
e8e9f3,
e5e6f1,
e3e4ef,
d8dae5,
cdcfdb,
d3d5de,
dadbe1,
e6e6ea,
f2f2f3,
f4f5f5,
f7f7f7,
f7f7f7,
f7f7f7,
f7f7f7,
f7f7f7,
f7f7f7,
f8f8f8,
f7f7f7,
f7f7f7,
f7f7f7,
f7f7f7,
f7f7f7,
fcfcfc,
f8f8f8,
f3f3f3,
f3f3f3,
f3f3f3,
f8f8f8,
fcfcfc,
fbfbfb,
f9f9f9,
f5f5f5,
f1f1f1,
f5f5f5,
f8f8f8,
fafafa,
fcfcfc,
f8f8f8,
f4f4f4,
f4f4f4,
f3f3f3,
f8f8f8,
fcfcfc,
fbfbfb,
f9f9f9,
f5f5f5,
f1f1f1,
f4f4f4,
f7f7f7,
fafafa,
fcfcfc,
f8f8f8,
f4f4f4,
f3f3f3,
f2f2f2,
f7f7f7,
fcfcfc,
fbfbfb,
fafafa,
f6f6f6,
f2f2f2,
f4f4f4,
f6f6f6,
fafafa,
fdfdfd,
f9f9f9,
f5f5f5,
f4f4f4,
f2f2f2,
f7f7f7,
fbfbfb,
fbfbfb,
fbfbfb,
f7f7f7,
f2f2f2,
f4f4f4,
f5f5f5,
f9f9f9,
fdfdfd,
f9f9f9,
f5f5f5,
f4f4f4,
f2f2f2,
f6f6f6,
fafafa,
fbfbfb,
fbfbfb,
f6f6f6,
f1f1f1,
f1f1f0,
f1f0ef,
f7f6f6,
fcfcfc,
f9f9f9,
f6f6f6,
f4f4f4,
f1f1f1,
f6f6f6,
fafafa,
fbfbfb,
fcfcfc,
f7f7f7,
f2f2f2,
f3f3f3,
f4f4f4,
f8f8f8,
fcfcfc,
fafafa,
f8f8f8,
f5f5f5,
f1f1f1,
f5f5f5,
f9f9f9,
fbfbfb,
fcfcfc,
f8f8f8,
f3f3f3,
f3f3f3,
f3f3f3,
f6f5f4,
f8f7f5,
efece3,
e6e1d1,
e5ddc4,
e3d9b6,
e7ddb8,
ebe1ba,
ece3c0,
ede5c5,
eadfba,
e6d9af,
e7d9af,
e7d9ae,
e6d8ad,
e5d7ab,
e5d5a4,
e5d29d,
e6d5a0,
e7d7a3,
e5d6ac,
e2d5b4,
d6c9ad,
c9bda6,
afa086,
948266,
9b8864,
a18d62,
c3af80,
e4d19e,
eadaad,
efe3bc,
f0e4be,
f1e5bf,
e9dab0,
e1cfa0,
e1d0a3,
e0d1a6,
d4c398,
c8b48a,
c2ab7e,
bca272,
947f5d,
6c5b47,
51453b,
362e2e,
393030,
3b3232,
3b3331,
3b332f,
372f2b,
332b26,
302823,
2d241f,
4c3e2e,
6a583d,
907852,
b59866,
b29563,
af9160,
ab8d5e,
a6885b,
9f8155,
977a4f,
9c7f51,
a18453,
b09464,
bea374,
c7ad80,
cfb68c,
d2b88f,
d4ba92,
decbaf,
e8dccc,
ece5dd,
efeeee,
d5d5d4,
bbbbba,
999997,
767774,
6c6e6a,
62645f,
858683,
a7a7a6,
cececd,
f4f4f4,
f8f8f8,
fcfcfc,
f7f7f7,
f2f2f2,
f3f3f3,
f4f4f4,
f8f8f8,
fcfcfc,
fafafa,
f8f8f8,
f4f4f4,
efefef,
e9e9e9,
e2e2e3,
e9e8ed,
efeef6,
f1f0f9,
f2f2fb,
f2f2fb,
f2f2fa,
f0f0f9,
edeef7,
dfe1ec,
d0d3e0,
cccfda,
c8cad4,
dbdce2,
edeeef,
f5f5f6,
fcfcfc,
f8f8f8,
f4f4f4,
f3f3f3,
f2f2f2,
f7f7f7,
fcfcfc,
fbfbfb,
f9f9f9,
f5f5f5,
f1f1f1,
f1f1f1,
f9f9f9,
f7f7f7,
f6f6f6,
f6f6f6,
f6f6f6,
f7f7f7,
f9f9f9,
f8f8f8,
f8f8f8,
f6f6f6,
f5f5f5,
f6f6f6,
f8f8f8,
f8f8f8,
f9f9f9,
f7f7f7,
f6f6f6,
f6f6f6,
f6f6f6,
f7f7f7,
f9f9f9,
f8f8f8,
f8f8f8,
f6f6f6,
f5f5f5,
f6f6f6,
f7f7f7,
f8f8f8,
f9f9f9,
f7f7f7,
f6f6f6,
f6f6f6,
f6f6f6,
f7f7f7,
f9f9f9,
f8f8f8,
f8f8f8,
f7f7f7,
f6f6f6,
f6f6f6,
f7f7f7,
f8f8f8,
f9f9f9,
f8f8f8,
f7f7f7,
f6f6f6,
f6f6f6,
f7f7f7,
f9f9f9,
f9f9f9,
f9f9f9,
f7f7f7,
f6f6f6,
f6f6f6,
f7f7f7,
f8f8f8,
f9f9f9,
f8f8f8,
f7f7f7,
f6f6f6,
f6f6f6,
f7f6f6,
f8f7f7,
f7f6f5,
f6f6f4,
f4f3f1,
f1f0ee,
f0eeec,
efedea,
f1efeb,
f3f1ed,
f4f3f0,
f5f4f3,
f5f5f4,
f5f5f5,
f7f7f7,
f8f8f8,
f8f8f8,
f9f9f9,
f7f7f7,
f6f6f6,
f6f6f6,
f6f6f6,
f7f7f7,
f9f9f9,
f8f8f8,
f8f8f8,
f6f6f6,
f5f5f5,
f6f6f6,
f8f8f8,
f8f8f8,
f9f9f9,
f7f7f7,
f6f6f6,
f6f6f6,
f6f6f6,
f5f5f4,
f5f4f3,
edebe2,
e6e2d2,
e6e0c9,
e6dfc1,
eae3c7,
eee7ce,
eee8d1,
eee9d5,
ede6ce,
ece4c7,
ebe1c1,
eadfbc,
e7dbb3,
e5d7aa,
e6d8a8,
e8d8a7,
e2d4a8,
dcd0aa,
cfc3a5,
c2b6a1,
b6a995,
ab9d89,
9d8d76,
8f7e63,
a28e68,
b59f6d,
cab682,
e0cc98,
e7d7a9,
eee3ba,
ebdeb4,
e9daae,
e1cf9f,
dac590,
dac693,
dac696,
d0bb8e,
c6b186,
b9a582,
ac9a7d,
857a70,
5e5a62,
4a4855,
353648,
333240,
322f38,
2f2c30,
2d2928,
2b2624,
29231f,
28211d,
271f1b,
3c3227,
514433,
69583f,
806b4a,
7c6746,
776242,
715d3f,
6c583c,
655238,
5f4d34,
625035,
655337,
776549,
89775b,
a29076,
bba990,
c4b297,
ceba9f,
d9ccb9,
e5ddd3,
dcd8d3,
d4d3d4,
b6b6b6,
989998,
828482,
6d6f6c,
7b7d7a,
8a8c88,
acadab,
cecece,
e1e1e1,
f5f5f5,
f6f6f6,
f8f8f8,
f5f5f5,
f3f3f3,
f3f3f3,
f4f3f4,
f6f6f6,
f9f9f9,
f8f8f8,
f7f7f7,
f6f6f6,
f4f4f4,
eeeeee,
e8e8e9,
e9e9ec,
ebe9ef,
efeef5,
f3f3fb,
f3f3fb,
f3f3fb,
f1f2fa,
f0f1f9,
e3e5ef,
d7dae6,
cfd1de,
c7c9d6,
d1d3dc,
dbdde2,
e9e9ec,
f6f6f7,
f6f6f6,
f6f6f6,
f6f6f6,
f6f6f6,
f7f7f7,
f9f9f9,
f8f8f8,
f8f8f8,
f6f6f6,
f5f5f5,
f5f5f5,
f5f5f5,
f7f7f7,
f8f8f8,
f8f8f8,
f8f8f8,
f7f7f7,
f5f5f5,
f6f6f6,
f6f6f6,
f8f8f8,
f9f9f9,
f8f8f8,
f7f7f7,
f6f6f6,
f5f5f5,
f7f7f7,
f8f8f8,
f8f8f8,
f8f8f8,
f7f7f7,
f5f5f5,
f6f6f6,
f6f6f6,
f8f8f8,
f9f9f9,
f8f8f8,
f7f7f7,
f6f6f6,
f5f5f5,
f7f7f7,
f8f8f8,
f9f9f9,
f9f9f9,
f7f7f7,
f5f5f5,
f6f6f6,
f6f6f6,
f8f8f8,
f9f9f9,
f8f8f8,
f7f7f7,
f6f6f6,
f5f5f5,
f7f7f7,
f8f8f8,
f9f9f9,
f9f9f9,
f8f8f8,
f6f6f6,
f6f6f6,
f6f6f6,
f8f8f8,
f9f9f9,
f9f9f9,
f8f8f8,
f7f7f7,
f5f5f5,
f7f7f7,
f8f8f8,
f9f9f9,
f9f9f9,
f7f7f6,
f5f4f3,
f3f2f0,
f1f0ec,
f1f0eb,
f1efea,
efece7,
ece9e4,
ebe8e1,
e9e6de,
eeece7,
f3f2ef,
f6f6f4,
f9f9f9,
f8f8f8,
f6f6f6,
f6f6f6,
f5f5f5,
f7f7f7,
f9f9f9,
f9f9f9,
f8f8f8,
f7f7f7,
f5f5f5,
f6f6f6,
f7f7f7,
f8f8f8,
f9f9f9,
f8f8f8,
f6f6f6,
f6f6f6,
f5f5f5,
f7f7f7,
f8f8f8,
f8f8f8,
f8f8f8,
f5f5f4,
f1f1f0,
ebeae2,
e5e2d3,
e7e3cf,
e9e4cb,
ede9d7,
f0ede2,
f0ede3,
efede4,
f1eee2,
f2eedf,
f0ead4,
ede5c9,
e9deb9,
e4d7a8,
e8dbad,
ebdeb1,
ded3b1,
d1c8b0,
b9af9f,
a1968d,
978a7d,
8c7d6c,
8b7b66,
8a795f,
a9956c,
c8b178,
d2bc85,
dcc791,
e5d5a5,
ede2b8,
e7d8ab,
e0ce9d,
dac58e,
d3bb7f,
d3bb82,
d3bb85,
cbb484,
c3ad82,
af9f85,
9b9188,
767583,
50587d,
424b70,
343d62,
2e3550,
282c3d,
24252f,
1f1e21,
1f1d1d,
1f1b18,
201b18,
201a17,
2c2520,
383029,
42372c,
4b3e2e,
453929,
3f3324,
382d21,
31271d,
2c231b,
261f18,
282019,
29211a,
3f362e,
544b42,
7e746b,
a79c94,
b7aba0,
c7baab,
d4ccc3,
e1deda,
cdcbca,
b9b8b9,
979797,
757675,
6c6e6c,
636663,
8b8d8a,
b2b3b1,
d4d4d3,
f5f5f5,
f5f5f5,
f5f5f5,
f4f4f4,
f3f3f3,
f3f3f4,
f3f3f4,
f3f3f4,
f3f2f3,
f4f4f4,
f5f5f5,
f6f6f6,
f6f6f6,
f8f8f8,
f9f9f9,
f4f4f4,
eeeeee,
eae9eb,
e6e4e8,
edecf1,
f3f3fa,
f3f3fb,
f3f3fb,
f3f3fb,
f2f3fb,
e8eaf3,
dee0eb,
d2d4e1,
c5c8d7,
c7cad6,
c9cbd4,
dddee3,
f0f0f1,
f4f4f5,
f8f8f8,
f9f9f9,
f9f9f9,
f7f7f7,
f5f5f5,
f6f6f6,
f6f6f6,
f8f8f8,
f9f9f9,
f9f9f9,
f5f5f5,
f7f7f7,
f9f9f9,
f9f9f9,
f9f9f9,
f7f7f7,
f5f5f5,
f5f5f5,
f6f6f6,
f8f8f8,
fafafa,
f9f9f9,
f7f7f7,
f6f6f6,
f5f5f5,
f7f7f7,
f9f9f9,
f9f9f9,
f9f9f9,
f7f7f7,
f5f5f5,
f5f5f5,
f6f6f6,
f8f8f8,
fafafa,
f9f9f9,
f7f7f7,
f6f6f6,
f5f5f5,
f7f7f7,
f9f9f9,
f9f9f9,
fafafa,
f7f7f7,
f5f5f5,
f5f5f5,
f6f6f6,
f8f8f8,
fafafa,
f8f8f8,
f7f7f7,
f6f6f6,
f4f4f4,
f6f6f6,
f8f8f8,
f9f9f9,
fafafa,
f8f8f8,
f6f6f6,
f6f6f6,
f6f6f6,
f8f8f8,
fafafa,
f9f9f9,
f8f8f8,
f6f6f6,
f4f4f4,
f6f6f6,
f8f8f8,
f7f7f6,
f7f6f4,
eeebe5,
e6e0d6,
e7e2d6,
e8e4d6,
eae6d7,
ece8d8,
ece8d8,
ede8d8,
eae5d7,
e7e3d6,
e9e5d9,
eae7dd,
f0eee7,
f6f5f2,
f6f5f4,
f6f6f6,
f5f5f5,
f5f5f5,
f7f7f7,
fafafa,
f9f9f9,
f9f9f9,
f7f7f7,
f5f5f5,
f6f6f6,
f7f7f7,
f9f9f9,
fafafa,
f8f8f8,
f6f6f6,
f5f5f5,
f5f5f5,
f7f7f7,
f9f9f9,
f9f9f9,
f9f9f9,
f5f5f5,
f2f2f2,
eceae4,
e6e3d7,
ebe8dc,
f1eee1,
f2f0e6,
f3f2ec,
f2f1ec,
f1f0ec,
f2f0e8,
f2efe4,
efe9d7,
ebe4cb,
e9e0c0,
e7dcb6,
eadfbd,
ece3c5,
d6cdb5,
c0b7a5,
a69b8e,
8c7f77,
87796c,
837361,
948469,
a69572,
bca879,
d2bb80,
d7c188,
dcc890,
e0cf9b,
e4d6a6,
e1d2a3,
decea1,
d9c99c,
d5c498,
d1c198,
cebd97,
beb196,
aea494,
8e8f99,
6f799e,
57679d,
3f559c,
374d93,
2f468b,
2d417d,
2b3d70,
29365d,
282f4a,
242738,
202026,
201d1f,
1f1a19,
2d2725,
3b3530,
3f3730,
433a31,
3c332a,
352c24,
2e251e,
271f19,
231c17,
1f1a16,
201a16,
211a16,
2d2621,
39322c,
5b5450,
7e7774,
9f9996,
c1bbb9,
c9c5c6,
d0cfd3,
bebec3,
adacb2,
97979c,
828386,
828386,
828486,
a2a3a5,
c2c2c4,
d2d2d4,
e3e3e5,
e5e4e6,
e6e5e7,
e6e6e7,
e7e6e7,
dcdbdc,
d2d1d1,
cfcdce,
cbc9ca,
cecbcc,
d0cece,
d7d5d5,
dedddc,
eae9e9,
f6f6f6,
f0f0f0,
eaeaea,
e1e0e2,
d8d6da,
e5e4e9,
f2f2f9,
f3f2fa,
f3f3fb,
f3f3fb,
f3f3fb,
eaeaf4,
e1e2ed,
d2d4e2,
c4c6d7,
c4c6d5,
c4c7d4,
d3d5dd,
e3e3e6,
ededef,
f8f8f8,
f9f9f9,
fafafa,
f7f7f7,
f5f5f5,
f5f5f5,
f6f6f6,
f8f8f8,
fafafa,
fafafa,
f4f4f4,
f7f7f7,
f9f9f9,
f9f9f9,
f9f9f9,
f7f7f7,
f4f4f4,
f5f5f5,
f6f6f6,
f9f9f9,
fbfbfb,
f9f9f9,
f7f7f7,
f6f6f6,
f4f4f4,
f7f7f7,
f9f9f9,
f9f9f9,
f9f9f9,
f7f7f7,
f4f4f4,
f5f5f5,
f6f6f6,
f9f9f9,
fbfbfb,
f9f9f9,
f7f7f7,
f6f6f6,
f4f4f4,
f7f7f7,
f9f9f9,
fafafa,
fafafa,
f7f7f7,
f4f4f4,
f5f5f5,
f5f5f5,
f8f8f8,
fafafa,
f9f9f9,
f7f7f7,
f5f5f5,
f3f3f3,
f6f6f6,
f8f8f8,
f9f9f9,
fafafa,
f8f8f8,
f5f5f5,
f5f5f5,
f5f5f5,
f8f8f8,
fafafa,
f9f9f9,
f8f8f8,
f6f6f6,
f3f3f3,
f6f6f6,
f8f8f8,
f6f5f3,
f4f2ee,
e5dfd4,
d6ccb9,
dbd2bd,
dfd7c0,
e3dcc3,
e7e1c6,
eae4c9,
ede6cb,
e9e3cd,
e5e0ce,
e3decc,
e1dcca,
eae7da,
f2f1ea,
f4f3f0,
f5f5f5,
f5f5f5,
f4f4f4,
f7f7f7,
fafafa,
fafafa,
f9f9f9,
f7f7f7,
f4f4f4,
f6f6f6,
f7f7f7,
f9f9f9,
fbfbfb,
f9f9f9,
f6f6f6,
f5f5f5,
f4f4f4,
f7f7f7,
f9f9f9,
f9f9f9,
f9f9f9,
f6f6f6,
f3f3f3,
edebe7,
e6e3db,
efeee9,
f8f8f6,
f7f7f6,
f6f6f6,
f5f5f5,
f3f3f3,
f3f2ee,
f2f0e9,
eee9db,
e9e2cc,
eae1c8,
eae0c3,
ece4ce,
ede8d8,
cec7b9,
aea599,
93877d,
776860,
78695b,
796956,
9e8d6d,
c2b184,
cfbb86,
dbc588,
dcc78c,
dcc88f,
dcc992,
dbc994,
dbcb9c,
dbcda4,
d9cdab,
d7cdb1,
d0c6ad,
c8bfa9,
b1ada8,
999ba6,
6e7ead,
4261b3,
3859b7,
2d51ba,
2b50b7,
294eb4,
2c4eab,
2e4da2,
2f478b,
304073,
293253,
212433,
201f27,
1e1a1b,
2e2a29,
3e3937,
3d3835,
3b3633,
332d2b,
2a2423,
231d1c,
1c1615,
1a1514,
181413,
191413,
191312,
1b1614,
1d1816,
393535,
545253,
88878d,
bbbbc7,
bdbeca,
bfc0cc,
b0b0bc,
a0a0ab,
9798a1,
8e8f96,
9899a0,
a1a2a9,
b9bac0,
d1d1d6,
d1d1d5,
d1d0d4,
d4d3d7,
d7d5d9,
d9d7da,
dad9db,
c6c4c5,
b1aeae,
aaa7a8,
a39fa1,
a7a3a4,
aba7a6,
b8b5b4,
c5c3c1,
dcdbda,
f2f2f2,
ececec,
e6e5e6,
d8d7d9,
cac8cb,
dedce2,
f1f0f8,
f2f2fa,
f3f3fb,
f3f3fb,
f3f3fb,
ebebf5,
e3e3ee,
d3d4e2,
c3c4d6,
c1c3d5,
bfc2d3,
caccd7,
d5d5da,
e7e7e9,
f8f8f8,
f9f9f9,
fafafa,
f7f7f7,
f4f4f4,
f5f5f5,
f6f6f6,
f8f8f8,
fafafa,
fafafa,
f9f9f9,
f7f7f7,
f6f6f6,
f6f6f6,
f6f6f6,
f7f7f7,
f9f9f9,
f8f8f8,
f8f8f8,
f7f7f7,
f6f6f6,
f7f7f7,
f8f8f8,
f8f8f8,
f9f9f9,
f8f8f8,
f7f7f7,
f6f6f6,
f6f6f6,
f7f7f7,
f8f8f8,
f8f8f8,
f8f8f8,
f7f7f7,
f6f6f6,
f6f6f6,
f7f7f7,
f8f8f8,
f9f9f9,
f8f8f8,
f7f7f7,
f6f6f6,
f6f6f6,
f7f7f7,
f8f8f8,
f8f8f8,
f8f8f8,
f7f7f7,
f6f6f6,
f6f6f6,
f7f7f7,
f8f8f8,
f9f9f9,
f8f8f8,
f7f7f7,
f6f6f6,
f6f6f6,
f7f7f7,
f8f8f8,
f8f8f8,
f8f8f8,
f7f7f7,
f6f6f6,
f6f6f6,
f7f7f7,
f8f8f8,
f9f9f9,
f7f7f7,
f6f6f5,
ece8e1,
e2dbce,
e0d8c9,
ded5c5,
e4decf,
ebe7da,
eae6d8,
e9e6d5,
e9e5d1,
eae4cd,
eae4cd,
ebe5cd,
e9e4cc,
e7e3cb,
e7e3d0,
e8e4d4,
eeece3,
f5f4f2,
f6f6f5,
f8f8f8,
f7f7f7,
f6f6f6,
f6f6f6,
f6f6f6,
f7f7f7,
f7f7f8,
f6f6f7,
f5f6f6,
f4f5f5,
f3f4f5,
f4f5f6,
f6f6f7,
f6f7f7,
f7f8f8,
f6f7f7,
f6f6f6,
f6f6f6,
f6f6f6,
f7f7f7,
f8f8f8,
f2f1ee,
eceae5,
f0efec,
f4f4f3,
f6f6f5,
f8f8f8,
f6f6f5,
f5f4f2,
f0eee7,
ebe8dd,
ebe8db,
ece8da,
ede8d9,
efe9d9,
e7e0cf,
e0d8c5,
c1b7a4,
a29582,
847768,
67594e,
81735f,
9c8d71,
b8a984,
d5c597,
d6c38d,
d7c183,
d1bd86,
caba8a,
c4b88f,
beb695,
bab49d,
b5b3a5,
b1b1ac,
adb0b3,
a6abb3,
9fa7b3,
909fb9,
8198bf,
6688c6,
4c78ce,
436ecb,
3a64c9,
345ec3,
2f58bd,
2e55b6,
2e52b0,
304fa3,
324d96,
2f447e,
2c3c66,
293350,
272b3b,
313139,
3b3838,
3e3a39,
423d3b,
3e3b3d,
3b383f,
302c2f,
251f20,
1f1a1a,
1a1614,
191513,
191412,
1a1513,
1a1614,
2b2726,
3c3838,
6b696e,
9b9aa4,
aaaab7,
babbc9,
b3b4c2,
adadbc,
ababb9,
a9aab6,
adaeba,
b2b2be,
bfbfc9,
cdcdd4,
d3d2d8,
d9d7dd,
dbdadf,
dedce1,
cecbce,
bdbabb,
a29d9c,
86807d,
898383,
8d8788,
9d989a,
adaaab,
bdbabc,
cdcbcd,
dcdbdd,
ebebee,
e9e9ec,
e7e6ea,
dad9dd,
cdccd1,
dcdbe2,
ebeaf2,
efeef7,
f3f3fb,
f3f3fb,
f3f3fb,
e9e9f3,
dfdfeb,
d0d1e0,
c1c3d6,
c1c4d6,
c1c4d6,
c7c9d6,
cdced6,
e0e0e4,
f2f2f2,
f4f4f4,
f6f6f6,
f7f7f7,
f8f8f8,
f8f8f8,
f8f8f8,
f7f7f7,
f6f6f6,
f6f6f6,
fdfdfd,
f8f8f8,
f3f3f3,
f3f3f3,
f3f3f3,
f8f8f8,
fdfdfd,
fbfbfb,
f9f9f9,
f5f5f5,
f0f0f0,
f4f4f4,
f8f8f8,
fbfbfb,
fdfdfd,
f9f9f9,
f4f4f4,
f4f4f4,
f3f3f3,
f8f8f8,
fcfcfc,
fbfbfb,
f9f9f9,
f5f5f5,
f0f0f0,
f4f4f4,
f7f7f7,
fafafa,
fdfdfd,
f9f9f9,
f4f4f4,
f3f3f3,
f2f2f2,
f7f7f7,
fcfcfc,
fbfbfb,
fafafa,
f6f6f6,
f1f1f1,
f4f4f4,
f6f6f6,
fafafa,
fefefe,
fafafa,
f5f5f5,
f3f3f3,
f1f1f1,
f6f6f6,
fbfbfb,
fbfbfb,
fbfbfb,
f6f6f6,
f1f1f1,
f3f3f3,
f5f5f5,
fafafa,
fefefe,
f9f9f8,
f4f3f2,
e2dbd0,
cfc3ad,
dad1bf,
e5ded0,
eeeae2,
f7f6f4,
f1f0ec,
ebeae4,
e9e6d9,
e6e2ce,
ebe6cd,
f0e9cc,
efe9cc,
ede9cc,
e5e0c5,
ddd7be,
e9e5d6,
f4f3ee,
f8f8f5,
fcfcfc,
f7f7f7,
f2f2f2,
f3f3f3,
f3f3f3,
f7f7f7,
fafafb,
f7f7f8,
f3f4f5,
eff0f2,
ebecee,
f0f1f3,
f5f6f7,
f8f9f9,
fafbfb,
f6f7f7,
f2f3f3,
f3f3f3,
f3f3f3,
f8f8f8,
fdfcfc,
f7f7f6,
f1f1ef,
f1f1f0,
f0f0f0,
f5f5f5,
f9f9f9,
f8f7f5,
f6f5f0,
edeae1,
e3dfd1,
e9e6dc,
eeede7,
f1efeb,
f3f1ee,
e3ddd0,
d2c8b2,
b4a78f,
95856b,
766754,
57493c,
8b7d64,
beb18b,
d3c59a,
e8d9a9,
decb94,
d3bc7e,
c6b481,
b8ab84,
ada78d,
a1a296,
989d9e,
8f98a5,
8996ad,
8393b5,
7d91b9,
768ebd,
6f91cb,
6894d8,
5f91e0,
568ee8,
4e83e0,
4677d8,
3e6ccf,
3561c5,
315cc1,
2d57bd,
3058bb,
3359b9,
3556a9,
365398,
334779,
303b5a,
343949,
383638,
403d3d,
484442,
4a484e,
4c4c5a,
3d3a43,
2e282b,
252020,
1b1715,
1a1614,
191412,
181412,
171311,
1d1917,
231e1c,
4f4b4f,
7a7881,
9797a4,
b4b5c6,
b7b8c9,
b9bacc,
bfbfd1,
c4c4d6,
c3c3d4,
c2c1d2,
c6c5d2,
c9c8d1,
d5d3db,
e0dee5,
e3e1e7,
e5e3e8,
c3bfc2,
a09a9b,
7e7674,
5b514c,
69605e,
766e6f,
928d90,
aeacb0,
c2c0c4,
d5d3d8,
dddce1,
e4e4e9,
e6e6eb,
e7e7ed,
dcdbe2,
d0cfd7,
dad9e2,
e4e3ec,
ecebf4,
f3f3fb,
f3f3fb,
f3f3fb,
e7e7f2,
dadbe8,
cdcfdf,
bfc2d5,
c1c4d7,
c3c6d8,
c4c6d5,
c5c6d1,
d9d9df,
ececec,
efefef,
f2f2f2,
f7f7f7,
fcfcfc,
fbfbfb,
f9f9f9,
f5f5f5,
f1f1f1,
f1f1f1,
f8f8f8,
f7f7f7,
f7f7f7,
f7f7f7,
f7f7f7,
f7f7f7,
f8f8f8,
f8f8f8,
f8f8f8,
f7f7f7,
f6f6f6,
f6f6f6,
f7f7f7,
f8f8f8,
f8f8f8,
f7f7f7,
f7f7f7,
f7f7f7,
f7f7f7,
f7f7f7,
f8f8f8,
f8f8f8,
f7f7f7,
f6f6f6,
f6f6f6,
f6f6f6,
f7f7f7,
f8f8f8,
f8f8f8,
f7f7f7,
f7f7f7,
f6f6f6,
f6f6f6,
f7f7f7,
f8f8f8,
f8f8f8,
f8f8f8,
f7f7f7,
f6f6f6,
f7f7f7,
f7f7f7,
f8f8f8,
f9f9f9,
f8f8f8,
f7f7f7,
f7f7f7,
f6f6f6,
f7f7f7,
f8f8f8,
f8f8f8,
f8f8f8,
f7f7f7,
f6f6f6,
f6f6f6,
f6f6f6,
f7f6f6,
f7f7f5,
f4f2ef,
f0eee9,
e0d9ca,
d0c4ab,
dbd2bd,
e6e0d0,
eae6d9,
efece2,
ede9de,
eae7da,
e7e2d1,
e4dec9,
e1d9c0,
ded4b6,
e4dcc0,
eae5c9,
e7e1c5,
e4ddc2,
e8e4cf,
edeadd,
f2f1e9,
f7f7f6,
eff0f1,
e8e9ec,
d9dce5,
cad0df,
c5cde1,
c0cae4,
bbc6e2,
b5c1e0,
b2bede,
aebadb,
b2bede,
b5c2e1,
bbc7e2,
c0cbe3,
c6d0e4,
cbd4e4,
d1d8e7,
d7dde9,
dee2ec,
e6e8ef,
e9ebef,
edeeef,
f1f2f2,
f6f6f6,
f7f7f7,
f8f8f8,
f4f3f0,
f1efe8,
eeebe3,
ebe8dd,
edebe3,
efeee9,
e3e0d9,
d8d3c9,
d0c6b0,
c8b996,
b1a07f,
9b8867,
8b795b,
7b6a4f,
a89977,
d5c8a0,
dbcb9c,
e1ce99,
d1bf8d,
c2b082,
ada48a,
989893,
a2a3a1,
acaeb0,
aeb1b9,
b0b5c3,
abb2c6,
a6afc9,
9daac9,
95a5c8,
89a2ce,
7da0d4,
739edd,
689ce7,
6196e7,
5a90e8,
578ae0,
5585d9,
507fd5,
4b79d1,
4674ce,
426fcb,
436ec3,
456cba,
4768a7,
496495,
4a5d7e,
4b5667,
4a4f59,
49484b,
515055,
59575f,
524e54,
4b4549,
3c383f,
2e2c34,
312d32,
332f30,
2e2a2a,
292524,
292424,
292323,
464244,
636065,
82808a,
a0a1b0,
a9aabb,
b3b3c6,
b9bacc,
c0c0d2,
c5c5d5,
cbcbd9,
d2d2dd,
dad9e1,
e2e1e9,
eae9f1,
e2e0e7,
dbd8dd,
aca7a9,
7e7676,
706764,
625852,
716864,
807976,
a39e9f,
c6c4c8,
d3d1d7,
e1dfe6,
e5e4eb,
eae9f1,
eae9f1,
ebeaf2,
e4e3eb,
dddce5,
dbdae4,
dad9e4,
e2e1eb,
eaeaf3,
ebecf4,
edeef6,
e0e1ec,
d3d4e3,
c9cbdc,
bfc2d6,
c1c4d7,
c4c6d9,
c3c6d5,
c3c5d2,
d6d7de,
eaeaeb,
f0f0f0,
f6f6f6,
f7f7f7,
f8f8f8,
f8f8f8,
f7f7f7,
f7f7f7,
f6f6f6,
f6f6f6,
f3f3f3,
f7f7f7,
fafafa,
fafafa,
fafafa,
f7f7f7,
f3f3f3,
f5f5f5,
f6f6f6,
f9f9f9,
fbfbfb,
f9f9f9,
f6f6f6,
f5f5f5,
f3f3f3,
f6f6f6,
f9f9f9,
fafafa,
fafafa,
f7f7f7,
f4f4f4,
f5f5f5,
f5f5f5,
f8f8f8,
fbfbfb,
f9f9f9,
f7f7f7,
f5f5f5,
f3f3f3,
f6f6f6,
f9f9f9,
fafafa,
fafafa,
f7f7f7,
f4f4f4,
f5f5f5,
f5f5f5,
f8f8f8,
fbfbfb,
fafafa,
f8f8f8,
f6f6f6,
f3f3f3,
f6f6f6,
f9f9f9,
fafafa,
fbfbfb,
f8f8f8,
f4f4f4,
f4f4f4,
f4f4f4,
f8f8f8,
fbfbfb,
f9f9f9,
f7f7f7,
f4f3f2,
f0efec,
eeece6,
ece9e0,
dfd7c4,
d1c4a8,
dcd3bc,
e6e1d0,
e7e2d0,
e7e2cf,
e8e3cf,
e9e3cf,
e5dfca,
e1dac4,
d7cdb2,
ccbfa0,
dad0b3,
e7e0c6,
e9e2c6,
eae3c5,
e8e2c8,
e6e1cb,
eceade,
f2f2f0,
e8e9eb,
dddfe5,
bfc6d8,
a1accb,
94a3cc,
869acc,
7f94cc,
778ecb,
748bca,
7188c8,
738bca,
758ecb,
7e95cb,
869bcb,
95a8d0,
a4b5d5,
b0beda,
bbc6df,
c5cde0,
ced3e1,
dcdfe8,
e9eaef,
f2f3f5,
fbfbfb,
f9f9f9,
f6f6f6,
f1efeb,
ebe8e0,
efece5,
f2f0e9,
f1efea,
efeeeb,
d6d1c8,
bdb4a4,
bdaf8f,
bda97a,
af9a6f,
a08b63,
a08b63,
9f8b62,
c6b58b,
ecdfb4,
e3d19f,
dac389,
c5b487,
b0a485,
949593,
7785a1,
979fb5,
b6b9c9,
c3c5d5,
d0d1e0,
cdcedf,
c9cadd,
bec3d8,
b3bbd3,
a3b4d1,
92accf,
86abdb,
7aaae6,
74a9ef,
6da8f7,
71a8f2,
75a8ed,
6fa1e9,
699ae5,
5d90e1,
5085dd,
5285dd,
5385dc,
5a89d6,
618dcf,
6082b2,
5e7695,
546175,
4a4c54,
58575c,
666264,
676266,
676267,
54515d,
414053,
474551,
4d494e,
444043,
3a3637,
342f31,
2e282a,
3d383a,
4c4849,
6c6a71,
8c8c99,
9c9cac,
acacbf,
b4b4c6,
bbbccd,
c8c8d7,
d4d4e0,
dfdfe8,
eae9f0,
efeef6,
f4f3fc,
e2e0e7,
d0cdd2,
969091,
5b5250,
625854,
695e58,
7a716b,
8a837d,
b4afaf,
dddbe0,
e5e3ea,
eceaf3,
eeecf6,
efedf8,
efedf7,
eeecf6,
eceaf4,
e9e8f2,
dcdce7,
cfcfdb,
d8d8e3,
e0e0ea,
e4e4ee,
e7e8f1,
d9dbe7,
cbcddd,
c5c7da,
bfc1d6,
c2c4d8,
c4c6d9,
c3c5d6,
c1c4d3,
d4d6de,
e7e7e9,
f1f1f2,
fafafa,
f7f7f7,
f4f4f4,
f5f5f5,
f5f5f5,
f8f8f8,
fbfbfb,
fbfbfb,
f5f5f5,
f7f7f7,
f9f9f9,
f9f9f9,
f9f9f9,
f7f7f7,
f5f5f5,
f6f6f6,
f7f7f7,
f8f8f8,
fafafa,
f8f8f8,
f7f7f7,
f6f6f6,
f5f5f5,
f7f7f7,
f9f9f9,
f9f9f9,
f9f9f9,
f7f7f7,
f5f5f5,
f5f5f5,
f6f6f6,
f8f8f8,
fafafa,
f8f8f8,
f7f7f7,
f6f6f6,
f5f5f5,
f7f7f7,
f9f9f9,
f9f9f9,
f9f9f9,
f7f7f7,
f5f5f5,
f5f5f5,
f6f6f6,
f8f8f8,
fafafa,
f9f9f9,
f8f8f8,
f6f6f6,
f5f5f5,
f7f7f7,
f9f9f9,
f9f9f9,
fafafa,
f7f7f7,
f5f5f5,
f4f4f4,
f4f4f3,
f5f4f1,
f6f5f0,
f3f2eb,
f1efe7,
edeadf,
eae6d7,
e4ddcb,
ded5be,
d4c7a9,
cbba95,
cebf9c,
d2c4a3,
d2c3a2,
d2c3a2,
d3c5a4,
d5c7a5,
d4c6a5,
d4c6a4,
cdbd98,
c6b38c,
ccbc96,
d3c4a0,
ded2af,
e9e1be,
e8e1c1,
e8e2c5,
e9e4cf,
eae6da,
e3e0da,
dcdada,
bcbec7,
9ca2b5,
8992ae,
7783a8,
6e7eaf,
667ab6,
5f77ba,
5873bf,
5673c1,
5473c3,
5876c2,
5c79c2,
6581c4,
6f89c7,
7c94cb,
8a9fcf,
96aad3,
a2b4d8,
afbcdb,
bbc5de,
cbd1e3,
dbdee9,
e3e5ec,
ecedf0,
ececeb,
ecebe7,
efeee9,
f2f1ec,
e8e6df,
dfdbd3,
cdc5b5,
bbaf97,
b8a784,
b5a072,
ae996c,
a89367,
a89366,
a89366,
c5b487,
e3d4a9,
d8c694,
ceb780,
b2a789,
979792,
8d939d,
848fa8,
a9afc2,
cfd0dd,
d7d7e5,
e0dfed,
deddec,
dddcec,
d7d8e9,
d1d4e7,
c6cee3,
bac7e0,
a8bddf,
95b4de,
86aee4,
78a9ea,
7cace9,
80afe8,
7dabe7,
7ba8e5,
6c9ee8,
5d95ea,
5a91e7,
588de4,
6391d9,
6e95ce,
7294c2,
7693b5,
6a809c,
5f6e82,
656c78,
6b6a6f,
76737b,
807d87,
696a81,
51587c,
4c5579,
475176,
474e6d,
484c64,
44455a,
413f50,
494856,
52515b,
686874,
7e7f8d,
9596a6,
acadbe,
b6b7c7,
c1c1d1,
ccccd9,
d8d8e2,
e0e0e8,
e9e8ee,
edebf3,
f1eff8,
d2cfd5,
b3afb3,
837c7d,
524948,
625956,
726864,
8f8784,
aca5a4,
c7c3c6,
e3e2e9,
e7e5ee,
eae9f4,
eae9f4,
ebe9f5,
eae9f4,
e9e8f3,
e6e6f0,
e4e4ee,
dcdde8,
d5d6e2,
d5d6e1,
d6d6e1,
dcdde7,
e3e3ed,
d9dae7,
d0d2e1,
c9cbdd,
c2c4d9,
c3c5d9,
c4c6d9,
c2c6d6,
c1c5d4,
d0d2db,
dfe0e3,
ececee,
f9f9f9,
f7f7f7,
f5f5f5,
f5f5f5,
f6f6f6,
f8f8f8,
fafafa,
fafafa,
f6f6f6,
f7f7f7,
f8f8f8,
f8f8f8,
f8f8f8,
f7f7f7,
f6f6f6,
f7f7f7,
f7f7f7,
f8f8f8,
f8f8f8,
f8f8f8,
f7f7f7,
f7f7f7,
f6f6f6,
f7f7f7,
f8f8f8,
f8f8f8,
f8f8f8,
f7f7f7,
f6f6f6,
f6f6f6,
f6f6f6,
f7f7f7,
f8f8f8,
f8f8f8,
f7f7f7,
f7f7f7,
f6f6f6,
f7f7f7,
f8f8f8,
f8f8f8,
f8f8f8,
f7f7f7,
f6f6f6,
f6f6f6,
f6f6f6,
f7f7f7,
f8f8f8,
f8f8f8,
f7f7f7,
f7f7f7,
f6f6f6,
f7f7f7,
f8f8f8,
f8f8f8,
f8f8f8,
f7f7f7,
f6f6f6,
f5f5f4,
f3f3f1,
f2f1eb,
f0eee5,
eeebde,
ebe7d6,
e7e2cc,
e3dcc2,
dacfaf,
d0c19c,
cab88f,
c4af81,
c1ab7b,
bda675,
bda575,
bca475,
bea778,
c0aa7b,
c4ae80,
c7b284,
c3ad7e,
bfa777,
bfa878,
bfa879,
d3c398,
e7deb6,
e8e0ba,
e9e2be,
e6dec1,
e2dac3,
ded8c9,
dad5ce,
b9b6b7,
97979f,
7f8191,
676b83,
5e6992,
5466a1,
4a62ab,
3f5eb5,
395bb8,
3358ba,
3357ba,
3256b9,
3659b9,
395cb8,
496abb,
5878be,
6787c7,
7695cf,
829ace,
8d9fcc,
a4b0d2,
bac1d7,
ced2e0,
e1e3e9,
e7e8eb,
ededed,
efefee,
f1f1ef,
e0ddd5,
cfc8ba,
c4b9a2,
b8a989,
b2a079,
ac9669,
ae986a,
b09a6a,
b09b6a,
b09b69,
c5b283,
d9c99d,
cdba8a,
c1ab76,
a09b8a,
7e8a9e,
8791a6,
9098ae,
bcc0d0,
e8e7f1,
eceaf5,
efecf9,
f0edfa,
f0eefb,
f0eefb,
efedfa,
e9e8f5,
e2e2f0,
c9d0e3,
b0bdd5,
99b3d9,
82a9dc,
87afe0,
8bb5e3,
8cb5e4,
8cb5e5,
7badee,
69a4f7,
639cf1,
5c94eb,
6c99dc,
7b9dcd,
84a6d1,
8dafd5,
819fc3,
748fb0,
728195,
707279,
858590,
9997a6,
7d84a6,
6170a5,
5165a2,
41599e,
4b5d98,
556191,
545c84,
535676,
565872,
585a6d,
646677,
6f7181,
8d8f9f,
abadbd,
b9bac9,
c6c6d4,
d1d1dc,
dcdbe4,
e2e1e8,
e7e6ec,
ebe9f0,
eeebf3,
c2bec3,
969093,
70686a,
494040,
625958,
7b726f,
a49d9d,
cdc7ca,
dbd8de,
e9e8f2,
e9e8f3,
e8e7f4,
e7e6f3,
e6e5f2,
e5e5f1,
e4e4ef,
e1e2ed,
dedfea,
dddee9,
dbdce8,
d3d4e0,
cbccd8,
d5d5e1,
dedee9,
dadae7,
d5d6e5,
cdcfe0,
c5c7db,
c4c7da,
c3c6d9,
c2c6d7,
c1c6d4,
cccfd8,
d7d8dc,
e8e8ea,
f8f8f8,
f7f7f7,
f6f6f6,
f6f6f6,
f6f6f6,
f7f7f7,
f8f8f8,
f8f8f8,
f9f9f9,
f7f7f7,
f6f6f6,
f6f6f6,
f6f6f6,
f7f7f7,
f9f9f9,
f8f8f8,
f8f8f8,
f6f6f6,
f5f5f5,
f6f6f6,
f8f8f8,
f8f8f8,
f9f9f9,
f8f8f8,
f6f6f6,
f6f6f6,
f6f6f6,
f7f7f7,
f9f9f9,
f8f8f8,
f8f8f8,
f6f6f6,
f5f5f5,
f6f6f6,
f7f7f7,
f8f8f8,
f9f9f9,
f8f8f8,
f6f6f6,
f6f6f6,
f6f6f6,
f7f7f7,
f9f9f9,
f8f8f8,
f8f8f8,
f7f7f7,
f5f5f5,
f6f6f6,
f7f7f7,
f8f8f8,
fafafa,
f8f8f8,
f7f7f7,
f6f5f5,
f5f4f4,
f3f2f0,
f2f0ec,
eeece5,
ebe8df,
eae7dc,
eae7da,
e6e1d1,
e2dcc9,
d9ceb4,
cfc1a0,
c7b58e,
bfa97d,
bca475,
b99f6d,
b79d6a,
b69b67,
b59a67,
b59a67,
b69b69,
b79d6a,
b99f6c,
bba16f,
b99e6c,
b79b69,
b79c6a,
b79c6a,
c5b081,
d4c498,
dfd3aa,
eae2bd,
e8e0be,
e7debf,
ddd3b7,
d4c7af,
baaf9e,
a0988e,
817a77,
625c61,
66626f,
6a697d,
656989,
5f6a96,
57679f,
4e64a8,
4760ad,
405db1,
3f5db2,
3e5db4,
4a68b8,
5673bc,
6683c3,
7693ca,
829ccf,
8da5d5,
93a8d4,
9aabd3,
a1afd3,
a8b4d3,
b0bad5,
b9c1d7,
c2c8d8,
cccfda,
c1bfbe,
b6afa2,
b5a88e,
b4a17b,
b29e72,
b19a69,
b09a69,
b09a6a,
ac9767,
a99464,
b6a375,
c3b285,
b3a582,
a3997f,
86888c,
69789a,
8892ad,
a8adc0,
c9cbda,
eae9f4,
edebf7,
f0edfa,
f0eefb,
f0eefb,
f0eefb,
f0eefb,
ecebf8,
e9e8f6,
dadded,
cbd1e4,
b0c0dc,
95afd5,
8fafda,
89b0df,
83afe5,
7eafec,
74aaf2,
6aa6f9,
66a2f6,
639ef3,
6a9ee8,
729fdd,
74a1dc,
77a3dc,
759fd4,
749bcc,
7690b1,
788595,
8c919e,
a09da7,
9ea0b6,
9ca2c5,
818dba,
6677af,
5b6ea8,
5164a1,
4e5c90,
4b5580,
4f587b,
545b77,
5c627e,
656a85,
767c99,
888eac,
989db9,
a8adc6,
babdd0,
cbcddb,
d3d3dd,
dad9df,
cdc9ce,
bfb9bd,
9d9698,
7b7474,
605859,
463c3f,
574e4f,
695f60,
918a8d,
bab5ba,
cccad2,
dedfea,
dddeea,
dcddea,
dddfeb,
dfe1ed,
dddfeb,
dbdde9,
d7d9e6,
d3d6e3,
d3d5e3,
d3d5e3,
d0d2df,
cdcfdb,
d3d4e0,
dadae5,
d8d8e5,
d6d7e5,
cfd0e0,
c8c9db,
c7c8da,
c6c8d9,
c6c9d8,
c7cbd7,
d2d4db,
dcdde0,
e9e9eb,
f5f5f5,
f7f7f7,
f9f9f9,
f8f8f8,
f8f8f8,
f6f6f6,
f5f5f5,
f5f5f5,
fcfcfc,
f8f8f8,
f3f3f3,
f3f3f3,
f3f3f3,
f8f8f8,
fcfcfc,
fafafa,
f8f8f8,
f5f5f5,
f1f1f1,
f5f5f5,
f8f8f8,
fafafa,
fcfcfc,
f8f8f8,
f4f4f4,
f4f4f4,
f3f3f3,
f7f7f7,
fbfbfb,
fafafa,
f9f9f9,
f5f5f5,
f1f1f1,
f4f4f4,
f7f7f7,
fafafa,
fcfcfc,
f8f8f8,
f4f4f4,
f4f4f4,
f3f3f3,
f7f7f7,
fbfbfb,
fbfbfb,
fafafa,
f6f6f6,
f2f2f2,
f4f4f4,
f6f6f6,
fafafa,
fdfdfd,
f9f9f9,
f5f5f5,
f3f3f2,
f1f0ef,
efede8,
edeae1,
e8e4d7,
e3ddcc,
e3dece,
e3dfcf,
ded8c5,
d9d0bb,
cabb9d,
bba67e,
b59b6e,
ae905d,
ae905b,
ae8f59,
ae8f59,
ae8f59,
ae8f59,
ae8f59,
ae8f59,
ae8f59,
ae8f59,
ae8f59,
af8f5a,
af8f5b,
af905b,
af905b,
b89d6b,
c0aa7a,
d6c69b,
ebe2bb,
ebe2bb,
ebe2ba,
dccea5,
cdb98f,
bba986,
a9987c,
83725d,
5d4c3e,
6f5c4b,
806c58,
807167,
7f7576,
747386,
697096,
5c6aa0,
4e63a9,
4961ac,
435eaf,
4b66b4,
536eb9,
6580bf,
7691c4,
829ed1,
8dabdd,
83a0d6,
7995cf,
748dc6,
6f84bd,
7a8cbf,
8494c0,
96a1c3,
a7adc5,
a2a1a7,
9d9589,
a6977b,
af996c,
b29c6b,
b59e69,
b29c69,
af9a69,
a89464,
a18d5f,
a79466,
ac9a6d,
99907a,
858687,
6c768f,
536596,
8a94b4,
c0c2d1,
d6d6e4,
ebeaf6,
eeecf9,
f0eefb,
f0eefb,
f0eefb,
f0eefb,
f0eefb,
f0eefb,
f0eefb,
ebeaf7,
e6e5f2,
c7cde0,
a7b4cd,
97b0d4,
86abdb,
7baae7,
70a8f2,
6da8f6,
6aa7fa,
6aa7fb,
6aa7fb,
69a4f4,
68a0ec,
649be7,
6096e2,
6a9fe5,
74a7e8,
7a9fcd,
7f97b1,
939dad,
a6a3a8,
bebcc6,
d6d4e4,
b0b5d2,
8a95c0,
6b7eb9,
4c67b1,
475d9d,
425389,
495785,
505b81,
555f85,
5a6289,
606992,
656f9b,
7881aa,
8a93b8,
a2a9c5,
babed1,
c4c5d1,
cdccd1,
afaaac,
908787,
786f6e,
605754,
514849,
42383e,
4c4247,
564c50,
7f787d,
a7a3aa,
bdbcc6,
d2d5e2,
d1d4e1,
cfd2e0,
d4d7e4,
d8dce7,
d5d9e5,
d2d6e2,
cdd1df,
c8ccdb,
c9cddc,
cacedd,
ccd0de,
ced1de,
d2d4e0,
d6d6e1,
d6d7e3,
d6d7e4,
d0d1df,
cacbda,
c9cad9,
c8c9d8,
cbccd9,
cdcfd9,
d7d9df,
e1e2e4,
eaeaeb,
f2f2f2,
f7f7f7,
fbfbfb,
fafafa,
f9f9f9,
f6f6f6,
f2f2f2,
f2f2f2,
f7f7f7,
f7f7f7,
f7f7f7,
f7f7f7,
f7f7f7,
f7f7f7,
f7f7f7,
f7f7f7,
f7f7f7,
f7f7f7,
f7f7f7,
f7f7f7,
f7f7f7,
f7f7f7,
f7f7f7,
f7f7f7,
f7f7f7,
f7f7f7,
f7f7f7,
f7f7f7,
f7f7f7,
f7f7f7,
f7f7f7,
f7f7f7,
f7f7f7,
f7f7f7,
f7f7f7,
f7f7f7,
f7f7f7,
f7f7f7,
f7f7f7,
f7f7f7,
f7f7f7,
f7f7f7,
f7f7f7,
f7f7f7,
f7f7f7,
f7f7f7,
f7f7f7,
f7f7f7,
f7f7f7,
f7f7f7,
f7f7f7,
f7f7f6,
f6f6f6,
f2f1ee,
edebe6,
eae7df,
e7e3d9,
e7e4d9,
e8e4d9,
e3ded0,
dfd8c7,
d3c6ad,
c6b593,
bda87f,
b59b6c,
b29564,
af905c,
af905b,
b0905a,
af905a,
af905a,
af905b,
af915b,
b0935f,
b29563,
b49868,
b69c6d,
b79d71,
b99f75,
baa076,
bba277,
bea67b,
c1ab80,
cdbb92,
d9cca5,
dbd1ab,
ddd6b1,
d0c4a0,
c4b38f,
af9d7d,
9b886a,
786752,
564639,
685748,
7a6957,
857566,
8f8174,
867b78,
7c767d,
6e6d7f,
5f6482,
586184,
525d87,
5e6a92,
6b789e,
7280a3,
7988a9,
7c92bc,
7f9cd0,
7f9ed4,
7ea0d9,
7796d2,
718dcb,
718bc8,
7188c4,
7e90c2,
8b98bf,
868ea8,
828591,
908c88,
9f937f,
a4967b,
a99977,
a99975,
a99a72,
a6966e,
a3936b,
9f9477,
9b9684,
81858d,
677496,
616e9a,
5b699e,
949cbe,
cecfde,
ddddeb,
edebf8,
eeecf9,
efedfa,
efedfa,
efedfa,
efedfa,
eeedfa,
ecebf8,
ebeaf6,
e9e8f4,
e7e6f3,
d5d8e7,
c3c9dc,
a9bad7,
90acd3,
83aade,
76a9e9,
70a8f1,
6aa7f9,
69a7fa,
69a7fb,
68a5f7,
67a4f3,
64a0f0,
619ded,
66a0ee,
6aa4ef,
72a2de,
799fcd,
879dba,
969ba8,
b7b9c6,
d9d7e3,
c7c8dd,
b5bad7,
8e9ac9,
677bba,
5b6da9,
4f6097,
526292,
56648d,
59658d,
5d668d,
636b8e,
6a708f,
797e99,
878ca4,
9095b0,
999fbb,
9da2bb,
a1a4bb,
888796,
706970,
5f575b,
4e4546,
473d41,
3f363d,
453c42,
4b4348,
655f65,
7e7b81,
9999a1,
b4b6c1,
bfc1cc,
caccd6,
d1d3dc,
d8dae2,
d4d7df,
d1d4dc,
ced0da,
cbcdd8,
ced0db,
d1d3de,
d5d7e1,
d9dbe4,
dadbe3,
dbdbe2,
dcdde4,
dedee6,
dddde5,
dcdde5,
dbdce4,
dadbe3,
dcdce3,
dddee4,
e5e6e9,
eeeeef,
f2f2f3,
f7f7f7,
f7f7f7,
f7f7f7,
f7f7f7,
f7f7f7,
f7f7f7,
f7f7f7,
f7f7f7,
f2f2f2,
f7f7f7,
fbfbfb,
fbfbfb,
fbfbfb,
f7f7f7,
f2f2f2,
f4f4f4,
f6f6f6,
fafafa,
fdfdfd,
fafafa,
f6f6f6,
f4f4f4,
f2f2f2,
f6f6f6,
fafafa,
fbfbfb,
fbfbfb,
f7f7f7,
f3f3f3,
f4f4f4,
f5f5f5,
f9f9f9,
fdfdfd,
fafafa,
f7f7f7,
f5f5f5,
f2f2f2,
f6f6f6,
fafafa,
fbfbfb,
fbfbfb,
f7f7f7,
f3f3f3,
f4f4f4,
f4f4f4,
f8f8f8,
fcfcfc,
fafafa,
f8f8f8,
f5f5f5,
f1f1f1,
f4f4f4,
f7f7f6,
f0efe9,
e9e6dc,
e5e1d6,
e0dcd0,
e6e4db,
ecebe6,
e4ded2,
dbd0be,
c7b594,
b3996a,
b19462,
ae8f59,
af905a,
b0905a,
b1915b,
b1915b,
b1915b,
b0915b,
b0925c,
b0925d,
b39765,
b59b6d,
baa277,
bea881,
c0ac88,
c2af8e,
c4b190,
c6b392,
c4af8c,
c1ab86,
c4b18a,
c6b68e,
cbc09b,
cfc9a8,
c5bb9c,
baad8f,
a39274,
8c7758,
6e5c46,
4f4034,
625345,
746556,
8a7964,
9f8c72,
97846b,
8f7c63,
80715f,
70655b,
68615d,
605c5e,
716f70,
828182,
7f8088,
7c7f8d,
7786a8,
718dc2,
7a9cd3,
83aae3,
7ba0de,
7296d9,
6889d1,
5d7cc8,
6680c1,
6f83b9,
6b7ca9,
667498,
7b8195,
8f8d91,
96918b,
9d9485,
a09780,
a3997b,
a49979,
a59876,
989589,
8a929b,
697aa0,
4861a5,
5567a6,
626da6,
9fa5c8,
dcdcea,
e5e4f2,
eeecf9,
eeecf9,
eeecf9,
eeecf9,
eeecf9,
edecf9,
ecebf8,
e9e8f5,
e5e5f1,
e7e6f2,
e8e7f3,
e3e3ef,
dedeea,
bcc5db,
9aaccb,
8babd5,
7caadf,
73a9ec,
69a7f8,
69a7fa,
68a7fb,
67a7fb,
66a7fa,
64a5f9,
62a3f8,
61a2f7,
60a1f6,
6aa4ef,
73a7e8,
7c9dc8,
8593a8,
b0b6c5,
dbd9e2,
dddce8,
dfdfee,
b0b7d9,
818ec3,
6e7eb4,
5b6da5,
5b6d9f,
5b6c98,
5d6b94,
5f6990,
676d89,
6f7082,
7a7a89,
848490,
7e829b,
7780a5,
767ea5,
757ca5,
62647f,
4f4b59,
463f48,
3c3337,
3c3339,
3c333b,
3e363e,
403940,
4b464c,
555358,
76757c,
9697a0,
aeafb6,
c5c6cc,
cecfd4,
d7d8dc,
d4d5d9,
d0d1d6,
cfd0d6,
cdced5,
d2d3da,
d7d8de,
dedee4,
e4e4e9,
e2e2e6,
e0e0e3,
e3e3e5,
e5e5e7,
eaeaec,
eeeef0,
ededef,
ececed,
ededee,
ededee,
f4f4f4,
fafafa,
fbfbfb,
fbfbfb,
f7f7f7,
f3f3f3,
f4f4f4,
f5f5f5,
f9f9f9,
fcfcfc,
fcfcfc,
f5f5f5,
f7f7f7,
f9f9f9,
f9f9f9,
f9f9f9,
f7f7f7,
f5f5f5,
f6f6f6,
f7f7f7,
f8f8f8,
fafafa,
f8f8f8,
f7f7f7,
f6f6f6,
f5f5f5,
f7f7f7,
f8f8f8,
f8f8f8,
f9f9f9,
f7f7f7,
f6f6f6,
f6f6f6,
f6f6f6,
f8f8f8,
fafafa,
f8f8f8,
f7f7f7,
f6f6f6,
f5f5f5,
f7f7f7,
f8f8f8,
f8f8f8,
f9f9f9,
f7f7f7,
f6f6f6,
f6f6f6,
f6f6f6,
f8f8f8,
f9f9f9,
f8f8f8,
f7f7f6,
f5f4f4,
f3f2f1,
f2f1ef,
f1f0ed,
eeece7,
ebe8e1,
ebe9e2,
eceae3,
e9e5dd,
e6e1d7,
d8cbb6,
cab696,
bfa67d,
b49765,
b29561,
b1925d,
b2935d,
b3945e,
b3945e,
b3945e,
b49662,
b59966,
bba375,
c2ad85,
c8b695,
cfc0a5,
d3c6ae,
d8cdb8,
dad0bd,
ddd3c2,
ddd3c3,
ded4c4,
dcd1bf,
dacebb,
d5cbb5,
d1c7b0,
b7ae98,
9d9580,
968c77,
90836f,
867762,
7d6c56,
675747,
524338,
5b4c3f,
645446,
73614f,
836f58,
877259,
8c765a,
806d56,
756552,
685c4e,
5b534b,
645d57,
6d6863,
6d6c72,
6e7081,
747c95,
7b89a9,
7f95ba,
84a2cb,
82a2d4,
81a3de,
799bda,
7292d6,
7593d1,
7894cc,
758ebd,
7388ae,
828fa8,
9096a2,
8d9199,
8a8d91,
898e92,
888f93,
879096,
87919a,
7886a2,
687ca9,
5369a5,
3f55a2,
5f6fad,
8089b8,
b1b6d4,
e3e3f0,
e8e7f4,
edebf8,
edebf8,
edebf8,
ebeaf7,
eae9f6,
e8e8f4,
e6e6f3,
e3e4f1,
e1e2ef,
e5e5f1,
e8e7f4,
e4e4ef,
e1e0ea,
c4c9da,
a8b2ca,
93aacd,
7ea1d0,
75a4e0,
6da7f1,
69a7f6,
66a6fa,
6ba7f3,
70a8ed,
6ba6ef,
67a4f2,
62a2f5,
5ea0f9,
62a1f5,
66a3f2,
709dd9,
7b97c0,
a1b0cb,
c7c8d6,
d7d8e5,
e7e7f4,
bdc2e0,
929dcc,
828ebf,
7280b1,
727fae,
727fab,
7b85ac,
858cac,
757d9e,
666f90,
6e738c,
767887,
7c7f90,
838599,
868aa6,
8a90b4,
6b6f91,
4c4e6e,
424055,
39323d,
39323a,
393238,
393338,
393439,
403d40,
474548,
5f5e62,
77787c,
a0a1a5,
cacacd,
d8d8db,
e6e6e8,
e4e5e7,
e3e4e6,
e3e3e6,
e3e3e7,
e5e5e8,
e7e7ea,
eaeaed,
ededf0,
ededef,
ececee,
ededee,
eeeeef,
f0f0f1,
f2f2f3,
f2f2f3,
f2f2f2,
f2f2f3,
f3f3f3,
f5f5f6,
f8f8f8,
f8f8f8,
f9f9f9,
f7f7f7,
f6f6f6,
f6f6f6,
f6f6f6,
f8f8f8,
f9f9f9,
f9f9f9,
f8f8f8,
f7f7f7,
f6f6f6,
f6f6f6,
f6f6f6,
f7f7f7,
f8f8f8,
f8f8f8,
f7f7f7,
f7f7f7,
f6f6f6,
f7f7f7,
f7f7f7,
f8f8f8,
f8f8f8,
f7f7f7,
f6f6f6,
f6f6f6,
f6f6f6,
f7f7f7,
f8f8f8,
f8f8f8,
f7f7f7,
f7f7f7,
f6f6f6,
f7f7f7,
f7f7f7,
f8f8f8,
f8f8f8,
f7f7f7,
f6f6f6,
f6f6f6,
f6f6f6,
f7f7f7,
f8f8f8,
f8f8f8,
f8f8f8,
f7f7f7,
f6f6f6,
f6f6f5,
f5f5f4,
f5f4f3,
f4f3f1,
efeeea,
eae9e3,
ebeae4,
eceae5,
f2f1ee,
f7f7f6,
ebe7df,
dfd7c8,
ccb99b,
b89b6d,
b69867,
b49560,
b49560,
b49560,
b59661,
b59761,
b59761,
b59660,
b79b68,
b9a070,
c7b48f,
d4c7ad,
ded6c5,
e8e4dc,
edebe6,
f2f1ef,
f5f4f3,
f7f6f6,
f7f6f6,
f6f5f5,
f4f3f2,
f2f1ef,
e7e5e0,
dcd8d1,
a39c94,
6a6057,
685c53,
65584e,
6a5c51,
6e6053,
615347,
54463b,
544539,
534336,
5d4a3a,
66513d,
776147,
887050,
816a4d,
796449,
685740,
564937,
574c3d,
574e43,
5b575c,
5f6074,
727382,
85858f,
858fa1,
8499b2,
8aa5ca,
8fb0e2,
8bace3,
86a8e3,
83a7e1,
80a5df,
80a0d1,
809bc3,
899dbb,
919eb2,
8492a8,
76859d,
7185a4,
6c84aa,
6b87b4,
6989be,
5878bb,
4666b7,
3e58ab,
35499e,
6a77b4,
9ea5ca,
c4c7e0,
e9e9f5,
eaeaf6,
ebeaf6,
ebeaf6,
ebeaf6,
e9e8f4,
e6e6f2,
e3e4f0,
dfe1ee,
dee0ee,
dddfed,
e3e3f1,
e8e7f4,
e6e5ef,
e3e2ea,
cdcdda,
b6b8c9,
9ba8c5,
7f98c0,
78a0d5,
71a7ea,
6aa6f2,
63a5f9,
6ea7ec,
79a8df,
72a6e5,
6ba4eb,
63a2f3,
5b9ffb,
5a9ffb,
589efb,
649de9,
709bd7,
91a9d0,
b2b7c9,
d1d3e1,
efeff9,
c9cee7,
a3acd5,
969fc9,
8892bd,
8892be,
8892be,
99a0c3,
aaaec8,
838eb3,
5c6d9e,
626d8e,
686c7e,
7b7b85,
8e8a8c,
9697a8,
9ea3c3,
737aa3,
485183,
3f4163,
353042,
36303c,
363035,
343033,
322f31,
353335,
383738,
484848,
585858,
939393,
cecece,
e1e1e1,
f4f4f4,
f5f5f5,
f6f6f6,
f7f7f7,
f8f8f8,
f7f7f7,
f6f6f6,
f6f6f6,
f6f6f6,
f7f7f7,
f8f8f8,
f8f8f8,
f7f7f7,
f7f7f7,
f6f6f6,
f7f7f7,
f7f7f7,
f8f8f8,
f8f8f8,
f7f7f7,
f6f6f6,
f6f6f6,
f6f6f6,
f7f7f7,
f8f8f8,
f8f8f8,
f7f7f7,
f7f7f7,
f6f6f6,
f6f6f6,
fafafa,
f7f7f7,
f5f5f5,
f5f5f5,
f5f5f5,
f7f7f7,
fafafa,
f9f9f9,
f8f8f8,
f6f6f6,
f4f4f4,
f6f6f6,
f8f8f8,
f9f9f9,
fafafa,
f8f8f8,
f6f6f6,
f5f5f5,
f5f5f5,
f7f7f7,
f9f9f9,
f9f9f9,
f8f8f8,
f6f6f6,
f4f4f4,
f6f6f6,
f7f7f7,
f8f8f8,
fafafa,
f8f8f8,
f6f6f6,
f5f5f5,
f5f5f5,
f7f7f7,
f9f9f9,
f9f8f8,
f8f8f7,
f4f3f0,
f0eee8,
eeeae1,
ede7da,
e8e1d3,
e4dccc,
e3dccd,
e1dccf,
e7e4dc,
eeede9,
f2f1ee,
f6f5f3,
e4dcce,
d2c4a9,
c5af89,
b89b6a,
b79967,
b69864,
b69763,
b69763,
b69863,
b79863,
b89b68,
ba9e6d,
c5af87,
d0c0a1,
dbd0ba,
e7e0d3,
eae6dd,
eeece8,
f1efed,
f4f3f2,
f7f6f6,
faf9f9,
f8f7f7,
f6f6f6,
f4f4f3,
f3f2f1,
eeedeb,
eae8e4,
c4c0bb,
9f9993,
8b837c,
786e66,
73675d,
6e6055,
695a4f,
64554a,
665647,
685843,
766146,
836b4a,
907651,
9c8158,
9b8159,
998059,
8e7855,
826f51,
7a6a52,
726454,
736963,
746e72,
877d76,
9b8c7a,
989084,
95958f,
919ca8,
8ea3c2,
88a1cb,
82a0d4,
7d9ed4,
799cd4,
7798cd,
7595c5,
7895c1,
7c95bd,
748fb9,
6d8ab6,
6786b8,
6282bb,
5e7ebb,
5b7abb,
5974b8,
586fb5,
6678b8,
7581bb,
9ca3cd,
c3c6e0,
d8d9eb,
ececf7,
edecf8,
edecf8,
eaeaf6,
e8e8f4,
e5e5f2,
e2e3f0,
dddeeb,
d8dae7,
d4d6e3,
d1d2df,
dddde9,
e9e8f4,
e6e5ef,
e3e2ea,
cdccd9,
b7b7c8,
a3abc5,
909fc2,
84a2cf,
79a4dc,
70a5e9,
67a6f5,
6ea6ec,
75a6e3,
6fa5e7,
6aa4eb,
629fed,
5a9bf0,
599cf5,
579dfa,
5f9cef,
669be4,
7c9bce,
919bb8,
babfd3,
e4e4ef,
c8cce4,
adb5da,
9aa4cd,
8893c0,
8992bd,
8a91bb,
9499be,
9ea1c0,
8d94b8,
7d87b0,
69749a,
566185,
636980,
71717b,
878898,
9e9fb5,
737697,
494e79,
3f4063,
35334e,
353241,
353134,
353133,
343232,
3e3c3c,
484747,
666565,
848484,
b0b0b0,
dbdbdb,
e7e7e7,
f3f3f4,
f5f5f5,
f7f7f7,
f8f8f8,
fafafa,
f7f7f7,
f5f5f5,
f5f5f5,
f5f5f5,
f7f7f7,
fafafa,
f9f9f9,
f8f8f8,
f6f6f6,
f4f4f4,
f6f6f6,
f8f8f8,
f9f9f9,
fafafa,
f8f8f8,
f6f6f6,
f5f5f5,
f5f5f5,
f7f7f7,
f9f9f9,
f9f9f9,
f8f8f8,
f6f6f6,
f5f5f5,
f5f5f5,
fbfbfb,
f8f8f8,
f4f4f4,
f4f4f4,
f4f4f4,
f8f8f8,
fbfbfb,
fafafa,
f8f8f8,
f5f5f5,
f2f2f2,
f5f5f5,
f8f8f8,
fafafa,
fbfbfb,
f8f8f8,
f5f5f5,
f5f5f5,
f4f4f4,
f7f7f7,
fafafa,
fafafa,
f9f9f9,
f6f6f6,
f2f2f2,
f5f5f5,
f7f7f7,
f9f9f9,
fbfbfb,
f8f8f8,
f5f5f5,
f5f5f5,
f4f4f4,
f7f7f7,
fafafa,
f9f9f8,
f8f7f6,
f1efe8,
eae6da,
e7dfcd,
e4d8bf,
dccfb3,
d4c5a6,
d6cab1,
d8cebb,
e4dfd4,
efefed,
f2f1ef,
f5f3f0,
ddd2bd,
c4b08a,
bea578,
b89a66,
b89a67,
b79a67,
b79a67,
b79966,
b89965,
b89964,
bc9f6f,
bfa57a,
d3c2a6,
e6dfd2,
f0ece5,
f9f8f8,
f6f6f6,
f3f3f3,
f4f4f4,
f5f5f5,
f9f8f9,
fcfbfc,
f9f9f9,
f6f6f6,
f5f5f5,
f3f3f3,
f5f5f5,
f7f7f7,
e5e4e3,
d3d1ce,
afaaa6,
8b837e,
7c726a,
6d6056,
706258,
736359,
786855,
7d6c50,
8f7953,
a08556,
a88c5b,
b09260,
b59765,
b99c69,
b4996a,
ae956a,
9e8868,
8d7a65,
8b7b6b,
897c70,
9d886b,
b09365,
ab9268,
a5906b,
999387,
8d95a2,
8697b4,
7e98c5,
7896c7,
7193c9,
6e91c8,
6a8ec7,
688dc7,
668cc7,
658dcb,
638ecf,
5d87cd,
5780cb,
5276c1,
4c6bb7,
5b71b5,
6977b2,
8f98c5,
b5b8d7,
cfd0e6,
e8e7f5,
ecebf7,
efeef9,
efeefa,
efedfa,
eae9f6,
e4e5f1,
e1e3ef,
dde0ed,
d7d9e6,
d1d2df,
cbcbd8,
c4c4d0,
d7d6e2,
eae8f3,
e7e5ef,
e3e1ea,
cdcbd8,
b7b5c6,
acaec5,
a1a6c3,
91a4c9,
80a1ce,
76a4e0,
6ba6f1,
6ea5ec,
71a4e6,
6da4e8,
68a3ea,
619de8,
5996e5,
5899ef,
569bf8,
599bf4,
5c9af0,
668dcb,
707fa6,
a4acc6,
d8d8e5,
c7cbe2,
b6bede,
9fa9d0,
8893c2,
8a92bd,
8b90b8,
8f92b8,
9293b8,
989abd,
9da0c2,
717ba7,
44568b,
4c577a,
535769,
787988,
9d9aa6,
73738a,
494b6e,
3f4064,
353559,
353346,
343133,
353333,
363432,
474544,
575655,
848383,
b0b0b0,
cccccc,
e8e8e8,
ededee,
f2f2f3,
f5f5f6,
f8f8f8,
fafafa,
fbfbfb,
f8f8f8,
f4f4f4,
f4f4f4,
f4f4f4,
f8f8f8,
fbfbfb,
fafafa,
f8f8f8,
f5f5f5,
f2f2f2,
f5f5f5,
f8f8f8,
fafafa,
fbfbfb,
f8f8f8,
f5f5f5,
f5f5f5,
f4f4f4,
f7f7f7,
fafafa,
fafafa,
f9f9f9,
f6f6f6,
f3f3f3,
f3f3f3,
f6f6f6,
f7f7f7,
f8f8f8,
f8f8f8,
f8f8f8,
f7f7f7,
f6f6f6,
f6f6f6,
f7f7f7,
f7f7f7,
f8f8f8,
f8f8f8,
f7f7f7,
f7f7f7,
f6f6f6,
f7f7f7,
f8f8f8,
f8f8f8,
f8f8f8,
f7f7f7,
f6f6f6,
f7f7f7,
f7f7f7,
f8f8f8,
f8f8f8,
f8f8f8,
f7f7f7,
f7f7f7,
f6f6f6,
f7f7f7,
f8f8f8,
f8f8f8,
f8f8f8,
f7f6f6,
f5f5f3,
f4f1eb,
f3eee3,
efe8d6,
ece3ca,
e5d9bb,
dfcfad,
dbccaf,
d7cab1,
dacfba,
ddd4c3,
e4dfd3,
ebe9e2,
eeece6,
f1eeea,
d9ceb8,
c2ae86,
bda477,
b99b68,
b99b68,
b99b68,
b89b68,
b89a67,
b89a67,
b99b68,
c4ac83,
d0be9f,
ddd3bf,
ebe8e0,
efede8,
f3f2f0,
f5f5f4,
f8f8f8,
f7f7f7,
f7f7f7,
f7f6f7,
f6f6f6,
f7f6f7,
f7f7f7,
f7f7f7,
f8f8f7,
f6f5f4,
f4f3f1,
e9e8e5,
dfddd8,
ccc8c1,
bab3a9,
a2978b,
8a7c6d,
807162,
776658,
7c6d5a,
81735c,
9b8967,
b6a071,
b59c6b,
b49866,
b49866,
b49867,
af9669,
ab946c,
a08c6c,
96846c,
928471,
8f8476,
978975,
a08e75,
9b8d77,
978b7a,
8b8988,
808897,
72829f,
647ca8,
5e79aa,
5876ad,
5676b0,
5476b4,
5175b8,
4f74bc,
4f74be,
4f74c0,
5678c1,
5e7dc1,
7089c5,
8295c9,
95a2ce,
a8afd3,
bec1de,
d3d4ea,
e0e0f1,
edecf8,
eeedf9,
f0eefa,
ecebf8,
e9e9f6,
e5e6f2,
e1e3ef,
dfe1ee,
dee0ee,
d5d6e3,
ccccd9,
c6c6d1,
c0bfca,
d5d4df,
eae8f3,
e4e2ed,
dedde6,
c9c8d5,
b4b3c4,
b2b2c8,
b0b2cc,
a1adcb,
93a8cb,
85a7d8,
77a7e4,
71a6e9,
6ba5ee,
67a3f0,
64a2f1,
5f97e0,
5b8dd0,
588cd4,
568bd8,
558ee0,
5591e9,
577fc5,
596da2,
8590b5,
b2b3c9,
aeb3d0,
abb4d8,
8e9bca,
7182bd,
7e89bc,
8c91bc,
868ab7,
8184b2,
9597bf,
a9aacb,
888fb6,
6873a1,
56628b,
445175,
636983,
828091,
63637c,
454768,
3d3e61,
35365a,
373648,
3a3637,
3d3a39,
413e3b,
514e4b,
625f5c,
969492,
c9c9c9,
dcdcdc,
efefef,
f4f4f4,
f8f8f9,
f7f7f8,
f7f7f7,
f6f6f6,
f6f6f6,
f7f7f7,
f8f8f8,
f8f8f8,
f8f8f8,
f7f7f7,
f6f6f6,
f6f6f6,
f7f7f7,
f7f7f7,
f8f8f8,
f8f8f8,
f7f7f7,
f7f7f7,
f6f6f6,
f7f7f7,
f8f8f8,
f8f8f8,
f8f8f8,
f7f7f7,
f6f6f6,
f7f7f7,
f7f7f7,
f8f8f8,
f8f8f8,
f8f8f8,
f1f1f1,
f6f6f6,
fbfbfb,
fbfbfb,
fbfbfb,
f6f6f6,
f1f1f1,
f3f3f3,
f5f5f5,
fafafa,
fefefe,
fafafa,
f6f6f6,
f4f4f4,
f1f1f1,
f6f6f6,
fafafa,
fbfbfb,
fbfbfb,
f7f7f7,
f2f2f2,
f4f4f4,
f5f5f5,
fafafa,
fefefe,
fbfbfb,
f7f7f7,
f4f4f4,
f1f1f1,
f6f6f6,
fafafa,
fbfbfb,
fcfcfc,
f6f6f4,
f0efec,
efeade,
ede5cf,
ede2c4,
eddfb9,
e4d2aa,
dac59b,
dacaab,
dacfbb,
ded5c3,
e2dacb,
e5dfd1,
e7e3d7,
eae6dd,
ece9e3,
d6cab3,
c0ab82,
bda476,
b99c6a,
ba9c6a,
ba9c69,
ba9c69,
b99b68,
b99c6a,
b99c6b,
cdb998,
e0d6c4,
e8e3d9,
f0f0ed,
eeeeeb,
ecebe8,
f4f4f2,
fcfcfc,
fbfbfb,
f9f9f9,
f5f5f5,
f0f0f0,
f4f4f4,
f8f8f8,
fafafa,
fcfcfb,
f6f5f3,
f0eeeb,
eeece7,
ebe9e2,
eae6db,
e8e2d4,
c7bdac,
a69883,
90816d,
7a6957,
7f7260,
847a68,
a89a7a,
cbba8c,
c2ac7c,
b89d6b,
b49968,
af9465,
ab9369,
a7926d,
a39070,
9e8e73,
9a8d78,
958b7c,
928a80,
8f8984,
8c8886,
888688,
7e808a,
737a8b,
5e6d8b,
495f8a,
445c8e,
3f5991,
3f5b99,
3e5da0,
3b5da8,
375cb0,
395bb1,
3a5ab1,
506ab4,
6579b7,
8f9cc9,
b8beda,
d0d2e7,
e7e6f3,
ecebf8,
f1effc,
f2f0fc,
f2f0fb,
f1effb,
f0eefb,
eae9f6,
e3e4f1,
e0e2ef,
dde0ec,
dee0ed,
dfe0ee,
d3d3e0,
c7c6d2,
c1c0cb,
bbbac4,
d3d1dc,
eae8f3,
e2e0eb,
d9d8e2,
c5c4d2,
b1b0c1,
b8b7cb,
bfbdd4,
b2b6ce,
a5aec8,
94abd0,
82a7d7,
74a6e7,
65a5f6,
62a3f7,
5fa1f8,
5e92d9,
5c83ba,
597fb9,
557bb7,
5182cd,
4d88e2,
4771c0,
415a9d,
6774a5,
8c8dad,
969bbf,
9fa9d1,
7d8dc4,
5a70b7,
7381bc,
8c91c0,
7e83b6,
7074ac,
9394c0,
b5b4d4,
a0a2c6,
8b90b7,
606e9c,
354b81,
4e597f,
66667c,
53546f,
404261,
3b3d5e,
35375a,
3a394a,
3f3a3a,
45413f,
4b4743,
5c5853,
6d6863,
a8a5a2,
e2e2e1,
ececec,
f6f6f6,
fafafa,
fefefe,
fafafa,
f5f5f5,
f3f3f3,
f1f1f1,
f6f6f6,
fbfbfb,
fbfbfb,
fbfbfb,
f6f6f6,
f1f1f1,
f3f3f3,
f5f5f5,
fafafa,
fefefe,
fafafa,
f6f6f6,
f4f4f4,
f1f1f1,
f6f6f6,
fafafa,
fbfbfb,
fcfcfc,
f7f7f7,
f2f2f2,
f4f4f4,
f5f5f5,
f9f9f9,
fdfdfd,
fdfdfd,
f6f6f6,
f7f7f7,
f8f8f8,
f8f8f8,
f8f8f8,
f7f7f7,
f6f6f6,
f6f6f6,
f7f7f7,
f8f8f8,
f9f9f9,
f8f8f8,
f7f7f7,
f6f6f6,
f6f6f6,
f7f7f7,
f8f8f8,
f8f8f8,
f8f8f8,
f7f7f7,
f6f6f6,
f6f6f6,
f7f7f7,
f8f8f8,
f9f9f9,
f8f8f8,
f7f7f7,
f6f6f6,
f6f6f6,
f7f7f7,
f8f8f8,
f8f8f7,
f8f8f7,
f3f1eb,
efeadf,
efe7d3,
f0e5c7,
ede0be,
ebdcb6,
decba2,
d1ba8e,
d6c5a5,
dcd1bd,
e4dcce,
ece8e0,
ebe7e0,
eae7e0,
eeebe6,
f2f0ec,
e0d8c6,
cfc09f,
c9b58d,
c2aa7b,
c1a777,
bfa473,
bea371,
bda26f,
bea372,
bfa576,
cfbd9c,
dfd6c2,
e4dfd0,
eae8de,
ebeae3,
edece8,
f3f2f0,
f8f8f8,
f8f8f8,
f8f8f8,
f6f6f6,
f5f4f4,
f4f3f0,
f4f2ed,
f3f1e9,
f3f0e4,
efebdc,
ece7d5,
eae5d3,
e9e3d1,
e8dfca,
e6dcc2,
d5c9ac,
c5b695,
b5a586,
a69577,
a79a7e,
a99e84,
bdb395,
d0c7a6,
beb59a,
aca48f,
9f988a,
918d86,
8d8c8d,
888c94,
838996,
7f8799,
778199,
6f7b99,
697698,
647298,
617097,
5e6e97,
586a97,
536698,
475f98,
3c5898,
39569b,
37549d,
3555a3,
3456a9,
3356ad,
3256b2,
3f5db0,
4c64af,
6b7db6,
8b95be,
a9afcd,
c7c9dc,
d8d8e7,
eae8f3,
eeecf7,
f2f1fb,
f2f1fb,
f2f1fb,
eeedf7,
ebe9f4,
e5e4f0,
dfe0ec,
dfe0ed,
dfe1ed,
e1e1ee,
e2e2ef,
d2d2de,
c3c2cd,
c2c1cc,
c1c0ca,
d3d3dd,
e6e5f1,
dbdbe6,
d1d1dc,
c2c1d0,
b3b2c4,
bfbdd0,
cac9dc,
c8cadd,
c7cbde,
acbcd9,
91acd4,
7ea6dd,
6aa0e6,
5d92e2,
5085dd,
5078bd,
516a9d,
4f6799,
4d6496,
5072b1,
5381cd,
476cb6,
3b58a0,
56669e,
72759c,
818ab6,
919ed0,
7488c9,
5772c2,
7283c3,
8d94c5,
7880b7,
636ca9,
898dbd,
b0afd1,
a6a7c9,
9c9ec2,
6e79a4,
405487,
465581,
4c557c,
41486f,
373c62,
373a59,
373851,
413e49,
4a4340,
59534c,
696258,
80786d,
988f81,
bdb6ab,
e1ddd6,
ebe9e5,
f6f5f5,
f7f7f7,
f9f9f9,
f6f6f6,
f3f3f3,
eeeeed,
e9e9e8,
f0efef,
f6f6f6,
f7f7f7,
f8f8f8,
f7f7f7,
f6f6f6,
f6f6f6,
f7f7f7,
f8f8f8,
f9f9f9,
f8f8f8,
f7f7f7,
f6f6f6,
f6f6f6,
f7f7f7,
f8f8f8,
f8f8f8,
f8f8f8,
f7f7f7,
f6f6f6,
f6f6f6,
f7f7f7,
f8f8f8,
f9f9f9,
f9f9f9,
fafafa,
f8f8f8,
f5f5f5,
f5f5f5,
f5f5f5,
f8f8f8,
fafafa,
f9f9f9,
f8f8f8,
f6f6f6,
f4f4f4,
f6f6f6,
f8f8f8,
f9f9f9,
fafafa,
f8f8f8,
f5f5f5,
f5f5f5,
f5f5f5,
f8f8f8,
fafafa,
f9f9f9,
f8f8f8,
f6f6f6,
f4f4f4,
f6f6f6,
f7f7f7,
f9f9f9,
fafafa,
f8f8f8,
f5f5f5,
f4f4f4,
f3f3f2,
f0ece2,
ede5d2,
f0e5c8,
f2e4be,
eedfb9,
e9d9b3,
d8c49a,
c7af80,
d2c19f,
ddd2be,
e9e4d9,
f5f5f4,
f1f0ee,
ecebe8,
f2f1ef,
f7f6f5,
ebe6d9,
ded5bc,
d5c7a4,
cbb88c,
c8b284,
c4ac7c,
c3aa79,
c1a876,
c3ab7b,
c5ad80,
d2c2a0,
ded6c0,
e1dbc7,
e3dfce,
e9e6db,
eeede7,
f1f1ee,
f4f4f4,
f5f5f5,
f6f6f6,
f8f7f7,
f9f8f7,
f4f2ed,
efebe2,
ede7d8,
eae3cd,
e9e1c6,
e7dfbe,
e7debf,
e7dcc0,
e6d9b8,
e4d6b0,
e4d5ac,
e3d3a7,
daca9f,
d1c197,
d0c29c,
cec2a0,
d2cbb0,
d5d4c0,
bbbfb9,
a0aab2,
8a98ad,
7385a7,
6e85b1,
6985ba,
6483bc,
5f80be,
5475ba,
486ab6,
4062b1,
385aab,
3658a9,
3355a6,
3354a5,
3252a4,
3151a5,
2f50a6,
2f4fa8,
2e4ea9,
2c4ead,
2a4eb1,
2b4fb2,
2c4fb3,
455fb0,
5d6eac,
8790b9,
b0b1c5,
c3c2d1,
d5d3dd,
e1dfe8,
eceaf2,
efeef6,
f2f2fa,
f2f2fa,
f2f2fa,
ecebf3,
e5e4ec,
e0e0ea,
dadbe7,
dedfeb,
e1e2ee,
e3e3ef,
e5e3f0,
d2d0dc,
bebdc8,
c3c2cc,
c7c6d0,
d4d4df,
e1e2ee,
d5d6e2,
c9c9d5,
bfbfce,
b5b4c6,
c5c4d5,
d5d4e4,
dfdeec,
e8e8f3,
c4cde2,
a0b1d0,
88a6d3,
6f9ad6,
5882cc,
4169c2,
435da1,
45517f,
454f7a,
444c75,
4f6396,
597ab7,
4768ad,
3555a3,
465997,
575d8b,
6d78ad,
8293cf,
6b83ce,
5373cc,
7185cb,
8e97c9,
727db7,
5663a5,
8087b9,
aaaacd,
acabcd,
adaccc,
7c85ad,
4b5d8d,
3e5184,
31447b,
2f3d6f,
2d3562,
333755,
393948,
474347,
554c46,
6e655a,
867d6d,
a59986,
c3b59f,
d2c6b5,
e0d7ca,
ebe6df,
f5f4f3,
f5f4f4,
f4f4f4,
f3f3f3,
f1f1f1,
e9e9e8,
e1e0de,
e9e9e8,
f1f1f1,
f3f3f3,
f5f5f5,
f8f8f8,
fafafa,
f9f9f9,
f8f8f8,
f6f6f6,
f4f4f4,
f6f6f6,
f7f7f7,
f9f9f9,
fafafa,
f8f8f8,
f5f5f5,
f5f5f5,
f4f4f4,
f7f7f7,
fafafa,
f9f9f9,
f8f8f8,
f6f6f6,
f4f4f4,
f4f4f4,
fafafa,
f7f7f7,
f5f5f5,
f5f5f5,
f5f5f5,
f7f7f7,
fafafa,
f9f9f9,
f8f8f8,
f6f6f6,
f5f5f5,
f6f6f6,
f8f8f8,
f9f9f9,
fafafa,
f8f8f8,
f6f6f6,
f5f5f5,
f5f5f5,
f7f7f7,
fafafa,
f9f9f9,
f8f8f8,
f6f6f6,
f5f5f5,
f5f5f5,
f6f6f5,
f2f0ea,
efeae0,
ebe5db,
e7e1d6,
e8e3d9,
eae6dd,
ece6d6,
efe5ce,
f0e5c8,
f2e4c1,
ebdcb8,
e4d4af,
d9c7a1,
ceba94,
dacdb4,
e7e0d4,
eeebe4,
f6f6f5,
f3f3f2,
f1f0ef,
f4f4f3,
f8f8f7,
f0eee6,
e9e4d5,
e2d9c1,
dbceac,
d9caa3,
d7c69b,
d5c397,
d4c194,
d3c094,
d2bf94,
d6c8a6,
dad0b7,
e3ddcb,
ece9df,
efeee7,
f3f3f0,
f4f4f2,
f5f5f5,
f4f4f3,
f4f3f1,
f3f0e9,
f2eee2,
eee8d6,
ebe2cb,
eae0c5,
e9debf,
e7dcbb,
e6dab8,
e5d9b8,
e5d7b8,
e7d9b6,
e9dbb4,
eadcb3,
ebddb1,
e2d3a9,
dacaa0,
c7bb9c,
b4ad99,
aeb1ae,
a9b6c3,
9aacc5,
8ca3c6,
819ac5,
7692c3,
7493c8,
7294cd,
7294cc,
7294cc,
6c8ec8,
6788c5,
5d7fc0,
5476bc,
4d71ba,
476cb8,
3f64b4,
385bb0,
3256af,
2d51ae,
2c50ae,
2c4eaf,
2b4eb0,
2a4eb2,
2b4dae,
2c4cab,
3f57a5,
52629f,
757da6,
9898ad,
9997a6,
9b979f,
a8a4a9,
b4b2b3,
ceccd0,
e7e7ed,
edecf4,
f3f2fa,
e8e7ee,
dddce3,
d6d6de,
cfd0d9,
d7d8e2,
dfe0eb,
dadae6,
d6d5e1,
c6c5d2,
b7b6c4,
bcbcc9,
c2c2ce,
ced0dc,
dbddea,
cfd1dd,
c4c4d1,
c0bfce,
bbbacc,
cdccdb,
dedeeb,
e6e6f2,
eeeef8,
cfd6e8,
b1bfd8,
8ca3cc,
6788c0,
5170b8,
3a59b0,
3f5397,
444e7f,
444d7c,
454d7a,
50659a,
5c7ebb,
4668b0,
3153a5,
3f5498,
4d568a,
6271ac,
788ccf,
6984d0,
5b7cd1,
7489cd,
8d97c9,
717fbc,
5567af,
7c86bc,
a3a5ca,
a5a5c4,
a7a5bf,
7e83a3,
556187,
415384,
2e4581,
344272,
394064,
46475b,
544e52,
695e58,
7e6f5d,
8f8069,
a19174,
b3a386,
c6b599,
cfc1a9,
d9ccb9,
dfd6c8,
e6e0d7,
ece8e3,
f2f1ef,
e5e3e2,
d8d6d5,
c6c3c0,
b5afaa,
c6c2bf,
d8d5d4,
e5e4e3,
f3f3f3,
f6f6f6,
fafafa,
f9f9f9,
f8f8f8,
f6f6f6,
f5f5f5,
f6f6f6,
f7f7f7,
f8f8f8,
fafafa,
f8f8f8,
f6f6f6,
f5f5f5,
f5f5f5,
f7f7f7,
fafafa,
f9f9f9,
f8f8f8,
f6f6f6,
f5f5f5,
f5f5f5,
f9f9f9,
f7f7f7,
f5f5f5,
f5f5f5,
f5f5f5,
f7f7f7,
f9f9f9,
f9f9f9,
f8f8f8,
f7f7f7,
f5f5f5,
f6f6f6,
f7f7f7,
f8f8f8,
f9f9f9,
f8f8f8,
f6f6f6,
f6f6f6,
f5f5f5,
f7f7f7,
f9f9f9,
f9f9f9,
f8f8f8,
f7f7f7,
f5f5f5,
f5f5f4,
f5f4f2,
ece7dc,
e3d9c6,
ded3be,
d9ccb6,
ddd3bf,
e0d9c8,
e9dfc9,
f1e5ca,
f1e5c7,
f1e4c4,
e8d9b7,
dfceaa,
dacaa9,
d4c5a8,
e2dac9,
f0eee9,
f3f2f0,
f6f6f6,
f6f6f6,
f5f5f5,
f7f7f7,
f9f9f8,
f6f6f3,
f3f2ee,
efebdd,
eae4cc,
eae2c3,
eadfb9,
e8ddb5,
e6dab1,
e3d6ad,
dfd1a8,
daceab,
d5caae,
e5dfcf,
f4f3ef,
f6f6f4,
f8f8f8,
f7f7f7,
f5f5f5,
f3f3f0,
f1f0eb,
eeeadc,
eae3cc,
e9dec0,
e7d9b4,
e8d9b3,
e8d8b1,
e6d7b1,
e4d5b1,
e3d4b1,
e2d2b0,
e8d9b4,
eee0b8,
f1e3ba,
f3e6bb,
ebddb2,
e2d3a9,
beb59d,
999791,
8b97ac,
7c97c6,
7a99d0,
789bda,
799ddd,
799fdf,
7aa1df,
7ba2df,
80a5dc,
85a7d9,
85a6d7,
85a5d4,
7a9cd0,
6f92cc,
658bcb,
5b83ca,
4c74c3,
3d64bc,
345bb9,
2b52b5,
2a50b5,
294eb4,
294eb3,
294db2,
2a4baa,
2b48a2,
394f9a,
475692,
636a94,
7f7e95,
706d7b,
615b60,
6f6a6a,
7c7973,
acaaaa,
dcdbe0,
e8e7ed,
f3f2fa,
e4e3ea,
d4d3d9,
ccccd2,
c4c4cb,
d0d1d9,
dcdde7,
d1d2dd,
c6c6d2,
bbbbc9,
afafbf,
b6b7c6,
bdbecc,
c9cbd9,
d4d8e5,
caccd9,
bfbfcc,
c0c0cf,
c1c0d1,
d4d4e2,
e7e7f2,
ededf8,
f3f3fd,
dae0ef,
c1cce0,
90a1c5,
5f76a9,
495fa3,
33489d,
3b498e,
424a7e,
444c7e,
454d7e,
52689e,
5f82be,
4669b3,
2c50a7,
374f98,
424e89,
586aac,
6d85ce,
6885d2,
6284d6,
778dcf,
8c96c8,
7080c0,
546ab8,
7885bf,
9ca0c6,
9f9fbc,
a19eb2,
808199,
5e6480,
455583,
2b4586,
384876,
454a65,
5a5661,
6e625c,
8b7a68,
a79174,
b19b78,
bba47b,
c2ad87,
c9b592,
cdbb9d,
d1c1a7,
d4c6b1,
d6cbba,
e3dcd2,
efedea,
d7d4d2,
bebbb9,
a39d98,
887e76,
a39c97,
beb9b7,
d8d5d4,
f1f0f0,
f5f5f5,
f9f9f9,
f9f9f9,
f8f8f8,
f7f7f7,
f5f5f5,
f6f6f6,
f7f7f7,
f8f8f8,
f9f9f9,
f8f8f8,
f6f6f6,
f6f6f6,
f5f5f5,
f7f7f7,
f9f9f9,
f9f9f9,
f8f8f8,
f7f7f7,
f5f5f5,
f5f5f5,
f5f5f5,
f7f7f7,
f8f8f8,
f8f8f8,
f8f8f8,
f7f7f7,
f5f5f5,
f6f6f6,
f7f7f7,
f8f8f8,
f9f9f9,
f8f8f8,
f7f7f7,
f6f6f6,
f5f5f5,
f7f7f7,
f8f8f8,
f8f8f8,
f8f8f8,
f7f7f7,
f6f6f6,
f6f6f6,
f7f7f7,
f8f8f8,
f9f9f9,
f6f5f3,
f3f1ec,
e4dbcb,
d6c6aa,
d7c8ae,
d8cab2,
ddd2bc,
e2d9c6,
e9dfc5,
f1e5c4,
f0e2c0,
efe0bd,
e7d7b5,
e0cfae,
e1d4bb,
e2dac9,
e9e5db,
f1f0ed,
f4f4f2,
f8f8f8,
f8f8f8,
f9f9f9,
f8f8f7,
f6f6f6,
f5f4f3,
f3f3f1,
f3f1ea,
f3f0e3,
efe9d4,
ebe2c6,
e3d7b5,
dbcda4,
d7c69e,
d3c097,
d1c19e,
d0c2a6,
e0d8c8,
f0eeea,
f1f0ed,
f3f2f0,
f1efea,
efebe3,
eae3d5,
e4dcc7,
e1d5ba,
ddcfad,
dccba5,
dbc89e,
dcca9f,
decca1,
dfcea8,
e1d1ae,
e3d3ae,
e5d4af,
e9dab2,
eddfb6,
efe1b7,
f1e3b9,
e4d4a9,
d8c599,
b9ab8c,
9b9180,
8e9299,
8292b3,
7f96c3,
7c9bd4,
7d9ed9,
7ea1de,
80a2dc,
82a4da,
83a5da,
83a6da,
80a5da,
7da3da,
779ed9,
7199d8,
6c95d7,
6792d7,
5d88d2,
547ecd,
4872c6,
3c65c0,
355dba,
2f54b5,
2d50ae,
2c4ba8,
294394,
273c81,
2f3f78,
38426f,
4c506d,
605e6b,
5f5a61,
5e5657,
635c59,
69635c,
898581,
aaa7a6,
c9c6c9,
e7e5ec,
dbd9e0,
cecdd3,
cbcad2,
c8c8d0,
cccdd6,
d1d2db,
c6c6d1,
babac7,
b2b3c2,
ababbd,
b2b4c4,
babccb,
c6c9d8,
d3d7e4,
c7c9d7,
bbbcca,
c2c2d1,
c9c9d8,
dadae6,
ebebf5,
ededf7,
efeff9,
dce0ee,
c9d1e3,
95a4c6,
6176a9,
4a60a6,
334aa3,
364a9b,
394a93,
3d4c8d,
424e87,
4b62a0,
5376b9,
3e5fac,
2849a0,
324a97,
3c4b8e,
4e64ad,
607ccc,
5b7acc,
5778cc,
7388ca,
8e98c8,
7284c5,
5670c1,
7888c5,
999fca,
a3a5c5,
acaac0,
9192aa,
777a94,
58658e,
3a5088,
435078,
4c5068,
696364,
877660,
9c876a,
b19974,
baa27a,
c3ab81,
c6af86,
cab38b,
cbb690,
cdb896,
ccba9a,
ccbb9f,
d6c8b3,
e0d6c6,
c2baaf,
a59f99,
8f857e,
786c63,
8d837c,
a39a95,
beb8b5,
d9d6d5,
e6e5e4,
f4f4f4,
f5f5f5,
f7f7f7,
f8f8f8,
f9f9f9,
f8f8f8,
f7f7f7,
f6f6f6,
f5f5f5,
f7f7f7,
f8f8f8,
f8f8f8,
f9f9f9,
f7f7f7,
f6f6f6,
f6f6f6,
f7f7f7,
f8f8f8,
f9f9f9,
f9f9f9,
f1f1f1,
f6f6f6,
fbfbfb,
fbfbfb,
fbfbfb,
f6f6f6,
f1f1f1,
f3f3f3,
f5f5f5,
f9f9f9,
fdfdfd,
fafafa,
f6f6f6,
f4f4f4,
f1f1f1,
f6f6f6,
fafafa,
fbfbfb,
fbfbfb,
f7f7f7,
f2f2f2,
f4f4f4,
f5f5f5,
f9f9f9,
fdfdfd,
f7f5f2,
f0ede6,
ddd0ba,
c9b38d,
d0be9d,
d7c8ad,
ddd1b8,
e3d9c3,
eadfc1,
f0e5be,
eee0ba,
ecdbb5,
e7d6b3,
e1d0b1,
e9dfcd,
f0eee9,
f1f0ed,
f1f1f1,
f5f5f5,
f9f9f9,
fbfbfb,
fdfdfd,
f8f8f8,
f3f3f3,
f3f3f3,
f3f3f3,
f7f7f6,
fbfbf9,
f3f0e6,
ebe5d3,
ded2b5,
d0bf97,
cbb78f,
c6ae86,
c9b492,
cbba9d,
dbd1c1,
ebe8e4,
edeae6,
eeece8,
ece7dd,
e9e1d1,
e0d4ba,
d7c7a2,
d4c198,
d0bb8d,
cfb98a,
ceb687,
d1bb8c,
d3bf91,
d9c69e,
decdab,
e3d2ac,
e7d6ad,
eadab1,
ecdeb4,
eedfb5,
efe0b6,
decc9f,
cdb788,
b5a17c,
9c8b6f,
928c87,
878d9f,
8394b6,
7f9acd,
819ed5,
82a2dc,
86a4d8,
89a5d4,
85a5d7,
81a5da,
7ba3dd,
75a1df,
74a1e1,
73a0e3,
73a0e3,
73a0e3,
6f9ce1,
6a98de,
5c88d4,
4d78ca,
4169c0,
345ab5,
3152aa,
2e499e,
293c7f,
232f5f,
262e55,
282d4b,
353546,
413d41,
4e4748,
5a504e,
584f49,
554d44,
676058,
78726c,
aaa5a5,
dbd8de,
d2d0d6,
c8c7cd,
cac9d1,
cbcbd5,
c9c9d2,
c6c6cf,
babac6,
aeaebc,
aaabbc,
a6a7bb,
aeb1c3,
b6baca,
c4c8d7,
d1d5e3,
c4c7d5,
b7b9c7,
c4c5d3,
d1d1df,
e0e0eb,
efeff7,
ededf6,
ebebf5,
dee1ed,
d1d6e5,
9aa6c7,
6376a8,
4b61a8,
324ca8,
314ba8,
2f49a7,
374c9b,
3f4e8f,
435ca1,
476ab3,
3656a6,
244198,
2d4596,
364893,
445eae,
5273c9,
4f6fc6,
4c6bc2,
6e83c5,
909ac8,
7488c9,
5876ca,
778acc,
969ecd,
a7aace,
b7b6ce,
a3a3bb,
8f90a7,
6c7699,
485b8a,
4d597a,
52566a,
797067,
a08963,
ae956b,
bba073,
c3a97d,
cab287,
cab286,
cab184,
c9b084,
c8af84,
c5ad84,
c2ab84,
c9b593,
d0bea2,
aea08d,
8c8278,
7a6e64,
685a4f,
786b61,
877b73,
a49c97,
c1bcba,
d8d5d4,
eeeeee,
f2f2f2,
f5f5f5,
f9f9f9,
fdfdfd,
fafafa,
f6f6f6,
f4f4f4,
f1f1f1,
f6f6f6,
fafafa,
fbfbfb,
fcfcfc,
f7f7f7,
f2f2f2,
f4f4f4,
f5f5f5,
f9f9f9,
fdfdfd,
fdfdfd,
f6f6f6,
f7f7f7,
f8f8f8,
f8f8f8,
f8f8f8,
f7f7f7,
f7f7f7,
f7f7f7,
f7f7f7,
f7f7f7,
f8f8f8,
f7f7f7,
f7f7f7,
f7f7f7,
f7f7f7,
f7f7f7,
f7f7f7,
f7f7f7,
f8f8f8,
f7f7f7,
f7f7f7,
f7f7f7,
f7f7f7,
f7f7f7,
f8f8f8,
f4f2ef,
f0ede6,
e3d9c6,
d6c5a6,
ddd1ba,
e5ddcf,
e6dfcf,
e8e1d0,
ece2c7,
f0e4bd,
eddeb7,
ead8b1,
e4d3af,
dfcdad,
e8decb,
f1eee9,
f4f2f0,
f7f7f7,
f7f7f7,
f7f7f7,
f7f7f7,
f8f8f8,
f7f7f7,
f7f7f7,
f7f7f7,
f7f7f7,
f5f5f3,
f4f3ef,
e8e2d5,
ddd2bb,
d2c2a1,
c7b387,
c8b48d,
c9b593,
ccbb9e,
cfc1a9,
d9cebc,
e3dbce,
dfd5c4,
dcd0bb,
d9cab0,
d6c5a5,
d4c29d,
d3c095,
d4c196,
d6c297,
d4c095,
d3be93,
d4c097,
d6c39a,
d9c69e,
dcc9a2,
d8c399,
d5be91,
d7c294,
dac798,
e1d0a2,
e9d9ad,
dfcd9f,
d6c192,
c1ac81,
ac976f,
a49479,
9c9182,
969493,
9197a3,
8c99b2,
879bc1,
859eca,
84a2d3,
80a2d8,
7da3de,
79a2df,
75a1e1,
74a0e2,
73a0e3,
73a0e3,
73a1e3,
719fe1,
709ee0,
6b97da,
6790d4,
5a81ca,
4d73c0,
3f61b5,
3250a9,
2d4697,
283d85,
293978,
29366b,
30375b,
38394c,
423e4a,
4c4447,
534a49,
59514b,
605852,
686059,
8b8582,
afabab,
bebbbe,
cccbd1,
cac9d0,
c8c8d0,
b5b5ba,
a3a2a5,
a1a1a9,
a0a0ad,
a1a1b1,
a2a2b6,
adafc2,
b9bdcd,
c4c8d7,
d0d4e2,
c1c4d3,
b3b5c4,
c5c6d4,
d7d8e5,
e2e2ed,
ededf6,
ebebf5,
eaeaf4,
dedfec,
d2d5e4,
9ba7c7,
6578ab,
4d62a6,
354da2,
324ba2,
3049a3,
384d9f,
3f519b,
465ca2,
4c67a9,
3d559a,
2e438a,
31458b,
34478d,
3e56a3,
4866ba,
536ebd,
5e76c1,
7486c4,
8b96c7,
7085c8,
5573c8,
7085c8,
8c97c8,
a5aad0,
bebed9,
b2b2cc,
a5a6c0,
7d86aa,
566794,
596382,
5c5f70,
827668,
a88e61,
af9364,
b69968,
ba9e6e,
bea475,
bfa575,
c0a676,
c1a779,
c3a97c,
c3aa7e,
c4ab80,
c6af87,
c9b38e,
b09d7e,
98876e,
887760,
786753,
7d6e5f,
83766c,
9d948e,
b7b3b0,
d5d3d1,
f3f3f3,
f5f5f5,
f7f7f7,
f7f7f7,
f8f8f8,
f7f7f7,
f7f7f7,
f7f7f7,
f7f7f7,
f7f7f7,
f7f7f7,
f7f7f7,
f8f8f8,
f7f7f7,
f7f7f7,
f7f7f7,
f7f7f7,
f7f7f7,
f8f8f8,
f8f8f8,
fbfbfb,
f8f8f8,
f4f4f4,
f4f4f4,
f4f4f4,
f8f8f8,
fcfcfc,
fafafa,
f8f8f8,
f5f5f5,
f2f2f2,
f5f5f5,
f8f8f8,
fafafa,
fcfcfc,
f8f8f8,
f4f4f4,
f4f4f4,
f4f4f4,
f8f8f8,
fbfbfb,
fafafa,
f9f9f9,
f6f6f6,
f2f2f2,
f1f0ec,
efede6,
e9e2d3,
e2d7bf,
eae4d8,
f2f1f0,
efede7,
ece8dd,
eee6cd,
f0e3bc,
ecdcb5,
e7d5ad,
e2d0ab,
dccaa8,
e7dcc8,
f1eee8,
f7f5f2,
fcfcfc,
f9f9f9,
f5f5f5,
f4f4f4,
f2f2f2,
f6f6f6,
fafafa,
fafafa,
fafafa,
f3f2f0,
eceae5,
ddd5c4,
cebfa3,
c6b38d,
bda676,
c5b18b,
ccbc9f,
cfc2aa,
d2c8b5,
d6cbb7,
daceb8,
d2c1a3,
c9b38d,
c6ae83,
c2a878,
c9b080,
cfb888,
d5c194,
dbc9a0,
d9c7a0,
d7c59f,
d8c6a1,
d9c7a3,
dac69e,
dac499,
ceb587,
c2a674,
c5ab78,
c7af7c,
d5c090,
e2d1a3,
e0cea0,
deca9c,
cdb686,
bca26f,
b79c6a,
b19565,
aa956f,
a29479,
97948f,
8b94a5,
8599bb,
7e9ed1,
7ba0da,
78a1e2,
76a1e2,
74a0e2,
73a0e3,
72a0e3,
72a1e3,
72a1e2,
74a2e2,
76a3e1,
7ba5e0,
80a7de,
7399d5,
668bcb,
4e71c0,
3556b4,
3150b0,
2d4aab,
2c459b,
2a3f8a,
2c3a71,
2e3457,
36364c,
3e3840,
4e4649,
5d5451,
5a514c,
574d46,
6d655f,
837d78,
aaa6a7,
d0ced5,
cbc9d0,
c5c4ca,
a2a1a3,
7f7d7b,
89878c,
92919d,
9897a7,
9d9cb1,
adaec1,
bcc0d0,
c5c9d8,
ced2e0,
bfc2d1,
afb1c1,
c6c8d6,
dddeea,
e4e5ef,
ebebf4,
eaeaf4,
e8e8f3,
dddeeb,
d2d4e3,
9da7c8,
677aad,
4f64a4,
374d9b,
344b9d,
31499e,
384fa2,
3f54a6,
485ca3,
51639f,
45548e,
38457c,
354581,
324586,
384f98,
3e59aa,
576db5,
6f81c0,
7b8ac3,
8692c6,
6c81c6,
5170c6,
6a80c4,
828fc2,
a4abd3,
c5c6e3,
c0c1de,
bbbcd9,
8f97bc,
63729e,
646d8a,
656876,
8b7d6a,
b0925e,
b0925d,
b0915c,
b1945f,
b29662,
b49865,
b69a68,
ba9e6e,
bda273,
c1a678,
c5aa7c,
c4a97b,
c2a779,
b3996e,
a38b63,
957f5d,
877357,
83725e,
7f7164,
968d85,
ada9a6,
d2d0cf,
f7f7f7,
f8f8f8,
f8f8f8,
f5f5f5,
f2f2f2,
f5f5f5,
f8f8f8,
fafafa,
fcfcfc,
f8f8f8,
f4f4f4,
f4f4f4,
f3f3f3,
f7f7f7,
fbfbfb,
fafafa,
f9f9f9,
f6f6f6,
f2f2f2,
f2f2f2,
f9f9f9,
f7f7f7,
f6f6f6,
f6f6f6,
f6f6f6,
f8f8f8,
fafafa,
f9f9f9,
f8f8f8,
f6f6f6,
f5f5f5,
f6f6f6,
f8f8f8,
f9f9f9,
fafafa,
f8f8f8,
f6f6f6,
f6f6f6,
f6f6f6,
f7f7f7,
f9f9f9,
f9f9f9,
f8f8f8,
f6f6f6,
f5f5f5,
f3f2f0,
f2f0eb,
ebe4d5,
e4d9bf,
e8e1d0,
ede9e0,
ede9df,
ece9de,
ede5cd,
eee1bc,
ebdbb4,
e7d6ad,
e1cfa9,
dbc8a4,
e4d8c1,
ede9de,
f3f1ec,
fafafa,
f8f8f8,
f6f6f6,
f5f5f5,
f5f5f5,
f5f5f4,
f5f5f3,
f1efea,
ede9e1,
e5ded1,
ddd3c2,
d5c8af,
cebc9d,
cbba99,
c9b795,
cebfa3,
d4c7b1,
cfc2aa,
cbbca2,
cebea2,
d1c1a3,
ccb894,
c8b086,
ccb589,
d0ba8c,
d5c193,
dbc89a,
ddcb9f,
e0cfa5,
dccaa1,
d8c69d,
d5c299,
d1bd96,
cfb88d,
cdb485,
c4a877,
bb9d6a,
bb9e6a,
ba9f6a,
c4ab78,
ceb886,
d2bc8c,
d7c191,
d3bd8d,
cfb988,
cdb686,
cab385,
c5b188,
c0ae8b,
b7ac94,
afaa9e,
a4a9ad,
9aa9bc,
8ea6c9,
82a3d5,
7ba1da,
75a0df,
75a0e0,
74a1e1,
77a3e1,
7ba6e0,
7ba6e0,
7ca6e1,
7da6e0,
7ea6df,
7098d8,
628ad0,
4f74c6,
3b5ebb,
3c5ebb,
3e5ebb,
3753ac,
30489e,
32448a,
344077,
3b4064,
434151,
4e4951,
5a5151,
5d5452,
605652,
6b625e,
766e6a,
918b89,
ada9a9,
a7a3a3,
a19d9d,
898582,
716c68,
6f6a6c,
6c696f,
706e78,
747381,
9697a6,
b9bccb,
bfc2d0,
c4c8d5,
b8bbca,
acaec0,
c2c3d3,
d8d9e6,
dfdfeb,
e6e6f1,
e7e7f2,
e8e8f3,
ddddeb,
d2d3e3,
9ea8c8,
6a7dae,
5265a3,
3b4e98,
394c97,
374995,
3e4e95,
455494,
495793,
4d5b92,
41508c,
354686,
384884,
3a4a83,
495a96,
586ba9,
6f7db4,
8690c0,
7d89bc,
7482b9,
6177bb,
4e6cbe,
667bbd,
7f8bbc,
a1a8cf,
c4c5e2,
c3c4e1,
c3c4e0,
9ca2c3,
7681a6,
767a8e,
767476,
96866d,
b69864,
b59762,
b49660,
b49761,
b59863,
b69965,
b79a67,
b89c6a,
b99e6e,
bea477,
c3aa81,
c1a87c,
c0a577,
b69c6d,
ac9264,
a68c62,
9f8660,
9e8766,
9d896d,
ae9e89,
bfb4a4,
d9d2c9,
f3f1ed,
f5f4f2,
f8f8f8,
f6f6f6,
f5f5f5,
f6f6f6,
f8f8f8,
f9f9f9,
fafafa,
f8f8f8,
f6f6f6,
f5f5f5,
f5f5f5,
f7f7f7,
f9f9f9,
f9f9f9,
f8f8f8,
f6f6f6,
f5f5f5,
f5f5f5,
f7f7f7,
f7f7f7,
f7f7f7,
f7f7f7,
f7f7f7,
f7f7f7,
f7f7f7,
f7f7f7,
f7f7f7,
f7f7f7,
f7f7f7,
f7f7f7,
f7f7f7,
f7f7f7,
f7f7f7,
f7f7f7,
f7f7f7,
f7f7f7,
f7f7f7,
f7f7f7,
f7f7f7,
f7f7f7,
f7f7f7,
f7f7f7,
f7f7f7,
f6f5f4,
f4f2f0,
ede6d8,
e5dabf,
e7dec8,
e8e1d0,
eae5d8,
ece9df,
ece4cd,
ecdfbb,
eadbb4,
e7d6ad,
e1cea7,
dac6a0,
e2d5ba,
e9e3d4,
f0ede6,
f7f7f7,
f7f7f7,
f7f7f7,
f7f7f7,
f7f7f7,
f4f3f1,
f0efeb,
e8e3da,
dfd7c8,
d6cab3,
cdbc9e,
cdbb9b,
cdb997,
d1c1a5,
d4c8b3,
d8cdbb,
dbd2c3,
d0c1a9,
c4b08f,
c6b28e,
c7b38d,
c7b086,
c6ad7e,
d2bd8f,
decc9f,
e2d2a6,
e6d7ac,
e6d6ab,
e5d4a9,
dfcea2,
d9c79b,
d1bd92,
c9b388,
c4ab7d,
bfa371,
ba9c68,
b4945f,
b1915b,
ad8e57,
b49660,
ba9e69,
c5ab78,
cfb786,
d9c394,
e2cfa1,
e3d0a3,
e3d1a4,
e0cda0,
ddc89c,
d8c499,
d3bf96,
c4b99f,
b5b3a7,
a0acb8,
8ba4c8,
81a2d2,
769fdb,
76a0dd,
76a1df,
7da6df,
83aade,
82aadf,
81a9e0,
7ea7e0,
7ba5e0,
6d97db,
5e88d5,
5077cc,
4165c2,
486cc6,
4e72ca,
4262be,
3651b1,
384fa4,
394c96,
404b7c,
474961,
4f4c59,
574e51,
605758,
685f5e,
685f5d,
685e5b,
79716c,
8a837d,
847d76,
7d766f,
706962,
635b55,
554e4b,
464041,
484549,
4a4950,
80818b,
b6b8c6,
b8bbc8,
babdca,
b2b4c4,
a9abbe,
bebfd0,
d2d3e1,
dadae8,
e1e1ee,
e4e4f1,
e7e7f3,
dcdceb,
d1d1e2,
9fa8c8,
6c7fae,
5567a2,
3e4f95,
3e4c91,
3d498c,
444e87,
4a5382,
495383,
485384,
3d4d8a,
32468f,
3a4b88,
424f80,
5a6694,
727ca7,
888db4,
9d9ec0,
8088b6,
6271ab,
576db0,
4b68b5,
6377b6,
7b86b6,
9fa5cc,
c2c3e1,
c6c7e4,
cacbe6,
aaaeca,
8990ae,
888892,
877f76,
a28f70,
bc9e69,
ba9c67,
b89a64,
b89a64,
b79963,
b89a64,
b89a65,
b79a67,
b59968,
bba277,
c0aa85,
bfa77d,
bda374,
b99e6c,
b59964,
b69966,
b79968,
b99d6f,
bba076,
c6b08c,
d0bfa2,
dfd5c3,
eeeae3,
f3f1ed,
f7f7f7,
f7f7f7,
f7f7f7,
f7f7f7,
f7f7f7,
f7f7f7,
f7f7f7,
f7f7f7,
f7f7f7,
f7f7f7,
f7f7f7,
f7f7f7,
f7f7f7,
f7f7f7,
f7f7f7,
f7f7f7,
f7f7f7,
f7f7f7,
f5f5f5,
f7f7f7,
f9f9f9,
f9f9f9,
f9f9f9,
f7f7f7,
f5f5f5,
f6f6f6,
f7f7f7,
f8f8f8,
fafafa,
f8f8f8,
f7f7f7,
f6f6f6,
f5f5f5,
f7f7f7,
f9f9f9,
f9f9f9,
f9f9f9,
f7f7f7,
f5f5f5,
f6f6f6,
f6f6f6,
f8f8f8,
fafafa,
f8f7f7,
f6f5f4,
efebe1,
e9e2cf,
e9e0ca,
e9dec5,
e9e0c9,
eae2cd,
e9dec2,
e8dbb6,
eadbb4,
ecdcb3,
e4d3ab,
ddcaa3,
e1d2b4,
e5dbc4,
ebe6d9,
f2f1ee,
f5f4f3,
f8f8f8,
f9f9f9,
faf9f9,
f5f4f3,
f0efec,
ebe8e1,
e5e0d6,
e3dbce,
e1d7c6,
e0d6c3,
e0d5c1,
dbd0bd,
d7ccb8,
d6cab5,
d5c8b2,
d2c3a9,
cfbea0,
cebc9a,
cdba94,
d1bc92,
d5bf91,
dbc89b,
e2d1a4,
e1cfa3,
e0cea1,
dac698,
d4be8f,
ceb787,
c8b080,
c4ac7c,
c1a878,
bea372,
bb9e6b,
b79864,
b2935d,
b1925c,
b0915a,
b59661,
ba9c68,
bfa36f,
c5a977,
cab17f,
d0b887,
d3bc8c,
d6c091,
d8c293,
dac496,
d9c497,
d8c498,
cfbf9a,
c6ba9d,
b3afa0,
a0a3a3,
909eb0,
819abe,
7d9dcb,
79a0d8,
7ca3db,
7ea7df,
7ca6e0,
7aa5e1,
78a3e1,
76a1e1,
6690d8,
567fcf,
5279cd,
4e73cb,
557bce,
5d82d2,
5373c4,
4964b7,
4861b2,
485fac,
455695,
434d7f,
4d5075,
57536b,
6e6978,
867f84,
867f84,
868084,
817b7c,
7d7674,
79726f,
756e6a,
6a635f,
605854,
4f4846,
3d3739,
454246,
4d4c53,
858590,
bcbecd,
bcbfcd,
bcc0ce,
b2b5c6,
a7a9be,
bcbed0,
d2d3e2,
dadbe9,
e2e2ef,
e3e3f0,
e4e4f1,
dbdbea,
d1d2e3,
a1aaca,
7183b1,
5b6b9e,
45528c,
424f8c,
3f4b8c,
3f4d8d,
404f8f,
404e8a,
404d86,
374a8f,
2d4697,
364a8c,
404f82,
576697,
6f7dac,
8a92ba,
a5a7c9,
959bc3,
848fbd,
7686bc,
697ebb,
7c8abd,
8f97c0,
a6aacd,
bdbedb,
bbbcd8,
babbd6,
a0a2bb,
868aa1,
8b8688,
8f826f,
a58f6c,
bb9d68,
bb9d67,
bb9d67,
ba9c66,
ba9c66,
b99b65,
b99a65,
b79966,
b59866,
c0a981,
cbba9d,
cfbfa2,
d4c4a7,
cbb794,
c2ab82,
bda477,
b89c6c,
b89c6d,
b89c6d,
bda478,
c3ac84,
d1c0a3,
dfd5c3,
eae5dc,
f6f5f5,
f8f7f7,
fafafa,
f8f8f8,
f7f7f7,
f6f6f6,
f5f5f5,
f7f7f7,
f9f9f9,
f9f9f9,
f9f9f9,
f7f7f7,
f5f5f5,
f6f6f6,
f6f6f6,
f8f8f8,
fafafa,
fafafa,
f2f2f2,
f6f6f6,
fafafa,
fafafa,
fafafa,
f6f6f6,
f2f2f2,
f4f4f4,
f6f6f6,
f9f9f9,
fcfcfc,
f9f9f9,
f6f6f6,
f4f4f4,
f2f2f2,
f6f6f6,
fafafa,
fafafa,
fafafa,
f7f7f7,
f3f3f3,
f4f4f4,
f5f5f5,
f9f9f9,
fcfcfc,
fafafa,
f7f7f7,
f2f0eb,
ede9df,
ebe2cd,
e9dbba,
e9dbbb,
e8dbbb,
e6d9b6,
e3d6b1,
eadcb5,
f0e1b8,
e8d8af,
e0cea6,
e0d0ad,
e0d2b4,
e6decd,
eceae5,
f3f2ef,
f9f9f9,
fbfafa,
fcfbfb,
f6f5f4,
f0efed,
eeece8,
ebe9e3,
f0ede8,
f4f1ed,
f3f1ec,
f2f0eb,
e6e0d4,
d9cfbd,
d4c6af,
cfbda0,
d5c4a9,
dacbb1,
d7c6a6,
d3c09a,
dbc99f,
e3d1a4,
e4d3a7,
e5d5a9,
dfcda0,
d9c496,
ceb685,
c2a774,
bca06c,
b69964,
b89b66,
b99c68,
b89b67,
b79965,
b49560,
b0915b,
b1925c,
b2935d,
b69762,
b99a66,
ba9b67,
ba9b68,
bc9e6b,
bda16d,
c3a875,
c8af7d,
cfb787,
d6bf90,
dac495,
ddc899,
dac596,
d6c192,
c5b288,
b4a27e,
a09b8f,
8b94a0,
849ab9,
7c9fd1,
7ba1d8,
79a3df,
76a2e1,
73a0e2,
729ee2,
719ce1,
6089d5,
4e76c9,
547cce,
5a81d3,
638ad6,
6c92d9,
6484cb,
5c76bd,
5974c0,
5672c2,
4b62af,
3f519c,
4b5591,
565885,
7d7c98,
a39faa,
a3a0ab,
a3a1ac,
8a858c,
70696b,
6e6768,
6c6565,
655d5c,
5d5553,
494242,
342e30,
423f43,
504f56,
898a95,
c2c4d3,
c0c4d2,
bec3d1,
b2b5c8,
a5a7be,
bbbdd1,
d1d3e3,
dadbea,
e3e3f0,
e2e2ef,
e1e1ee,
d9dae9,
d1d2e4,
a4adcc,
7687b3,
616e9b,
4c5582,
475187,
414d8b,
3b4c93,
354b9b,
374992,
384788,
304794,
28469f,
334a91,
3d4e83,
55669a,
6c7eb1,
8d97c1,
adb0d1,
aaafd0,
a6adcf,
96a0c8,
8693c0,
959ec5,
a3a8c9,
aeb0cf,
b8b8d4,
b1b1cd,
a9aac5,
9697ac,
838393,
8d847e,
978468,
a89068,
b99b67,
bb9d68,
bd9f69,
bd9f69,
bc9e68,
bb9c67,
b99a65,
b79865,
b49664,
c5b08c,
d5c9b4,
e0d7c7,
eae4d9,
dcd1bd,
cebda0,
c4ae88,
b99f70,
b79b6a,
b49764,
b59865,
b69965,
c3ac84,
d0bfa3,
e2d9cb,
f4f3f3,
f8f8f8,
fcfcfc,
f9f9f9,
f6f6f6,
f4f4f4,
f2f2f2,
f6f6f6,
fafafa,
fbfbfb,
fbfbfb,
f7f7f7,
f3f3f3,
f4f4f4,
f5f5f5,
f9f9f9,
fcfcfc,
fcfcfc,
f8f8f8,
f7f7f7,
f7f7f7,
f7f7f7,
f7f7f7,
f7f7f7,
f8f8f8,
f8f8f8,
f8f8f8,
f7f7f7,
f7f7f7,
f7f7f7,
f7f7f7,
f7f7f7,
f8f8f8,
f7f7f7,
f7f7f7,
f7f7f7,
f7f7f7,
f7f7f7,
f8f8f8,
f7f7f7,
f7f7f7,
f7f7f7,
f7f7f7,
f7f7f7,
f7f7f7,
f6f5f2,
f5f3ed,
efeadc,
eae1ca,
e9dec2,
e9dbba,
e9dbb6,
e9dbb3,
eddfb6,
f1e3b9,
edddb4,
e8d8af,
e6d6b0,
e3d4b0,
e6dbc1,
e8e2d2,
eeeae0,
f3f2ef,
f5f4f2,
f6f6f5,
f5f5f3,
f5f4f2,
f2f1ed,
f0eee9,
efebe6,
ede9e2,
e7dfd3,
e0d6c4,
d7cab2,
cfbea0,
cdba9b,
cbb795,
d0bd9a,
d5c39f,
d8c69f,
dbc9a0,
decda2,
e2d0a4,
ddca9c,
d8c395,
d0b989,
c9af7e,
c3a775,
bea06c,
bb9d69,
b99a66,
bb9e6b,
bea170,
bd9f6e,
bb9e6c,
b79965,
b3945e,
b49560,
b69762,
b89864,
ba9a67,
ba9b68,
bb9b68,
bb9d69,
bc9f6a,
bfa36f,
c2a673,
c5aa78,
c9ae7d,
cab17f,
ccb382,
c9b07e,
c5ac7a,
bea678,
b8a077,
b0a086,
a8a096,
989fa8,
889dba,
809fcb,
77a1dc,
75a0df,
73a0e3,
729de2,
709be1,
638dd8,
577fd0,
5880d0,
5a81d1,
698ed6,
799cdc,
7292d4,
6b88cd,
5e7bc7,
516dc2,
4961b6,
4255aa,
5864a6,
6e73a3,
9496b4,
bbb9c6,
b8b6c3,
b5b4c1,
a09da9,
8b8691,
89848f,
87838d,
726d73,
5e5859,
494446,
353033,
434046,
525159,
7b7b86,
a3a5b3,
a9acbb,
afb3c4,
aaadc2,
a6a7bf,
bebfd3,
d6d7e6,
dcdcea,
e2e1ef,
e1e1ee,
e1e0ee,
d8d9e9,
d0d1e3,
a6adcb,
7b89b3,
626f9d,
495587,
44518a,
404d8d,
3b4d93,
374c99,
374a8f,
374886,
31478e,
2c4696,
32498f,
394d89,
4f639c,
657aaf,
8c98c3,
b3b7d7,
b4b9d8,
b6bcd9,
acb3d3,
a2aacd,
a3a9c9,
a4a8c5,
999cba,
8e90af,
8989a7,
8483a0,
8a8592,
8f8683,
9c8c77,
aa926c,
b19669,
b99a66,
b89a66,
b89b67,
ba9c68,
bc9e69,
bb9d68,
bb9c67,
b99a66,
b79866,
c0a77e,
c9b696,
d5c7b0,
e1d9ca,
e1d8c9,
e1d8c8,
dacdb7,
d3c3a6,
c7b38f,
bba378,
b89e6e,
b49864,
c2ab81,
d0be9e,
e2d8c8,
f4f3f2,
f5f5f4,
f7f7f7,
f7f7f7,
f7f7f7,
f7f7f7,
f8f8f8,
f7f7f7,
f7f7f7,
f7f7f7,
f7f7f7,
f7f7f7,
f8f8f8,
f7f7f7,
f7f7f7,
f7f7f7,
f7f7f7,
f7f7f7,
fdfdfd,
f8f8f8,
f3f3f3,
f3f3f3,
f3f3f3,
f8f8f8,
fdfdfd,
fbfbfb,
f9f9f9,
f5f5f5,
f1f1f1,
f5f5f5,
f8f8f8,
fbfbfb,
fdfdfd,
f9f9f9,
f4f4f4,
f4f4f4,
f3f3f3,
f8f8f8,
fcfcfc,
fbfbfb,
f9f9f9,
f5f5f5,
f1f1f1,
f4f4f4,
f7f7f7,
fafaf9,
fcfcfb,
f4f2eb,
ebe7da,
eae1ca,
e9dbb9,
ecddb7,
eedfb4,
f0e2b7,
f2e4b9,
f1e3b9,
f0e2b8,
ebdcb2,
e6d6ac,
e5d8b5,
e4d9be,
e9e2d2,
edebe5,
efeeea,
f0f0ef,
f5f4f3,
f9f8f6,
f7f6f3,
f5f3ef,
eeeae3,
e6e0d7,
daceba,
cebb9c,
c9b490,
c4ac83,
c6af87,
c7b18a,
cbb68c,
cfba8d,
d9c699,
e3d2a5,
e2d1a4,
e0cfa3,
d5c092,
cab180,
c1a573,
b89965,
b99965,
b99964,
ba9a66,
bb9b68,
bfa170,
c3a678,
c1a476,
bfa273,
ba9d6a,
b59761,
b79964,
b99a66,
ba9a67,
bb9a68,
bb9b68,
bb9b68,
bb9c68,
bb9d67,
bc9d68,
bc9d69,
bc9d6a,
bb9d6a,
bb9e6a,
bb9e6a,
b89b66,
b49761,
b89b68,
bb9e6f,
c0a57d,
c4ac8b,
aca497,
949ba2,
859dbe,
759ed9,
749fde,
739fe3,
719ce2,
6f99e1,
6791dc,
5f88d6,
5d84d3,
5a80cf,
7093d7,
85a6de,
80a0de,
7a9add,
6381cf,
4c68c1,
4861bc,
4459b7,
6573bc,
858dc0,
acb0d1,
d3d2e2,
cdccdc,
c6c6d5,
b6b5c6,
a5a3b6,
a4a2b6,
a2a0b5,
807d8a,
5e5a5e,
4a464a,
353136,
454249,
54535b,
6c6d77,
848692,
9295a5,
9fa3b7,
a3a5bc,
a7a7c0,
c1c1d5,
dbdbe9,
deddeb,
e0dfed,
e0dfee,
e0dfee,
d8d8e8,
cfd0e2,
a8adca,
808ab2,
636f9f,
45548c,
42518e,
3e4d8f,
3b4d93,
384d97,
374b8d,
364883,
334788,
2f468c,
32498d,
354b8e,
4a609e,
5e75ad,
8b9ac5,
b8bedc,
bfc4e0,
c6cae3,
c2c5de,
bdc0d9,
b1b4cd,
a4a8c0,
8488a5,
646789,
626282,
5f5c7b,
7d7377,
9b8973,
ac9471,
bc9f6f,
ba9c6a,
b89964,
b69864,
b39664,
b89a67,
bc9d69,
bc9d69,
bc9d69,
bb9c68,
b99a67,
bb9e6f,
bca277,
cab899,
d8cdbb,
e6e0d5,
f4f2ef,
f0ede6,
ece7dc,
d7cbb4,
c2af8b,
baa377,
b29763,
c1aa7e,
cfbc99,
e2d8c5,
f4f3f1,
f3f2f1,
f1f1f1,
f5f5f5,
f8f8f8,
fbfbfb,
fdfdfd,
f9f9f9,
f4f4f4,
f3f3f3,
f2f2f2,
f7f7f7,
fcfcfc,
fbfbfb,
f9f9f9,
f5f5f5,
f1f1f1,
f1f1f1,
f9f9f9,
f8f8f8,
f6f6f6,
f6f6f6,
f6f6f6,
f8f8f8,
f9f9f9,
f8f8f8,
f8f8f8,
f6f6f6,
f5f5f5,
f6f6f6,
f8f8f8,
f8f8f8,
f9f9f9,
f8f8f8,
f6f6f6,
f6f6f6,
f6f6f6,
f7f7f7,
f9f9f9,
f8f8f8,
f8f8f8,
f6f6f6,
f5f5f5,
f6f6f6,
f7f7f7,
f8f8f8,
f9f9f8,
f5f4f0,
f2f0e9,
f0ebdd,
eee6d2,
ebe1c5,
e8dbb9,
e7d8b2,
e6d6ac,
e6d5ab,
e7d5ab,
e6d4aa,
e5d3a8,
e5d4ae,
e5d6b4,
e7dcc0,
eae2cd,
ebe4d3,
ede7d8,
ede6d6,
ede5d4,
e7deca,
e1d6c1,
dacdb6,
d4c5ab,
cebb9a,
c8b18a,
c6ae84,
c4ab7f,
c7af84,
c9b48a,
d2be93,
dbc89c,
e0cea2,
e5d4a9,
ddca9d,
d5c092,
cab181,
bfa36f,
bb9d69,
b79863,
b99965,
ba9b66,
bb9b67,
bb9c69,
bea06f,
c2a475,
c0a273,
bea171,
ba9d6b,
b79964,
b99b67,
bb9c69,
bc9d6b,
bd9e6c,
bc9e6c,
bc9e6c,
bda06d,
bfa16f,
bfa270,
c0a271,
c0a372,
c0a373,
bfa270,
bda06e,
ba9d6a,
b69966,
bc9f6f,
c1a578,
c2a77f,
c2a986,
ab9d8a,
94908e,
7d8ba2,
6686b7,
698eca,
6b96dd,
6792db,
648dda,
5e87d5,
5981d1,
5d83d1,
6286d1,
7295d8,
82a5df,
7899db,
6d8ed7,
5a78cb,
4761be,
4b62bc,
5063b9,
7d89c6,
aab0d4,
c6c9e1,
e3e3ef,
dbdce8,
d4d5e2,
c2c2d3,
b0b0c4,
aeadc2,
abaac1,
8b8a9a,
6c6a73,
54525a,
3c3a40,
403f49,
444451,
4e4e5b,
585964,
7a7b8b,
9c9eb3,
a7a9be,
b3b3ca,
c8c8da,
dcdcea,
dedeec,
e0dfed,
e0dfed,
e0dfee,
d7d7e7,
cdcee1,
abb0cc,
8992b7,
6877a9,
475d9b,
41589d,
3c549f,
3c539c,
3d5399,
374e93,
31498c,
32488a,
324788,
334a8e,
344d93,
4961a1,
5d75b0,
8392be,
a8afcd,
adb3cf,
b2b7d0,
aeb3cd,
abafc9,
a3a7c0,
9ca0b6,
8c8b9d,
7c7785,
82797e,
897b78,
9b8874,
ad9571,
b69c71,
bfa271,
bda06d,
bc9d6a,
bb9e6e,
baa073,
bda377,
c1a77b,
bea272,
bc9e6a,
bb9c69,
ba9b68,
ba9d6b,
ba9e6f,
c2ab83,
c9b798,
d6c9b2,
e3dacc,
e8e1d6,
ede9e1,
dcd2c0,
ccbc9e,
c5b089,
bda474,
c7b188,
d2bf9c,
e1d7c4,
f1efec,
f3f2f0,
f5f5f5,
f6f6f6,
f8f8f8,
f8f8f8,
f9f9f9,
f8f8f8,
f6f6f6,
f6f6f6,
f6f6f6,
f7f7f7,
f9f9f9,
f8f8f8,
f8f8f8,
f6f6f6,
f5f5f5,
f5f5f5,
f5f5f5,
f7f7f7,
f9f9f9,
f9f9f9,
f9f9f9,
f7f7f7,
f5f5f5,
f6f6f6,
f6f6f6,
f8f8f8,
f9f9f9,
f8f8f8,
f7f7f7,
f6f6f6,
f5f5f5,
f7f7f7,
f8f8f8,
f9f9f9,
f9f9f9,
f7f7f7,
f5f5f5,
f6f6f6,
f6f6f6,
f8f8f8,
f9f9f9,
f8f8f8,
f7f7f7,
f6f6f6,
f5f5f5,
f7f7f6,
f8f8f7,
f6f5f1,
f3f1ea,
eae4d4,
e1d7be,
decfae,
dac79e,
dcc89e,
ddc89e,
e0cca1,
e3cfa4,
e4d1a7,
e5d2a9,
e6d5af,
e6d8b5,
e8dbbb,
e9dec1,
e5d8b9,
e0d2b1,
d6c6a2,
ccb992,
c7b188,
c2a97e,
c2a87b,
c2a677,
c3a879,
c4a97a,
c8b082,
cbb789,
d9c79a,
e7d6ab,
e7d6ac,
e6d5ac,
d8c397,
cab181,
bfa370,
b3945e,
b59560,
b69661,
b99965,
bb9c68,
bb9c69,
bb9c69,
be9f6e,
c0a272,
bea171,
bc9f6f,
bb9d6b,
b99b67,
bb9d6a,
bd9e6c,
bea06e,
bea170,
bea170,
bda170,
c0a373,
c2a576,
c3a678,
c4a779,
c5a87b,
c5a97c,
c2a677,
bfa271,
bc9f6e,
b89b6a,
c0a375,
c7ab80,
c4a981,
c0a681,
aa967d,
948579,
767987,
576d95,
5d7db6,
638dd6,
5e87d4,
5881d2,
557dcf,
5279cc,
5e82d0,
6a8bd3,
7597da,
7fa3e0,
7093d9,
6082d1,
516ec6,
415abb,
4e63bb,
5b6cbb,
959fd1,
ced2e7,
e0e3f1,
f2f3fb,
eaebf5,
e1e3ee,
ced0e0,
bbbcd2,
b8b8cf,
b4b4cc,
9797aa,
797988,
5e5e69,
43424a,
3b3c49,
333547,
2f303f,
2b2b36,
626272,
9899ae,
acacc1,
bfbfd3,
cecedf,
ddddeb,
dfdeec,
e0dfed,
e0dfed,
e0dfed,
d6d6e6,
cbccdf,
aeb3ce,
9199bc,
6d7fb3,
4965a9,
4160ac,
395aaf,
3d5aa5,
41599b,
375198,
2c4995,
31498d,
354884,
344b8e,
334e98,
4862a5,
5c75b2,
7a8ab8,
989fbe,
9ba1be,
9da3bd,
9ba0bb,
989db9,
969ab3,
9497ac,
948f96,
948780,
a3907a,
b29974,
b99d72,
bfa16f,
c1a371,
c2a572,
c1a371,
bfa16f,
c0a579,
c0a982,
c3ad88,
c5b08d,
c0a77c,
bb9e6a,
bb9d69,
ba9c68,
b99b68,
b89a67,
b99e6e,
baa174,
c6b28e,
d1c2a8,
dfd6c7,
edeae6,
e2dacc,
d6c9b1,
cfbd9b,
c8b084,
ceb991,
d4c29e,
e1d7c2,
edebe6,
f3f2f0,
f9f9f9,
f8f8f8,
f7f7f7,
f6f6f6,
f5f5f5,
f7f7f7,
f8f8f8,
f9f9f9,
f9f9f9,
f7f7f7,
f5f5f5,
f6f6f6,
f6f6f6,
f8f8f8,
f9f9f9,
f9f9f9,
f5f5f5,
f7f7f7,
f9f9f9,
f9f9f9,
f9f9f9,
f7f7f7,
f5f5f5,
f5f5f5,
f6f6f6,
f8f8f8,
fafafa,
f8f8f8,
f7f7f7,
f6f6f6,
f5f5f5,
f7f7f7,
f9f9f9,
f9f9f9,
f9f9f9,
f7f7f7,
f5f5f5,
f5f5f5,
f6f6f6,
f8f8f8,
fafafa,
f8f8f8,
f7f7f7,
f6f6f6,
f5f5f5,
f6f5f5,
f7f6f5,
f3f1ed,
efede5,
e9e4d6,
e3dcc7,
dfd3b7,
dacaa7,
d9c69f,
d8c398,
dcc89d,
e1cda2,
e2d0a6,
e4d2a9,
e2d0a8,
e0cfa7,
ddcca6,
dbcaa4,
d6c49c,
d1bd95,
cbb68c,
c5af83,
c4ac7f,
c2a97b,
c2a87a,
c3a879,
c4aa7b,
c5ac7e,
cbb588,
d1be92,
d7c69a,
decda3,
e1d0a6,
e5d3a9,
d2bb8d,
bfa472,
b99c68,
b4955f,
b69761,
b89863,
b99a66,
bb9d69,
bb9d69,
bc9d69,
bc9d6a,
bc9e6b,
ba9d6a,
b99c69,
b99c68,
ba9c68,
bc9e6c,
bfa170,
bea170,
bea171,
bfa373,
c0a575,
c3a779,
c6aa7e,
c7ab7f,
c8ac81,
c7ab7f,
c6aa7e,
c0a375,
bb9d6d,
bb9e6f,
bca072,
b9a07b,
b7a184,
a39082,
8f8080,
776c7e,
5f597c,
4c5280,
3a4b85,
4762a5,
5479c5,
557bca,
567dd0,
577dcf,
597dce,
5f82d0,
6687d2,
6f92d9,
789cdf,
6788d4,
5574c9,
4c67c0,
435ab7,
5a6bb8,
717cb9,
a7aed4,
dee0f0,
e8eaf5,
f2f3fb,
eceef6,
e7e8f2,
d3d3e3,
bfbfd4,
babad1,
b5b5cd,
a5a4bb,
9494a8,
7b7b8c,
616170,
4e4f63,
3a3d56,
35374e,
303246,
54566d,
787a94,
8d90ac,
a3a6c4,
b4b6ce,
c5c6d7,
c9cad9,
cdcddc,
cecedc,
cecedc,
c3c3d2,
b7b7c8,
a2a4bc,
8d92b0,
7282b1,
5873b2,
5774b7,
5675bd,
5573b6,
5571b0,
4462a9,
3454a2,
374f90,
3a497f,
3c4f8a,
3e5496,
4d65a4,
5c75b3,
7888b7,
949cbb,
979dbb,
9a9fbb,
979db9,
959ab7,
9397af,
9193a8,
989295,
a09282,
ae997d,
bba177,
bda174,
c0a271,
c1a372,
c2a574,
c2a676,
c3a677,
c3a97d,
c4ac83,
c9b492,
cebda1,
c7b28d,
c1a77a,
bfa475,
bea16f,
bc9f6d,
bb9e6c,
ba9f6e,
baa071,
c1ab83,
c8b696,
d2c5ac,
ddd3c1,
d9cdb5,
d6c7a8,
d1be9a,
ccb68c,
d1be9a,
d7c7a8,
e3daca,
f0eeeb,
f5f4f2,
fafafa,
f8f8f8,
f7f7f7,
f6f6f6,
f5f5f5,
f7f7f7,
f9f9f9,
f9f9f9,
fafafa,
f7f7f7,
f5f5f5,
f5f5f5,
f6f6f6,
f8f8f8,
fafafa,
fafafa,
f4f4f4,
f7f7f7,
f9f9f9,
f9f9f9,
f9f9f9,
f7f7f7,
f4f4f4,
f5f5f5,
f6f6f6,
f8f8f8,
fafafa,
f8f8f8,
f6f6f6,
f5f5f5,
f4f4f4,
f7f7f7,
f9f9f9,
f9f9f9,
f9f9f9,
f7f7f7,
f4f4f4,
f5f5f5,
f6f6f6,
f8f8f8,
fafafa,
f9f9f9,
f7f7f7,
f6f6f6,
f4f4f4,
f5f4f4,
f5f4f3,
f0eeea,
ebe8e0,
e8e4d8,
e5e0d0,
e0d6c0,
daccaf,
d6c5a0,
d2be91,
d8c599,
decba0,
e1cfa5,
e3d2a9,
decca1,
d9c599,
d3be90,
cdb687,
c8af80,
c2a878,
c0a676,
bea474,
c0a676,
c2a878,
c3a979,
c3a97a,
c4ac7e,
c5af81,
ceba8e,
d6c59a,
d6c59b,
d5c49b,
dccba1,
e3d1a6,
cbb484,
b39662,
b49661,
b59660,
b79862,
b99a64,
ba9c67,
bb9d69,
bc9d69,
bc9d69,
ba9b67,
b89964,
b79963,
b59862,
b89a66,
ba9c69,
bda06e,
c0a373,
bfa273,
bea172,
c1a576,
c3a87a,
c6ab80,
c9ae85,
cab087,
cbb189,
c9ae84,
c6aa7f,
bea174,
b69869,
bb9e71,
bfa479,
b39e81,
a79788,
837883,
5e597e,
44437e,
292d7e,
232b79,
1d2974,
314794,
4464b4,
4c6ec1,
5378cd,
5a7dcf,
6081d0,
6182d1,
6183d1,
698cd8,
7195de,
5e7ecf,
4a66c0,
4860ba,
4559b3,
6673b5,
868cb7,
babdd8,
edeef8,
eff1fa,
f1f3fb,
eff0f8,
ecedf5,
d7d7e6,
c2c1d6,
bcbbd2,
b6b5ce,
b3b2cb,
afafc8,
9798af,
7f8096,
60637d,
414564,
3b3f5d,
353855,
464a67,
575b79,
6f7497,
878db5,
9a9ebc,
adafc3,
b4b5c7,
babbca,
bbbccb,
bcbdcb,
b0b0be,
a3a2b0,
9696aa,
888aa4,
7786af,
6681ba,
6c89c2,
7290ca,
6d8cc7,
6888c4,
5274b9,
3c5fae,
3d5594,
3e4a79,
435286,
485a93,
5268a4,
5c75b4,
7687b6,
9098b8,
939ab8,
969bb8,
9499b6,
9297b4,
9093ac,
8d8fa4,
9d9694,
ac9c84,
b8a27f,
c4a87a,
c2a576,
c0a272,
c1a474,
c1a576,
c4a87b,
c6ab7f,
c7ad82,
c8ae84,
cfbc9c,
d6cab4,
cfbd9f,
c7af8a,
c4aa80,
c1a576,
c0a373,
bea170,
bca06f,
b99e6d,
bca479,
bfaa84,
c6b390,
ccbc9c,
d1c09e,
d5c49f,
d3c099,
d0bc93,
d5c4a3,
d9cbb2,
e6ded1,
f2f1f0,
f6f6f5,
fafafa,
f9f9f9,
f7f7f7,
f6f6f6,
f4f4f4,
f7f7f7,
f9f9f9,
fafafa,
fafafa,
f7f7f7,
f4f4f4,
f5f5f5,
f6f6f6,
f8f8f8,
fafafa,
fafafa,
f9f9f9,
f7f7f7,
f6f6f6,
f6f6f6,
f6f6f6,
f7f7f7,
f9f9f9,
f8f8f8,
f8f8f8,
f6f6f6,
f5f5f5,
f6f6f6,
f7f7f7,
f8f8f8,
f9f9f9,
f8f8f8,
f7f7f7,
f6f6f6,
f6f6f6,
f7f7f7,
f8f8f8,
f8f8f8,
f8f8f8,
f6f6f6,
f5f5f5,
f6f6f6,
f7f7f7,
f8f8f8,
f9f9f9,
f7f6f6,
f5f4f4,
f1f0ed,
edebe6,
edeae2,
ece9dd,
e9e2d2,
e5dcc8,
e1d6bc,
ddd0b1,
ddcfb0,
decfae,
dbcaa7,
d8c6a0,
d2bd93,
ccb487,
c9b082,
c6ad7d,
c3a979,
c1a676,
c1a676,
c1a777,
c2a878,
c3a979,
c2a878,
c0a778,
c5ae7f,
c9b587,
cab688,
cbb68a,
d2c095,
dac9a0,
decda3,
e3d1a6,
ccb585,
b69964,
b69863,
b79862,
b89a64,
ba9c66,
bb9d67,
bc9e69,
bc9e69,
bd9e68,
b89964,
b49560,
b59761,
b79863,
b89a66,
ba9c69,
bb9d6b,
bd9f6d,
bc9e6d,
bc9e6c,
bda16f,
bfa472,
bba175,
b79e78,
ae987a,
a6937d,
a28f7b,
9d8b7a,
9a8978,
978776,
9b8d7f,
9f9388,
979394,
8f92a1,
7c809e,
696e9b,
5d659c,
515b9e,
455398,
394a93,
3a519d,
3c59a6,
4868b9,
5477cb,
577acd,
5a7dcf,
5c7fd0,
5e81d1,
6386d5,
698cd9,
5876ca,
4660bb,
495eb2,
4b5baa,
7983ba,
a8abca,
cccee2,
f0f1fa,
f1f2fa,
f2f3fb,
eff0f8,
ecedf5,
d7d7e5,
c3c2d6,
bdbcd2,
b8b7cf,
b0b0c8,
a9a9c1,
8889a0,
686a7f,
51546c,
3a3e59,
393c5a,
373b5c,
444972,
505888,
61699b,
727bae,
8c91b4,
a6a8ba,
a6a8bb,
a7a9bc,
aaacbe,
adafc0,
a3a3b3,
9998a5,
8d8d9d,
828295,
747d9b,
6778a2,
6b81b0,
6f8abe,
6b85b8,
6881b3,
5670a9,
445fa0,
3f5692,
3b4d84,
425692,
49609f,
576daa,
647ab5,
7b8ab7,
939aba,
949ab9,
959ab8,
979bba,
989dbc,
9295b1,
8c8ea6,
989296,
a59786,
b5a183,
c6ab80,
c5aa7e,
c5a87c,
c5a97c,
c5a97d,
c5a97c,
c5a97b,
c5a97b,
c5a97c,
cab48f,
cfbfa2,
cab897,
c6b18d,
c2aa7f,
bea372,
bea272,
bda271,
bea474,
c0a677,
c4ad82,
c9b58e,
cdba94,
d0bf9b,
d1be99,
d1be97,
d0be98,
cfbe99,
dacdb3,
e5ddcd,
ede9e1,
f6f5f5,
f5f5f5,
f5f5f5,
f6f6f6,
f8f8f8,
f8f8f8,
f9f9f9,
f8f8f8,
f7f7f7,
f6f6f6,
f6f6f6,
f7f7f7,
f8f8f8,
f8f8f8,
f8f8f8,
f7f7f7,
f6f6f6,
f6f6f6,
fdfdfd,
f8f8f8,
f3f3f3,
f3f3f3,
f3f3f3,
f8f8f8,
fdfdfd,
fbfbfb,
f9f9f9,
f5f5f5,
f0f0f0,
f4f4f4,
f8f8f8,
fbfbfb,
fdfdfd,
f9f9f9,
f4f4f4,
f4f4f4,
f3f3f3,
f8f8f8,
fcfcfc,
fbfbfb,
f9f9f9,
f5f5f5,
f0f0f0,
f4f4f4,
f7f7f7,
fafafa,
fdfdfd,
f9f9f9,
f4f4f4,
f2f1f0,
efeeec,
f1f0eb,
f3f1ea,
f2efe5,
f0ece0,
ece7d9,
e7e1d1,
e3dac7,
ded3bc,
d6c6a9,
cdb996,
c6ae85,
bfa374,
bfa373,
bfa372,
bfa473,
bfa473,
c1a776,
c3a979,
c4a979,
c4a979,
c1a777,
bda475,
c5b081,
cdbb8d,
c6b183,
bfa779,
cfbb8f,
dfcea4,
e1d0a5,
e2d1a5,
cdb686,
b89b66,
b99b65,
b99a64,
ba9c66,
ba9d67,
bc9e68,
bd9f69,
bd9f68,
bd9e67,
b79861,
b0915b,
b4955f,
b89863,
b99a66,
ba9c69,
ba9b68,
b99a67,
b99a67,
b99a66,
ba9d68,
bb9f6a,
b0976b,
a48e6b,
93816e,
817470,
7b7072,
746c74,
76717c,
787583,
7b7c8d,
7e8297,
7a88a8,
768db9,
7588b8,
7383b7,
7686ba,
7889bd,
667ab8,
546bb2,
445ca5,
344d98,
4461b1,
5475c9,
5477cb,
5478cd,
577bcf,
5a7ed0,
5e81d2,
6183d3,
526fc5,
425ab6,
4a5cab,
515da0,
8d94be,
c9cadc,
dedfec,
f2f3fb,
f3f3fb,
f3f3fb,
f0f0f8,
ececf5,
d8d7e5,
c3c2d5,
bebdd3,
b9b8d0,
aeaec5,
a3a3b9,
7a7b90,
505367,
42455a,
33374d,
363a58,
393d62,
41497c,
495496,
535e9f,
5c68a7,
7d84ac,
9ea0b0,
999caf,
9497ad,
999cb1,
9da0b5,
9697a8,
8e8d9a,
858490,
7b7a86,
717488,
676e89,
6a799d,
6c83b1,
6a7ea9,
6779a1,
596c99,
4b5f91,
425790,
384f8f,
415a9d,
4a65ab,
5b72b0,
6c7fb5,
818eb9,
959cbc,
959aba,
9498b8,
999dbe,
9ea2c3,
9498b5,
8a8da7,
948f98,
9d9188,
b3a087,
c8ae85,
c9ae85,
c9ae85,
c9ae84,
c8ad83,
c6aa7d,
c3a677,
c2a575,
c1a473,
c4ac81,
c7b38f,
c6b38f,
c4b28f,
c0a97f,
bba06e,
bca270,
bca372,
c1a97a,
c6ae81,
cdb78c,
d3bf97,
d4c098,
d4c199,
d1bd94,
cdb88e,
cebc97,
cebf9f,
e0d7c3,
f1eee7,
f5f4f0,
f9f9f9,
f5f5f5,
f0f0f0,
f4f4f4,
f8f8f8,
fbfbfb,
fdfdfd,
f9f9f9,
f4f4f4,
f3f3f3,
f2f2f2,
f7f7f7,
fcfcfc,
fbfbfb,
f9f9f9,
f5f5f5,
f1f1f1,
f1f1f1,
f8f8f8,
f7f7f7,
f7f7f7,
f7f7f7,
f7f7f7,
f7f7f7,
f8f8f8,
f8f8f8,
f8f8f8,
f7f7f7,
f6f6f6,
f6f6f6,
f7f7f7,
f8f8f8,
f8f8f8,
f7f7f7,
f7f7f7,
f7f7f7,
f7f7f7,
f7f7f7,
f8f8f8,
f8f8f8,
f7f7f7,
f6f6f6,
f6f6f6,
f6f6f6,
f7f7f7,
f8f8f8,
f8f8f8,
f7f7f7,
f7f7f7,
f6f5f5,
f5f4f3,
f4f3f1,
f3f2ee,
efece5,
ebe6db,
e3dbc9,
dbcfb7,
d6c7aa,
d1bf9d,
cbb791,
c6af85,
c2a97c,
bfa473,
c0a473,
c1a574,
c1a675,
c1a776,
c2a878,
c3a979,
c2a877,
c2a776,
c0a777,
bfa879,
c3ad7e,
c7b384,
c2ac7d,
bea576,
d1bd90,
e5d5ab,
e5d5ab,
e6d6ab,
d4be8f,
c2a773,
bda06c,
b99a64,
ba9c66,
bc9e68,
bd9e69,
be9f69,
bd9f6a,
bd9f6b,
bb9e6c,
b89d6d,
b99b69,
ba9a66,
b99b67,
b99c69,
b79a68,
b69968,
b49969,
b3996b,
b0996f,
ae9a74,
918373,
756c73,
605b76,
4c4b79,
48497a,
44477c,
464980,
484c84,
4b528a,
4f5890,
52619b,
556aa6,
5e74af,
677eb9,
7189c2,
7b95cb,
748fc9,
6e89c7,
566fb1,
3e559b,
445ea9,
4a68b7,
4f70c2,
5378cd,
587ccf,
5c80d2,
5b7dcf,
5a79cc,
4d67bc,
4156ad,
5766ad,
6d76ad,
a4a9cb,
dbdcea,
e7e7f2,
f3f3fb,
f3f3fb,
f3f3fb,
efeff7,
ebeaf4,
d7d6e4,
c3c3d5,
bcbcd0,
b6b5cc,
9e9eb2,
868899,
6b6e7f,
505565,
42475a,
343950,
394065,
3f477a,
46518f,
4d5aa3,
5b67a5,
6a74a8,
8a90b2,
aaacbd,
a6a9bc,
a2a6bc,
a9adc2,
b0b4c8,
acafc0,
a9aab9,
a2a3b3,
9b9cac,
9092a6,
8589a1,
7b87a9,
7286b1,
667eb1,
5976b1,
4f69a5,
455d99,
425b9b,
40599d,
435ea6,
4663af,
5a70ae,
6f7eae,
828db5,
969dbd,
989dbe,
999dbf,
9ea2c4,
a3a7c9,
9295b2,
80839b,
87828d,
8d827f,
a79681,
c2a983,
c5ab83,
c8ad84,
c7ab80,
c5a97c,
c4a778,
c2a574,
c1a372,
c0a270,
c1a87a,
c3ad84,
c5b18a,
c6b590,
c6b188,
c5ad80,
c7af82,
c8b185,
cab388,
ccb58b,
ceb88f,
d1bb93,
d0bb93,
d0bb93,
cfbc96,
cfbd99,
d7c9ae,
dfd6c2,
e8e3d8,
f2f1ed,
f5f4f2,
f8f8f8,
f7f7f7,
f6f6f6,
f6f6f6,
f7f7f7,
f8f8f8,
f8f8f8,
f7f7f7,
f7f7f7,
f6f6f6,
f6f6f6,
f7f7f7,
f8f8f8,
f8f8f8,
f7f7f7,
f7f7f7,
f6f6f6,
f6f6f6,
f3f3f3,
f7f7f7,
fafafa,
fafafa,
fafafa,
f7f7f7,
f3f3f3,
f5f5f5,
f6f6f6,
f9f9f9,
fbfbfb,
f9f9f9,
f6f6f6,
f5f5f5,
f3f3f3,
f6f6f6,
f9f9f9,
fafafa,
fafafa,
f7f7f7,
f4f4f4,
f5f5f5,
f5f5f5,
f8f8f8,
fbfbfb,
f9f9f9,
f7f7f7,
f5f5f5,
f3f3f3,
f6f6f6,
f9f9f9,
fafafa,
fafafa,
f7f7f6,
f3f3f2,
edeae4,
e6e0d6,
dbcfb9,
cfbd9c,
c9b48d,
c3ab7d,
c1a878,
bea473,
bfa472,
bfa471,
c1a674,
c3a776,
c3a878,
c3a979,
c3a979,
c3a979,
c1a776,
bfa472,
c0a877,
c1ab7c,
c1ab7b,
c1aa7a,
bfa777,
bca373,
d3bf92,
eadbb1,
eadbb1,
eadab0,
dbc698,
cbb280,
c2a672,
b99a64,
bb9d67,
bd9f69,
be9f69,
be9e69,
be9f6c,
bda06f,
bfa477,
c0a87f,
bea274,
bb9b68,
ba9b68,
b89b68,
b59968,
b29768,
af976c,
ac976f,
a69676,
a0957d,
736f7c,
46497a,
2e367e,
162281,
152283,
142184,
162284,
172384,
1c2987,
202e89,
2a3b8e,
334793,
4760a7,
5a78ba,
6c8cc9,
7da0d8,
82a4da,
87a7db,
6882bc,
485c9d,
445ca1,
405ba5,
4969b9,
5277cc,
587dd0,
5e82d4,
5879cc,
526fc4,
4960b4,
4051a3,
6470ae,
888fb9,
bbbed8,
ededf7,
f0f0f9,
f3f3fb,
f3f3fb,
f3f3fb,
eeeef7,
e9e8f2,
d6d6e3,
c3c3d4,
bbbbce,
b2b2c7,
8e8fa0,
696c79,
5d616e,
505663,
42485b,
343a52,
3d4672,
455192,
4b59a1,
5060b0,
6470ac,
777fa8,
969cb9,
b5b8ca,
b3b7ca,
b0b5ca,
b9bed2,
c2c7da,
c3c7d9,
c3c7d8,
bfc2d5,
bbbdd2,
afb1c5,
a2a4b8,
8d96b5,
7888b1,
627db9,
4b72c0,
4567b0,
3e5ba0,
435fa6,
4763ab,
4462af,
4160b3,
596ead,
717ca6,
848db2,
979dbd,
9ba0c1,
9ea2c5,
a3a7ca,
a8acce,
8f92af,
76788f,
7a7683,
7d7376,
9c8c7c,
bba481,
c1a882,
c7ac82,
c5a97c,
c2a575,
c2a473,
c1a370,
c0a26f,
bea06d,
bfa473,
bfa779,
c4af85,
c8b791,
ccb991,
cfba91,
d2bd95,
d4bf98,
d3be97,
d1bc95,
d0ba92,
ceb78e,
cdb68d,
cbb58c,
cebc98,
d1c2a4,
e0d7c5,
efece5,
f1f0ec,
f3f3f3,
f5f5f5,
f6f6f6,
f9f9f9,
fbfbfb,
f9f9f9,
f6f6f6,
f5f5f5,
f3f3f3,
f6f6f6,
f9f9f9,
fafafa,
fafafa,
f7f7f7,
f4f4f4,
f5f5f5,
f5f5f5,
f8f8f8,
fbfbfb,
fbfbfb,
f5f5f5,
f7f7f7,
f9f9f9,
f9f9f9,
f9f9f9,
f7f7f7,
f5f5f5,
f6f6f6,
f7f7f7,
f8f8f8,
fafafa,
f8f8f8,
f7f7f7,
f6f6f6,
f5f5f5,
f7f7f7,
f9f9f9,
f9f9f9,
f9f9f9,
f7f7f7,
f5f5f5,
f6f6f6,
f6f6f6,
f8f8f8,
fafafa,
f8f8f8,
f7f7f7,
f6f6f6,
f5f5f5,
f7f7f7,
f9f9f9,
f9f9f9,
f9f9f9,
f2f0ec,
ebe7df,
dfd6c5,
d4c5ab,
cebb9a,
c8b289,
c6ae82,
c3aa7b,
c3aa7c,
c3aa7c,
c5ae81,
c8b287,
c6ae83,
c5ab7f,
c3a97b,
c2a878,
c2a878,
c3a878,
c0a574,
bda270,
c0a879,
c4af81,
c0a979,
bda371,
bda574,
bea677,
d5c295,
ecdeb4,
ebddb2,
eadbb1,
dfcd9f,
d4be8e,
c7ad79,
b99b65,
bb9d67,
bd9f6a,
bda06d,
bea171,
c0a67b,
c1ab86,
bda987,
b9a788,
b19f7f,
aa9777,
a5967b,
a19680,
9c9687,
98968e,
949794,
91989b,
8c98a2,
8798aa,
6577a0,
445796,
2d3f91,
17288b,
16278a,
152589,
152486,
152384,
16237f,
17247b,
1b297b,
202f7b,
2c3e8a,
384e99,
4b65ad,
5e7dc2,
6c8dce,
7a9dda,
5e7bbe,
425aa2,
3b549d,
354e99,
4261af,
5073c6,
577acc,
5e81d3,
5572c6,
4b64ba,
4b5eae,
4b58a3,
7b84b8,
acb0cd,
ced0e2,
f0f0f8,
f1f1f9,
f2f2fa,
f2f2fb,
f3f3fb,
ebebf5,
e4e4ef,
d3d3e1,
c1c2d4,
b0b0c2,
9f9fb1,
818391,
646772,
585c6b,
4d5265,
454c6b,
3d4572,
465089,
4f5ca0,
5c68aa,
6975b5,
7f88b7,
959cba,
a8adc5,
bbbfd1,
bbc0d2,
bbc0d3,
c4c9da,
cdd1e1,
cacfdf,
c8ccdc,
c3c7d9,
bfc2d7,
b6b9ce,
adb0c6,
9aa1be,
8692b6,
697dae,
4b68a6,
4d659e,
4e6196,
49609f,
445ea8,
435eaa,
425eac,
5567a0,
687095,
7e83a4,
9397b3,
9b9ebd,
a3a6c8,
a5a9ca,
a8accd,
8b8ea8,
6e6f83,
6e6a75,
6e6567,
918171,
b49d7c,
bca27b,
c4a87a,
c2a576,
c0a371,
c0a371,
c0a472,
c1a574,
c2a676,
c2a97a,
c3ac7f,
c6b287,
cab88f,
ccb78e,
cdb78d,
cfb88f,
d0ba91,
d0b990,
cfb990,
ceb78f,
cdb68d,
c9b38d,
c5b18d,
d1c2a7,
ddd4c1,
e8e3d8,
f4f2ef,
f4f3f2,
f5f5f5,
f6f6f6,
f7f7f7,
f8f8f8,
fafafa,
f8f8f8,
f7f7f7,
f6f6f6,
f5f5f5,
f7f7f7,
f9f9f9,
f9f9f9,
f9f9f9,
f7f7f7,
f5f5f5,
f6f6f6,
f6f6f6,
f8f8f8,
fafafa,
fafafa,
f6f6f6,
f7f7f7,
f8f8f8,
f8f8f8,
f8f8f8,
f7f7f7,
f6f6f6,
f7f7f7,
f7f7f7,
f8f8f8,
f8f8f8,
f8f8f8,
f7f7f7,
f7f7f7,
f6f6f6,
f7f7f7,
f8f8f8,
f8f8f8,
f8f8f8,
f7f7f7,
f6f6f6,
f7f7f7,
f7f7f7,
f8f8f8,
f8f8f8,
f8f8f8,
f7f7f7,
f7f7f7,
f6f6f6,
f7f7f7,
f8f8f8,
f8f8f8,
f8f7f7,
ede9e2,
e2dacc,
d2c2a6,
c1a980,
c1a87b,
c1a776,
c2a878,
c3a979,
c6ad7f,
c8b085,
ccb891,
d0bf9c,
cbb792,
c6af87,
c4ab7f,
c1a676,
c2a676,
c2a676,
bea372,
ba9f6e,
c1a97a,
c7b386,
c0a877,
b89c68,
bca371,
bfa97a,
d7c599,
eee1b7,
ecdfb4,
e9dcb1,
e3d3a6,
ddca9b,
cbb381,
b99c66,
bb9e68,
bc9f6a,
bda271,
bea478,
c2ad8a,
c5b59c,
bbae97,
b1a691,
a59c8b,
989285,
91918f,
899098,
8492a6,
7e94b3,
7a96bd,
7598c7,
7299cf,
6e9ad6,
587fc4,
4164b2,
2d49a4,
182e95,
172c92,
15298e,
142689,
132383,
101e78,
0d196c,
0d1868,
0c1663,
111d6d,
152377,
2a3f92,
3e5aac,
5577c3,
6c93d9,
5475c0,
3c57a6,
334c9a,
29418d,
3b58a6,
4d6fbf,
5677c8,
5e7fd1,
516cc0,
4459af,
4d5ca9,
555fa2,
9298c1,
cfd0e0,
e1e1ed,
f2f2f9,
f1f1f9,
f0f0f9,
f1f1fa,
f2f2fb,
e9e9f3,
dfdfeb,
cfd0df,
bfc1d3,
a5a6b7,
8b8b9b,
757683,
5f616a,
545869,
494e67,
474f7c,
455091,
4f5b9f,
5866ad,
6d78b3,
8189b9,
9aa1c3,
b3b8cc,
babfd2,
c1c6d7,
c4c9da,
c6cbdc,
cfd3e2,
d7dbe8,
d2d6e4,
cdd1e0,
c8ccde,
c2c7db,
bdc1d8,
b8bbd4,
a6abc7,
949bba,
707da3,
4b5e8b,
55638b,
5e678b,
506098,
4159a4,
425ba5,
425ca5,
516094,
5f6383,
777a96,
8f90a9,
9b9dba,
a7aaca,
a8abcb,
a8accc,
8789a2,
666677,
625f68,
5e5758,
857767,
ac9676,
b69d74,
c0a372,
bfa270,
bea16d,
bfa370,
bfa473,
c3a879,
c6ac7e,
c6ae81,
c6b084,
c9b488,
ccb88c,
ccb68b,
cbb489,
ccb489,
ccb489,
cdb58a,
cdb58b,
ccb58c,
cbb48c,
c5b18d,
bfad8d,
d4c9b6,
e8e5de,
f0efeb,
f8f8f8,
f7f7f7,
f6f6f6,
f7f7f7,
f7f7f7,
f8f8f8,
f8f8f8,
f8f8f8,
f7f7f7,
f7f7f7,
f6f6f6,
f7f7f7,
f8f8f8,
f8f8f8,
f8f8f8,
f7f7f7,
f6f6f6,
f7f7f7,
f7f7f7,
f8f8f8,
f8f8f8,
f8f8f8,
f9f9f9,
f7f7f7,
f6f6f6,
f6f6f6,
f6f6f6,
f7f7f7,
f9f9f9,
f8f8f8,
f8f8f8,
f6f6f6,
f5f5f5,
f6f6f6,
f8f8f8,
f8f8f8,
f9f9f9,
f8f8f8,
f6f6f6,
f6f6f6,
f6f6f6,
f7f7f7,
f9f9f9,
f8f8f8,
f8f8f8,
f6f6f6,
f5f5f5,
f6f6f6,
f7f7f7,
f8f8f8,
f9f9f9,
f8f8f8,
f6f6f6,
f3f2f1,
f1eeeb,
e2d9cb,
d3c4ab,
cab794,
c2a97d,
c3a97b,
c4a97a,
c7af84,
cbb68e,
d3c1a0,
dccdb3,
ddd0b8,
ded3be,
d2c1a2,
c6af86,
c4ab7e,
c2a676,
c1a675,
c1a575,
bea373,
baa171,
bfa778,
c5ae80,
bea473,
b89b67,
bca371,
c0ab7c,
d7c69a,
eee1b8,
ecdfb5,
ebddb2,
e7d7ab,
e3d2a4,
d0ba8a,
bda370,
b79f71,
b19c72,
ad9e81,
a9a190,
a3a29c,
9da3a9,
939ca7,
8995a5,
818fa4,
7a8aa3,
768aa9,
728aaf,
708cb8,
6e8ec0,
6c90c6,
6a93cd,
6792cf,
6492d2,
557ec4,
466bb5,
304ea3,
1b3191,
182d8e,
152a8c,
142787,
142382,
111f7a,
0f1a72,
0f1a71,
101b71,
13217a,
162783,
213692,
2c46a0,
3f5cb0,
5273c1,
4867b6,
3e5bac,
314d9e,
253f90,
3653a3,
4767b7,
4b6abb,
506dc0,
485fb3,
4052a7,
5a67ac,
757cb1,
a9adcd,
dddeea,
e6e6f0,
eeeef7,
edecf5,
ebebf4,
e9e9f3,
e8e8f3,
dedfeb,
d5d5e3,
c3c3d2,
b1b2c2,
9596a3,
7a7b85,
686976,
555868,
505572,
4b527d,
555d90,
6069a3,
767eb3,
8c94c3,
9fa5cc,
b2b6d5,
bbbfd7,
c5c9d9,
c9cddd,
ced2e0,
d0d4e3,
d3d7e5,
d5d9e7,
d8dbe8,
d0d5e3,
c9cedf,
c5cadd,
c2c7db,
b6bbd4,
abb0cd,
939cbe,
7b88b0,
6172a0,
475b90,
4e5c88,
565d81,
4b5b92,
415aa3,
455da2,
4a61a2,
576390,
63657e,
73748a,
838397,
8c8ca2,
9596ad,
9595ab,
9494aa,
7b7989,
615d68,
5f5a61,
5e565a,
82756a,
a7947b,
b29b75,
bda270,
bea270,
bfa371,
c0a573,
c1a776,
c1a777,
c2a878,
c3aa7c,
c4ad81,
c8b286,
cdb88c,
ccb68b,
ccb58b,
ccb58b,
ccb58b,
cdb58c,
ceb68d,
cab38b,
c7b18a,
c8b696,
c8baa2,
dbd3c5,
edebe8,
f1f0ef,
f6f6f6,
f7f7f7,
f9f9f9,
f8f8f8,
f8f8f8,
f6f6f6,
f5f5f5,
f6f6f6,
f8f8f8,
f8f8f8,
f9f9f9,
f8f8f8,
f6f6f6,
f6f6f6,
f6f6f6,
f7f7f7,
f9f9f9,
f8f8f8,
f8f8f8,
f7f7f7,
f5f5f5,
f5f5f5,
fcfcfc,
f8f8f8,
f3f3f3,
f3f3f3,
f3f3f3,
f8f8f8,
fcfcfc,
fafafa,
f8f8f8,
f5f5f5,
f1f1f1,
f5f5f5,
f8f8f8,
fafafa,
fcfcfc,
f8f8f8,
f4f4f4,
f4f4f4,
f3f3f3,
f7f7f7,
fbfbfb,
fafafa,
f9f9f9,
f5f5f5,
f1f1f1,
f4f4f4,
f7f7f7,
fafafa,
fcfcfc,
f8f8f8,
f4f4f4,
efedea,
e9e5df,
d6cab5,
c3ae8a,
c3ac82,
c3a97a,
c5aa7c,
c6ab7d,
cdb790,
d3c2a3,
e1d6c2,
efe9e0,
ede8e0,
ebe7df,
d9cbb2,
c6af85,
c4ab7e,
c2a676,
c1a575,
c0a473,
bda473,
baa373,
bea676,
c2a879,
bda16f,
b89965,
bda371,
c1ac7d,
d8c79b,
eee1b8,
ede0b6,
ecdeb3,
eadcb0,
e8d9ac,
d5c293,
c1aa79,
b4a17a,
a6987a,
9d9b91,
939da7,
8497ae,
7590b5,
6b8ab7,
6183b8,
5e82bc,
5b81c0,
5b83c3,
5b84c6,
5c86ca,
5d88cd,
5e8bd0,
5e8dd2,
5c8bd0,
5a89ce,
537ec3,
4b72b8,
3453a2,
1d338c,
192f8b,
152b89,
152785,
142380,
131f7c,
111b77,
121d7b,
131f7e,
152587,
162b8f,
182e92,
193194,
28429e,
3752a8,
3b58ad,
3f5eb1,
304ea2,
203d93,
304ea1,
405eae,
415cae,
415aae,
3e53a7,
3b4b9f,
6872af,
9599bf,
c0c2da,
ebebf4,
ebebf4,
eaeaf4,
e8e8f2,
e6e5ef,
e2e2ed,
dddeea,
d4d5e3,
cacbdb,
b6b7c6,
a2a2b0,
86868f,
696a6e,
5a5d6a,
4b4f65,
4c537c,
4d5692,
646ca4,
7a81b5,
9da2c7,
c0c2d9,
d1d3e5,
e2e3f0,
dcdeeb,
d6d9e6,
d8dbe8,
dadde9,
dde0ec,
dfe2ee,
dcdfeb,
d8dbe8,
cfd3e3,
c5cbdd,
c3c9dc,
c1c6db,
afb5d0,
9da4c5,
7f8db5,
6175a5,
52679d,
435894,
485686,
4d5377,
47578c,
405aa1,
4960a0,
52659e,
5d668b,
676678,
6f6e7f,
767585,
7d7b8a,
83818f,
827f8b,
807c87,
6e6870,
5c5458,
5d555a,
5d555b,
80746d,
a2927f,
ae9976,
baa06d,
bda371,
bfa574,
c1a876,
c2aa78,
c0a775,
bda371,
bfa677,
c1a97d,
c8b085,
ceb78c,
cdb68c,
ccb58c,
ccb58c,
ccb58c,
cdb68d,
ceb68e,
c9b28b,
c3ae88,
cabb9f,
d1c7b6,
e2dcd4,
f2f1f1,
f3f2f2,
f3f3f3,
f8f8f8,
fcfcfc,
fafafa,
f8f8f8,
f5f5f5,
f1f1f1,
f5f5f5,
f8f8f8,
fafafa,
fcfcfc,
f8f8f8,
f4f4f4,
f4f4f4,
f3f3f3,
f7f7f7,
fbfbfb,
fafafa,
f9f9f9,
f6f6f6,
f2f2f2,
f2f2f2,
f7f7f7,
f7f7f7,
f7f7f7,
f7f7f7,
f7f7f7,
f7f7f7,
f7f7f7,
f7f7f7,
f7f7f7,
f7f7f7,
f7f7f7,
f7f7f7,
f7f7f7,
f7f7f7,
f7f7f7,
f7f7f7,
f7f7f7,
f7f7f7,
f7f7f7,
f7f7f7,
f7f7f7,
f7f7f7,
f7f7f7,
f7f7f7,
f7f7f7,
f7f7f7,
f7f7f7,
f7f7f7,
f7f7f7,
f7f7f6,
f6f6f6,
edeae4,
e4ddd2,
d2c4ac,
c0ac87,
c2ab80,
c4aa79,
cab287,
d0bb96,
d9caaf,
e3dac9,
eae3d9,
f0ede9,
edeae3,
ebe6dd,
d8c9af,
c5ad81,
c4a97b,
c2a676,
c0a474,
bfa271,
bca272,
baa373,
bda373,
bfa474,
bca06d,
ba9c67,
bca270,
bea87a,
d4c397,
ebdeb5,
ecdfb5,
ede0b5,
e9dbb0,
e6d7ab,
d3c39a,
c1ae88,
9a9083,
74727e,
686d89,
5d6995,
556596,
4e6197,
485c97,
435897,
3f569c,
3b55a1,
3b58a6,
3b5aab,
3d5dae,
4061b1,
4163b3,
4366b5,
4065b5,
3e63b5,
395caf,
3555a9,
29459d,
1e3592,
1a308d,
172b88,
152684,
142080,
142080,
141f81,
152385,
17278a,
182a8d,
182d91,
182c8f,
172c8e,
1f3493,
273d98,
3049a0,
3954a8,
324da2,
2c479c,
334da1,
3a54a7,
3c54a8,
3e53a8,
495aa7,
5561a5,
848bbb,
b3b6d0,
cdcfe1,
e8e9f2,
e7e7f1,
e6e6f0,
e4e5ef,
e3e3ed,
dcdce8,
d5d6e3,
cacbda,
bfc1d2,
a1a1b0,
83828e,
6e6e7b,
595b68,
535771,
4e547a,
606792,
737baa,
9097be,
aeb3d2,
c3c6de,
d9daea,
e1e2ef,
e9eaf5,
e4e6f2,
e0e2ee,
dfe1ed,
dfe1ed,
e2e4f0,
e5e8f3,
dcdfeb,
d3d6e4,
c8cedf,
bec5da,
afb9d3,
a1accd,
8b98c1,
7685b5,
6676a5,
566796,
4d5f92,
45578d,
475586,
4a547e,
46578c,
435a9b,
53669f,
6372a4,
707a9f,
7e829b,
8488a0,
8a8ea6,
8b8ea5,
8d8fa5,
88899d,
848496,
6c6874,
534d52,
595256,
5f575a,
7a6e69,
948678,
9a876d,
9f8963,
a78f67,
ae966a,
b59d6e,
bda471,
bea473,
bfa575,
c4ab7e,
c9b186,
ccb48a,
cfb78e,
cdb58d,
cbb48d,
cbb48d,
cbb48d,
cdb58e,
ceb790,
c9b490,
c3b191,
d0c4af,
ded8ce,
eae7e2,
f7f6f6,
f7f7f7,
f7f7f7,
f7f7f7,
f7f7f7,
f7f7f7,
f7f7f7,
f7f7f7,
f7f7f7,
f7f7f7,
f7f7f7,
f7f7f7,
f7f7f7,
f7f7f7,
f7f7f7,
f7f7f7,
f7f7f7,
f7f7f7,
f7f7f7,
f7f7f7,
f7f7f7,
f7f7f7,
f7f7f7,
f7f7f7,
f2f2f2,
f7f7f7,
fbfbfb,
fbfbfb,
fbfbfb,
f7f7f7,
f2f2f2,
f4f4f4,
f6f6f6,
fafafa,
fdfdfd,
fafafa,
f6f6f6,
f4f4f4,
f2f2f2,
f6f6f6,
fafafa,
fbfbfb,
fbfbfb,
f7f7f7,
f3f3f3,
f4f4f4,
f5f5f5,
f9f9f9,
fdfdfd,
fafafa,
f7f7f7,
f5f5f5,
f2f2f2,
f5f5f5,
f8f8f7,
ece7de,
dfd5c4,
cebfa4,
bda983,
c1aa7e,
c4aa78,
cfba93,
d9caae,
e6dece,
f3f1ee,
f2f1f0,
f1f1f1,
eeebe6,
eae5db,
d7c8ac,
c4aa7c,
c3a879,
c2a676,
c0a373,
bda06f,
bca171,
baa273,
bba171,
bca06e,
bc9f6b,
bb9e68,
bba16f,
baa376,
d1bf94,
e8dbb2,
ebdeb4,
eee1b6,
e9dbb0,
e3d5aa,
d2c4a1,
c0b297,
817f8c,
424b81,
344082,
263582,
26347e,
263279,
252f77,
242c75,
202b7b,
1b2981,
1b2d88,
1b308f,
1f3592,
223994,
253c96,
273f97,
253e99,
223d9b,
203b9b,
1e389a,
1e3799,
1e3697,
1b318f,
182b87,
162483,
131d7f,
152085,
16238a,
192990,
1b2e96,
1b2f94,
1a2f92,
182b8d,
152687,
162788,
172888,
253994,
324a9f,
354da2,
3850a4,
364da2,
344aa0,
374ba1,
3a4ca2,
5462a7,
6e77ab,
9fa5c6,
d0d2e1,
dbdce8,
e5e6ef,
e4e4ee,
e2e2ec,
e1e2ec,
dfe1eb,
d6d7e4,
cccddc,
c0c2d2,
b4b6c8,
8c8c9a,
63626c,
565767,
484b61,
4d5278,
51588e,
757ca8,
989fc2,
bdc2d9,
e1e4ef,
e9ebf5,
f1f1fa,
f0f1fa,
eff0fa,
edeef8,
eaebf6,
e7e8f3,
e3e4f0,
e7e9f4,
ebedf7,
dcdfec,
cdd1e0,
c2c8db,
b7bfd6,
9ca9cb,
8092bf,
677cb2,
4e65a4,
4c5f96,
4a5887,
495787,
475586,
475586,
465485,
46578d,
455994,
5c6c9f,
737fa9,
848eb3,
959dbd,
9aa2c2,
9ea6c6,
9aa2c0,
969dba,
8f94af,
888ba4,
696978,
4a464b,
565052,
615958,
746964,
867970,
857565,
847159,
917c5d,
9d8760,
aa9265,
b79d6a,
bca272,
c0a679,
c8b084,
d0b98f,
d0b88f,
cfb78f,
cdb58e,
cab28d,
cab28e,
cab28e,
ccb590,
ceb791,
c9b695,
c3b499,
d7cebf,
eae8e5,
f3f2f0,
fbfbfb,
fbfbfb,
fbfbfb,
f7f7f7,
f2f2f2,
f4f4f4,
f5f5f5,
f9f9f9,
fdfdfd,
fafafa,
f6f6f6,
f4f4f4,
f2f2f2,
f6f6f6,
fafafa,
fbfbfb,
fbfbfb,
f7f7f7,
f3f3f3,
f4f4f4,
f5f5f5,
f9f9f9,
fcfcfc,
fcfcfc,
f5f5f5,
f7f7f7,
f9f9f9,
f9f9f9,
f9f9f9,
f7f7f7,
f5f5f5,
f6f6f6,
f7f7f7,
f8f8f8,
fafafa,
f8f8f8,
f7f7f7,
f6f6f6,
f5f5f5,
f7f7f7,
f8f8f8,
f8f8f8,
f9f9f9,
f7f7f7,
f6f6f6,
f6f6f6,
f7f7f7,
f8f8f8,
fafafa,
f8f8f8,
f7f7f7,
f6f6f6,
f5f5f5,
f5f4f3,
f4f3f1,
eae6de,
e1d9cb,
d1c3aa,
c2ad88,
c5af87,
c8b186,
d6c7a9,
e5dccc,
ede8df,
f5f4f3,
f5f4f4,
f5f5f5,
f0eeea,
ece8e0,
d9cab1,
c5ad81,
c4a97c,
c2a676,
bfa272,
bc9f6e,
baa070,
b9a172,
b9a070,
b99f6e,
b0986e,
a6916e,
9a8a73,
8e8478,
aea591,
cfc6aa,
dfd4b1,
efe2b8,
e9dbb0,
e3d3a9,
d4c49f,
c6b595,
837c85,
414375,
303778,
1f2b7c,
202c7a,
212d78,
202c7d,
1f2c81,
1d2c88,
1b2d8e,
1b3092,
1c3396,
203794,
243a93,
233b95,
233b98,
213a9a,
1f399d,
1f399a,
203898,
1f3796,
1e3695,
1b3190,
182c8c,
17298c,
16278c,
18298e,
192b90,
192d91,
1a2f92,
192e91,
182e90,
182e8f,
182d8e,
1b3090,
1e3291,
273c98,
31479f,
3349a1,
354ba4,
374ba3,
394ca2,
4b5ba7,
5d6aad,
7c86b8,
9ca1c3,
b8bcd3,
d4d6e3,
dadce7,
e0e1eb,
dedee9,
dbdbe7,
d8d9e5,
d5d7e3,
ced0de,
c8c9da,
b3b4c4,
9e9fae,
767788,
4f5061,
4d516c,
4b5177,
63688e,
7a7fa6,
9da1c0,
bfc3da,
d3d6e6,
e8e9f3,
ecedf7,
f1f1fa,
eff0f9,
eeeff8,
e9eaf5,
e4e6f1,
e6e7f2,
e8e9f4,
e9ebf5,
ebecf6,
d3d7e6,
bbc2d7,
a4afcd,
8e9dc3,
768abd,
5f77b7,
536cb1,
4762ac,
4c619e,
516090,
4b5b8f,
45578f,
425693,
405597,
485c9a,
50649e,
6978a9,
828db4,
8d97bb,
99a2c2,
9aa2c2,
9ba3c2,
99a1be,
979ebb,
9095b0,
888ca5,
6a6a79,
4d484c,
504a4b,
534b4b,
685e5a,
7d7169,
746559,
6a5949,
6e5b47,
725e45,
8f7857,
ab9268,
b9a176,
c8af85,
ccb58b,
d1ba91,
ceb790,
ccb58e,
cab38d,
c9b18c,
c9b28d,
cab38e,
ccb692,
ceba97,
d2c3a9,
d6cdbc,
e4ded5,
f1f0ef,
f5f4f4,
f9f9f9,
f9f9f9,
f9f9f9,
f7f7f7,
f5f5f5,
f6f6f6,
f6f6f6,
f8f8f8,
fafafa,
f8f8f8,
f7f7f7,
f6f6f6,
f5f5f5,
f7f7f7,
f8f8f8,
f8f8f8,
f9f9f9,
f7f7f7,
f6f6f6,
f6f6f6,
f7f7f7,
f8f8f8,
f9f9f9,
f9f9f9,
f8f8f8,
f7f7f7,
f6f6f6,
f6f6f6,
f6f6f6,
f7f7f7,
f8f8f8,
f8f8f8,
f7f7f7,
f7f7f7,
f6f6f6,
f7f7f7,
f7f7f7,
f8f8f8,
f8f8f8,
f7f7f7,
f6f6f6,
f6f6f6,
f6f6f6,
f7f7f7,
f8f8f8,
f8f8f8,
f8f8f8,
f7f7f7,
f6f6f6,
f7f7f7,
f7f7f7,
f8f8f8,
f8f8f8,
f4f3f2,
f0eeeb,
e9e5df,
e2dcd2,
d4c7b0,
c6b18d,
c9b591,
cbb894,
ded3bf,
f0eee9,
f4f3f0,
f7f7f7,
f8f8f8,
f8f8f8,
f3f2ef,
eeebe5,
dacdb6,
c6af86,
c4ab7e,
c2a676,
bea271,
ba9d6c,
b99e6f,
b89f71,
b79e70,
b69d6e,
a49071,
918373,
7a7477,
62657a,
8c8b8e,
b5b0a1,
d3caae,
f0e3ba,
e9dab1,
e2d1a7,
d7c59d,
cbb893,
857a7e,
3f3b68,
2c2e6f,
182075,
1a2476,
1c2777,
1b2982,
1a2b8d,
1a2e94,
1a319b,
1b349c,
1c369c,
213997,
253b91,
223995,
1f3799,
1e369c,
1c359e,
1f379a,
213895,
203794,
1e3592,
1b3191,
172c90,
182e94,
193098,
1b3297,
1c3396,
1a3192,
182f8e,
172e8e,
162d8e,
183192,
1a3495,
203898,
253c9a,
2a409d,
2f439f,
3144a1,
3245a3,
3849a4,
3e4da4,
5f6bae,
8088b7,
a5aac9,
c9cbdb,
d1d3e0,
d8dae5,
dadbe6,
dbdce7,
d8d8e4,
d4d4e1,
cfd0de,
caccdb,
c7c8d9,
c3c4d7,
a5a6b6,
878794,
616375,
3b3e56,
454b71,
4e578c,
797ea5,
a3a5be,
c5c6d8,
e6e7f1,
eaebf4,
eeeef7,
f0f0f9,
f1f1fa,
efeff8,
ecedf6,
e5e7f1,
dee0ec,
e6e7f2,
edeef7,
ecedf6,
eaebf4,
cacfe1,
a9b3ce,
8797bf,
647ab0,
516baf,
3d5cae,
3e5db1,
3f5eb4,
4c63a7,
586799,
4e6098,
435897,
3e57a0,
3956a8,
4a62a8,
5b6ea8,
7684b3,
919abe,
97a0c2,
9ca6c6,
9aa3c2,
98a0bd,
98a0bd,
989fbc,
9096b1,
888da6,
6c6c7a,
4f4a4d,
4a4445,
443d3d,
5c5350,
746862,
62554e,
504139,
4c3b32,
47342a,
735e48,
9f8766,
b7a07b,
cfb890,
d0ba92,
d1bb93,
cdb790,
c9b28d,
c8b18c,
c7b08b,
c9b28c,
cab38d,
ccb895,
cdbc9d,
dbd1be,
e9e5de,
f1efeb,
f8f8f8,
f7f7f7,
f6f6f6,
f6f6f6,
f6f6f6,
f7f7f7,
f8f8f8,
f8f8f8,
f7f7f7,
f7f7f7,
f6f6f6,
f7f7f7,
f7f7f7,
f8f8f8,
f8f8f8,
f7f7f7,
f6f6f6,
f6f6f6,
f6f6f6,
f7f7f7,
f8f8f8,
f8f8f8,
f8f8f8,
f7f7f7,
f6f6f6,
f6f6f6,
fafafa,
f7f7f7,
f5f5f5,
f5f5f5,
f5f5f5,
f7f7f7,
fafafa,
f9f9f9,
f8f8f8,
f6f6f6,
f5f5f5,
f6f6f6,
f8f8f8,
f9f9f9,
fafafa,
f8f8f8,
f6f6f6,
f5f5f5,
f5f5f5,
f7f7f7,
f9f9f9,
f9f9f9,
f9f9f9,
f7f7f7,
f5f5f5,
f6f6f6,
f7f7f7,
f8f8f8,
fafafa,
f5f4f3,
f1efec,
ece9e5,
e8e4de,
dbd0be,
cebc9e,
d2c3a7,
d7cab0,
e4ddcf,
f2f1ee,
f4f4f2,
f7f7f7,
f8f8f8,
fafafa,
f5f5f3,
f1f0ec,
ded4c1,
ccb895,
c7af86,
c2a676,
bea171,
ba9d6b,
b69b6c,
b1996d,
a28f70,
938674,
777276,
5c5f79,
4c547a,
3d4a7b,
5f6685,
80828e,
afaba0,
dfd3b2,
e3d5af,
e7d7ad,
d8c69d,
cab68d,
8f827b,
544e69,
373a75,
192781,
1b2a84,
1d2d87,
1d2f8d,
1d3193,
1c3297,
1c339c,
1c359d,
1c379d,
1f389a,
223a97,
233b97,
253b98,
223a98,
1f3899,
1f3899,
1f3899,
1e3698,
1c3497,
1a3297,
193096,
1b3297,
1d3498,
223999,
283e99,
263d97,
253c95,
253c96,
253d97,
253e99,
26409c,
28419d,
2b429e,
2c429f,
2e43a1,
3044a2,
3346a3,
4655a7,
5965ab,
848cbe,
b0b3d2,
c5c7de,
dbdce9,
dfe0ec,
e3e4ee,
dedee9,
d8d9e4,
d2d2e0,
ccccdb,
c8cada,
c5c7d8,
c1c2d4,
bcbdd1,
9798ab,
727386,
60647e,
4f5477,
666b8f,
7c83a8,
a1a5c0,
c6c8d9,
d8d9e7,
ebebf5,
ecedf6,
eeeef7,
ededf7,
ececf6,
e9eaf4,
e6e7f1,
e5e7f1,
e4e6f1,
e6e8f2,
e8ebf3,
d6dbeb,
c3cce3,
9faed4,
7b8fc5,
677eb9,
536dad,
4664b0,
3a5bb2,
3a5cb4,
3b5db7,
415fb0,
4761aa,
415ca8,
3b57a6,
3f59a4,
425aa3,
5b6eab,
7382b3,
7e87ae,
888da9,
898da7,
898ea5,
86889b,
838392,
858698,
888a9d,
85899e,
8387a0,
696876,
4f4a4c,
484142,
413938,
554b47,
695d56,
5b4e46,
4e3f36,
4a3a30,
47352a,
76624c,
a5906f,
baa581,
d0ba93,
cfb991,
ceb890,
cbb58f,
c9b28d,
c7b08a,
c6ae88,
c9b38e,
ccb794,
d2c2a7,
d9ceb9,
e5ded2,
f1efeb,
f5f4f2,
fafafa,
f7f7f7,
f4f4f4,
f5f5f5,
f5f5f5,
f7f7f7,
fafafa,
f9f9f9,
f8f8f8,
f6f6f6,
f5f5f5,
f6f6f6,
f8f8f8,
f9f9f9,
fafafa,
f8f8f8,
f6f6f6,
f5f5f5,
f5f5f5,
f7f7f7,
f9f9f9,
f9f9f9,
f9f9f9,
f7f7f7,
f5f5f5,
f5f5f5,
fbfbfb,
f8f8f8,
f4f4f4,
f4f4f4,
f4f4f4,
f8f8f8,
fbfbfb,
fafafa,
f8f8f8,
f6f6f6,
f3f3f3,
f6f6f6,
f8f8f8,
fafafa,
fbfbfb,
f8f8f8,
f5f5f5,
f5f5f5,
f4f4f4,
f7f7f7,
fafafa,
fafafa,
f9f9f9,
f6f6f6,
f3f3f3,
f5f5f5,
f7f7f7,
f9f9f9,
fbfbfb,
f6f5f4,
f1efed,
f0eeeb,
eeece9,
e2d9cc,
d5c6ae,
dcd1bd,
e3dbcc,
ebe7e0,
f3f3f3,
f5f5f5,
f6f6f6,
f9f9f9,
fbfbfb,
f8f8f7,
f4f4f3,
e3dbcc,
d1c1a4,
cab48d,
c2a676,
bea170,
ba9c6a,
b29769,
aa9268,
8d8171,
706f7a,
4b557c,
263a7e,
1f347d,
182e7c,
32417c,
4b547b,
8c8c92,
cdc3a9,
dcd0ae,
ebdcb3,
dac89d,
c9b487,
998a79,
69606a,
42477b,
1a2e8c,
1c3192,
1e3397,
1f3598,
203698,
1f369b,
1d359d,
1c369e,
1b379e,
1d389d,
1f399c,
253c99,
2a3f96,
263d95,
223b93,
203998,
1d379c,
1c359c,
1a339c,
1a339c,
1a339c,
1d369a,
203898,
2a409a,
33489c,
33499c,
32499c,
334b9e,
334ca0,
334ca1,
324ba2,
3149a2,
3047a2,
2f45a2,
2d42a2,
3044a3,
3346a3,
5361aa,
737cb1,
a9adcf,
dfdeed,
e6e5f2,
edecf7,
eeedf7,
eeeef7,
e2e2ec,
d5d5e1,
cccddb,
c3c4d5,
c2c3d5,
c0c2d5,
bbbcd0,
b5b6ca,
898ba1,
5c5f77,
606587,
636a97,
878cad,
aaaec3,
caccdb,
e9eaf3,
ecedf6,
efeff9,
efeff8,
eeeef7,
ebebf5,
e7e7f2,
e4e4ef,
e0e1ec,
e5e7f1,
eaecf6,
e7eaf3,
e3e7ef,
c0cae0,
9cadd1,
758cc6,
4d6bbb,
4865b3,
425faa,
3c5cb0,
3659b6,
375ab8,
375bb9,
365bba,
355abb,
3458b8,
3356b4,
3f5aa9,
4b5e9e,
6b7aae,
8b95be,
858ba9,
7f8094,
7b7b8c,
767583,
726d75,
6e6567,
736d73,
77757e,
7b7b8c,
7e8199,
676572,
4f494a,
463f3f,
3d3533,
4d433f,
5d514a,
54473e,
4b3c32,
49392e,
463529,
786751,
aa9878,
bdaa87,
d0bc95,
cdb891,
cab48d,
c9b38d,
c8b18d,
c6af89,
c4ac84,
c9b490,
cebb9b,
d9cdb8,
e4dfd5,
eeece6,
f8f8f7,
fafaf9,
fbfbfb,
f7f7f7,
f2f2f2,
f3f3f3,
f4f4f4,
f8f8f8,
fbfbfb,
fafafa,
f8f8f8,
f6f6f6,
f3f3f3,
f6f6f6,
f8f8f8,
fafafa,
fbfbfb,
f8f8f8,
f5f5f5,
f5f5f5,
f4f4f4,
f7f7f7,
fafafa,
fafafa,
f9f9f9,
f6f6f6,
f3f3f3,
f3f3f3,
f6f6f6,
f7f7f7,
f8f8f8,
f8f8f8,
f8f8f8,
f7f7f7,
f6f6f6,
f6f6f6,
f7f7f7,
f8f8f8,
f9f9f9,
f8f8f8,
f7f7f7,
f7f7f7,
f6f6f6,
f7f7f7,
f8f8f8,
f8f8f8,
f8f8f8,
f7f7f7,
f6f6f6,
f7f7f7,
f7f7f7,
f8f8f8,
f9f9f9,
f8f8f8,
f7f7f7,
f6f5f5,
f4f4f3,
f5f4f3,
f5f4f3,
f5f4f3,
f5f4f3,
e9e3da,
ddd3c2,
e1d9cb,
e6dfd4,
efece6,
f8f8f8,
f8f8f8,
f7f7f7,
f6f6f6,
f6f6f6,
f6f6f6,
f7f7f6,
eae3d7,
dcd0b9,
d0bb98,
c3a777,
bea171,
b99b6a,
a48e6c,
8f806d,
6c6a76,
495480,
34447f,
1f347f,
1d317c,
1b2e78,
2b3974,
3c4470,
636782,
8b8a94,
aaa6a0,
cac2ac,
c8ba9b,
c7b38a,
a0907b,
7a6e6c,
4d527f,
203693,
263b94,
2c4095,
2a3e95,
283c95,
213898,
1b349b,
1b349a,
1a3499,
1d3596,
203792,
283b8d,
304088,
283d8e,
203995,
1e3898,
1c369c,
1c359b,
1c349a,
253d9e,
2f45a1,
4256a8,
5567ae,
5f6eae,
6976af,
6572aa,
626fa5,
6574ac,
6979b3,
6778b5,
6678b7,
6274b6,
5e70b5,
5769b3,
5162b1,
4f5fac,
4d5ca8,
737eb6,
999fc4,
bec1da,
e3e2ef,
e8e7f3,
ececf6,
ececf6,
ececf5,
dfdfea,
d2d2df,
cacbda,
c2c4d5,
c1c3d6,
c1c3d6,
b8bacd,
b0b1c3,
9c9eb1,
888a9f,
9396af,
9ea2bf,
b2b5cc,
c7c9d9,
d7d8e5,
e6e7f1,
e7e7f2,
e8e8f3,
e7e7f2,
e5e6f0,
e5e5f0,
e5e5f0,
e6e6f1,
e7e8f2,
e2e5f1,
dee2f0,
c7d0e7,
b0bede,
91a7d6,
7390cf,
5c7cc7,
4669c0,
4867b6,
4a65ac,
4461ad,
3f5eaf,
3b5cb4,
385bba,
355abb,
3259bd,
3458b7,
3557b1,
4c64ac,
6271a8,
7b87b4,
959cc0,
888aa3,
7b7885,
76737f,
726e78,
6f676b,
6c615d,
7b7477,
8a8890,
858595,
808299,
64626d,
484142,
433b39,
3d3431,
473c38,
51453f,
544741,
574a44,
615246,
6b5a48,
917f65,
b7a583,
c3b08b,
cfbb93,
ccb790,
c9b48d,
c8b18b,
c7af8a,
c5ae88,
c4ad86,
cebc9f,
d9ccb7,
e5ddd0,
f1eee9,
f2f0ec,
f3f3f0,
efede8,
ebe7e0,
e6e1d8,
e2dcd1,
e9e5de,
f1efec,
f3f2f1,
f6f6f6,
f6f6f6,
f7f7f7,
f8f8f8,
f9f9f9,
f8f8f8,
f7f7f7,
f7f7f7,
f6f6f6,
f7f7f7,
f8f8f8,
f8f8f8,
f8f8f8,
f7f7f7,
f6f6f6,
f6f6f6,
f7f7f7,
f7f7f7,
f8f8f8,
f8f8f8,
f1f1f1,
f6f6f6,
fbfbfb,
fbfbfb,
fbfbfb,
f6f6f6,
f1f1f1,
f3f3f3,
f5f5f5,
fafafa,
fefefe,
fafafa,
f6f6f6,
f4f4f4,
f1f1f1,
f6f6f6,
fafafa,
fbfbfb,
fbfbfb,
f7f7f7,
f2f2f2,
f4f4f4,
f5f5f5,
fafafa,
fefefe,
fbfbfb,
f7f7f7,
f2f2f1,
edeceb,
f3f3f2,
f9f9f8,
fbfbfa,
fcfcfc,
f1eee9,
e5dfd5,
e7e1d8,
e8e3db,
f3f0ec,
fdfdfd,
fbfbfb,
f8f8f8,
f4f4f4,
f0f0f0,
f5f5f5,
faf9f9,
f1ece3,
e7decd,
d6c3a3,
c4a778,
bea171,
b89a6a,
96846e,
736e72,
4b547c,
223985,
1d3483,
182e80,
1b2e7a,
1e2e74,
25316d,
2c3365,
3a4272,
48507f,
797c92,
a9a7a5,
b7ad99,
c4b28c,
a7977d,
8a7b6e,
585c84,
263d99,
304596,
3a4c93,
354792,
2f4291,
243b95,
193399,
193297,
193194,
1d338e,
203488,
2b3b81,
35417a,
2a3c88,
1e3796,
1c3699,
1a359c,
1c359a,
1d3598,
31469f,
4457a6,
6776b5,
8a95c4,
949cc3,
9ea3c1,
989cb8,
9295ae,
989dba,
9ea5c5,
9ca5c8,
9aa5cb,
939fca,
8b98c8,
808dc4,
7582bf,
6e7ab6,
6672ac,
939ac2,
bfc2d7,
d3d4e4,
e7e6f1,
e9e9f3,
ebebf5,
eaeaf4,
e9e9f3,
dcdce8,
cecfdd,
c8c9d9,
c1c3d5,
c1c3d6,
c1c3d7,
b6b8ca,
abacbc,
b0b1c1,
b4b5c6,
c6c7d7,
d8d9e7,
dedfeb,
e4e4ee,
e4e4ef,
e3e3ef,
e2e2ee,
e1e1ed,
dfdfeb,
dcdde9,
dfe0ec,
e2e2ee,
e8e8f3,
edeef7,
dfe3f1,
d1d8ea,
a7b7dc,
7c95cd,
6384cd,
4973cc,
446dc8,
3f66c4,
4869b9,
516bad,
4c67ab,
4762a8,
405fb1,
395bba,
3459bd,
2f57bf,
3358b7,
3758ae,
586eb0,
7984b1,
8c94ba,
9ea3c2,
8a8a9c,
767076,
726c72,
6e676d,
6c6260,
695c53,
837b7b,
9d9aa2,
8f8f9e,
818399,
615e69,
413939,
3f3634,
3d332e,
413631,
443833,
534844,
625755,
796b5e,
8f7e67,
aa987a,
c4b18d,
c9b58f,
cdb991,
cbb68f,
c8b38c,
c7b089,
c6ad86,
c5ad87,
c3ad88,
d4c5ae,
e4ddd3,
f1ede8,
fdfdfc,
f6f5f3,
eeede9,
e4e0d7,
dad3c5,
d6ccba,
d1c5af,
dfd7c9,
ede9e3,
efedea,
f1f1f1,
f3f3f3,
f5f5f5,
fafafa,
fefefe,
fafafa,
f6f6f6,
f4f4f4,
f1f1f1,
f6f6f6,
fafafa,
fbfbfb,
fcfcfc,
f7f7f7,
f2f2f2,
f3f3f3,
f4f4f4,
f9f9f9,
fdfdfd,
fdfdfd,
f6f6f6,
f7f7f7,
f8f8f8,
f8f8f8,
f8f8f8,
f7f7f7,
f6f6f6,
f6f6f6,
f7f7f7,
f8f8f8,
f9f9f9,
f8f8f8,
f7f7f7,
f6f6f6,
f6f6f6,
f7f7f7,
f8f8f8,
f8f8f8,
f8f8f8,
f7f7f7,
f6f6f6,
f6f6f6,
f7f7f7,
f8f8f8,
f9f9f9,
f8f8f8,
f7f7f7,
efede9,
e7e3dc,
eeece7,
f5f4f2,
f6f6f5,
f8f8f8,
f3f2ef,
efebe6,
edeae4,
ece8e2,
f2f0ed,
f8f8f8,
f8f8f8,
f8f8f8,
f7f7f7,
f6f6f6,
f7f7f7,
f8f8f8,
eee9e1,
e4dbcb,
d4c2a2,
c4a97a,
ba9f73,
b0966d,
837976,
565d80,
3d4c87,
243c8f,
22388a,
213585,
233583,
253580,
28367e,
2c387c,
324087,
384791,
556098,
72799f,
8f8a8e,
ac9b7e,
9e8d76,
907f6e,
5d6082,
2a4096,
2c4195,
2d4395,
293e92,
253a90,
203691,
1b3393,
1d3492,
1f3692,
1f358f,
1f348c,
233588,
283784,
22368c,
1d3494,
1f3797,
21399a,
2a409c,
33479d,
5465ad,
7482bd,
8a95c4,
a1a8cb,
a8adc9,
afb3c7,
a5a8be,
9a9eb5,
9ca1bc,
9ea5c3,
a1a9c9,
a5aecf,
a1abcf,
9ea8ce,
97a0ca,
9099c6,
9098c1,
9097bc,
afb4cf,
cfd1e2,
dadbe9,
e6e5f1,
e8e7f2,
eaeaf4,
e6e6f1,
e3e3ee,
d6d7e4,
c9cbda,
c5c7d8,
c1c3d6,
bbbed1,
b6b8cc,
b6b8ca,
b7b9c9,
c1c3d2,
cccddb,
d4d5e2,
ddddea,
dfdfeb,
e1e1ed,
e0e0ec,
dfdfec,
dedfeb,
dedfeb,
dedfeb,
dfe0ec,
e1e2ee,
e4e5f0,
dbdfee,
d3daec,
b7c5e5,
9cb1de,
819fdb,
678dd8,
5c88db,
5183df,
4e7edb,
4b7ad8,
4f79cd,
5377c2,
4e71bb,
4a6ab4,
4264b8,
3a5ebb,
355abc,
3057be,
3d5fb8,
4b66b2,
6c7eb8,
8c95bd,
989fc1,
a4a9c4,
999aaf,
8e8c9a,
8e8c99,
8f8c99,
918c91,
938c89,
a19da3,
afafbc,
9999ab,
838499,
65626d,
484041,
423a39,
3c3331,
39302e,
372d2b,
443b3c,
514a4d,
736962,
968877,
ae9d83,
c6b38e,
c9b58f,
ccb78f,
cab58d,
c8b38c,
c6af88,
c4ab84,
cab695,
d0c0a5,
dfd5c5,
edeae4,
f3f1ee,
f8f8f8,
f3f3f0,
eeede9,
e9e5dd,
e3ddd2,
d9cfbd,
cec1a9,
d9cfbe,
e4ded4,
edeae5,
f6f6f6,
f6f6f6,
f7f7f7,
f8f8f8,
f9f9f9,
f8f8f8,
f7f7f7,
f6f6f6,
f6f6f6,
f7f7f7,
f8f8f8,
f8f8f8,
f8f8f8,
f7f7f7,
f6f6f6,
f6f6f6,
f6f6f6,
f7f7f7,
f9f9f9,
f9f9f9,
fafafa,
f8f8f8,
f5f5f5,
f5f5f5,
f5f5f5,
f8f8f8,
fafafa,
f9f9f9,
f8f8f8,
f6f6f6,
f3f3f3,
f5f5f5,
f7f7f7,
f9f9f9,
fafafa,
f8f8f8,
f5f5f5,
f5f5f5,
f5f5f5,
f8f8f8,
fafafa,
f9f9f9,
f8f8f8,
f6f6f6,
f3f3f3,
f5f5f5,
f7f7f7,
ece9e2,
e0dacc,
e8e5dc,
f0efec,
f2f2f0,
f4f4f4,
f6f6f5,
f8f7f6,
f4f2ef,
efede8,
f1f0ed,
f3f3f2,
f5f5f5,
f7f7f7,
f9f9f9,
fbfbfb,
f9f9f9,
f6f6f6,
ece7df,
e1d8c8,
d3c1a2,
c4aa7b,
b69e75,
a7916f,
706e7e,
394b8d,
2f4593,
253e99,
283d92,
2a3b8a,
2b3b8b,
2b3b8c,
2b3c90,
2b3d93,
293e9b,
273ea3,
31449e,
3a4a98,
676784,
948470,
95846f,
96836d,
626380,
2e4393,
273e95,
203996,
1d3693,
1a328f,
1b328e,
1c328c,
21368e,
253a90,
223790,
1e3390,
1c308f,
1a2d8e,
1b2f90,
1c3191,
223795,
283d98,
394b9d,
4959a2,
7783bb,
a4add3,
aeb4d2,
b7bad1,
bcbecf,
c0c2cd,
b1b4c5,
a2a6bc,
a0a5be,
9da4c0,
a7adca,
b0b6d3,
b0b7d4,
b0b7d4,
aeb4d0,
abb0cc,
b2b6cc,
b9bccb,
cccedc,
dfe0ec,
e2e2ee,
e4e4f0,
e6e6f2,
e8e8f3,
e2e2ee,
dcdce8,
d0d1e0,
c4c6d7,
c3c5d7,
c1c3d6,
b6b8cc,
aaadc1,
b7b9cb,
c3c5d5,
d3d5e3,
e3e4f0,
e2e2ee,
e1e0ec,
e0dfec,
dedeeb,
dcdcea,
dadae8,
dbdbe9,
dbdce9,
dedfec,
e1e2ee,
e4e5f0,
e6e7f1,
cfd6e9,
b8c5e0,
8fa7d9,
6689d1,
5c87da,
5185e2,
558cea,
5992f1,
5890ee,
568eeb,
5689e1,
5583d6,
517bcb,
4c72c0,
4469be,
3b60bc,
365cbc,
3057bc,
4866b9,
5f74b6,
7f8dc0,
9fa6c9,
a5aac8,
aaaec6,
a8abc2,
a5a7bd,
abacc1,
b0b0c5,
b6b6c2,
bcbbbf,
bec0cb,
c0c4d6,
a2a4b8,
848499,
6a6671,
4f4748,
453d3e,
3b3333,
322b2b,
292223,
342f34,
3f3c44,
6e6766,
9d9287,
b2a38b,
c7b48f,
c9b58e,
cab58d,
c9b48c,
c7b28b,
c4ae87,
c1a982,
cfbea2,
ddd3c2,
eae5dc,
f6f6f5,
f5f5f4,
f3f3f3,
f1f0ee,
eeede9,
edeae4,
ece7de,
dcd2c0,
cbbca2,
d3c8b3,
dbd3c4,
ebe7df,
fafafa,
f9f9f9,
f8f8f8,
f6f6f6,
f3f3f3,
f5f5f5,
f7f7f7,
f9f9f9,
fafafa,
f8f8f8,
f5f5f5,
f5f5f5,
f4f4f4,
f7f7f7,
fafafa,
f9f9f9,
f8f8f8,
f6f6f6,
f4f4f4,
f4f4f4,
fafafa,
f8f8f8,
f6f6f6,
f6f6f6,
f6f6f6,
f8f8f8,
fafafa,
f9f9f9,
f8f8f8,
f6f6f6,
f4f4f4,
f6f6f6,
f7f7f7,
f8f8f8,
fafafa,
f8f8f8,
f6f6f6,
f6f6f6,
f6f6f6,
f8f8f8,
fafafa,
f9f9f9,
f8f8f8,
f6f6f6,
f4f4f4,
f6f6f5,
f7f7f7,
e9e4da,
dcd2be,
e0d8c8,
e5ded3,
ece8e2,
f3f2f1,
f6f5f4,
f9f8f7,
f6f5f4,
f4f3f0,
f4f3f2,
f4f4f4,
f6f6f5,
f7f7f7,
f9f9f9,
fafafa,
f6f6f4,
f3f2ef,
e6e0d2,
daceb6,
d0bd99,
c5ac7c,
b19b78,
9c8b73,
696a85,
364a97,
30469b,
2b439f,
2c419c,
2d4099,
2d3f9b,
2d3f9c,
2d409c,
2e419d,
32449c,
36479c,
495392,
5c5f88,
80767a,
a48d6c,
97846d,
8b7b6f,
595d82,
273e96,
223b98,
1d389a,
1c3697,
1b3494,
21378e,
273a88,
263889,
253789,
1f328a,
1a2d8b,
1a2c8c,
1a2b8c,
203291,
253896,
2a3d99,
2f429d,
4b5ba7,
6875b2,
8b95c5,
afb5d7,
b2b7d3,
b5b8ce,
bfc1d1,
c8cad5,
bdc0ce,
b2b6c8,
a7adc4,
9da4c0,
a1a8c4,
a6acc9,
aab0cd,
afb5d1,
aeb3cc,
adb1c7,
bbbed0,
caccd9,
d6d7e4,
e2e3ef,
e1e1ed,
dfdfeb,
dcdce8,
dad9e5,
d5d5e1,
d0d1de,
cacbda,
c4c6d6,
c0c1d1,
bcbdcc,
b2b3c3,
a8aaba,
b8baca,
c9cad9,
d7d8e5,
e5e6f1,
e3e4ef,
e2e1ed,
e1e1ed,
e0e1ed,
e0e1ed,
e1e1ee,
e1e1ed,
e1e1ed,
dfe1ec,
dee0ec,
cfd5e7,
c0cae2,
a5b8df,
8aa7dd,
7499de,
5f8cdf,
5b8de5,
568deb,
5991ee,
5b94f2,
5992f0,
5790ee,
548ae5,
5183dd,
4c7ad3,
4671c9,
3e67c3,
365dbd,
3b5fbc,
4061ba,
5d75bc,
7a89be,
8f9ac4,
a5abcb,
adb2cb,
b5b8cc,
b9bccf,
bec0d3,
c5c7d9,
cccedf,
cfd0dd,
d2d2db,
c6c8d7,
babed4,
9a9cb1,
7a7b8f,
625f69,
494343,
433b3b,
3c3434,
352e2f,
2f292a,
2e2a2d,
2e2b31,
5b5659,
888281,
a59988,
c2b18f,
c6b38e,
cab58c,
cab68f,
cbb792,
cab694,
c9b696,
d8ccb7,
e8e2d9,
efece7,
f7f7f6,
f5f5f5,
f4f4f4,
f3f3f2,
f3f2f0,
f1f0eb,
f0ede7,
e0d8c9,
cfc3ab,
d6cdba,
ddd7ca,
ebe8e2,
fafafa,
f9f9f9,
f8f8f8,
f6f6f6,
f4f4f4,
f6f6f6,
f7f7f7,
f8f8f8,
fafafa,
f8f8f8,
f6f6f6,
f5f5f5,
f5f5f5,
f7f7f7,
fafafa,
f9f9f9,
f8f8f8,
f6f6f6,
f5f5f5,
f5f5f5,
f9f9f9,
f8f8f8,
f6f6f6,
f6f6f6,
f6f6f6,
f8f8f8,
f9f9f9,
f9f9f9,
f8f8f8,
f7f7f7,
f5f5f5,
f6f6f6,
f7f7f7,
f8f8f8,
f9f9f9,
f8f8f8,
f6f6f6,
f6f6f6,
f6f6f6,
f8f8f8,
f9f9f9,
f9f9f9,
f8f8f8,
f7f7f7,
f5f5f5,
f6f6f6,
f7f7f6,
e7e0d3,
d7c9b0,
d8cbb5,
d9cdb9,
e5ded3,
f1efed,
f5f4f3,
f9f9f8,
f9f9f8,
f8f8f8,
f7f7f7,
f5f5f5,
f6f6f6,
f7f7f7,
f8f8f8,
f9f9f9,
f4f3f0,
efede7,
e1d8c6,
d3c3a4,
cdb891,
c6ad7d,
ac997a,
918477,
62668c,
3248a1,
3248a3,
3147a5,
3046a7,
2f44a8,
2f44aa,
2e43ac,
2f44a9,
3045a6,
3a4a9e,
444f95,
616286,
7e7477,
99856f,
b39667,
9a856c,
807371,
505685,
1f3998,
1d389b,
1a379e,
1b379b,
1c3698,
273c8e,
314184,
2b3a83,
243382,
1d2d84,
162786,
182888,
1a298a,
243492,
2e3f9a,
32439e,
3547a1,
5e6cb2,
8790c2,
a0a7cf,
b9bddb,
b6bad3,
b3b6cb,
c2c4d4,
d0d2dc,
c9ccd8,
c1c5d4,
afb5ca,
9ca4bf,
9ca3bf,
9ba1be,
a4aac6,
adb2cd,
aeb2c7,
aeb1c1,
c4c6d4,
dadbe6,
e0e0ec,
e5e5f1,
e0dfec,
dad9e6,
d3d2df,
cbcad7,
c8c8d5,
c4c5d3,
c4c5d4,
c4c5d5,
bebecc,
b7b7c2,
aeafbb,
a5a6b3,
babbc8,
cecfdd,
dbdce8,
e7e8f2,
e5e5f0,
e2e2ed,
e2e3ee,
e2e3ee,
e5e6f1,
e7e8f3,
e7e7f2,
e6e6f1,
e1e2ed,
dbdee9,
bbc5de,
9aacd3,
7b9ad6,
5b88d9,
5a8ce3,
588fec,
5a92f0,
5b95f3,
5c96f3,
5d96f2,
5b94f1,
5892f0,
538bea,
4d83e3,
4779db,
406fd2,
3965c8,
315abe,
4062bb,
4f6ab8,
7284bf,
949ec5,
a0a7c9,
abb0cc,
b6b9cf,
c0c2d1,
cbcedd,
d6d9e8,
dfe2f0,
e8ebf8,
e8eaf7,
e7e9f6,
ced1e4,
b4b8d2,
9295ab,
707184,
5a5861,
433e3d,
403a39,
3d3535,
393233,
342f30,
292527,
1d1a1d,
48464c,
73717a,
988f85,
bdad8f,
c3b18d,
c9b48b,
ccb892,
cebb98,
cfbfa1,
d0c2a9,
e2dacc,
f3f1ef,
f5f4f3,
f7f7f7,
f6f6f6,
f5f5f5,
f6f6f6,
f7f7f7,
f6f5f3,
f4f3ef,
e4ded1,
d3c9b3,
d9d2c1,
dfdacf,
eceae4,
f9f9f9,
f9f9f9,
f8f8f8,
f7f7f7,
f5f5f5,
f6f6f6,
f7f7f7,
f8f8f8,
f9f9f9,
f8f8f8,
f6f6f6,
f6f6f6,
f5f5f5,
f7f7f7,
f9f9f9,
f9f9f9,
f8f8f8,
f7f7f7,
f5f5f5,
f5f5f5,
f6f6f6,
f7f7f7,
f9f9f9,
f9f9f9,
f9f9f9,
f7f7f7,
f6f6f6,
f6f6f6,
f7f7f7,
f8f8f8,
f9f9f9,
f8f8f8,
f7f7f7,
f6f6f6,
f6f6f6,
f7f7f7,
f8f8f8,
f8f8f8,
f9f9f9,
f7f7f7,
f6f6f6,
f6f6f6,
f7f7f7,
f8f8f8,
f9f9f9,
f8f8f8,
f7f7f7,
e9e3d8,
daceb9,
d5c7ac,
d0bfa0,
d9ccb3,
e2d8c7,
e6dfd1,
ebe6dc,
ede9e1,
efece7,
f1eee9,
f3f0eb,
f1eee8,
f0ede6,
eeeae2,
ede7dd,
e8e0d1,
e3d9c5,
d8c9ac,
cdb993,
cab388,
c6ae7e,
a7977d,
89807c,
5f6691,
364ca6,
3349a7,
3046a8,
3045a5,
3144a3,
3646a1,
3b499f,
414e9b,
485396,
54588b,
605e81,
7a7077,
94816e,
a38b6a,
b29567,
8e7d70,
6a6579,
444f8b,
1e399d,
1c389d,
1b379d,
1d379a,
1f3796,
23388e,
273986,
223384,
1d2d82,
1a2a84,
172786,
1c2c8a,
22318f,
2a3a98,
3244a1,
394aa4,
4051a7,
6c78b9,
99a0cb,
a9aed1,
b9bcd8,
b6b8ce,
b3b5c5,
c2c3d0,
d1d2db,
cdced8,
c9cbd6,
bbbece,
adb2c7,
a5aac1,
9da2bb,
9fa3bb,
a2a5bb,
a9abbc,
b0b1be,
c1c2cd,
d2d2dc,
d6d6e1,
dbdbe5,
d9d9e3,
d7d7e2,
d5d4df,
d2d2dc,
d2d2dd,
d3d3de,
d4d5e0,
d6d6e2,
d3d3de,
d1d1da,
cdcdd6,
c9c9d3,
d3d4de,
dedeea,
e3e4ef,
e9e9f4,
e7e8f2,
e6e6f1,
e6e6f1,
e6e6f1,
e6e7f1,
e7e8f2,
e2e4ef,
dee0ec,
c8d1e6,
b2c2e0,
96afde,
7a9ddb,
6a95e0,
5a8ee5,
598fe9,
5991ee,
5b92ec,
5e93eb,
5d91e7,
5c90e4,
598fe8,
558eeb,
548ce9,
548ae7,
5182dd,
4f7ad2,
466ec7,
3d62bc,
5672bd,
6f83bf,
8594c3,
9ca5c8,
a8afcc,
b4b9d1,
bec2d5,
c8cbd9,
d5d8e5,
e2e5f2,
e6e9f6,
eaedfa,
e3e5f4,
dbdeee,
c7cadf,
b2b6d1,
9193a7,
70707d,
565359,
3d3736,
403838,
423a3a,
3d3538,
373135,
2b272c,
201c23,
3e3c45,
5d5c67,
817b78,
a59989,
b5a68b,
c5b38d,
cfbe9d,
d9caac,
dacdb4,
dbd0bd,
e4ded3,
eeecea,
f1f0ef,
f5f5f5,
f5f5f4,
f6f5f4,
f3f2ef,
f0eeea,
eae6dd,
e5dfd0,
dad0bc,
cfc2a8,
dbd3c2,
e7e4db,
eeede8,
f6f6f6,
f6f6f6,
f7f7f7,
f8f8f8,
f9f9f9,
f8f8f8,
f7f7f7,
f6f6f6,
f6f6f6,
f7f7f7,
f8f8f8,
f8f8f8,
f9f9f9,
f7f7f7,
f6f6f6,
f6f6f6,
f7f7f7,
f8f8f8,
f9f9f9,
f9f9f9,
f2f2f2,
f7f7f7,
fbfbfb,
fbfbfb,
fbfbfb,
f7f7f7,
f2f2f2,
f4f4f4,
f5f5f5,
f9f9f9,
fdfdfd,
fafafa,
f6f6f6,
f4f4f4,
f2f2f2,
f6f6f6,
fafafa,
fbfbfb,
fbfbfb,
f7f7f7,
f2f2f2,
f4f4f4,
f5f5f5,
f9f9f9,
fdfdfd,
fafafa,
f7f7f7,
eae5dd,
ddd3c2,
d2c2a4,
c7b186,
cdb993,
d2c1a0,
d7cab0,
dcd3c0,
e1dacb,
e6e0d5,
ebe6db,
f0ebe0,
ede7db,
e9e2d5,
e5dccb,
e0d5c1,
dccdb2,
d7c4a2,
cfba92,
c7af81,
c7af80,
c6ae7f,
a39580,
807b80,
5d6595,
394faa,
344aab,
2e45ab,
3145a4,
33449d,
3d4998,
474e92,
53578c,
5f6086,
6e6779,
7c6d6c,
937e68,
aa8e64,
ae9165,
b19366,
827573,
535680,
384891,
1c39a1,
1c389f,
1b369c,
1e3798,
213894,
1f358e,
1d3188,
1a2c85,
162681,
172784,
172786,
20308d,
293993,
2f419d,
3548a7,
4051aa,
4a5aac,
7b85c0,
abb0d3,
b2b6d4,
b8bbd5,
b5b7ca,
b2b3be,
c2c2cc,
d1d1da,
d1d1d9,
d0d0d7,
c7c8d3,
bec0ce,
afb1c3,
9fa2b8,
9b9db1,
9697a9,
a4a4b2,
b2b1ba,
bebdc6,
c9c9d2,
cdcdd6,
d1d0d9,
d3d2db,
d4d4dd,
d7d7df,
d9d9e1,
dddde5,
e1e1e9,
e4e4ec,
e7e7ee,
e9e9f0,
eaeaf1,
ebebf2,
ececf3,
ededf5,
ededf6,
ececf6,
eaeaf5,
eaeaf5,
eaeaf4,
eaeaf4,
e9e9f3,
e8e8f2,
e7e7f1,
dee0ec,
d5d9e7,
afc0df,
89a6d7,
729add,
5a8de3,
5a91ea,
5994f0,
5993f0,
5992f0,
5d92e9,
6091e2,
5e8ddc,
5b89d6,
5789de,
5289e6,
568de9,
5a90eb,
5c8adf,
5d84d2,
5377c6,
4869b9,
6b82c0,
8e9bc6,
99a3c8,
a4abca,
b1b6d0,
bdc1d6,
c7cadb,
d0d3e0,
dfe2ee,
eef0fc,
edeffc,
eceefb,
dee1f1,
cfd3e6,
c0c4db,
b0b4cf,
9091a2,
6f6e75,
534f52,
37302e,
3f3737,
473e3f,
41393d,
3a333a,
2e2932,
221e29,
35333e,
474753,
6a666b,
8c8582,
a79b89,
c1b18f,
d3c5a8,
e4d8c0,
e5dbc8,
e5ded0,
e7e3da,
e8e7e4,
eeedeb,
f3f2f2,
f5f4f3,
f6f5f3,
f0ede8,
e9e5dc,
dfd8c6,
d5cab0,
d0c3a7,
cabb9d,
ddd4c2,
efede7,
f1f0ed,
f2f2f2,
f4f4f4,
f5f5f5,
f9f9f9,
fdfdfd,
fafafa,
f6f6f6,
f4f4f4,
f2f2f2,
f6f6f6,
fafafa,
fbfbfb,
fcfcfc,
f7f7f7,
f2f2f2,
f4f4f4,
f5f5f5,
f9f9f9,
fcfcfc,
fcfcfc,
f7f7f7,
f7f7f7,
f8f8f8,
f8f8f8,
f8f8f8,
f7f7f7,
f7f7f7,
f7f7f7,
f7f7f7,
f7f7f7,
f8f8f8,
f7f7f7,
f7f7f7,
f7f7f7,
f7f7f7,
f7f7f7,
f7f7f7,
f7f7f7,
f8f8f8,
f7f7f7,
f7f7f7,
f7f7f7,
f7f7f7,
f7f7f7,
f8f8f8,
f7f7f7,
f7f7f7,
f1eee8,
eae4da,
dbceb6,
cdb892,
cdb991,
ceb991,
d0be99,
d3c3a1,
d5c6a7,
d8caad,
daccb0,
ddcfb4,
dbccb0,
d9caad,
d7c7a9,
d6c5a6,
d6c3a0,
d6c19b,
cfb98f,
c9b184,
c7af82,
c5ad80,
9d9082,
757485,
545f98,
344bac,
3048ac,
2d45ad,
2f45a9,
3144a6,
3647a2,
3b499f,
475093,
525788,
676279,
7c6e6b,
947f69,
ad9166,
a2896a,
98826d,
6c667e,
404b8e,
304398,
203ba2,
213b9f,
233c9c,
233a98,
233895,
1e328d,
192c85,
172984,
162684,
192986,
1d2d89,
273792,
31429b,
3748a2,
3e4fa9,
4f5dac,
606caf,
8a92c0,
b5b8d1,
b9bbcf,
bebece,
bfbec9,
c0bfc5,
cacad0,
d5d5db,
d5d5db,
d6d5dc,
d1d1d9,
cdced7,
c4c5d1,
bbbdcb,
b9bbc8,
b8b9c6,
c0c0cb,
c8c8d0,
cfcfd7,
d6d6de,
dadae2,
dedee6,
dfdfe7,
e0e1e9,
e2e2eb,
e4e4ed,
e7e7ef,
eaeaf2,
ebebf3,
ececf4,
ececf4,
ececf4,
ececf4,
ececf4,
ececf5,
ececf5,
ebebf5,
eaeaf5,
ebebf5,
ececf5,
ececf5,
ecedf6,
e5e7f2,
dee1ee,
c5d0e8,
acbfe2,
91aee1,
769ee0,
6795e3,
588de7,
558be7,
5389e7,
568be5,
5a8ce3,
6994df,
779ddb,
6b96de,
5e90e0,
5b90e6,
5790ed,
5b92eb,
5f94e9,
5e89d8,
5e7ec7,
637fc2,
6880be,
8192c3,
99a3c8,
a4accc,
afb5d0,
bbc0d7,
c8cbde,
ced1e1,
d4d6e4,
e0e2ef,
eceefa,
e9ebf8,
e7e9f6,
d5d8e9,
c4c8dd,
c2c5db,
bfc2d9,
a1a1ae,
828084,
625c5d,
423937,
49403f,
514647,
4d4346,
4a4145,
41393f,
37313a,
3a353e,
3c3942,
4b474a,
5a5553,
736a5d,
8b7f67,
afa289,
d3c5aa,
d8cbb3,
ddd2bc,
ddd5c3,
ddd8ca,
e4e0d6,
ece8e2,
ebe7de,
ebe6db,
e4dccc,
ddd3be,
d5c9ae,
cebf9f,
cfc1a6,
d0c4ac,
e0dacc,
f1efeb,
f4f3f1,
f7f7f7,
f7f7f7,
f7f7f7,
f7f7f7,
f8f8f8,
f7f7f7,
f7f7f7,
f7f7f7,
f7f7f7,
f7f7f7,
f7f7f7,
f7f7f7,
f8f8f8,
f7f7f7,
f7f7f7,
f7f7f7,
f7f7f7,
f7f7f7,
f7f7f7,
f7f7f7,
fcfcfc,
f8f8f8,
f4f4f4,
f4f4f4,
f4f4f4,
f8f8f8,
fcfcfc,
fafafa,
f8f8f8,
f5f5f5,
f2f2f2,
f5f5f5,
f8f8f8,
fafafa,
fcfcfc,
f8f8f8,
f4f4f4,
f4f4f4,
f4f4f4,
f8f8f8,
fbfbfb,
fafafa,
f9f9f9,
f6f6f6,
f2f2f2,
f5f5f5,
f7f7f7,
f7f6f4,
f7f5f1,
e5dac7,
d2bf9d,
ceb88f,
c9b181,
c9b282,
c9b282,
c9b384,
c9b385,
c9b386,
c9b387,
c9b286,
c8b185,
cab388,
ccb58a,
d1b98f,
d5bd93,
d0b88d,
cab387,
c7b084,
c4ac81,
978c85,
696c89,
4c5a9b,
2e47ad,
2d46ae,
2b45ae,
2d45ae,
2e44ae,
2f44ad,
2f44ab,
3a499a,
454d89,
605e7a,
7b6e6a,
968169,
b09468,
97826e,
7e7074,
555888,
2c409c,
283e9f,
233ca2,
273f9f,
2a419c,
283d99,
253895,
1d2f8c,
142682,
152684,
162686,
1c2c89,
22328c,
2e3e98,
394aa3,
4050a7,
4656ab,
5e6aaf,
757db2,
9a9fc1,
bfc0cf,
c1c0cb,
c3c0c6,
c8c5c9,
cdcacb,
d3d1d4,
d9d8dc,
dad9de,
dbdae0,
dbdbe0,
dbdbdf,
d9d9de,
d6d7dd,
d8d9e0,
d9dae2,
dcdce4,
dedee5,
e1e0e8,
e3e2ea,
e7e7ee,
ebebf2,
ececf4,
ecedf5,
eeeef7,
efeff8,
f1f1f9,
f2f2fa,
f1f1fa,
f0f0f9,
efeff8,
eeeef7,
ededf6,
ececf5,
ebebf5,
eaeaf4,
eaeaf4,
eaeaf4,
ececf5,
ededf6,
eeeff7,
eff0f8,
e2e5f1,
d5daea,
acc0e4,
83a5dd,
739de3,
6295e9,
5c91ea,
568cea,
5185e4,
4c7edd,
5482da,
5b86d6,
7597d5,
8ea8d4,
789fdf,
6196ea,
5f96ef,
5c96f3,
6097ed,
6498e7,
6188d1,
5e78bb,
7388bf,
8897c3,
96a1c7,
a4abca,
afb5d0,
b9bed5,
c6cadd,
d2d5e5,
d5d7e6,
d7d9e7,
e0e2ef,
e9ebf7,
e5e8f4,
e1e4f0,
cdd0e2,
b9bcd4,
c4c6db,
cecfe2,
b2b0ba,
959192,
716a69,
4c4240,
534847,
5a4e4e,
5a4e4f,
5a4e50,
53494d,
4c434a,
3f373d,
312a30,
2d272a,
282423,
3f3931,
554d3f,
8c806a,
c2b294,
cbbc9e,
d4c5a7,
d3c7ac,
d1c8b0,
dbd3c1,
e4ded1,
e2dbca,
e0d7c3,
d8ccb1,
d0c09f,
ccba97,
c7b38e,
cfc0a5,
d6cdbb,
e4dfd5,
f2f1ef,
f7f6f5,
fcfbfb,
fafafa,
f8f9f8,
f5f6f5,
f2f2f2,
f5f5f5,
f8f8f8,
fafafa,
fcfcfc,
f8f8f8,
f4f4f4,
f4f4f4,
f3f3f3,
f7f7f7,
fbfbfb,
fafafa,
f9f9f9,
f6f6f6,
f2f2f2,
f2f2f2,
fafafa,
f8f8f8,
f6f6f6,
f6f6f6,
f6f6f6,
f8f8f8,
fafafa,
f9f9f9,
f8f8f8,
f6f6f6,
f5f5f5,
f6f6f6,
f8f8f8,
f9f9f9,
fafafa,
f8f8f8,
f6f6f6,
f6f6f6,
f6f6f6,
f7f7f7,
f9f9f9,
f9f9f9,
f8f8f8,
f6f6f6,
f5f5f5,
f6f6f6,
f7f7f7,
f7f6f5,
f7f6f3,
eae3d7,
ddd1bb,
d6c6a6,
cfbb92,
ccb78b,
cab384,
c9b383,
c9b383,
c9b283,
c9b284,
c8b184,
c8b183,
c9b184,
c9b285,
cbb387,
ceb589,
cdb68b,
cdb68c,
c8b188,
c3ad84,
938a89,
62688e,
47579e,
2d47ae,
2c46ae,
2b45af,
2c45af,
2d44af,
2e45ac,
3045aa,
3c4b9a,
48508a,
63607c,
7e706e,
877770,
907e73,
756c7e,
5a5a89,
424d95,
2b40a2,
2b40a1,
2b41a0,
2b409f,
2c409e,
253792,
1e2e86,
192a83,
142581,
162684,
182786,
20308b,
28398f,
364490,
445092,
535d97,
626a9d,
7a7fa8,
9295b4,
b0b2c7,
cfcfda,
d3d2da,
d8d6db,
d9d6da,
dad7d9,
dbd9d9,
dcdada,
dcdbdd,
dddce0,
dedde3,
dfdfe5,
dedee5,
dddee5,
dedfe7,
e0e0e9,
dfe0e8,
dfdfe7,
e1e0e9,
e2e2eb,
e5e5ed,
e8e8f0,
e8e8f1,
e9e9f2,
eaeaf3,
ecebf5,
eeedf6,
f0eff7,
f0eff8,
f0f0f9,
f0f0f9,
efeff8,
eeeef7,
ededf7,
ededf7,
ededf7,
eeeef7,
efeff8,
efeff8,
f0f0f8,
e8eaf4,
e1e4f0,
c5d1e9,
aabde3,
8caae1,
6e98df,
6690d9,
5f88d2,
5a85d6,
5482db,
5785da,
5a87da,
608cda,
6792da,
7199dc,
7ba1de,
6d9ce6,
5f97ee,
5d96f0,
5b95f2,
5c90e6,
5d8ada,
6888cc,
7387bf,
8694c3,
98a2c8,
a5accd,
b2b7d2,
bfc4da,
cdd1e3,
d0d3e4,
d4d6e5,
d7d9e7,
dbddea,
e1e3f0,
e7e9f5,
e1e3f0,
dbddeb,
d0d2e3,
c5c7dc,
d1d2e4,
ddddec,
c4c2ca,
aaa6a9,
797273,
483e3d,
524847,
5d5151,
5a4f4f,
584d4e,
504649,
484044,
393137,
2a232a,
241f24,
1e1b1e,
302d2b,
433e39,
7d7567,
b8ab95,
c5b79c,
d3c3a3,
d2c4a6,
d2c6a9,
d6cbb1,
dbd0b9,
d7cbb1,
d4c7aa,
cfc09f,
cbb995,
cbb996,
cbb997,
d3c6aa,
dcd3bd,
e5decd,
eee9de,
f2ede5,
f6f2ec,
f6f3ee,
f6f4f1,
f5f4f2,
f4f4f3,
f6f6f5,
f8f8f8,
f9f9f9,
fafafa,
f8f8f8,
f6f6f6,
f5f5f5,
f5f5f5,
f7f7f7,
f9f9f9,
f9f9f9,
f8f8f8,
f6f6f6,
f5f5f5,
f5f5f5,
f7f7f7,
f7f7f7,
f7f7f7,
f7f7f7,
f7f7f7,
f7f7f7,
f7f7f7,
f7f7f7,
f7f7f7,
f7f7f7,
f7f7f7,
f7f7f7,
f7f7f7,
f7f7f7,
f7f7f7,
f7f7f7,
f7f7f7,
f7f7f7,
f7f7f7,
f7f7f7,
f7f7f7,
f7f7f7,
f7f7f7,
f7f7f7,
f7f7f7,
f7f7f7,
f7f7f7,
f7f7f6,
f6f6f5,
efede7,
e8e3d8,
ded4be,
d4c5a3,
cfbd94,
cab485,
c9b383,
c8b280,
c8b281,
c8b181,
c8b181,
c8b081,
c7af80,
c6ae7f,
c6ae7f,
c6ad7f,
cbb388,
d0b991,
c9b38c,
c2ad86,
8f898d,
5b6493,
4355a1,
2b46af,
2b46af,
2a45af,
2b45b0,
2b44b0,
2e45ac,
3146a8,
3e4d9a,
4b538b,
66637e,
807271,
786d78,
70687e,
53568e,
35439e,
2f41a3,
293fa7,
2e42a3,
32459e,
30429f,
2d3fa0,
22328b,
162476,
15247b,
142480,
172683,
192886,
24348c,
2e3f92,
3f4a89,
4f5580,
666987,
7d7d8e,
9695a2,
aeadb6,
c6c5cd,
dedde4,
e6e4ea,
edebf0,
eae8eb,
e6e4e6,
e2e0df,
dedcd7,
dfdddc,
dfdee0,
e1e0e6,
e2e2eb,
e3e3ec,
e4e4ec,
e5e5ee,
e6e6ef,
e3e3ec,
e0e0e9,
e1e1ea,
e1e1eb,
e3e3ec,
e4e4ed,
e5e5ee,
e5e5ef,
e7e6f0,
e8e7f1,
ebe9f3,
edebf4,
efeef7,
f0f0f9,
f0f0f9,
f0f0f9,
efeff9,
eeeef8,
efeff9,
f0f0f9,
f2f2fa,
f3f3fb,
f3f3fb,
f2f2fa,
e2e5f1,
d2d8e7,
a8bce1,
7ea0db,
6b95de,
588ae1,
5a82ce,
5c7abb,
5779c3,
5278cb,
5d84d1,
6790d7,
6d97db,
739dde,
6e9ce3,
689ae8,
6299ed,
5c97f2,
5b96f1,
5994f0,
5888de,
567ccc,
6f89c8,
8895c3,
98a1c8,
a8adcc,
b4b8d3,
bfc2d9,
d0d3e5,
e1e3f1,
dbddeb,
d5d7e4,
dadce9,
dee0ed,
e2e4f0,
e5e7f3,
dddfed,
d4d6e6,
d3d4e5,
d1d2e3,
dfdfed,
ecebf6,
d6d3db,
bfbbbf,
827b7c,
443a39,
524746,
5f5453,
5b504f,
564c4b,
4d4445,
443c3e,
332c31,
221c23,
1b171e,
141218,
222125,
302f32,
6f6a64,
aea495,
c0b39a,
d1c19f,
d2c2a0,
d3c3a1,
d2c2a1,
d1c1a0,
cdbc98,
c8b690,
c7b48e,
c5b28b,
cab995,
cebf9f,
d8ccaf,
e2d8bf,
e6dcc6,
e9e0cc,
ede5d4,
f0e9dc,
f2ece3,
f4efe9,
f5f2ee,
f5f5f3,
f6f6f5,
f7f7f7,
f7f7f7,
f7f7f7,
f7f7f7,
f7f7f7,
f7f7f7,
f7f7f7,
f7f7f7,
f7f7f7,
f7f7f7,
f7f7f7,
f7f7f7,
f7f7f7,
f7f7f7,
f5f5f5,
f7f7f7,
f9f9f9,
f9f9f9,
f9f9f9,
f7f7f7,
f5f5f5,
f6f6f6,
f7f7f7,
f8f8f8,
fafafa,
f8f8f8,
f7f7f7,
f6f6f6,
f5f5f5,
f7f7f7,
f8f8f8,
f8f8f8,
f9f9f9,
f7f7f7,
f5f5f5,
f6f6f6,
f6f6f6,
f8f8f8,
fafafa,
f8f8f8,
f7f7f7,
f6f6f5,
f4f4f4,
efede9,
eae6de,
e3dbcb,
dcd0b8,
d6c8aa,
d1c09c,
cebb93,
cbb68b,
c9b386,
c7b081,
c7b081,
c7af81,
c7b083,
c8b185,
ccb68e,
d0bc97,
d2c09c,
d5c4a2,
ccb995,
c3ae88,
8e898f,
596397,
4255a3,
2b46b0,
2b46b0,
2a45af,
2b45ae,
2d46ae,
3046aa,
3347a7,
3c4b9d,
454f94,
52588d,
606087,
575b8e,
4f5695,
404c9d,
3143a5,
2f42a5,
2e42a4,
3043a3,
3144a1,
2b3c97,
24348e,
1b2a7f,
132071,
14227a,
162583,
192885,
1c2c87,
25368f,
2d3f96,
374381,
41466c,
494b63,
514f5a,
605d66,
6f6c73,
86838a,
9d9ba1,
b9b7bd,
d5d3d9,
dddce2,
e6e6eb,
e3e2e6,
e0dfe0,
dbdada,
d6d5d4,
d8d7da,
dad9e0,
dcdce4,
dfe0e9,
e0e0e9,
e0e1ea,
dedfe8,
dddde6,
dfdfe8,
e1e1eb,
e3e3ed,
e6e6f0,
e7e7f1,
e8e8f2,
eae9f3,
ecebf5,
eeedf6,
f0eff7,
f1f0f9,
f2f2fa,
f2f2fa,
f2f2fa,
f1f1fa,
f1f1fa,
f1f1fa,
f2f1fa,
f1f0f8,
f0eff6,
e5e5ee,
dadbe5,
c1c9de,
a8b7d6,
87a1d6,
668cd6,
5d87d5,
5481d4,
5982ce,
5f82c7,
6086ce,
628bd5,
6791d8,
6d97db,
719bdc,
769fde,
6f9de2,
699be7,
6399ec,
5d97f1,
5c92ea,
5c8ee3,
688cd5,
748bc8,
8a9aca,
a1aacc,
afb6d3,
bec2da,
c7cadf,
d0d3e5,
d8dbea,
e1e3f0,
dadce9,
d4d6e2,
dadce9,
e0e3ef,
e2e4f1,
e4e6f2,
dcddeb,
d4d5e5,
dadbe9,
e0e0ed,
e7e7f2,
efeef8,
dfdde4,
cfccd1,
928c8e,
554c4b,
564d4b,
574d4c,
564c4b,
554c4a,
4a4242,
40383a,
352e33,
2b242d,
241f29,
1e1a25,
24212a,
2b292f,
595556,
88827d,
a49989,
bfb194,
c5b695,
ccbb97,
ccbb97,
ccbb98,
cab996,
c9b894,
cbba97,
cebd9b,
d3c4a4,
d9cbad,
ded1b6,
e3d7be,
e3d8c0,
e4d9c3,
e7dcc8,
eae0ce,
ede3d5,
efe7db,
f0ebe1,
f2eee7,
f3f0eb,
f4f2ef,
f4f3f1,
f5f5f4,
f7f7f6,
f9f9f9,
f9f9f9,
f9f9f9,
f7f7f7,
f5f5f5,
f6f6f6,
f6f6f6,
f8f8f8,
f9f9f9,
f9f9f9,
f3f3f3,
f7f7f7,
fafafa,
fafafa,
fafafa,
f7f7f7,
f3f3f3,
f5f5f5,
f6f6f6,
f9f9f9,
fcfcfc,
f9f9f9,
f6f6f6,
f5f5f5,
f3f3f3,
f6f6f6,
f9f9f9,
fafafa,
fafafa,
f7f7f7,
f3f3f3,
f4f4f4,
f5f5f5,
f9f9f9,
fcfcfc,
fafafa,
f7f7f7,
f5f5f5,
f2f2f2,
efeeeb,
ece9e3,
e8e2d8,
e3dbcc,
ded3c0,
d8cbb3,
d3c3a4,
cdba95,
cab58b,
c6af81,
c6af81,
c5ae80,
c8b185,
cab48a,
d2bf9c,
d9caae,
daccb1,
daceb3,
cfbf9e,
c4af89,
8d8992,
56629a,
4154a6,
2b46b1,
2b46b0,
2a45af,
2c46ad,
2e47ab,
3148a8,
3448a5,
394aa1,
3e4b9c,
3f4d9c,
3f4e9c,
3749a4,
2e44ab,
2d43ac,
2c42ac,
3044a7,
3345a1,
3244a3,
3042a4,
263690,
1b297b,
152374,
0f1c6c,
132179,
172585,
1b2b87,
1f3088,
263891,
2c3f9a,
303b79,
333757,
2c2c3e,
252125,
2a262a,
2f2a2f,
464146,
5c585d,
8c898f,
bcbac1,
d1d1d9,
e6e7f0,
e4e5ed,
e2e2e9,
d8d7d9,
cdcbc8,
cfcdce,
d1cfd4,
d6d5dd,
dadbe5,
dadbe5,
dadbe4,
dadae4,
d9d9e3,
dddde7,
e0e0ea,
e4e4ee,
e8e8f2,
eaeaf3,
ebebf4,
ededf6,
efeef8,
f1f0f9,
f2f2fa,
f3f3fb,
f3f3fb,
f3f3fb,
f3f3fb,
f3f3fb,
f3f3fb,
f3f3fb,
f3f2fa,
f0eef6,
eceaf1,
d7d7e1,
c1c4d0,
9fadcb,
7d95c5,
6687cb,
4e78d0,
4f78cc,
5078c7,
5981cd,
618ad3,
6994d9,
719dde,
729ede,
729ede,
75a0de,
78a1dd,
719ee2,
699be6,
6399eb,
5d97ef,
5e8fe2,
5e87d5,
7891cd,
919ac4,
a6accd,
babed5,
c7cade,
d3d6e7,
daddec,
e1e3f0,
e1e3f0,
e0e2ef,
dadce8,
d3d5e0,
dbdde9,
e2e5f1,
e2e5f1,
e2e4f1,
dbdcea,
d3d4e3,
e1e1ed,
eeeef7,
f0eff8,
f1f0f9,
e8e6ee,
dedce2,
a29da0,
655e5d,
5a5251,
4f4644,
514947,
534b49,
47403f,
3b3435,
373036,
332c37,
2d2734,
272131,
26222f,
25222c,
444149,
625f65,
888077,
ada189,
b9aa8b,
c4b38c,
c5b48e,
c6b48f,
c8b794,
c9b998,
d0c1a1,
d6c8aa,
ddcfb3,
e3d6bb,
e4d6bc,
e4d6bd,
e1d4bb,
ded1b9,
e1d4bd,
e4d6c0,
e7dbc7,
eadfcd,
ece3d4,
eee7da,
efeae0,
f0ede6,
f1f0ec,
f2f2f1,
f6f6f6,
fafafa,
fbfbfb,
fbfbfb,
f7f7f7,
f3f3f3,
f4f4f4,
f5f5f5,
f8f8f8,
fbfbfb,
fbfbfb,
f8f8f8,
f7f7f7,
f7f7f7,
f7f7f7,
f7f7f7,
f7f7f7,
f8f8f8,
f8f8f8,
f8f8f8,
f7f7f7,
f7f7f7,
f7f7f7,
f7f7f7,
f8f8f8,
f8f8f8,
f7f7f7,
f7f7f7,
f7f7f7,
f7f7f7,
f7f7f7,
f8f8f8,
f7f7f7,
f7f7f7,
f7f7f7,
f7f7f7,
f7f7f7,
f7f7f7,
f7f7f7,
f8f8f8,
f4f3f1,
f0eeeb,
ebe7e1,
e7e1d6,
e3dbcd,
e0d6c4,
dcd0b9,
d8caaf,
d5c6a9,
d3c2a3,
d4c4a6,
d6c7a9,
dbcdb1,
e0d3ba,
e2d8c4,
e5ddce,
ddd2bc,
d5c7ab,
cebd9e,
c8b491,
94909a,
606ca3,
4659aa,
2c46b1,
2d47af,
2e49ae,
2f48ac,
3048ab,
3047aa,
3146aa,
3347a8,
3548a6,
3548a6,
3649a6,
3247a8,
2f45ab,
3045a8,
3246a6,
3346a4,
3546a3,
2f409e,
293a99,
213189,
182779,
16257a,
14227b,
162480,
172686,
1a2a88,
1c2f8a,
253896,
2d42a2,
31408a,
363f73,
2d314e,
25222a,
262229,
272228,
332e35,
3f3b42,
5f5b62,
7e7c83,
a6a5ac,
ceced6,
d8d8e0,
e1e1ea,
dbdae0,
d5d3d6,
d0ced0,
cbc9ca,
d3d2d7,
dbdce4,
dcdde6,
dedee8,
dddde7,
dddde6,
e0e0e9,
e3e3ec,
e7e7f1,
ececf6,
eeeef7,
efeff8,
f0f0f9,
f1f0fa,
f1f1fa,
f2f2fa,
f3f3fb,
f3f3fb,
f3f3fb,
f3f3fb,
f2f2fa,
f1f1f9,
edecf4,
e9e8f0,
dcdbe4,
cfcfd8,
b8bbc8,
a2a8b9,
919dba,
8193bb,
6d8ac7,
5882d3,
5d86d2,
618ad2,
618cd7,
618fdd,
6694df,
6b9ae2,
6d9be1,
6f9de0,
739fe0,
78a1e0,
76a1e2,
75a0e4,
6c9ae4,
6394e4,
6e94d9,
7994cf,
96a7d3,
b4bad7,
c2c6de,
d0d3e5,
d5d8e9,
dbddec,
dde0ee,
e0e2ef,
dfe1ee,
dee0ec,
dbdce8,
d7d9e4,
dde0eb,
e4e6f2,
e1e3f0,
dfe0ed,
dddeeb,
dbdcea,
e4e4f0,
ededf6,
eeedf7,
efeef8,
e8e7f0,
e2e0e9,
b1aeb3,
817b7d,
615a5a,
423a37,
433b39,
443c3a,
48403f,
4c4443,
4b4346,
4b4348,
494249,
484149,
433d45,
3e3940,
48444b,
535056,
726b6a,
90877e,
a59a89,
baad94,
c4b69c,
cfc0a4,
d2c3a8,
d5c7ac,
d8caaf,
dacdb3,
dcd0b6,
ded2ba,
ded2bb,
ded1bb,
ded1bb,
ded1bb,
e1d4be,
e5d7c1,
e7dac5,
e9deca,
ebe2d3,
ede7dc,
eee9e0,
f0ece4,
f2efea,
f5f3f0,
f6f5f4,
f7f7f7,
f7f7f7,
f7f7f7,
f7f7f7,
f8f8f8,
f7f7f7,
f7f7f7,
f7f7f7,
f6f6f6,
f6f6f6,
fdfdfd,
f8f8f8,
f3f3f3,
f3f3f3,
f3f3f3,
f8f8f8,
fdfdfd,
fbfbfb,
f9f9f9,
f5f5f5,
f1f1f1,
f5f5f5,
f8f8f8,
fbfbfb,
fdfdfd,
f9f9f9,
f4f4f4,
f4f4f4,
f3f3f3,
f8f8f8,
fcfcfc,
fbfbfb,
f9f9f9,
f5f5f5,
f1f1f1,
f4f4f4,
f7f7f7,
fafafa,
fdfdfd,
f8f8f8,
f3f3f3,
efedea,
eae6e0,
e9e3da,
e8e0d4,
e6ddcf,
e3dac9,
e1d8c7,
dfd5c4,
e3dacb,
e6dfd1,
eee8de,
f5f1ea,
f3f1ec,
f1f0ed,
e0d8c8,
cfbfa2,
cebc9d,
ccb998,
9b98a2,
6976ab,
4b5eae,
2c46b0,
2f49af,
324cad,
324aac,
3148aa,
2f46ac,
2d44ae,
2c44af,
2b44af,
2c44b0,
2c44b0,
2e45ad,
3046aa,
3448a5,
37499f,
3748a2,
3646a4,
2c3c99,
22328d,
1c2c82,
152577,
172780,
192889,
182788,
172686,
182a89,
192d8b,
24399a,
2e44a9,
33469c,
38478e,
2e355e,
24232e,
211e27,
1e1920,
201c24,
221e27,
312e36,
403d44,
7b7980,
b6b5bc,
cbcbd4,
e0e0eb,
dedde8,
dcdae4,
d0ced2,
c4c2bf,
d0cfd1,
dbdce3,
dedfe7,
e1e1eb,
e1e1ea,
e0e0e8,
e3e3eb,
e5e5ed,
ebebf3,
f0f0f9,
f2f2fb,
f3f3fc,
f3f3fc,
f2f2fb,
f2f2fb,
f2f2fa,
f3f3fb,
f3f3fb,
f3f3fb,
f3f3fb,
f1f1f9,
efeff7,
e7e6ee,
dedde5,
c8c8d2,
b2b3bf,
9a9fb0,
828ba1,
848ea9,
8590b1,
748ec4,
628cd6,
6a94d9,
729bdc,
6997e1,
6093e6,
6295e6,
6497e6,
6899e4,
6c9be1,
729ee2,
77a1e3,
7ca3e3,
81a5e2,
759bdd,
6891d8,
7e99d1,
93a0c9,
b5bdda,
d7d9ea,
dfe1f0,
e6e8f5,
e4e6f3,
e2e4f1,
e1e3f0,
dfe1ee,
dedfec,
dcdde9,
dcdde9,
dbdde8,
e0e2ee,
e5e7f3,
e0e1ee,
dbdbe9,
dfdfed,
e3e3f0,
e7e7f3,
ebebf5,
ececf6,
ececf7,
e9e8f3,
e5e4ef,
c1bec6,
9c989c,
686363,
342d2a,
352d2b,
352d2b,
49413e,
5d5451,
605755,
625959,
665d5d,
696161,
60595b,
565054,
4d484d,
444046,
5c575c,
736d72,
918a87,
afa79c,
c4b9aa,
d8cbb8,
ddd0bc,
e1d4c0,
e0d3be,
ded2bb,
dcd0ba,
d9ceb9,
d9cdb9,
d8ccb9,
dbcfbb,
ded1bc,
e2d5bf,
e5d8c1,
e7dac4,
e8dcc6,
eae2d2,
ece7de,
eee9e0,
efeae2,
f3efe9,
f7f4ef,
f6f4f2,
f4f4f4,
f3f3f3,
f2f2f2,
f7f7f7,
fcfcfc,
fbfbfb,
f9f9f9,
f5f5f5,
f1f1f1,
f1f1f1,
f9f9f9,
f8f8f8,
f6f6f6,
f6f6f6,
f6f6f6,
f8f8f8,
f9f9f9,
f8f8f8,
f8f8f8,
f7f7f7,
f6f6f6,
f7f7f7,
f8f8f8,
f8f8f8,
f9f9f9,
f8f8f8,
f6f6f6,
f6f6f6,
f6f6f6,
f7f7f7,
f9f9f9,
f8f8f8,
f8f8f8,
f7f7f7,
f6f6f6,
f6f6f6,
f7f7f7,
f8f8f8,
f9f9f9,
f7f7f7,
f6f6f6,
f4f3f1,
f2f0ed,
f0ede9,
efebe5,
eee9e2,
ede8e0,
ece8df,
ece7df,
ede9e1,
efebe4,
f2efea,
f5f3ef,
f4f3f0,
f4f3f0,
e2dacb,
d1c2a5,
d1c2a6,
d1c2a7,
a6a4ac,
7b86b1,
5869b0,
354db0,
354eaf,
3650ae,
324bad,
2f47ac,
2d45ae,
2c44af,
2b44af,
2b45b0,
2b44b0,
2c44b0,
3247a8,
384aa0,
394b9e,
3b4b9d,
3546a0,
2f42a3,
253896,
1c2e89,
1b2f8b,
1b308e,
1b2e8f,
1c2c90,
19288b,
162386,
18288a,
1a2d8f,
253a9d,
3046ac,
3448a5,
384b9e,
313d76,
2b2f4e,
25253a,
1f1b26,
1f1c27,
201c28,
28252f,
312e37,
605d65,
8f8d93,
b6b5bd,
dddde7,
dfdee8,
e0dfe9,
dad9dd,
d4d2d1,
dad9da,
e0e0e2,
e3e2e8,
e6e5ee,
e3e3eb,
e1e1e9,
e2e2e9,
e3e3ea,
e7e7ef,
ececf5,
ededf6,
efeff8,
eeeef7,
eeeef7,
eeeef7,
efeff8,
f0f0f8,
f1f0f9,
efeef6,
edecf3,
e8e8f0,
e4e4ec,
d2d6e4,
c1c9dc,
aeb6cc,
9ba4bb,
919cb6,
8895b1,
939fbb,
9ea9c5,
879ecc,
7094d3,
7296d2,
7597d2,
7497d4,
7396d7,
6c96dc,
6595e2,
6898e3,
6a9ae4,
6f9de3,
749fe3,
739de1,
739adf,
7496d8,
7593d0,
95a8d5,
b6bdda,
cbcfe6,
e1e2f1,
e2e4f2,
e4e6f3,
e2e4f1,
e1e3f0,
e0e2ef,
e0e2ef,
dbdbe7,
d5d5e0,
d8d9e3,
dcdde7,
e0e1ec,
e5e6f2,
e0e0ed,
dbdbe9,
dfe0ed,
e4e4f1,
e5e6f2,
e7e8f3,
e9e9f4,
ebebf6,
e8e8f4,
e5e5f1,
cecdd6,
b6b4bb,
7c787b,
423c3a,
3e3735,
39312f,
544c48,
6f6662,
736b67,
786f6c,
7c736f,
7f7772,
78706c,
716967,
665f5e,
5b5555,
645d5e,
6d6567,
7e7673,
8f877f,
9c9388,
aaa090,
bbb1a2,
ccc2b3,
d4cbbc,
dcd4c5,
ddd6c9,
dfd9cd,
e3dcd0,
e7e0d4,
e8e0d3,
eae1d3,
e9dfce,
e8ddca,
e8dcc8,
e8dbc6,
e9dfce,
ebe4d6,
eee9e0,
f2efe9,
f3f0eb,
f4f1ec,
f5f4f1,
f6f6f6,
f6f6f6,
f6f6f6,
f7f7f7,
f9f9f9,
f8f8f8,
f8f8f8,
f6f6f6,
f5f5f5,
f5f5f5,
f5f5f5,
f7f7f7,
f9f9f9,
f9f9f9,
f9f9f9,
f7f7f7,
f5f5f5,
f6f6f6,
f6f6f6,
f8f8f8,
fafafa,
f9f9f9,
f7f7f7,
f6f6f6,
f5f5f5,
f7f7f7,
f8f8f8,
f9f9f9,
f9f9f9,
f7f7f7,
f5f5f5,
f6f6f6,
f6f6f6,
f8f8f8,
fafafa,
f9f9f9,
f7f7f7,
f6f6f6,
f5f5f5,
f7f7f7,
f8f8f8,
f9f9f9,
f9f9f9,
f7f7f7,
f5f5f5,
f6f6f6,
f6f6f6,
f8f8f8,
f9f9f9,
f8f8f8,
f7f7f7,
f6f6f6,
f4f4f4,
f5f5f4,
f6f5f3,
e4ddce,
d2c4a8,
d4c8af,
d6cbb5,
b2b0b6,
8d95b7,
6575b3,
3d54af,
3c54af,
3a53ae,
334cae,
2c45ae,
2c45af,
2b44b0,
2b45b0,
2a45b0,
2b45b0,
2c44b0,
3649a3,
3f4e96,
3f4e98,
3e4d9a,
33459e,
283da1,
1f3393,
152985,
1b3295,
203aa4,
20359d,
1f3096,
1a288e,
142085,
18278c,
1b2d92,
273ba0,
3248ae,
354bae,
384ead,
35448d,
313a6d,
292c4d,
201d2c,
1f1c2a,
1d1a28,
201d29,
221f29,
45424a,
68646a,
a19fa6,
dad9e2,
dfdfe8,
e4e4ee,
e4e3e9,
e3e2e3,
e4e3e2,
e4e3e1,
e7e6e9,
eae9f1,
e6e6ed,
e2e2e9,
e1e1e8,
e0e0e6,
e4e4eb,
e8e7f0,
e9e9f2,
eaeaf3,
eaeaf3,
e9e9f3,
ebebf4,
ececf5,
ededf6,
eeedf6,
eae9f1,
e6e4eb,
dfdee6,
d8d8e1,
bec6da,
a4b4d3,
94a4c5,
8394b7,
899abc,
8e9fc0,
a2b0cc,
b6c1d8,
9aafd4,
7d9cd0,
7b98cc,
7893c7,
7f96c7,
8599c7,
7696d2,
6693dd,
6796e2,
6899e7,
6c9be5,
709de2,
6a96df,
648fdc,
7392d2,
8194c8,
adb7da,
d8d9eb,
e1e2f2,
eaebf8,
e6e7f4,
e2e3f0,
e1e2ef,
dfe1ee,
e0e2ef,
e1e2ef,
d8d8e3,
cecdd6,
d5d5de,
dcdce6,
e0e0eb,
e4e4f0,
e0e0ed,
dbdbe9,
e0e0ed,
e4e5f1,
e4e5f1,
e3e4f0,
e6e7f3,
e9eaf5,
e7e8f4,
e5e6f3,
dbdbe7,
d0d0da,
908e92,
504b4a,
47403f,
3d3533,
5f5753,
807872,
877f78,
8e857e,
928980,
958c82,
90877e,
8b8279,
7e766f,
716964,
6c6360,
665d5c,
6a625f,
6e6662,
756d65,
7c7468,
9a9287,
b7b0a6,
c8c3ba,
d9d5ce,
dfdcd7,
e5e3e0,
edebe8,
f5f3ef,
f5f2ec,
f5f0e9,
f0e9de,
eae2d2,
e9decc,
e7dac5,
e9ddca,
eae0ce,
efeadf,
f4f3f0,
f3f1ed,
f1eee9,
f5f3f0,
f8f8f7,
f9f9f8,
f9f9f9,
f7f7f7,
f5f5f5,
f6f6f6,
f6f6f6,
f8f8f8,
f9f9f9,
f9f9f9,
f5f5f5,
f7f7f7,
f9f9f9,
f9f9f9,
f9f9f9,
f7f7f7,
f5f5f5,
f5f5f5,
f6f6f6,
f8f8f8,
fafafa,
f9f9f9,
f7f7f7,
f6f6f6,
f5f5f5,
f7f7f7,
f9f9f9,
f9f9f9,
f9f9f9,
f7f7f7,
f5f5f5,
f6f6f6,
f6f6f6,
f8f8f8,
fafafa,
f9f9f9,
f7f7f7,
f6f6f6,
f5f5f5,
f7f7f7,
f9f9f9,
f9f9f9,
f9f9f9,
f7f7f7,
f5f5f5,
f5f5f5,
f6f6f6,
f8f8f8,
fafafa,
f8f8f8,
f7f7f7,
f5f5f5,
f4f4f4,
f5f5f4,
f6f6f5,
eae6dd,
ded6c5,
d7cfbd,
d1c8b6,
b4b2b4,
979db3,
6d7bb1,
435aae,
3b53af,
344daf,
3049af,
2c45af,
2b45b0,
2b45b1,
2b45b1,
2b45b1,
2c45af,
2e46ae,
3449a6,
3b4c9e,
394a9f,
3748a1,
2d409e,
23389b,
1d3498,
183195,
1d379f,
223da9,
22379f,
223294,
1b288c,
141e84,
19278e,
1e3097,
283ca3,
3349af,
354bae,
384eae,
37499e,
35458f,
303a71,
2b2f53,
292943,
282432,
29252f,
2a252c,
3f3a3f,
544f52,
8e8a8f,
c7c5cc,
d8d7df,
eaeaf3,
e9e9f0,
e9e9ed,
e4e3e4,
dfdedb,
e3e2e3,
e7e6ec,
e4e3ea,
e1e1e9,
dedee5,
dbdbe2,
dddde5,
dfdee7,
e2e2eb,
e5e5ee,
e6e6f0,
e8e8f2,
e6e6f0,
e5e4ee,
e4e3ec,
e3e1ea,
dfdee7,
dbdbe4,
c9cfe1,
b7c4df,
9eb5de,
85a6dd,
809fd2,
7b98c8,
839ac3,
8b9cbe,
9ba7c4,
abb2cb,
9ca9ca,
8ea0c9,
92a3ca,
97a6cc,
9eacce,
a5b1d0,
8ba5d5,
7199da,
7099dc,
6e99df,
6e97db,
6f96d7,
6a8ed1,
6687cb,
859bd0,
a4b0d5,
c3c9e3,
e2e3f2,
e7e7f4,
ebebf7,
e7e7f3,
e2e3f0,
e1e3ef,
e1e2ef,
e3e4f0,
e6e6f1,
d9d7e1,
ccc9d1,
d5d4dd,
dedee9,
e0e1ec,
e2e3ef,
e0e1ee,
dee0ed,
e1e2ef,
e3e5f1,
e3e4f0,
e3e4f0,
e6e7f3,
e9eaf5,
e7e8f4,
e5e7f3,
dfe0ec,
d9dae4,
a3a2a8,
6e6a6b,
514c4b,
352e2c,
554e4a,
766e68,
7c746e,
837a74,
807770,
7d746c,
7e746e,
7e7571,
847c7a,
898284,
8d868a,
908a90,
928d91,
959092,
918c8b,
8e8984,
9a9590,
a6a19d,
b7b4b1,
c9c6c5,
d8d6d5,
e8e7e6,
efeeed,
f7f6f4,
f7f5f3,
f7f5f1,
f3f0ea,
efebe2,
ede7db,
ece3d4,
ebe1d1,
eae0cd,
eee8dd,
f3f1ed,
f3f1ed,
f2f1ee,
f5f4f3,
f9f8f8,
f9f9f8,
f9f9f9,
f7f7f7,
f5f5f5,
f6f6f6,
f6f6f6,
f8f8f8,
fafafa,
fafafa,
f4f4f4,
f7f7f7,
f9f9f9,
f9f9f9,
f9f9f9,
f7f7f7,
f4f4f4,
f5f5f5,
f6f6f6,
f8f8f8,
fafafa,
f9f9f9,
f7f7f7,
f6f6f6,
f4f4f4,
f7f7f7,
f9f9f9,
f9f9f9,
f9f9f9,
f7f7f7,
f5f5f5,
f6f6f6,
f6f6f6,
f8f8f8,
fafafa,
f9f9f9,
f7f7f7,
f6f6f6,
f4f4f4,
f7f7f7,
f9f9f9,
f9f9f9,
f9f9f9,
f7f7f7,
f5f5f5,
f5f5f5,
f5f5f5,
f8f8f8,
fafafa,
f9f9f9,
f7f7f7,
f5f5f5,
f3f3f3,
f5f5f5,
f6f6f6,
f0efec,
e9e8e2,
dbd6cc,
ccc4b6,
b7b5b3,
a1a5af,
7582ae,
485fad,
3b53af,
2d46b0,
2c46b0,
2b45b0,
2b45b1,
2a45b1,
2b45b1,
2b45b1,
2d46af,
2f47ac,
3349a9,
364aa6,
3347a7,
3043a7,
273b9e,
1d3394,
1c369d,
1b38a5,
1f3caa,
2340ae,
243aa0,
243392,
1c278b,
131b83,
1a2790,
20339c,
2a3ea6,
3349b0,
364baf,
384dae,
394eaf,
394fb0,
384895,
36407a,
34375b,
322e3c,
322d35,
322b2e,
393234,
403939,
7a7577,
b4b1b5,
d2d0d7,
efeff8,
efeff7,
efeff6,
e5e4e5,
dad9d4,
dfdede,
e3e2e7,
e1e1e8,
dfe0e8,
dadbe3,
d5d6de,
d5d6de,
d5d5de,
dbdbe4,
e0e0e9,
e3e3ed,
e6e6f0,
e2e1eb,
dddce6,
dad9e2,
d7d5de,
d3d3de,
cfd1dd,
b3c1dd,
96b0dc,
7ea4e1,
6597e6,
6c99df,
739bd8,
7d9aca,
8798bb,
939ebd,
9fa3be,
9fa3c0,
9ea3c1,
aaaec9,
b6b9d0,
bec1d4,
c5c9d8,
a1b4d7,
7c9fd6,
789cd7,
7499d7,
7194d1,
6d8ecb,
6a86c3,
677eba,
97a5ce,
c7cbe2,
dadced,
ececf8,
ececf7,
ecebf6,
e7e7f3,
e2e3ef,
e2e3ef,
e2e3ef,
e6e6f1,
eae9f2,
dad7df,
c9c5cb,
d5d3db,
e0e0eb,
e0e1ec,
e0e2ed,
e1e3ef,
e1e4f0,
e2e4f0,
e2e4f0,
e2e4f0,
e2e4f0,
e6e7f3,
e9e9f5,
e7e8f4,
e5e7f3,
e3e5f1,
e1e3ee,
b6b6bd,
8b898c,
5c5858,
2d2624,
4c4541,
6b635e,
716964,
776e69,
6e6560,
655b56,
6b625f,
716868,
898286,
a19ba4,
aea9b4,
bab7c4,
bbb8c3,
bbb9c2,
aeacb1,
a09e9f,
9a9899,
949293,
a6a5a7,
b8b7bb,
d1d1d3,
eaeaeb,
f2f2f2,
f9f9f9,
f9f9f9,
f9f9f9,
f7f6f6,
f4f3f2,
f2efeb,
f0ebe3,
ede5d8,
e9dfcc,
eee7db,
f2efea,
f3f1ee,
f3f3f2,
f6f6f5,
f9f8f8,
f9f9f9,
f9f9f9,
f7f7f7,
f5f5f5,
f6f6f6,
f6f6f6,
f8f8f8,
fafafa,
fafafa,
f9f9f9,
f7f7f7,
f6f6f6,
f6f6f6,
f6f6f6,
f7f7f7,
f9f9f9,
f8f8f8,
f8f8f8,
f6f6f6,
f5f5f5,
f6f6f6,
f8f8f8,
f8f8f8,
f9f9f9,
f8f8f8,
f7f7f7,
f6f6f6,
f6f6f6,
f7f7f7,
f9f9f9,
f8f8f8,
f8f8f8,
f6f6f6,
f5f5f5,
f6f6f6,
f7f7f7,
f8f8f8,
f9f9f9,
f8f8f8,
f7f7f7,
f6f6f6,
f6f6f6,
f7f7f7,
f8f8f8,
f5f5f6,
f1f2f4,
ebeef1,
e6e9ee,
e0e6ed,
dbe3ed,
d6dfeb,
d0dbea,
cdd9e9,
cad7e9,
c4d1e3,
beccdd,
b3c0d1,
a8b5c5,
99abc3,
8ba1c2,
6b85bc,
4c68b7,
3d58b4,
2e48b2,
2d47b2,
2c46b2,
2c46b2,
2c46b2,
2d46b1,
2e47b0,
2f47ad,
3148ab,
3248ab,
3248ab,
2e43a6,
2a3ea2,
24399d,
1e3599,
1d38a1,
1d3baa,
213fad,
2642b0,
263ca1,
263692,
1d298b,
141d85,
1c2b94,
2538a3,
2b40a7,
3248ac,
344aad,
374caf,
384db1,
394fb4,
394ba3,
394793,
373e6d,
353548,
38343d,
3a3433,
3e3735,
433b37,
6c6663,
969090,
c0bdc0,
eae9f1,
e9e9f2,
e9e9f2,
e1e1e5,
d9d9d7,
dad9d8,
dad9d9,
dedde1,
e1e2ea,
dbdbe4,
d5d5df,
d4d5df,
d4d4df,
d6d6e0,
d7d7e1,
dadae3,
dddde6,
dbdbe4,
dadae3,
d7d7e1,
d4d5e0,
bfc7db,
aab9d5,
99b0d5,
89a7d5,
86a6d6,
84a5d8,
93aed7,
a3b8d6,
9faec9,
9ba4bc,
9da4be,
9fa4c0,
a7abc6,
afb2cc,
bcbfd5,
caccdd,
cccedc,
cfd0db,
acb7ce,
8a9ec1,
7e93bc,
7288b8,
6f83b0,
6d7fa9,
7988b1,
8591b8,
aeb6d2,
d8dbec,
e3e3f1,
eeecf7,
eeecf6,
eeecf5,
e9e9f2,
e5e5f0,
e6e5f0,
e6e6f1,
e9e8f2,
edebf3,
dcd9e0,
ccc8cd,
d6d4dc,
e0e1eb,
e1e2ec,
e1e4ee,
e1e4ef,
e2e4f0,
e2e4f0,
e2e4f0,
e2e4f0,
e2e4f0,
e5e6f2,
e9e9f5,
e7e8f4,
e6e7f3,
e4e5f1,
e2e4ef,
c2c3cb,
a3a2a7,
6e6a6d,
393333,
4b4442,
5e5652,
635b57,
69605c,
69605d,
6a615d,
7e7676,
928b90,
a8a3aa,
bfbcc5,
c7c5d0,
d0cfda,
cccbd6,
c8c8d1,
bebec5,
b5b4b9,
aeadb2,
a7a6ab,
aaa9b1,
adacb6,
c4c4cc,
dcdce2,
e6e6ea,
f1f1f2,
f3f3f4,
f6f6f6,
f7f7f7,
f9f8f8,
f7f5f3,
f5f2ee,
f0ebe3,
ece5d9,
f0ebe3,
f4f2ed,
f6f5f2,
f8f8f8,
f7f7f7,
f7f6f6,
f6f6f6,
f6f6f6,
f7f7f7,
f9f9f9,
f8f8f8,
f8f8f8,
f7f7f7,
f6f6f6,
f6f6f6,
fdfdfd,
f8f8f8,
f3f3f3,
f3f3f3,
f3f3f3,
f8f8f8,
fdfdfd,
fbfbfb,
f9f9f9,
f5f5f5,
f0f0f0,
f4f4f4,
f8f8f8,
fbfbfb,
fdfdfd,
f9f9f9,
f4f4f4,
f4f4f4,
f3f3f3,
f8f8f8,
fcfcfc,
fbfbfb,
f9f9f9,
f5f5f5,
f0f0f0,
f4f4f4,
f7f7f7,
fafafa,
fdfdfd,
f9f9f9,
f4f4f4,
f3f3f3,
f2f2f2,
f7f7f7,
fbfbfb,
f4f5f7,
edeff3,
dfe4eb,
d1d8e2,
c8d3e2,
bfcee2,
b6c8e2,
adc2e1,
a5bdde,
9db7db,
98b3da,
92afd8,
8babd6,
83a6d4,
7ca2d4,
749dd4,
6287ca,
4f71c0,
3f5eba,
2f4ab3,
2e49b3,
2d47b3,
2d47b3,
2d47b3,
2f48b1,
3048ae,
3249ac,
3349a9,
3148ad,
2e46b0,
293fa6,
23389c,
21389d,
1e379e,
1f3ba6,
1f3eae,
2441b0,
2844b1,
283ea2,
283892,
1e2c8c,
141f86,
1f2e98,
293da9,
2d42a8,
3046a7,
3348ac,
354ab0,
374cb4,
384eb7,
3a4eb1,
3b4eab,
3a457f,
383b53,
3d3c45,
423c37,
443d36,
453d35,
5e5650,
776f6a,
aea9aa,
e4e3ea,
e4e3ec,
e3e3ee,
dedee4,
d8d8da,
d5d4d3,
d1d0cb,
dadadb,
e3e3eb,
dcdce5,
d4d4df,
d4d4df,
d3d3df,
d1d1dc,
ceced9,
d1d1da,
d3d3db,
d5d5dd,
d7d7df,
d4d6e1,
d0d4e2,
abbbd8,
85a1cd,
809fce,
7b9dce,
8fa8cc,
a3b2c9,
bbc3cf,
d2d4d4,
c1c2c8,
afb0bc,
a7aabf,
9fa4c1,
afb3cc,
bfc1d7,
ced0e1,
dddeea,
dbdbe4,
d9d7de,
b8bac5,
979cac,
8389a2,
6f7698,
6e7390,
6d6f87,
88899f,
a2a3b6,
c6c7d6,
e9eaf6,
ecebf6,
efecf5,
efedf5,
efedf4,
eceaf2,
e8e7f0,
e9e8f1,
eae8f2,
edeaf3,
efecf3,
dfdbe1,
cecacf,
d7d6dd,
e0e1eb,
e1e3ed,
e2e5ee,
e2e5ef,
e2e4ef,
e2e4ef,
e1e3ef,
e2e4f0,
e2e4f0,
e5e6f2,
e8e8f4,
e7e7f3,
e6e6f2,
e4e5f1,
e2e4f0,
cecfd9,
babac2,
807d82,
454041,
4b4443,
504845,
554d4a,
5a524f,
645c5a,
6e6664,
918a8e,
b3aeb7,
c8c5cf,
dcdce6,
e1e1eb,
e6e6f0,
dedee8,
d5d6e0,
cfd0d9,
c9c9d2,
c2c2cb,
babac3,
aeaeba,
a1a1b1,
b7b7c5,
cdcdd9,
dbdbe2,
e8e8ea,
eeeeef,
f3f3f3,
f8f8f8,
fdfdfd,
fbfbfb,
f9f8f8,
f4f2ef,
eeebe6,
f2f0eb,
f6f4ef,
faf9f6,
fdfdfd,
f9f9f9,
f4f4f4,
f3f3f3,
f2f2f2,
f7f7f7,
fcfcfc,
fbfbfb,
f9f9f9,
f5f5f5,
f1f1f1,
f1f1f1,
f8f8f8,
f7f7f7,
f7f7f7,
f7f7f7,
f7f7f7,
f7f7f7,
f8f8f8,
f8f8f8,
f8f8f8,
f7f7f7,
f6f6f6,
f7f7f7,
f7f7f7,
f8f8f8,
f8f8f8,
f7f7f7,
f7f7f7,
f7f7f7,
f7f7f7,
f7f7f7,
f8f8f8,
f7f7f7,
f7f7f7,
f7f7f7,
f6f6f6,
f7f7f7,
f7f7f7,
f8f8f8,
f8f8f8,
f7f7f7,
f7f7f7,
f6f6f6,
f6f6f6,
e6eaf0,
d7deea,
c2cde3,
acbcdd,
9fb3d8,
93a9d3,
8ea8d5,
8aa6d6,
89a7d9,
88a8db,
87a9dc,
86abde,
84a9de,
82a8de,
7ea6dd,
7aa4dc,
76a1dc,
729fdc,
6892d5,
5e85ce,
4b6ec3,
3958b9,
3450b6,
2f48b4,
3049b3,
324ab2,
334aaf,
334bad,
3249ad,
3248ae,
2e45ac,
2a41ab,
253da3,
21399c,
203a9f,
1f3ba3,
213ea9,
2241b0,
2644b1,
2b47b3,
2b41a4,
2b3b95,
223191,
19268e,
21339c,
2940aa,
2c42a7,
3045a4,
3147ab,
3349b2,
344ab1,
364bb1,
384aa0,
3b4890,
3d436d,
403e4b,
3b373c,
37312d,
3a342e,
3e3730,
514942,
645b54,
989291,
cdcace,
d8d6de,
e3e3ee,
dfdfe8,
dcdce3,
d4d3d5,
cccac8,
d3d2d4,
dbdae0,
d6d6df,
d2d2de,
cfd0db,
cdcdd8,
cdcdd5,
cecdd3,
d4d2d7,
dad8db,
d8d6d9,
d7d5d8,
c6c7cf,
b6bac7,
a4adc0,
92a1ba,
9baac0,
a5b3c6,
b3bcc7,
c1c5c9,
cfcfcd,
ddd9d2,
cac7c6,
b7b4ba,
abacbd,
a0a5bf,
b5b8ce,
cacbde,
d6d6e4,
e2e1eb,
dad9e1,
d3d0d8,
a9abbe,
7f87a5,
747b9d,
697096,
6c7193,
6f7391,
9496ad,
babaca,
d2d2e0,
ebebf5,
edebf5,
eeecf4,
eeecf3,
eeecf3,
eceaf1,
eae8f0,
ebe9f1,
eceaf3,
eeebf3,
efecf3,
dbd7dd,
c7c3c7,
d3d1d7,
dfe0e7,
e0e2ea,
e2e5ee,
e2e4ee,
e2e4ef,
e2e4ef,
e2e3ef,
e2e4ef,
e2e4f0,
e5e6f1,
e7e8f3,
e7e7f3,
e6e6f2,
e4e5f1,
e2e4f0,
d6d7e2,
cacbd4,
98969c,
666265,
625c5c,
5d5553,
5e5654,
5f5756,
777070,
8f898b,
aea9af,
cecad3,
d4d2db,
dadae3,
dddde5,
e0dfe8,
c8c8d2,
b0b1bc,
b1b2be,
b2b3c1,
afb0be,
abadbc,
a4a6b9,
9ea0b6,
adafc5,
bdbfd5,
c6c7d8,
cfd0dc,
d9dae2,
e4e5e8,
ecedef,
f5f5f5,
f6f6f6,
f8f7f7,
f6f5f4,
f5f3f1,
f6f4f1,
f6f5f2,
f7f6f5,
f8f8f8,
f7f7f7,
f7f7f7,
f7f7f7,
f7f7f7,
f7f7f7,
f8f8f8,
f7f7f7,
f7f7f7,
f7f7f7,
f6f6f6,
f6f6f6,
f3f3f3,
f7f7f7,
fafafa,
fafafa,
fafafa,
f7f7f7,
f3f3f3,
f5f5f5,
f6f6f6,
f9f9f9,
fcfcfc,
f9f9f9,
f6f6f6,
f5f5f5,
f3f3f3,
f6f6f6,
f9f9f9,
fafafa,
fafafa,
f7f7f7,
f3f3f3,
f4f4f4,
f5f5f5,
f9f9f9,
fcfcfc,
fafafa,
f7f7f7,
f5f5f5,
f3f3f3,
f6f6f6,
f9f9f9,
f9f9f9,
f9f9f9,
d6dde9,
b3c0d9,
8fa5d0,
6b89c6,
6082c5,
547ac4,
557cc7,
557eca,
5c86d0,
628ed5,
6896db,
6e9ee0,
70a0e2,
71a1e3,
71a1e3,
70a1e3,
70a1e3,
70a1e3,
6e9ddf,
6c99db,
587fcd,
4365be,
3a57b9,
3049b4,
344bb2,
374cb0,
374dae,
364dab,
334aaf,
3047b2,
2b42ac,
263ca5,
223ba1,
1e399c,
1f3ca2,
203ea7,
2341ad,
2544b2,
2947b3,
2d49b4,
2e44a6,
2e3e97,
263697,
1d2d96,
2338a0,
2942aa,
2c43a6,
2f44a1,
3046aa,
3047b3,
3248af,
3348ab,
374590,
3b4274,
41415c,
474043,
3a3333,
2c2623,
312b27,
36302a,
443b34,
51463e,
837c78,
b5b1b1,
cccacf,
e2e2ed,
e1e1ec,
dfe0eb,
d3d2d8,
c6c4c5,
cccbcd,
d2d1d5,
d1d1d9,
d0d0dc,
cbccd6,
c6c7d0,
cac9ce,
cecbcc,
d8d4d3,
e1dcda,
dcd7d6,
d6d2d1,
b9b9be,
9c9fab,
9ea0a9,
9fa1a6,
b7b5b2,
cec8bd,
d7d0c3,
dfd8c9,
e3dbcc,
e7decf,
d3cbc4,
beb8b8,
b0afbb,
a1a5bd,
bbbdd1,
d4d4e4,
dedce8,
e7e4ec,
dad7df,
ccc9d1,
999db7,
66719d,
646e99,
626a94,
6a7097,
71769a,
a1a3bc,
d1d0de,
dfdee9,
edebf4,
edebf4,
edebf3,
edebf2,
eceaf1,
eceaf1,
ebe9f0,
edebf2,
eeecf3,
efecf3,
efecf2,
d7d4d8,
bfbbbe,
cecdd1,
dddee3,
e0e1e8,
e2e4ed,
e2e4ee,
e2e4ee,
e2e4ee,
e2e3ee,
e2e4ef,
e2e4ef,
e4e6f1,
e6e7f2,
e6e7f2,
e6e6f2,
e4e5f1,
e2e4f0,
dee0eb,
dadbe6,
b1b0b7,
878488,
797374,
6a6260,
675f5e,
635b5c,
898387,
afabb2,
ccc9d0,
e8e6ee,
e0dfe7,
d8d8df,
d9d8df,
d9d8df,
b2b2bb,
8a8b97,
9394a4,
9b9db0,
9c9eb2,
9c9fb4,
9b9fb7,
9a9fba,
a3a8c5,
acb0d0,
b1b4cf,
b5b8ce,
c5c7d6,
d5d6dd,
e1e2e5,
eceded,
f1f2f2,
f6f6f6,
f9f9f9,
fcfbfb,
f9f8f8,
f6f5f4,
f5f4f4,
f3f3f3,
f6f6f6,
f9f9f9,
fafafa,
fbfbfb,
f7f7f7,
f3f3f3,
f4f4f4,
f5f5f5,
f8f8f8,
fbfbfb,
fbfbfb,
f5f5f5,
f7f7f7,
f9f9f9,
f9f9f9,
f9f9f9,
f7f7f7,
f5f5f5,
f6f6f6,
f7f7f7,
f8f8f8,
fafafa,
f8f8f8,
f7f7f7,
f6f6f6,
f5f5f5,
f6f6f6,
f8f8f8,
f9f9f9,
f9f9f9,
f7f7f7,
f5f5f5,
f5f5f5,
f6f6f6,
f8f8f8,
fafafa,
f9f9f9,
f7f7f7,
f6f6f6,
f5f5f5,
f6f6f6,
f8f8f8,
f7f7f7,
f6f6f7,
c6d0e4,
97aad1,
7692ce,
557aca,
4f76ca,
4972c9,
4973ca,
4974cc,
4d78cd,
507ccf,
5683d3,
5d8ad7,
6392da,
6a99de,
6d9de0,
70a1e3,
70a1e3,
70a1e3,
6f9fe1,
6e9ddf,
618bd4,
547ac9,
4767c0,
3b55b6,
3c54b4,
3d54b2,
3950b0,
344caf,
3047ae,
2c43ad,
283fa9,
233ca5,
223ca2,
223da0,
2340a6,
2443ac,
2645b0,
2847b4,
2b49b5,
2f4cb5,
2f46a6,
304197,
283998,
1f3099,
24399f,
2a41a5,
2b42a4,
2d43a4,
2e44aa,
2e45b1,
30439e,
32408b,
373e72,
3d3d59,
413d4b,
453d3d,
38312f,
2b2522,
2c2522,
2d2622,
38302b,
433934,
6a625e,
918b88,
b6b3b6,
dcdbe4,
dedee8,
e0e1ec,
d8d8e0,
d0cfd4,
cccbcf,
c9c7c9,
cbcad0,
cdccd6,
cdccd5,
cccbd3,
d3d1d7,
dad7db,
d9d5d6,
d9d4d1,
d4cfca,
cfcac3,
bbb9b8,
a8a8ad,
a4a3a7,
a19fa1,
ada9a5,
b9b3a9,
c3bcb0,
cec6b7,
d7cebf,
e0d7c7,
d2cac0,
c4bdb9,
b5b2b8,
a5a6b8,
bab9c5,
cecbd2,
d5d0d2,
dcd5d3,
cac3c3,
b7b1b2,
8a8eac,
5c6ca5,
5a6aa6,
5869a8,
6b77ab,
7e85ae,
acafca,
dbdae7,
e4e2ed,
edeaf3,
eceaf2,
eceaf2,
ece9f1,
ebe9f0,
ebe9f0,
ece9f0,
eceaf1,
edebf2,
edeaf1,
edeaf0,
d1cdd1,
b4b0b2,
c7c4c9,
d9d9e0,
dddee6,
e2e3ec,
e2e3ed,
e2e3ed,
e2e3ed,
e2e3ed,
e2e3ed,
e1e3ee,
e3e4ef,
e5e6f1,
e5e6f1,
e6e6f2,
e3e4f0,
e1e3ef,
dee0eb,
dcdde8,
c1c1c8,
a7a5a9,
8a8688,
6d6767,
797377,
868087,
a5a1a9,
c5c2cb,
cbc9d1,
d2d1d7,
b7b6bc,
9c9ba0,
97969b,
939196,
747379,
56555d,
6d6d7a,
858696,
9798aa,
a9abbf,
a7aac1,
a5a9c3,
a8acc8,
abafce,
aeb2ce,
b1b5cf,
b9bbcf,
c1c2d0,
c9cad4,
d2d3d8,
dedfe2,
ebebed,
f2f2f3,
faf9f9,
f8f8f7,
f7f6f6,
f6f5f5,
f5f5f5,
f6f6f6,
f8f8f8,
f9f9f9,
fafafa,
f7f7f7,
f5f5f5,
f5f5f5,
f6f6f6,
f8f8f8,
fafafa,
fafafa,
f6f6f6,
f7f7f7,
f8f8f8,
f8f8f8,
f8f8f8,
f7f7f7,
f6f6f6,
f7f7f7,
f7f7f7,
f8f8f8,
f8f8f8,
f8f8f8,
f7f7f7,
f7f7f7,
f6f6f6,
f7f7f7,
f7f7f7,
f8f8f8,
f8f8f8,
f7f7f7,
f6f6f6,
f7f7f7,
f7f7f7,
f8f8f8,
f8f8f8,
f8f8f8,
f7f7f7,
f7f7f7,
f6f6f6,
f6f6f6,
f6f6f6,
f5f5f5,
f3f3f4,
b7c3df,
7a93c9,
5c7fcc,
3e6ace,
3e6ace,
3e69ce,
3e69ce,
3d69cd,
3e69cb,
3e69c9,
4570cb,
4b76cd,
5784d3,
6391d8,
6999dd,
6fa0e2,
70a1e3,
70a1e3,
70a1e3,
70a1e3,
6a98dc,
648ed4,
5578c6,
4661b8,
455eb6,
435bb3,
3b53b3,
324ab3,
2d44ad,
283ea7,
243da6,
203ba5,
233ea4,
2540a3,
2644aa,
2747b1,
2949b4,
2b4ab6,
2e4cb6,
304eb6,
3149a7,
324497,
2a3c9a,
21339c,
263a9e,
2a409f,
2b41a3,
2b41a7,
2c42ab,
2c43ae,
2e3e8d,
30386b,
383855,
3f373e,
41383b,
423937,
362e2c,
2a2320,
27201d,
231c1a,
2c2422,
352c29,
514944,
6d655f,
a19d9d,
d5d4da,
dbdbe4,
e0e1ed,
dddde8,
dad9e3,
cdcbd0,
bfbdbd,
c5c3c7,
cac8d0,
ceccd3,
d2cfd6,
dcd9e0,
e6e2e9,
dbd7d8,
d0cbc7,
ccc6be,
c7c1b5,
beb9b2,
b4b0ae,
aba7a5,
a29d9c,
a39d98,
a49d94,
b0a89d,
bcb3a5,
cbc1b2,
d9cfbe,
d2c9bc,
cac2b9,
bab5b6,
a9a7b2,
b9b5b9,
c8c2bf,
cdc4bd,
d1c6ba,
baafa7,
a29893,
7a7fa0,
5266ad,
5067b4,
4e67bb,
6c7dbf,
8a93c2,
b8bcd9,
e5e4ef,
e9e7f0,
ece9f1,
ece9f1,
ebe9f0,
ebe8ef,
eae7ee,
ebe8ef,
ece9f0,
ece9f0,
ece9f0,
ece9ef,
ebe8ee,
cac6ca,
a9a4a6,
bfbcc1,
d5d4dc,
dbdbe4,
e1e1eb,
e2e2ec,
e2e2ec,
e2e3ec,
e2e3ec,
e1e3ec,
e0e2ec,
e2e3ee,
e4e4ef,
e5e5f0,
e5e6f1,
e2e4ef,
dfe1ed,
dee0eb,
dddfe9,
d2d3da,
c7c6ca,
9c999c,
706c6e,
8c8890,
a8a4b2,
c1bfcb,
dad9e3,
cbcad2,
bcbbc0,
8e8d91,
605e61,
565457,
4c4a4c,
373538,
211f23,
484750,
6f6e7c,
9393a3,
b6b7c9,
b3b5ca,
afb3cb,
acb1cc,
a9aecc,
abb0ce,
adb1cf,
adb0c9,
acaec3,
b2b3c3,
b7b8c3,
cbccd3,
dfe0e3,
ebeced,
f7f7f7,
f7f7f7,
f7f7f7,
f7f7f7,
f6f6f6,
f7f7f7,
f7f7f7,
f8f8f8,
f8f8f8,
f7f7f7,
f6f6f6,
f7f7f7,
f7f7f7,
f8f8f8,
f8f8f8,
f8f8f8,
f9f9f9,
f7f7f7,
f6f6f6,
f6f6f6,
f6f6f6,
f7f7f7,
f9f9f9,
f8f8f8,
f8f8f8,
f6f6f6,
f5f5f5,
f6f6f6,
f8f8f8,
f8f8f8,
f9f9f9,
f7f7f7,
f6f6f6,
f6f6f6,
f6f6f6,
f7f7f7,
f9f9f9,
f8f8f8,
f8f8f8,
f6f6f6,
f5f5f5,
f6f6f6,
f7f7f7,
f8f8f8,
f9f9f9,
f7f7f7,
f5f5f5,
f4f4f4,
f2f2f3,
bbc7e0,
849ccd,
6284ce,
406dcf,
3f6cce,
3f6bce,
3e6acd,
3d69cd,
3e69ca,
3e69c8,
426cc6,
476fc5,
4e76c7,
567ec9,
5c87d1,
6391d8,
6897dc,
6d9ee1,
6f9fe2,
70a1e3,
6d9cdf,
6b97db,
5b81cc,
4c6bbe,
4460b9,
3c55b4,
354eb1,
2f46ae,
2b42ab,
273fa8,
263fa8,
2440a9,
2742a8,
2a45a6,
2a48ad,
2a4bb4,
2d4db7,
3050b9,
3353ba,
3656bb,
354fa9,
354897,
2b3e98,
223599,
263b9a,
2b419b,
2b41a3,
2a42ab,
2b42ad,
2c43ae,
2d3c8b,
2e3667,
33334e,
383034,
3e3636,
453c38,
3e3530,
372f29,
302824,
2a221f,
2b2320,
2c2422,
3f3838,
524d4e,
838187,
b3b5c1,
c9cad6,
dfdfec,
dedeea,
dedde9,
d1d0d8,
c5c3c7,
aca9ad,
949094,
918c91,
8d898e,
97959d,
a1a0ac,
a09da3,
9f9b9a,
a39c94,
a89d8e,
ada59f,
b2aeb0,
b0abad,
aea9aa,
a8a09b,
a2988b,
a3988c,
a3998d,
afa599,
bab2a6,
bdb5a9,
c1b8ac,
bfb7af,
beb7b3,
c9c1b9,
d5ccc0,
d0c5b8,
cbbfb0,
b1a69d,
988d8a,
747a9c,
5166af,
5269b5,
546cbc,
7989c3,
9fa6cb,
c4c6de,
e8e7f0,
eae8f0,
ede9f0,
ece9f0,
ebe9ef,
ebe9f0,
eceaf1,
eceaf1,
edeaf1,
ebe8ef,
e9e6ee,
e8e6ed,
e8e6ec,
c4c1c5,
a09c9d,
b8b4b9,
cfcdd5,
d8d7e0,
e1e1ec,
e1e1ec,
e2e2ed,
e0e1eb,
dfe0ea,
dedfea,
dddfea,
dfe0eb,
e1e1ec,
e1e2ed,
e2e3ee,
e0e1ec,
dee0eb,
dfe0eb,
e0e1eb,
dbdbe3,
d6d5db,
b3b1b7,
908d94,
a7a3ae,
bdbac9,
c3c1cd,
c9c8d1,
c1c0c6,
b9b7bc,
838184,
4d4a4c,
3d3b3c,
2e2b2d,
232022,
191618,
302e33,
47464e,
686872,
898a95,
9294a2,
9c9eaf,
9396a8,
8a8da2,
9295ab,
9b9db4,
a3a5bd,
abaec6,
abadc3,
abadc1,
afb1bf,
b4b4be,
cacad0,
e1e1e2,
ececed,
f8f7f8,
f8f8f8,
f9f9f9,
f7f7f7,
f6f6f6,
f6f6f6,
f6f6f6,
f7f7f7,
f9f9f9,
f8f8f8,
f8f8f8,
f7f7f7,
f5f5f5,
f5f5f5,
fcfcfc,
f8f8f8,
f3f3f3,
f3f3f3,
f3f3f3,
f8f8f8,
fcfcfc,
fafafa,
f8f8f8,
f5f5f5,
f1f1f1,
f5f5f5,
f8f8f8,
fafafa,
fcfcfc,
f8f8f8,
f4f4f4,
f4f4f4,
f3f3f3,
f7f7f7,
fbfbfb,
fafafa,
f9f9f9,
f5f5f5,
f1f1f1,
f4f4f4,
f7f7f7,
fafafa,
fcfcfc,
f8f8f8,
f4f4f4,
f3f3f3,
f1f1f1,
c0cbe1,
8ea4d1,
688ad0,
416fcf,
406ecf,
3f6cce,
3e6bcd,
3d69cc,
3e69c9,
3e68c6,
4068c2,
4267bd,
4569bc,
486bba,
5076c4,
5781ce,
618ed6,
6a9ade,
6d9ee1,
70a1e3,
71a1e2,
71a0e1,
618bd3,
5175c4,
4362bd,
354fb5,
3049af,
2b42a9,
2941a9,
263fa8,
2742ab,
2844ad,
2b47ab,
2e49a9,
2e4cb0,
2d4eb7,
3152ba,
3455bc,
3859be,
3c5dbf,
3a54ab,
374b97,
2d4197,
223696,
273c97,
2c4197,
2b42a3,
2942af,
2a43af,
2b43ae,
2c3b89,
2c3363,
2e2e47,
30282a,
3c3331,
473e38,
463c35,
443a32,
3a312b,
302723,
29221f,
221c1a,
2d282c,
37343d,
646572,
9195a7,
b7b9c9,
ddddeb,
dfdfed,
e1e0ee,
d6d5df,
cac9d0,
949094,
5e5758,
534d4f,
484346,
52515a,
5c5e6e,
65646d,
6d6a6c,
7b716a,
887867,
9c928c,
afabb1,
b4b0b5,
b9b4b8,
ada39d,
a09282,
95897c,
8a7f75,
938a81,
9b948d,
a9a196,
b7ad9f,
c5baa9,
d2c7b3,
daceba,
e1d5c0,
d3c6b3,
c5b7a5,
a99d93,
8d8281,
6f7499,
5066b0,
556bb6,
5970bc,
8794c8,
b4b8d4,
d0d1e3,
ebe9f1,
ece9f0,
ede8ef,
ece8ef,
eae8ee,
eceaf1,
eeecf4,
eeebf3,
edeaf1,
e9e7ee,
e5e3eb,
e5e3eb,
e5e3ea,
bebbbf,
979394,
b0adb1,
c9c6cd,
d5d4dd,
e0e1ec,
e1e1ed,
e1e1ed,
dedfea,
dbdce7,
dbdce7,
dadce7,
dcdde8,
dddee9,
dedfea,
dfe0ea,
dedfea,
dcdee9,
dfe1eb,
e2e3ec,
e3e3ec,
e4e3eb,
cac9d2,
b0aeb9,
c1bfcc,
d2cfdf,
c5c3cf,
b8b7be,
b7b5bb,
b5b3b7,
777577,
393637,
252122,
100c0d,
100c0d,
100c0d,
181517,
1f1d20,
3e3d41,
5c5c61,
72737a,
888992,
7a7b85,
6b6c78,
7a7a89,
888899,
999bb1,
aaadc9,
a4a8c4,
9ea2be,
9395ab,
888898,
aaa9b2,
cbcacc,
e2e1e2,
f8f7f8,
fafafa,
fcfcfc,
f8f8f8,
f4f4f4,
f4f4f4,
f3f3f3,
f7f7f7,
fbfbfb,
fafafa,
f9f9f9,
f6f6f6,
f2f2f2,
f2f2f2,
f7f7f7,
f7f7f7,
f7f7f7,
f7f7f7,
f7f7f7,
f7f7f7,
f7f7f7,
f7f7f7,
f7f7f7,
f7f7f7,
f7f7f7,
f7f7f7,
f7f7f7,
f7f7f7,
f7f7f7,
f7f7f7,
f7f7f7,
f7f7f7,
f7f7f7,
f7f7f7,
f7f7f7,
f7f7f7,
f7f7f7,
f7f7f7,
f7f7f7,
f7f7f7,
f7f7f7,
f7f7f7,
f7f7f7,
f7f7f7,
f7f7f7,
f7f7f7,
f7f7f7,
cdd5e6,
a3b4d6,
7493d1,
4573cd,
4471cc,
426fcc,
426cc7,
426ac3,
4269c1,
4269c0,
4168bf,
4167be,
4268bf,
4369c0,
466ec5,
4a74ca,
517dcf,
5986d4,
5f8ed8,
6695dc,
6a98de,
6d9cdf,
608ad1,
5378c3,
4362b9,
324caf,
2f48ad,
2c45ab,
2b45ad,
2a45af,
2b47ad,
2d48ac,
2f4bad,
314eae,
3556b7,
3a5ec0,
4167c5,
4970ca,
4d75cc,
5279ce,
4969b6,
41589e,
344a99,
273b94,
2b3f98,
2f449d,
2d44a7,
2c45b2,
2c45b1,
2d46b0,
314291,
353e73,
494962,
5c5552,
6d645e,
7e746b,
6d6158,
5c4f46,
4a3f38,
382f2b,
2d2624,
231d1e,
2a2832,
323346,
525b79,
7382ad,
9ca6c6,
c5c9e0,
d3d4e7,
e0dfee,
d8d7e3,
d0cfd8,
96939a,
5b575c,
4e505e,
404960,
455479,
4b6093,
4b567a,
4b4d61,
554d53,
5e4d45,
6e6464,
7e7a83,
888795,
9294a7,
918c92,
91857e,
978c88,
9c9492,
a29b9b,
a8a3a3,
aaa29d,
aba297,
b3a99b,
bbb09f,
c8bdac,
d6cab8,
c5b8a7,
b5a796,
a39690,
908689,
71789f,
5369b5,
5e72b8,
697abc,
97a0cc,
c6c7dc,
d9d8e6,
ece9f0,
ece8ef,
ece7ee,
ece8ee,
ebe9ef,
ece9f0,
edeaf2,
ece9f1,
ebe8ef,
e4e2eb,
dedde6,
dddce5,
dddce5,
b7b5bb,
918e91,
a7a4a9,
bdbbc1,
ceced6,
e0e1ec,
e0e0ec,
e0e0ec,
dadbe7,
d5d6e2,
d6d8e4,
d8dae6,
dadbe6,
dcdce7,
dddde8,
dedfe8,
dddee8,
dddee8,
dfe0e9,
e1e1ea,
e3e3eb,
e5e4ed,
d0cfd8,
bbbac4,
c6c4d0,
d1cfdd,
c2c0cb,
b3b1b9,
acabb0,
a6a4a8,
6b686b,
302d2e,
201d1e,
110e0e,
110d0e,
110d0e,
151213,
1a1719,
2a272a,
3a383b,
49474b,
57565c,
4e4d54,
46444c,
4f4e58,
595964,
6f6f80,
84869d,
77788d,
6a6b7d,
666675,
63626d,
98979d,
cdcdce,
e2e2e3,
f7f7f7,
f7f7f7,
f7f7f7,
f7f7f7,
f7f7f7,
f7f7f7,
f8f8f8,
f7f7f7,
f7f7f7,
f7f7f7,
f7f7f7,
f7f7f7,
f7f7f7,
f7f7f7,
f2f2f2,
f7f7f7,
fbfbfb,
fbfbfb,
fbfbfb,
f7f7f7,
f2f2f2,
f4f4f4,
f5f5f5,
f9f9f9,
fdfdfd,
fafafa,
f6f6f6,
f4f4f4,
f2f2f2,
f6f6f6,
fafafa,
fbfbfb,
fbfbfb,
f7f7f7,
f2f2f2,
f4f4f4,
f5f5f5,
f9f9f9,
fdfdfd,
fafafa,
f7f7f7,
f5f5f5,
f2f2f2,
f6f6f6,
fafafa,
fbfbfb,
fcfcfc,
dae0eb,
b7c3da,
809dd3,
4976cb,
4774ca,
4571c9,
466ec2,
466bba,
466aba,
4569b9,
4368bc,
4067bf,
3f67c2,
3d66c5,
3d67c5,
3d67c5,
426dc7,
4772c9,
527ecf,
5c89d5,
6390d9,
6997dd,
5f89d0,
557bc2,
4262b6,
2f48a9,
2e48ab,
2d48ad,
2d4ab2,
2d4bb6,
2f4cb0,
314caa,
3350ae,
3453b2,
3d60bd,
466dc8,
527cd0,
5e8bd8,
6390da,
6795dc,
597dc0,
4b65a4,
3b539b,
2b4092,
2e439a,
3146a2,
3047ab,
2e48b4,
2f48b3,
2f48b2,
37499a,
3e4982,
63657e,
888179,
9e958b,
b4a99d,
94877c,
73645a,
5a4d46,
403632,
322a2a,
231d21,
282838,
2c324f,
415181,
556fb2,
8192c3,
adb5d4,
c6cae1,
dfdeed,
dbdae7,
d6d5e0,
9796a0,
58565f,
48526c,
384e79,
395899,
3961b8,
314987,
293055,
2f293c,
342223,
41363c,
4d4955,
5c5e75,
6a7395,
767687,
827879,
989094,
aea8af,
b2adb4,
b5b2b9,
aaa4a4,
9f968e,
a2988d,
a4998b,
b7ac9e,
cabeb0,
b8aa9c,
a59687,
9c908c,
938a91,
747ba5,
556cb9,
6778ba,
7884bb,
a8add0,
d7d5e4,
e2dfea,
ede9ef,
ece8ee,
ebe6ed,
ece8ee,
ece9ef,
ece9f0,
ebe8f0,
eae7ef,
e8e6ed,
dfdee7,
d6d6e1,
d6d6e0,
d5d5df,
b0afb6,
8b888d,
9e9ca1,
b0afb5,
c8c8d0,
e0e0eb,
dfdfeb,
dedeeb,
d6d7e4,
ced0dd,
d2d4e1,
d6d8e4,
d8d9e5,
dadae5,
dcdce6,
dddde6,
dddee7,
dddee7,
dedfe8,
dfdfe8,
e2e2eb,
e5e5ee,
d6d5de,
c6c5ce,
cbcad4,
d0ceda,
bfbdc7,
adabb3,
a2a0a6,
979598,
5f5c5e,
262324,
1c191a,
120f0f,
120f0f,
110e0e,
130f10,
141011,
161213,
181415,
1f1b1d,
262225,
231f22,
201c1f,
252327,
2a292f,
444450,
5e5e70,
4a4956,
35343c,
39383f,
3d3b41,
868589,
cfcfd0,
e3e3e3,
f6f6f6,
f4f4f4,
f2f2f2,
f6f6f6,
fafafa,
fbfbfb,
fcfcfc,
f7f7f7,
f2f2f2,
f4f4f4,
f5f5f5,
f9f9f9,
fcfcfc,
fcfcfc,
f6f6f6,
f7f7f7,
f9f9f9,
f9f9f9,
f9f9f9,
f7f7f7,
f6f6f6,
f6f6f6,
f6f6f6,
f8f8f8,
f9f9f9,
f8f8f8,
f7f7f7,
f6f6f6,
f6f6f6,
f7f7f7,
f8f8f8,
f8f8f8,
f9f9f9,
f7f7f7,
f5f5f5,
f6f6f6,
f7f7f7,
f8f8f8,
f9f9f9,
f8f8f8,
f7f7f7,
f6f6f6,
f6f6f6,
f7f7f7,
f8f8f8,
f9f9f9,
f9f9f9,
e4e8ef,
d0d7e5,
96add8,
5c83cc,
507bca,
4572c9,
4570c4,
456dbf,
446cc0,
436ac1,
4169c3,
3f68c4,
3e68c5,
3d68c7,
3d67c6,
3d67c6,
3f6ac7,
426cc8,
4872ca,
4f78cc,
547dcc,
5a81cb,
5278c3,
4b6ebb,
3f5eb5,
334faf,
324fb1,
314fb4,
3150b5,
3151b7,
3451b1,
3752ab,
3856b1,
395bb8,
486ec6,
5782d3,
5f8cd8,
6897de,
6a99de,
6d9bde,
6186c5,
5670ac,
425a9f,
2e4392,
2f469d,
3148a8,
3149ae,
304bb5,
3049ae,
3048a7,
3a498a,
444a6e,
666573,
888178,
93897f,
9f9287,
83766d,
675a52,
4f443f,
372e2b,
2e2829,
262228,
2c3148,
334169,
435a94,
5373bf,
6d86c6,
879acd,
a6b2d7,
c5cae2,
cbcfe1,
d1d3e1,
a1a7bc,
707c97,
5d74a1,
4a6dac,
4163a9,
3959a6,
344274,
2f2c43,
332b38,
37292e,
403f55,
49547d,
4d5c8c,
51649c,
5d6281,
696066,
81797f,
999399,
a39da0,
ada7a7,
a39a94,
998e81,
9b9085,
9d9289,
a79c92,
b2a69c,
aa9c90,
a29284,
9c8f8b,
968d93,
787ea7,
5a70ba,
7382be,
8d95c2,
b6b9d5,
dfdde8,
e6e2eb,
ece8ee,
ece7ed,
ebe6ed,
ebe6ed,
ebe7ed,
e9e6ed,
e8e5ec,
e5e2ea,
e2e0e9,
dad9e3,
d2d3de,
d2d3dd,
d2d3dc,
b0afb7,
8f8b91,
9a979d,
a5a2a9,
c2c1ca,
e0e0eb,
dfe0eb,
dfdfec,
d9dae6,
d3d5e1,
d4d6e2,
d6d8e4,
d9dae5,
dbdbe6,
dcdce5,
dcdde5,
dddee7,
dedfe9,
dfe0e9,
e0e0ea,
e2e2eb,
e4e4ed,
d7d7e0,
cbcad3,
cac9d3,
cac8d4,
b4b2be,
9f9da8,
817f86,
636163,
403d3f,
1e1a1a,
181515,
131010,
130f10,
120f0f,
130f10,
141011,
161213,
181415,
1c1819,
201c1e,
1e1a1c,
1c181a,
1f1b1e,
211f22,
2e2c33,
3c3a43,
39373e,
363439,
565559,
777579,
acabad,
e1e1e1,
ececec,
f7f7f7,
f6f6f6,
f6f6f6,
f7f7f7,
f8f8f8,
f9f9f9,
f9f9f9,
f7f7f7,
f5f5f5,
f6f6f6,
f7f7f7,
f8f8f8,
f9f9f9,
f9f9f9,
f9f9f9,
f8f8f8,
f6f6f6,
f6f6f6,
f6f6f6,
f8f8f8,
f9f9f9,
f8f8f8,
f7f7f7,
f6f6f6,
f5f5f5,
f6f6f6,
f7f7f7,
f8f8f8,
f9f9f9,
f8f8f8,
f6f6f6,
f6f6f6,
f6f6f6,
f7f7f7,
f8f8f8,
f8f8f8,
f8f8f8,
f7f7f7,
f5f5f5,
f6f6f6,
f7f7f7,
f8f8f8,
f9f9f9,
f8f8f8,
f6f6f6,
f6f6f6,
f6f6f6,
eff1f3,
e8ebf0,
abbede,
6e90cc,
5a82ca,
4573c8,
4571c6,
446fc4,
426dc7,
406bc9,
3f6ac9,
3e69c9,
3e69c9,
3d69c8,
3d68c8,
3c67c7,
3c67c7,
3c66c6,
3f67c5,
4167c3,
4669be,
4b6bb9,
4666b7,
4061b4,
3b5bb5,
3655b5,
3656b8,
3556ba,
3556b9,
3556b8,
3957b2,
3c57ab,
3d5db5,
3e62be,
537dce,
6897de,
6d9de1,
71a2e3,
72a2e2,
72a1e0,
6a8eca,
617bb3,
4961a2,
304691,
31489f,
314aad,
324cb2,
324db6,
314aa9,
30479b,
3d497b,
494b5a,
696668,
888076,
897e74,
897b71,
72655e,
5b4f4a,
443a37,
2d2524,
2b2629,
28262e,
313b58,
3a4f82,
4663a7,
5176cc,
597ac9,
617ec6,
869ace,
aab6d6,
bbc4dc,
ccd1e2,
aab9d8,
88a1ce,
7296d7,
5c8bdf,
4a6eb9,
385093,
363c62,
342830,
372c34,
3a3038,
3f486e,
445fa4,
3e5aa3,
3755a2,
444f7a,
504852,
6a636a,
837d82,
948c8c,
a49b95,
9b9084,
928573,
94887d,
968b87,
988d87,
998e87,
9c8e84,
9e8e80,
9b8f8b,
988f95,
7b81a8,
5e73bb,
808dc2,
a2a6c9,
c5c5da,
e7e4eb,
e9e5ec,
ebe6ed,
ebe6ed,
ebe6ec,
eae5ec,
e9e4eb,
e7e3ea,
e4e1e8,
e0dee6,
dbdae4,
d5d5e0,
cecfdb,
cfd0da,
cfd0d9,
b1afb7,
928e95,
969299,
99959d,
bdbbc4,
e0e0eb,
e0e0ec,
dfe0ec,
dbdde9,
d7d9e5,
d7d9e4,
d6d8e3,
d9dae5,
dcdce6,
dcdce5,
dbdce4,
dddee7,
dfe0ea,
e0e1eb,
e1e1eb,
e2e2eb,
e2e2eb,
d9d8e1,
cfced7,
c9c8d3,
c3c1ce,
aaa8b6,
918f9d,
605e66,
2f2c2e,
221e1f,
151010,
151011,
141011,
141011,
130f10,
141011,
141011,
161213,
181415,
191516,
191516,
191516,
181415,
181415,
181415,
191516,
191516,
282526,
373436,
747274,
b0afb1,
d1d1d2,
f2f2f2,
f5f5f5,
f7f7f7,
f8f8f8,
f9f9f9,
f8f8f8,
f6f6f6,
f6f6f6,
f6f6f6,
f7f7f7,
f8f8f8,
f8f8f8,
f8f8f8,
f7f7f7,
f5f5f5,
f5f5f5,
fafafa,
f8f8f8,
f5f5f5,
f5f5f5,
f5f5f5,
f8f8f8,
fafafa,
f9f9f9,
f8f8f8,
f6f6f6,
f4f4f4,
f6f6f6,
f8f8f8,
f9f9f9,
fafafa,
f8f8f8,
f6f6f6,
f5f5f5,
f5f5f5,
f7f7f7,
f9f9f9,
f9f9f9,
f9f9f9,
f6f6f6,
f4f4f4,
f6f6f6,
f7f7f7,
f8f8f8,
fafafa,
f8f8f8,
f6f6f6,
f5f5f5,
f5f5f5,
f3f4f5,
f1f3f5,
c4d0e6,
98aed6,
7192cf,
4b77c8,
4774c9,
4371c9,
416fca,
406dcb,
3f6ccb,
3f6bcb,
3e6aca,
3e6ac9,
3d69c8,
3d68c8,
3d68c7,
3e67c5,
4168c2,
4468be,
4669bc,
4869bb,
4365ba,
3e62ba,
3b5eba,
395aba,
385abb,
375abc,
385ab9,
395ab6,
3b5ab2,
3e5bae,
4061b7,
4267c1,
5681d0,
6a9be0,
6d9fe2,
71a3e4,
72a3e1,
74a3df,
6c90ca,
657eb6,
4a63a8,
2f489b,
304aa6,
314cb1,
324db1,
334eb2,
354a9a,
374782,
3f4768,
48484e,
53504f,
5e5851,
6b6158,
786b60,
6b6059,
5f5653,
484346,
31303a,
34374b,
373f5d,
3e5082,
4562a7,
4b6cba,
5177ce,
5578cb,
597ac9,
708bcc,
869dcf,
9db0d7,
b4c3e0,
a1b7de,
8dabdc,
7a9ad3,
688aca,
53689b,
3e476c,
3e3d52,
3e3339,
434153,
49506e,
485c92,
4768b6,
415a9b,
3c4c81,
444764,
4d4247,
58515a,
64616e,
717181,
7f8195,
8c888f,
998f88,
9d938e,
a09794,
a19792,
a29890,
9b8e84,
948579,
978a85,
9a8f92,
8184a5,
6879b8,
8d97c4,
b3b6d1,
cdcdde,
e8e5eb,
e9e5ec,
eae6ed,
e9e5ec,
e9e5eb,
e7e3ea,
e6e2e9,
e3e0e7,
e0dee5,
dbdae3,
d6d6e0,
d1d2dd,
cccdda,
cfd0db,
d3d3dc,
b6b3bb,
99949b,
928d95,
8c878f,
b5b3bc,
dfdfe9,
dfe0ea,
dfe0ec,
dddeea,
dcdde8,
dadbe6,
d9d9e5,
d9d9e4,
d9d9e3,
dbdbe4,
dedee6,
dedfe8,
dfe0ea,
e1e1eb,
e4e3ed,
e3e2eb,
e2e1e9,
dad9df,
d2d1d6,
c4c2c9,
b5b3bc,
9d9aa5,
84818e,
57545b,
2a2729,
201c1d,
161111,
151111,
151111,
151011,
141011,
141011,
151112,
161213,
181415,
191516,
191516,
191517,
1a1617,
1d191a,
201d1e,
2c292a,
393637,
5b595a,
7e7c7d,
a8a7a8,
d3d3d4,
e3e3e3,
f3f3f3,
f5f5f5,
f8f8f8,
f9f9f9,
fafafa,
f8f8f8,
f6f6f6,
f5f5f5,
f5f5f5,
f7f7f7,
f9f9f9,
f9f9f9,
f9f9f9,
f6f6f6,
f4f4f4,
f4f4f4,
fbfbfb,
f8f8f8,
f4f4f4,
f4f4f4,
f4f4f4,
f8f8f8,
fbfbfb,
fafafa,
f8f8f8,
f6f6f6,
f3f3f3,
f6f6f6,
f8f8f8,
fafafa,
fbfbfb,
f8f8f8,
f5f5f5,
f5f5f5,
f4f4f4,
f7f7f7,
fafafa,
fafafa,
f9f9f9,
f6f6f6,
f3f3f3,
f5f5f5,
f7f7f7,
f9f9f9,
fafafa,
f8f8f8,
f5f5f5,
f5f5f5,
f4f4f4,
f7f7f7,
f9fafa,
dde3ed,
c1cce0,
89a3d4,
507ac8,
4976cb,
4172ce,
4170ce,
406ecd,
406dcd,
3f6ccc,
3f6ccb,
3e6bc9,
3e6ac9,
3e69c9,
3f69c7,
3f68c4,
4369bf,
4669b9,
4568bb,
4467bc,
4065be,
3c62c0,
3c61bf,
3b5fbe,
3a5ebe,
395dbe,
3b5db9,
3c5db4,
3e5eb2,
405eb0,
4365ba,
466cc3,
5986d3,
6c9fe2,
6ea1e3,
70a3e4,
73a4e1,
75a4de,
6f93cb,
6981b8,
4c66af,
2e4aa5,
304cad,
314db4,
324eb1,
334ead,
384b8b,
3d4769,
424656,
464442,
3d3a37,
342f2b,
4e453d,
675b4e,
655c55,
625c5c,
4b4b56,
343a4f,
3d496d,
46588b,
4b66ac,
4f74cc,
5076ce,
5077cf,
5177cd,
5176cb,
5a7dc9,
6283c7,
7f9cd2,
9cb4dd,
97b4e3,
92b4e9,
839fcf,
7389b5,
5c637d,
443d45,
463d43,
483d41,
505772,
5770a3,
5171b6,
4a71c8,
455a94,
40435f,
453f4d,
493b3b,
47404a,
454459,
4f5677,
596795,
7d8099,
a0989d,
a59e9f,
aaa3a1,
aaa29d,
aaa198,
9a8e85,
897b71,
928580,
9b8f8e,
8687a1,
717eb4,
9ba2c7,
c4c5d9,
d6d6e2,
e8e6eb,
e9e6ec,
e9e5ec,
e8e4eb,
e6e3ea,
e4e1e8,
e2dfe6,
dfdde4,
dbdae2,
d6d6df,
d0d2dc,
cdcfda,
cacbd8,
d0d0db,
d6d5de,
bbb7bf,
a099a0,
8f8990,
7e7980,
aeacb4,
dddee7,
dedfe9,
dfe0eb,
e0e0eb,
e0e0eb,
dedde9,
dbdae6,
d9d8e3,
d6d6df,
dbdbe4,
e0dfe8,
e0dfe9,
dfdfe9,
e3e2ec,
e6e5ef,
e4e3eb,
e1e0e7,
dbdade,
d5d3d4,
bebcbf,
a7a4a9,
8f8c94,
77737f,
4e4a51,
242123,
1d1a1a,
161211,
161211,
161211,
161111,
151011,
151112,
151112,
171314,
181415,
191516,
191516,
1a1618,
1b1719,
211e20,
272526,
403e3f,
595758,
8f8d8e,
c4c3c4,
dddddd,
f6f6f6,
f5f5f5,
f3f3f3,
f6f6f6,
f8f8f8,
fafafa,
fbfbfb,
f8f8f8,
f5f5f5,
f5f5f5,
f4f4f4,
f7f7f7,
fafafa,
fafafa,
f9f9f9,
f6f6f6,
f3f3f3,
f3f3f3,
f6f6f6,
f7f7f7,
f8f8f8,
f8f8f8,
f8f8f8,
f7f7f7,
f6f6f6,
f6f6f6,
f7f7f7,
f8f8f8,
f9f9f9,
f8f8f8,
f7f7f7,
f7f7f7,
f6f6f6,
f7f7f7,
f8f8f8,
f8f8f8,
f8f8f8,
f7f7f7,
f6f6f6,
f7f7f7,
f7f7f7,
f8f8f8,
f9f9f9,
f8f8f8,
f7f7f7,
f6f6f6,
f6f6f6,
f7f7f7,
f8f8f8,
f8f8f8,
f8f8f8,
f7f7f7,
f6f6f6,
e7eaef,
d8dee9,
a9bbdc,
7a98d0,
6087cf,
4676cd,
4373cd,
4171ce,
4070cd,
406fcc,
3f6ecb,
3f6dca,
406cc8,
416bc6,
426bc3,
436abf,
436abf,
446abe,
4269c0,
4168c2,
3f66c3,
3c64c3,
3c63c2,
3c62c1,
3b61c0,
3b60bf,
3d5fb8,
405fb2,
3f5fb3,
3f5fb5,
476bbf,
4e77ca,
5e8cd6,
6da2e3,
6ea3e4,
70a4e5,
74a5e0,
78a5db,
7093ca,
6881b9,
4b67b1,
2e4daa,
304daa,
324dab,
364d9f,
3a4e92,
434f7a,
4c5162,
494950,
45423f,
443f39,
443c33,
605545,
7c6d58,
776c60,
736c68,
575d72,
3c4f7c,
435a92,
4a66a8,
4c6dba,
4f74cd,
4f75cd,
4f76ce,
5479cb,
597cc9,
6787cc,
7593cf,
8ba8db,
a1bce7,
92b0e1,
83a4dc,
839ccd,
8394be,
737a94,
64606b,
5f5f6d,
5b5e70,
5d6f97,
5f80be,
5471ae,
4a629e,
495278,
494251,
4b424c,
4d4248,
484b68,
445589,
4e629c,
596faf,
848aae,
afa6ad,
a8a0a3,
a29a99,
a09691,
9f9389,
998e86,
948883,
998d89,
9e9390,
8f8da0,
8088b1,
a8abc8,
d0cede,
dbd9e4,
e7e4ea,
e7e4ea,
e7e4ea,
e5e2e9,
e3e1e8,
e0dee6,
dedce4,
dbd9e2,
d8d7e1,
d5d4df,
d1d2dd,
cdcdd9,
c9c9d6,
cecdd9,
d3d2dc,
bdb9c2,
a7a1a8,
8e888f,
756f77,
a5a2aa,
d5d4dd,
d7d7e0,
d9d9e4,
dadae5,
dbdbe6,
d8d8e3,
d5d5e1,
d5d5e0,
d6d6df,
dbdbe4,
e0e0e9,
dfdfe8,
dedee7,
e0dfe6,
e2e0e5,
e0dde1,
dedadc,
dcd8da,
dbd7d7,
c3bfc2,
aca8ad,
817c82,
555057,
3a363a,
1f1b1c,
1b1717,
171312,
171312,
171312,
161212,
161112,
161213,
171314,
1c181a,
211e21,
29272a,
323033,
444244,
565456,
666566,
777676,
8d8c8c,
a3a2a3,
bfbebf,
dbdadb,
e8e8e8,
f6f6f6,
f7f7f7,
f9f9f9,
f8f8f8,
f7f7f7,
f7f7f7,
f6f6f6,
f7f7f7,
f8f8f8,
f8f8f8,
f8f8f8,
f7f7f7,
f6f6f6,
f7f7f7,
f7f7f7,
f8f8f8,
f8f8f8,
f8f8f8,
f1f1f1,
f6f6f6,
fbfbfb,
fbfbfb,
fbfbfb,
f6f6f6,
f1f1f1,
f3f3f3,
f5f5f5,
fafafa,
fefefe,
fafafa,
f6f6f6,
f4f4f4,
f1f1f1,
f6f6f6,
fafafa,
fbfbfb,
fbfbfb,
f7f7f7,
f2f2f2,
f4f4f4,
f5f5f5,
fafafa,
fefefe,
fbfbfb,
f7f7f7,
f4f4f4,
f1f1f1,
f6f6f6,
fafafa,
fbfbfb,
fcfcfc,
f7f7f7,
f2f2f2,
f1f1f2,
eff0f1,
c9d3e5,
a3b6d8,
7798d2,
4a79cc,
4677cd,
4274ce,
4173cd,
4071cc,
4070cb,
406fca,
426ec7,
436dc3,
456dbf,
476cba,
446bbf,
416ac3,
406ac6,
3e69c8,
3d68c7,
3c66c6,
3c65c5,
3c64c4,
3d63c2,
3d62bf,
4062b7,
4361af,
4161b5,
3e60ba,
4a71c5,
5682d0,
6293da,
6ea4e4,
6fa5e5,
6fa5e5,
75a6df,
7ba6d8,
7194c9,
6781b9,
4b68b4,
2e4fae,
314ea8,
334ca2,
3a4d8d,
414d77,
4e5469,
5b5a5b,
504d4b,
44403b,
4c453b,
53493a,
72644e,
907f62,
8a7d6b,
847b74,
646f8e,
4363a8,
496bb7,
4e73c5,
4e74c9,
4e74cd,
4e75cd,
4e75cd,
577bca,
6081c6,
7492cf,
87a3d7,
97b4e4,
a6c4f0,
8dace0,
7493cf,
8399cb,
929fc6,
8b91ab,
838390,
798198,
6e7e9f,
6a87bc,
668fd8,
5871a6,
495274,
4d4a5c,
514143,
51454c,
504854,
4a5786,
4365b8,
4e6ec0,
5876c8,
8b95c2,
beb4bc,
aca2a6,
999090,
968b85,
938579,
998d87,
9f9595,
a09693,
a19691,
9894a0,
8e91ae,
b5b4c9,
dbd7e3,
e1dde6,
e6e2e8,
e5e2e8,
e4e2e8,
e2e0e7,
dfdee5,
dcdbe3,
d9d8e1,
d7d6e0,
d5d4df,
d4d3de,
d2d1dd,
cdccd8,
c7c6d3,
cbcbd7,
cfcfda,
bebcc5,
ada8af,
8c878e,
6b656d,
9c98a0,
cccad3,
cfced8,
d2d2dc,
d4d4df,
d6d6e1,
d3d3de,
cfcfdb,
d2d2dd,
d5d5df,
dbdbe5,
e0e0ea,
dfdee7,
dddce4,
dddbe0,
dddadb,
dcd7d6,
dad4d1,
ddd7d6,
e0dada,
c9c3c6,
b1acb1,
726d70,
332d2f,
272122,
1a1515,
191414,
181312,
181312,
171312,
171312,
161212,
171314,
181416,
211e21,
29272c,
3a393e,
4b4a50,
6e6d71,
919092,
acabac,
c6c6c6,
dadada,
ededed,
efefef,
f1f1f1,
f3f3f3,
f5f5f5,
fafafa,
fefefe,
fafafa,
f6f6f6,
f4f4f4,
f1f1f1,
f6f6f6,
fafafa,
fbfbfb,
fcfcfc,
f7f7f7,
f2f2f2,
f4f4f4,
f5f5f5,
f9f9f9,
fdfdfd,
fdfdfd,
f6f6f6,
f7f7f7,
f8f8f8,
f8f8f8,
f8f8f8,
f7f7f7,
f6f6f6,
f6f6f6,
f7f7f7,
f8f8f8,
f9f9f9,
f8f8f8,
f7f7f7,
f6f6f6,
f6f6f6,
f7f7f7,
f8f8f8,
f8f8f8,
f8f8f8,
f7f7f7,
f6f6f6,
f6f6f6,
f7f7f7,
f8f8f8,
f9f9f9,
f8f8f8,
f7f7f7,
f6f6f6,
f6f6f6,
f7f7f7,
f8f8f8,
f8f8f8,
f8f8f8,
f7f7f7,
f6f6f6,
f5f5f6,
f4f5f5,
dee3ec,
c7d1e4,
9ab1d9,
6d90ce,
5984ce,
4677ce,
4476ce,
4274ce,
4473ca,
4572c6,
4771c2,
4970be,
476fc0,
456fc2,
436ec5,
406dc8,
3f6cc9,
3e6bca,
3d6aca,
3d69c9,
3d68c8,
3d67c7,
3f66c1,
4166ba,
4266b7,
4466b4,
4469bb,
456dc2,
537fcd,
6191d9,
689bdf,
6fa5e5,
6fa5e5,
6fa5e5,
78a6dc,
81a8d4,
7496c8,
6784bd,
4d6bb0,
3351a4,
394f93,
3f4e82,
444e73,
494f64,
4b4d57,
4d4b4a,
504a44,
534a3e,
625543,
716148,
847256,
988464,
92826b,
8c8172,
6a738c,
4765a7,
4a6cb7,
4d74c8,
4d74c9,
4e74cb,
4f74cb,
5075cc,
5e7fc9,
6c89c6,
809bd1,
94addd,
9bb5e4,
a2beec,
83a2db,
6586cb,
6a86c9,
7086c8,
7688bc,
7d8ab0,
8093ba,
839cc5,
7492c3,
6688c2,
5b6a90,
504d5f,
524952,
554546,
56505e,
575c76,
4e65a0,
456fcb,
5274c6,
5f7ac2,
8994c2,
b2afc1,
9b9db5,
848ba8,
918f9d,
9e9392,
a39997,
a89f9c,
a79d99,
a69c96,
a29da2,
9f9eae,
bdbac4,
dcd7da,
e0dcdf,
e5e1e4,
e3e0e4,
e2e0e5,
e0dee5,
dedde5,
dbdae3,
d8d7e1,
d6d5e0,
d5d3df,
d2d1dd,
d0cfdb,
cbcbd7,
c7c7d4,
cacad7,
ceceda,
c0bec7,
b2aeb5,
908b93,
6e6971,
9a969f,
c6c4ce,
cac9d3,
cfcfd9,
d1d0db,
d3d2de,
d0d0db,
cdcdd9,
d2d2dc,
d7d6e0,
dad9e1,
dddbe2,
dad9dd,
d8d7d9,
dbd9da,
dedbdb,
e0dcdd,
e3dddf,
e0dadd,
ddd8dc,
c1bcc1,
a6a0a6,
716a6e,
3c3536,
2e2829,
211b1b,
1d1817,
191414,
1b1717,
1d191a,
242124,
2c292e,
37353c,
42414b,
51515e,
5f6071,
6d6e7d,
7a7c8a,
9a9ba4,
bbbabd,
cccccd,
dddede,
e7e7e7,
f1f1f1,
f3f3f3,
f6f6f6,
f6f6f6,
f7f7f7,
f8f8f8,
f9f9f9,
f8f8f8,
f7f7f7,
f6f6f6,
f6f6f6,
f7f7f7,
f8f8f8,
f8f8f8,
f8f8f8,
f7f7f7,
f6f6f6,
f6f6f6,
f7f7f7,
f7f7f7,
f8f8f8,
f8f8f8,
fafafa,
f8f8f8,
f5f5f5,
f5f5f5,
f5f5f5,
f8f8f8,
fafafa,
f9f9f9,
f8f8f8,
f6f6f6,
f3f3f3,
f6f6f6,
f8f8f8,
f9f9f9,
fafafa,
f8f8f8,
f5f5f5,
f5f5f5,
f4f4f4,
f7f7f7,
fafafa,
f9f9f9,
f8f8f8,
f6f6f6,
f3f3f3,
f5f5f5,
f7f7f7,
f9f9f9,
fafafa,
f8f8f8,
f5f5f5,
f5f5f5,
f4f4f4,
f7f7f7,
fafafa,
fafafa,
f9f9f9,
f2f3f4,
ebecef,
becae0,
90a7d0,
6d91cf,
497ace,
4779cf,
4477d0,
4776c9,
4a74c1,
4c74bd,
4e73b9,
4972c2,
4371ca,
4170cc,
3f6fcd,
3f6ecd,
3e6dcc,
3e6dcc,
3d6ccc,
3d6bcb,
3d69ca,
416ac0,
456ab5,
456bb7,
446bb9,
4872c1,
4c79c9,
5c8dd5,
6ba0e1,
6da3e3,
6fa5e5,
6fa5e5,
6fa5e5,
7ba7da,
86a9cf,
7798c8,
6787c1,
4f6dad,
375399,
41517e,
4b4f62,
4e5059,
515150,
484744,
3f3c38,
50483d,
615341,
78664c,
8f7856,
97815e,
9f8966,
9a886b,
94866f,
70778b,
4b67a6,
4c6eb8,
4c74ca,
4d74c9,
4d73c8,
4f74c9,
5174ca,
6483c8,
7791c5,
8ca4d4,
a0b6e2,
9fb7e5,
9db7e8,
7998d7,
5578c6,
5173c8,
4d6dc9,
627fcc,
7791cf,
87a5dd,
97b9ea,
7e9dcb,
6580ab,
5e647b,
56484a,
574849,
584848,
5b5c70,
5e6f98,
5374bb,
4778dd,
577bcd,
667dbc,
8693c1,
a6a9c6,
8a97c3,
6e85c0,
8b93b6,
a8a1ab,
aca5a7,
b0a8a3,
ada59f,
aaa19b,
ada6a4,
afaaad,
c6c1bf,
dcd7d1,
e0dbd8,
e3dfdf,
e1dee1,
dfdde2,
dedce3,
dcdbe4,
d9d8e3,
d6d5e1,
d5d4e0,
d4d2de,
d1cfdb,
cdccd8,
cacad6,
c6c7d4,
c9cad7,
cccdd9,
c1c0ca,
b6b3bb,
949098,
716c75,
99959f,
c0bec8,
c6c5cf,
cbcbd6,
cdcdd8,
cfceda,
cdcdd8,
cbcbd6,
d2d1db,
d8d7e0,
d9d7dd,
d9d6da,
d6d4d4,
d3d1cd,
d9d6d4,
dfdbda,
e5e0e3,
ebe5ec,
e3dde5,
dad5de,
bab5bd,
9a949b,
6f686c,
443c3d,
362f2f,
282121,
211b1b,
1a1515,
1e1a1b,
221f21,
323035,
424049,
575764,
6c6e7f,
81849a,
9599b5,
9fa3bd,
a9adc4,
c7c9d6,
e4e4e8,
ecedef,
f4f5f5,
f5f5f5,
f5f5f5,
f8f8f8,
fafafa,
f9f9f9,
f8f8f8,
f6f6f6,
f3f3f3,
f5f5f5,
f7f7f7,
f9f9f9,
fafafa,
f8f8f8,
f5f5f5,
f5f5f5,
f4f4f4,
f7f7f7,
fafafa,
f9f9f9,
f8f8f8,
f6f6f6,
f3f3f3,
f3f3f3,
fafafa,
f8f8f8,
f6f6f6,
f6f6f6,
f6f6f6,
f8f8f8,
fafafa,
f9f9f9,
f8f8f8,
f6f6f6,
f4f4f4,
f6f6f6,
f8f8f8,
f9f9f9,
fafafa,
f8f8f8,
f6f6f6,
f5f5f5,
f5f5f5,
f7f7f7,
f9f9f9,
f9f9f9,
f8f8f8,
f6f6f6,
f4f4f4,
f6f6f6,
f7f7f7,
f8f8f8,
fafafa,
f8f8f8,
f6f6f6,
f5f5f5,
f5f5f5,
f7f7f7,
f9f9f9,
f9f9f9,
f9f9f9,
f4f5f5,
f0f1f2,
d5dce8,
bac7df,
8da8d6,
5f88cd,
5381ce,
467ad0,
4b7ac9,
4f79c1,
4d78c2,
4a77c3,
4676c8,
4375cd,
4274ce,
4173ce,
4073ce,
4073cf,
4173cf,
4274cf,
4876cc,
4e78c9,
527ac3,
567dbd,
517bc1,
4c78c5,
5382cd,
5a8cd5,
6398dc,
6da4e3,
6ea5e4,
6fa6e5,
6fa6e5,
6fa6e5,
7da8d8,
8babcc,
7b9bc8,
6a8cc4,
6b86bc,
6c81b4,
7984a4,
858794,
707177,
5b5b5b,
524f4d,
4a443f,
5f5444,
74634a,
816d4f,
8f7855,
97815e,
a08a67,
9e8a6c,
9c8b71,
7a7b87,
586c9c,
516fb2,
4b73c8,
4d74c7,
4f75c7,
5176c8,
5477ca,
6684c5,
7890c0,
92a8d4,
acc0e8,
a2b8e5,
98b0e3,
7694d4,
5578c6,
5173c8,
4e6eca,
6a87d2,
87a1db,
92afe3,
9dbdec,
7d9bca,
5e78a8,
59617b,
55494f,
5a4e51,
605253,
666b83,
6d84b3,
6082c6,
5381d8,
6183ca,
7085bb,
7d91c6,
899dd0,
8094cb,
778cc6,
969bbb,
b5aab1,
aca09f,
a4978d,
a59890,
a69a92,
b2a9a8,
bfb9bf,
cfcacb,
dfdad8,
dfdada,
dfdbdb,
dcd9da,
dad7d9,
d7d4d8,
d5d2d7,
d2d0d7,
d0ced7,
d1ced7,
d2cfd7,
cfcdd6,
cdcbd5,
cac9d3,
c7c7d2,
cbccd7,
d0d0db,
c7c5cf,
bdbac4,
a7a3ae,
908c99,
a8a5b2,
c0bfca,
c6c5d1,
cbccd8,
ceced9,
d0d0db,
d2d1db,
d3d2db,
d5d2d9,
d6d2d6,
d8d4d6,
dad5d7,
dcd8d9,
dfdcdc,
dfdbdd,
dfdade,
d2ccd1,
c6bfc5,
b3acb2,
a1999f,
8a8288,
746b70,
5d5457,
453c3d,
3c3434,
332b2c,
2f282a,
2a2528,
3e3a41,
52505b,
61606e,
717081,
77788b,
7e8095,
82849b,
8688a1,
898ca3,
8d8fa4,
aeb0bd,
d0d0d5,
e2e3e5,
f5f6f6,
f5f6f6,
f6f6f6,
f8f8f8,
fafafa,
f9f9f9,
f8f8f8,
f6f6f6,
f4f4f4,
f6f6f6,
f7f7f7,
f8f8f8,
fafafa,
f8f8f8,
f6f6f6,
f5f5f5,
f5f5f5,
f7f7f7,
f9f9f9,
f9f9f9,
f8f8f8,
f6f6f6,
f4f4f4,
f4f4f4,
f9f9f9,
f8f8f8,
f6f6f6,
f6f6f6,
f6f6f6,
f8f8f8,
f9f9f9,
f8f8f8,
f7f7f7,
f6f6f6,
f5f5f5,
f6f6f6,
f7f7f7,
f8f8f8,
f9f9f9,
f8f8f8,
f6f6f6,
f6f6f6,
f6f6f6,
f7f7f7,
f8f8f8,
f8f8f8,
f8f8f8,
f7f7f7,
f5f5f5,
f6f6f6,
f7f7f7,
f8f8f8,
f9f9f9,
f8f8f8,
f6f6f6,
f6f6f6,
f6f6f6,
f7f7f7,
f8f8f8,
f8f8f8,
f8f8f8,
f7f7f7,
f5f5f5,
edeef1,
e4e7ed,
adbfdc,
7596cb,
5f8ace,
487dd0,
4e7ec9,
547ec1,
4d7cc7,
467acc,
447ace,
4279d0,
4278d0,
4277cf,
4278d0,
4278d1,
457ad2,
477cd2,
5381cd,
5e86c7,
638bc6,
6790c5,
5d8bcb,
5385d0,
5e92d9,
689ee1,
6ba3e3,
6ea7e4,
6ea7e5,
6ea6e5,
6ea6e5,
6ea6e4,
7faad6,
90adc8,
7f9fc8,
6d90c7,
879fcb,
a1aecf,
b0b7ca,
bfbfc5,
929296,
656466,
5d5856,
544c45,
6e604c,
877353,
8b7553,
8e7753,
98815e,
a18a68,
a38d6e,
a49073,
848083,
647092,
5771ac,
4a71c5,
4e74c5,
5176c5,
5478c7,
567ac9,
6885c2,
798fba,
98acd4,
b7c9ed,
a5b9e5,
92a9dd,
7490d1,
5577c5,
5273c8,
4e6eca,
7290d8,
96b1e6,
9cb9ea,
a2c1ee,
7d99c9,
5770a4,
555d7c,
534a53,
5d5359,
675c5e,
717b96,
7b99ce,
6d91d1,
5e89d3,
6c8bc7,
7a8cba,
738eca,
6c90da,
7692d3,
7f93cb,
a1a3c1,
c2b3b6,
ad9c97,
978577,
9c8c80,
a19289,
b8adad,
cec8d0,
d8d3d8,
e2dddf,
dedadb,
dad6d7,
d7d4d4,
d4d1d0,
d1cdcd,
cdc8ca,
ccc8cb,
cac7cc,
cdc9ce,
cfcbd0,
cecbd1,
cdcad1,
cac9d1,
c7c7d0,
cecdd7,
d4d3dd,
cccad5,
c4c0cc,
bab6c5,
afabbd,
b8b5c5,
c0bfcc,
c6c6d3,
cbcdd9,
cecfda,
d1d1db,
d6d5de,
dbd8e0,
d8d3d6,
d4cdcc,
d8d1d0,
dbd4d3,
e3dddf,
eae6eb,
e4dfe6,
ded8e1,
c0b8c0,
a1989e,
847b7f,
675d60,
5b5053,
4e4245,
4a3f41,
463c3d,
42393a,
3e3536,
3c3538,
3a353a,
5e5b67,
818094,
9190a7,
a0a0b9,
9899b2,
8f92aa,
83859c,
76778d,
747489,
717184,
9697a3,
bbbcc2,
d9d9dc,
f6f6f6,
f6f6f6,
f6f6f6,
f8f8f8,
f9f9f9,
f8f8f8,
f7f7f7,
f6f6f6,
f5f5f5,
f6f6f6,
f7f7f7,
f8f8f8,
f9f9f9,
f8f8f8,
f6f6f6,
f6f6f6,
f6f6f6,
f7f7f7,
f8f8f8,
f8f8f8,
f8f8f8,
f7f7f7,
f5f5f5,
f5f5f5,
f6f6f6,
f7f7f7,
f9f9f9,
f9f9f9,
f9f9f9,
f7f7f7,
f6f6f6,
f6f6f6,
f6f6f6,
f8f8f8,
f9f9f9,
f8f8f8,
f7f7f7,
f6f6f6,
f6f6f6,
f7f7f7,
f8f8f8,
f8f8f8,
f9f9f9,
f7f7f7,
f5f5f5,
f6f6f6,
f7f7f7,
f8f8f8,
f9f9f9,
f8f8f8,
f7f7f7,
f6f6f6,
f6f6f6,
f7f7f7,
f8f8f8,
f9f9f9,
f9f9f9,
f7f7f7,
f5f5f5,
f6f6f6,
f6f6f6,
f7f7f7,
f9f9f9,
f3f4f6,
eef0f3,
c9d3e5,
a3b7d7,
7e9fd2,
5886cd,
5382cb,
4e7ec9,
4a7dcc,
467dd0,
467ed1,
477fd3,
4981d4,
4c83d5,
4e86d6,
5088d8,
568bd7,
5c8fd6,
6793d0,
7398ca,
6e99ce,
6999d2,
6396d5,
5d94d9,
649bde,
6ba3e3,
6ca5e4,
6ea8e5,
6ea7e5,
6ea7e6,
6fa7e4,
70a7e3,
81aad4,
93aec5,
92accb,
92abd1,
a8b7d6,
bec4db,
bbbfcf,
b9bac4,
9699a3,
737782,
7e7e81,
898580,
908574,
978568,
958161,
947e5a,
998360,
9f8967,
a38f70,
a79578,
918c89,
7c8399,
6479aa,
4c6fbb,
4f72bf,
5175c3,
5377c5,
557ac7,
6986c2,
7d92be,
99add4,
b6c7ea,
a2b6e0,
8ea4d7,
718ecd,
5577c3,
5778c7,
5978ca,
7f9bda,
a6beeb,
a1bce8,
9dbae6,
7997cc,
5574b3,
5c6b8e,
64616a,
706a6d,
7c7371,
838da4,
89a7d8,
799ad4,
698ecf,
718fc8,
7990c1,
708fce,
678eda,
8097d1,
98a1c8,
a6a7c1,
b5adba,
9f99a6,
8a8693,
9e9499,
b1a2a0,
bcb0b2,
c8bec5,
d0c8ce,
d8d2d6,
d8d4d8,
d9d5db,
d8d5da,
d8d5d9,
d5d2d6,
d3cfd4,
d1cdd2,
cfcbd1,
cecbd0,
cecbcf,
cdcace,
cdc9ce,
cac7cc,
c8c5cb,
cbc8ce,
cfcbd1,
c7c2c9,
bfb9c1,
b7b1bd,
afa9b8,
b6b1be,
bebac4,
c6c3cc,
cecdd4,
cfcdd3,
cfcdd2,
d1ced2,
d4d0d3,
d5d0d1,
d7d1d0,
dcd7d7,
e2ddde,
e2dde1,
e2dee3,
cbc6cc,
b5aeb5,
999096,
7d7376,
6e6365,
5f5355,
574b4d,
504346,
4d4143,
4a3f40,
463c3d,
43393a,
423a3c,
413a3e,
56515a,
6c6876,
74707f,
7c7888,
767281,
706c7b,
6b6775,
666370,
72717d,
7f7f8a,
a6a6ad,
cccdd0,
e2e3e4,
f9f9f9,
f9f9f9,
f9f9f9,
f7f7f7,
f6f6f6,
f6f6f6,
f6f6f6,
f8f8f8,
f9f9f9,
f8f8f8,
f7f7f7,
f6f6f6,
f6f6f6,
f7f7f7,
f8f8f8,
f9f9f9,
f9f9f9,
f7f7f7,
f5f5f5,
f6f6f6,
f7f7f7,
f8f8f8,
f9f9f9,
f9f9f9,
f2f2f2,
f7f7f7,
fbfbfb,
fbfbfb,
fbfbfb,
f7f7f7,
f2f2f2,
f4f4f4,
f5f5f5,
f9f9f9,
fdfdfd,
fafafa,
f6f6f6,
f4f4f4,
f2f2f2,
f6f6f6,
fafafa,
fbfbfb,
fbfbfb,
f7f7f7,
f2f2f2,
f4f4f4,
f5f5f5,
f9f9f9,
fdfdfd,
fafafa,
f7f7f7,
f5f5f5,
f2f2f2,
f6f6f6,
fafafa,
fbfbfb,
fcfcfc,
f7f7f7,
f2f2f2,
f3f3f3,
f4f4f4,
f8f8f8,
fcfcfc,
fafafa,
f8f8f8,
e5e8ee,
d1d8e3,
9db4d7,
688fca,
5887ce,
477ed1,
477fd2,
467fd3,
4982d5,
4b85d6,
508ad8,
558fda,
5a94dc,
5e98de,
679ddc,
70a1da,
7ca6d3,
88aacc,
7aa6d5,
6ba2de,
69a2e0,
67a2e1,
6aa5e3,
6da8e5,
6da8e5,
6da8e5,
6da8e6,
6da8e7,
6fa8e4,
71a8e1,
84abd1,
96aec1,
a6bace,
b6c5db,
c8d0e1,
dadae6,
c6c8d4,
b2b5c2,
9aa0b0,
818a9d,
a0a4ac,
bebdba,
b2aa9b,
a6977c,
a08e6e,
998460,
9b8663,
9d8866,
a39172,
a99a7d,
9e988f,
9396a0,
7181a9,
4e6cb1,
5070b9,
5174c1,
5377c3,
5479c5,
6a87c3,
8095c1,
9badd4,
b5c5e7,
9fb2dc,
899fd0,
6f8bc9,
5577c1,
5d7dc6,
6482ca,
8da7dd,
b5cbef,
a7bfe7,
98b3de,
7596d0,
5278c1,
6478a1,
757880,
838182,
918a83,
949fb3,
97b4e2,
85a4d7,
7393cb,
7593ca,
7793c8,
6d8fd1,
628bda,
8a9dcf,
b1aec4,
acaac1,
a7a6be,
9297b6,
7d87ae,
9f9db2,
c1b2b6,
c1b3b8,
c1b4ba,
c8bec4,
cec7cd,
d3ced6,
d7d4de,
d9d6e0,
dbd8e2,
dad7e0,
d8d5dd,
d6d2da,
d3cfd6,
d0cdd2,
cdcace,
cdc9cc,
ccc7ca,
cbc5c8,
c9c3c5,
c9c3c5,
c9c3c4,
c1bbbd,
b9b2b6,
b4acb5,
afa6b3,
b5adb7,
bbb4bb,
c6c1c5,
d1cdce,
cfcbcb,
cdc8c8,
cdc8c7,
ccc7c6,
d3cecd,
dad4d3,
e1ddde,
e8e5e9,
e1dde2,
d9d5db,
b3acb2,
8c8389,
73686c,
594d4e,
584b4c,
564849,
544648,
524447,
504345,
4d4143,
4b3f41,
483d3e,
483e40,
473f42,
4f484d,
575058,
585058,
585057,
544b51,
50464b,
534a4f,
554e53,
716d71,
8d8c8f,
b5b5b7,
ddddde,
ececed,
fbfbfb,
fbfbfb,
fbfbfb,
f7f7f7,
f2f2f2,
f4f4f4,
f5f5f5,
f9f9f9,
fdfdfd,
fafafa,
f6f6f6,
f4f4f4,
f2f2f2,
f6f6f6,
fafafa,
fbfbfb,
fcfcfc,
f7f7f7,
f2f2f2,
f4f4f4,
f5f5f5,
f9f9f9,
fcfcfc,
fcfcfc,
f7f7f7,
f7f7f7,
f8f8f8,
f8f8f8,
f8f8f8,
f7f7f7,
f7f7f7,
f7f7f7,
f7f7f7,
f7f7f7,
f7f7f7,
f7f7f7,
f7f7f7,
f7f7f7,
f7f7f7,
f7f7f7,
f7f7f7,
f7f7f7,
f7f7f7,
f7f7f7,
f7f7f7,
f7f7f7,
f7f7f7,
f7f7f7,
f7f7f7,
f7f7f7,
f7f7f7,
f7f7f7,
f7f7f7,
f7f7f7,
f7f7f7,
f7f7f7,
f8f8f8,
f7f7f7,
f7f7f7,
f7f7f7,
f7f7f7,
f7f7f7,
f7f7f7,
f7f7f7,
f7f7f7,
eff1f3,
e7eaf0,
c1cee3,
9bb3d7,
7a9dd3,
5888ce,
5488d2,
4f89d6,
548ed9,
5893dc,
5c96de,
5f9adf,
639ddf,
67a0df,
74a6db,
82acd8,
81acd6,
81acd5,
76a9db,
6ca6e2,
6ba6e3,
6aa6e4,
6ba7e5,
6da9e6,
6da9e6,
6da9e6,
6da9e7,
6da9e8,
71aae2,
76aadd,
92b3d3,
aebcca,
b9c4d3,
c5ccdc,
c1c5d3,
bdbeca,
a5acc1,
8d9ab9,
8291b3,
7789ad,
a6afc1,
d5d6d5,
c9c5bb,
bdb4a2,
afa187,
a18e6d,
a18e6c,
a28e6c,
a59373,
a9997b,
a79f91,
a6a5a7,
7f8aa8,
586fa9,
5370b3,
4f72bd,
4e73c2,
4d75c7,
6182c5,
758fc4,
8da3d0,
a5b7db,
94a8d4,
829acd,
6b88c5,
5577be,
6281c2,
6f8ac7,
93abda,
b8ccec,
a6bde2,
95aed9,
7293cd,
5078c1,
6379a2,
777b83,
888684,
9a9185,
9ea6b4,
a2bbe3,
90acdb,
7e9ed2,
7b9acf,
7897cd,
7795cf,
7694d2,
9aa4ca,
bdb5c2,
acaac1,
9ba0c1,
8290be,
6a80bb,
969abb,
c3b5ba,
c5b6bb,
c7b8bd,
c9bcc1,
cbc1c6,
ccc4ca,
cec7cf,
cfcad2,
d1cdd5,
d2cfd7,
d4d1d9,
d4d1d9,
d4d1d9,
d3d0d8,
d3d0d7,
d3d0d7,
d3d0d6,
d2cfd5,
d2ced4,
d2cdd3,
d2cdd3,
c9c3c9,
c0b9bf,
bbb1b8,
b7aab2,
baafb4,
bdb4b7,
c6bebf,
cec9c8,
d0cbcc,
d3ced1,
d4d0d3,
d6d3d5,
dad6d9,
dfdadc,
dcd8db,
d9d6db,
cfcad0,
c4bfc5,
a69ea4,
887e83,
716669,
5a4e4e,
594c4d,
584a4b,
56484a,
554649,
534547,
514345,
4f4344,
4e4243,
544a4c,
5a5355,
6b6569,
7c777c,
868185,
908b8f,
908a8e,
908a8d,
948f92,
999598,
adabad,
c2c1c3,
d7d7d8,
ededed,
f2f2f2,
f8f8f8,
f8f8f8,
f8f8f8,
f7f7f7,
f7f7f7,
f7f7f7,
f7f7f7,
f7f7f7,
f7f7f7,
f7f7f7,
f7f7f7,
f7f7f7,
f7f7f7,
f7f7f7,
f7f7f7,
f7f7f7,
f8f8f8,
f7f7f7,
f7f7f7,
f7f7f7,
f7f7f7,
f7f7f7,
f7f7f7,
f7f7f7,
fcfcfc,
f8f8f8,
f4f4f4,
f4f4f4,
f4f4f4,
f8f8f8,
fcfcfc,
fafafa,
f8f8f8,
f5f5f5,
f1f1f1,
f5f5f5,
f8f8f8,
fafafa,
fcfcfc,
f8f8f8,
f4f4f4,
f4f4f4,
f3f3f3,
f7f7f7,
fbfbfb,
fafafa,
f9f9f9,
f5f5f5,
f1f1f1,
f4f4f4,
f7f7f7,
fafafa,
fcfcfc,
f8f8f8,
f4f4f4,
f4f4f4,
f3f3f3,
f7f7f7,
fbfbfb,
fbfbfb,
fafafa,
f6f6f6,
f2f2f2,
f4f4f4,
f6f6f6,
f9f9f9,
fcfcfc,
e5e9f0,
ced6e4,
9cb4d8,
6991cb,
6192d2,
5892d9,
5f9ade,
65a1e2,
67a3e3,
69a4e4,
6ca6e2,
6fa7df,
82afda,
94b7d5,
87b2da,
79adde,
73ace2,
6caae5,
6caae6,
6caae6,
6caae7,
6ca9e7,
6caae7,
6caae7,
6caae8,
6caae8,
74abe1,
7bacd9,
a0bbd6,
c5c9d2,
ccced7,
d3d3dc,
b9bac5,
9fa1ad,
8390ae,
677faf,
6a83b6,
6c87bd,
acbbd6,
eceeef,
e0dfdb,
d4d0c7,
beb4a0,
a89779,
a79575,
a69371,
a79575,
a89779,
b0a694,
b8b4ae,
8d93a7,
6272a0,
5771ac,
4c6fb8,
4970c0,
4571c8,
577dc8,
6989c7,
7f99cb,
95a8cf,
889ecd,
7b94ca,
6886c2,
5477ba,
6785bf,
7a92c4,
9aafd7,
bacce9,
a6bbde,
91a9d3,
6f90ca,
4d77c1,
637aa3,
797d85,
8e8b86,
a29887,
a7adb6,
acc2e4,
9ab5df,
88a8d9,
80a1d5,
789ad1,
819cce,
8a9dca,
aaacc5,
c9bbbf,
acabc2,
8e9ac4,
7389c6,
5778c8,
8e98c3,
c4b7be,
c8babf,
ccbcbf,
cabbbf,
c8babe,
c6babf,
c4babf,
c6bec4,
c7c1c8,
cbc7ce,
cfccd4,
d2cfd8,
d4d2db,
d6d4de,
d8d5e0,
d9d7e1,
dad8e2,
dad8e2,
dad8e2,
dad8e2,
dad7e1,
d0cbd4,
c6bfc7,
c2b6bc,
beadb0,
bfb0b1,
bfb3b2,
c5bcba,
cbc4c2,
d2ccce,
d8d4d9,
dcd9df,
e0dee4,
e2dfe5,
e3dfe5,
d7d3d9,
cac6cc,
bdb8be,
afa9af,
999196,
83787d,
6f6366,
5b4e4e,
5b4d4e,
5a4b4d,
594a4c,
57484b,
564749,
544547,
544648,
534748,
605758,
6d6668,
878284,
a19ea0,
b4b2b3,
c7c5c6,
cbc9ca,
cfcdce,
d6d5d5,
dddcdc,
eae9e9,
f6f6f6,
f9f9f9,
fcfcfc,
f8f8f8,
f4f4f4,
f4f4f4,
f4f4f4,
f8f8f8,
fcfcfc,
fafafa,
f8f8f8,
f5f5f5,
f1f1f1,
f5f5f5,
f8f8f8,
fafafa,
fcfcfc,
f8f8f8,
f4f4f4,
f4f4f4,
f3f3f3,
f7f7f7,
fbfbfb,
fafafa,
f9f9f9,
f6f6f6,
f2f2f2,
f2f2f2,
f9f9f9,
f7f7f7,
f6f6f6,
f6f6f6,
f6f6f6,
f7f7f7,
f9f9f9,
f8f8f8,
f8f8f8,
f6f6f6,
f5f5f5,
f6f6f6,
f8f8f8,
f9f9f9,
fafafa,
f8f8f8,
f6f6f6,
f5f5f5,
f5f5f5,
f7f7f7,
f9f9f9,
f9f9f9,
f8f8f8,
f6f6f6,
f5f5f5,
f6f6f6,
f7f7f7,
f8f8f8,
f9f9f9,
f7f7f7,
f6f6f6,
f5f5f5,
f5f5f5,
f7f7f7,
f9f9f9,
f9f9f9,
f9f9f9,
f7f7f7,
f5f5f5,
f6f6f6,
f7f7f7,
f8f8f8,
f9f9f9,
eef0f3,
e3e7ee,
c3d0e4,
a3badb,
8daeda,
76a3d8,
70a3dc,
6aa3e0,
6aa4e2,
6aa6e4,
72a9e0,
7aacdc,
84b0da,
8eb5d9,
80b0de,
73ace3,
70abe4,
6caae6,
6caae6,
6caae7,
6caae7,
6caae7,
6caae7,
6cabe8,
6eabe6,
70abe5,
84b3e1,
98bbdd,
b3c5db,
cdcfd8,
c3c5cf,
babbc5,
9ba2b6,
7c89a7,
657eb1,
4e74bc,
6081c0,
738fc5,
b2c0dc,
f1f2f3,
eaeae8,
e4e2dd,
d1cabe,
bdb29f,
b3a58c,
a99879,
ab9a7a,
ad9c7a,
bbae92,
c8bfab,
adaba8,
9196a6,
7b88a6,
667ba7,
5876b3,
4a71c0,
5278c2,
5b7fc5,
6989c7,
7893c9,
708dcb,
6888cd,
5c7fc6,
5176be,
6583bf,
7a91c0,
97abd1,
b5c6e2,
a2b6da,
90a7d3,
6f8fca,
4e77c2,
6279a4,
777c85,
8f8b84,
a69a83,
acafb0,
b3c4de,
a4badd,
96b1dc,
8aa6d5,
7e9bce,
90a1c9,
a1a8c5,
b6b2c1,
cbbcbe,
aeadc2,
919ec6,
788fc9,
5f81cc,
909bc5,
c0b5bd,
c6b9be,
ccbdbf,
cbbcbf,
cbbcbf,
cabcbf,
c9bcc0,
c8bdc1,
c8bec3,
c9c0c6,
cac3c9,
cac4cb,
cbc6cd,
ccc7d0,
cec8d3,
cecad4,
cfccd6,
cecad4,
ccc9d3,
cfcbd5,
d3ced8,
cbc5cd,
c4bcc3,
c2b5ba,
c1afb0,
c2b3b4,
c4b7b8,
c9c0c1,
cfc8ca,
d2ccd0,
d5d1d6,
d4d0d6,
d4d0d5,
cdc8cd,
c7c0c5,
bab4b9,
aea8ad,
afa8ae,
afa9af,
9b9298,
877c82,
726669,
5d4f51,
5c4e50,
5b4d4f,
5a4c4f,
594c4f,
5e5154,
635759,
726769,
807879,
958f90,
aaa6a7,
bbb8b9,
cccacb,
d5d4d5,
dfdede,
e1e0e0,
e3e2e3,
e7e6e6,
ebeaea,
f1f0f0,
f7f7f7,
f8f8f8,
f9f9f9,
f7f7f7,
f6f6f6,
f6f6f6,
f6f6f6,
f7f7f7,
f9f9f9,
f8f8f8,
f8f8f8,
f6f6f6,
f5f5f5,
f6f6f6,
f8f8f8,
f8f8f8,
f9f9f9,
f7f7f7,
f6f6f6,
f5f5f5,
f5f5f5,
f7f7f7,
f9f9f9,
f9f9f9,
f8f8f8,
f6f6f6,
f5f5f5,
f5f5f5,
f6f6f6,
f7f7f7,
f7f7f7,
f7f7f7,
f7f7f7,
f7f7f7,
f6f6f6,
f7f7f7,
f7f7f7,
f8f8f8,
f8f8f8,
f8f8f8,
f7f7f7,
f7f7f7,
f7f7f7,
f7f7f7,
f7f7f7,
f7f7f7,
f7f7f7,
f7f7f7,
f7f7f7,
f7f7f7,
f7f7f7,
f8f8f8,
f8f8f8,
f8f8f8,
f7f7f7,
f7f7f7,
f6f6f6,
f7f7f7,
f7f7f7,
f7f7f7,
f7f7f7,
f7f7f7,
f7f7f7,
f7f7f7,
f7f7f7,
f8f8f8,
f8f8f8,
f8f8f8,
f7f7f7,
f7f7f7,
f6f6f6,
f7f7f7,
f7f7f7,
eaedf1,
dde3eb,
b9cbe1,
94b3d7,
81acdb,
6ea5de,
6da6e1,
6ba7e4,
78acdf,
84b0d9,
86b2db,
87b3dc,
7aafe2,
6daae7,
6daae7,
6caae7,
6caae7,
6baae7,
6baae7,
6baae7,
6babe8,
6babe8,
70ace5,
74ace1,
95bbe1,
b5cae1,
c5cfe0,
d5d4de,
bbbcc6,
a0a3ae,
7c8aa7,
5871a0,
466db5,
3468c9,
577fcb,
7a96cc,
b8c6e1,
f5f5f6,
f5f5f5,
f4f4f3,
e3e1dc,
d2cdc4,
bfb5a3,
ac9d81,
af9f7e,
b2a17b,
c5b691,
d8caa7,
ccc2aa,
c0baac,
a0a0a1,
7f8695,
677ba6,
4f70b7,
4e72bd,
4c74c3,
5479c3,
5b7dc3,
587dca,
547cd0,
5179c9,
4d75c2,
6382bf,
798fbc,
94a7cc,
afbfdb,
9fb2d7,
8ea5d2,
6e8ecb,
4e77c3,
6279a4,
757a85,
908b82,
aa9b7f,
b2b1ab,
b9c6d7,
afc0db,
a4b9df,
94aad5,
849bca,
9ea7c5,
b8b2bf,
c3b8be,
cdbdbd,
b0afc3,
93a1c8,
7d95cc,
6789d0,
929ec6,
bcb3bc,
c4b8bd,
ccbdbe,
cdbdbf,
cdbdbf,
cdbdc0,
cdbdc0,
cbbcbf,
c9bbbe,
c7babe,
c4b9bd,
c3b9be,
c2b9bf,
c3bac2,
c3bbc5,
c4bdc8,
c4bfca,
c1bcc7,
beb9c3,
c5bfc9,
cbc5ce,
c6bfc7,
c1b8bf,
c2b4b8,
c3b0b0,
c6b6b7,
c9bbbd,
cec4c7,
d2ccd1,
d2cdd2,
d1cdd3,
ccc7cd,
c7c1c6,
b9b1b5,
aaa1a4,
9e9699,
928a8d,
a1999e,
afa8af,
9d949b,
8b8086,
75686d,
5e5053,
5d4f52,
5b4e51,
5b4f52,
5b5052,
675c5f,
72686b,
90898b,
ada9aa,
cac8c8,
e7e6e6,
efeeee,
f6f6f6,
f6f6f6,
f6f6f6,
f7f7f7,
f7f7f7,
f8f8f8,
f8f8f8,
f8f8f8,
f7f7f7,
f7f7f7,
f6f6f6,
f7f7f7,
f7f7f7,
f7f7f7,
f7f7f7,
f7f7f7,
f6f6f6,
f7f7f7,
f7f7f7,
f8f8f8,
f8f8f8,
f8f8f8,
f7f7f7,
f7f7f7,
f6f6f6,
f7f7f7,
f7f7f7,
f7f7f7,
f7f7f7,
f7f7f7,
f7f7f7,
f7f7f7,
f7f7f7,
f7f7f7,
f7f7f7,
f7f7f7,
f5f5f5,
f7f7f7,
f9f9f9,
f9f9f9,
f9f9f9,
f7f7f7,
f5f5f5,
f6f6f6,
f7f7f7,
f8f8f8,
fafafa,
f8f8f8,
f7f7f7,
f6f6f6,
f5f5f5,
f7f7f7,
f8f8f8,
f8f8f8,
f9f9f9,
f7f7f7,
f5f5f5,
f6f6f6,
f6f6f6,
f8f8f8,
fafafa,
f9f9f9,
f7f7f7,
f6f6f6,
f5f5f5,
f6f6f6,
f8f8f8,
f9f9f9,
f9f9f9,
f7f7f7,
f5f5f5,
f6f6f6,
f6f6f6,
f8f8f8,
fafafa,
f9f9f9,
f8f8f8,
f6f6f6,
f4f4f4,
f6f6f6,
f8f8f8,
f2f4f6,
eceff3,
d6dfeb,
bfd0e3,
a8c3e0,
90b6dd,
82afde,
75a9df,
78abdd,
7caddc,
7baedf,
7bafe1,
73ade4,
6caae7,
6cabe7,
6babe8,
6babe8,
6babe8,
6aabe8,
6aace8,
6dace6,
70ade5,
82b4e3,
95bbe2,
aac2de,
c0cadb,
bcc1cf,
b9b9c4,
9da4b6,
8290a9,
637ead,
456cb1,
3b6bbf,
316ace,
5682ce,
7c9ace,
b9c8e2,
f6f7f7,
f5f5f5,
f4f4f3,
eceae8,
e4e1dd,
d4cec3,
c5bcaa,
c1b59c,
bdaf8e,
cdbf9d,
ddcfac,
d8ccae,
d2c8b0,
bcb6a6,
a7a49c,
8a92a1,
6d80a7,
5e7ab1,
4f75bc,
5077c0,
5279c5,
4f79cb,
4d78d1,
4d77cb,
4d76c5,
6282c1,
778fbc,
8ca0c7,
a1b2d2,
98acd2,
8fa6d2,
6f8fcb,
4f78c4,
657ca8,
7c818c,
938e84,
ab9b7d,
afab9f,
b4bbc2,
afbcd1,
aabee1,
9dafd6,
8fa1cb,
a8adc6,
c1b8c1,
c8bdc2,
d0c1c2,
b8b6c6,
a1abca,
8ca2d3,
779adc,
90a3cf,
a9adc2,
b7b4c1,
c6bbc0,
c9bcc0,
ccbec0,
ccbec0,
ccbec1,
cbbdc0,
cbbdc0,
c9bcc0,
c8bcc0,
c7bcc0,
c6bcc1,
c6bcc4,
c7bdc7,
c6bec9,
c6bfcc,
beb6c1,
b7adb6,
bbb0b7,
c0b4b9,
bfb1b6,
bdafb4,
c1b1b3,
c5b3b3,
c8b8b9,
cbbdbf,
cbc0c3,
ccc3c7,
cbc3c7,
cac2c6,
c8bfc3,
c6bcc0,
bcb2b6,
b3a8ac,
a89fa2,
9e9599,
aca4ab,
bab3bd,
aba3ac,
9c949c,
8e858b,
80767a,
80777b,
81797c,
878082,
8d8788,
9c9697,
aaa5a6,
bdb9ba,
d0cece,
e0dfdf,
f1f0f0,
f4f4f4,
f8f8f8,
f6f6f6,
f5f5f5,
f6f6f6,
f7f7f7,
f8f8f8,
fafafa,
f8f8f8,
f7f7f7,
f6f6f6,
f5f5f5,
f7f7f7,
f9f9f9,
f9f9f9,
f9f9f9,
f7f7f7,
f5f5f5,
f6f6f6,
f7f7f7,
f8f8f8,
fafafa,
f8f8f8,
f7f7f7,
f6f6f6,
f5f5f5,
f6f6f6,
f8f8f8,
f9f9f9,
f9f9f9,
f7f7f7,
f5f5f5,
f6f6f6,
f6f6f6,
f8f8f8,
f9f9f9,
f9f9f9,
f3f3f3,
f7f7f7,
fafafa,
fafafa,
fafafa,
f7f7f7,
f3f3f3,
f5f5f5,
f6f6f6,
f9f9f9,
fcfcfc,
f9f9f9,
f6f6f6,
f5f5f5,
f3f3f3,
f6f6f6,
f9f9f9,
fafafa,
fafafa,
f7f7f7,
f3f3f3,
f4f4f4,
f5f5f5,
f9f9f9,
fcfcfc,
fafafa,
f7f7f7,
f5f5f5,
f3f3f3,
f6f6f6,
f9f9f9,
fafafa,
fbfbfb,
f7f7f7,
f3f3f3,
f4f4f4,
f5f5f5,
f8f8f8,
fbfbfb,
fafafa,
f8f8f8,
f5f5f5,
f2f2f2,
f6f6f6,
f9f9f9,
fafafa,
fbfbfb,
f3f4f5,
eaecef,
ced9e6,
b2c6dc,
98b8db,
7eaad9,
79aadc,
73a9df,
71aae3,
6eabe6,
6dabe7,
6baae7,
6babe8,
6aace8,
6aace8,
6aace8,
6aade8,
69ade8,
6faee5,
74aee1,
95bce2,
b6cae2,
c0cadb,
cac9d4,
b3b3bf,
9c9da9,
808da7,
647da4,
4b72b3,
3167c1,
2f69ca,
2d6bd2,
5685d1,
7e9ecf,
bbcbe4,
f7f8f8,
f5f6f6,
f3f3f3,
f4f4f4,
f5f5f5,
e9e8e4,
dddad3,
d3cbba,
c8bca0,
d5c8a8,
e2d4b0,
e3d5b2,
e4d6b3,
d9ccab,
cec2a2,
ada99c,
8b8f96,
6e83a6,
5176b5,
4d76be,
4875c6,
4775cc,
4674d2,
4975cd,
4c76c8,
6182c2,
758ebc,
8499c3,
92a4c9,
91a5ce,
8fa6d2,
6f8fcc,
4f78c5,
6980ac,
838892,
979186,
ab9a7a,
ada593,
afafac,
b0b9c8,
b0c2e3,
a5b5d7,
9aa7cb,
b2b3c7,
c9bec3,
cec2c5,
d2c5c7,
c1bdc9,
afb4cb,
9bb0da,
87abe8,
8ea9d8,
95a6c7,
aab0c4,
bfb9c1,
c5bcc1,
cabec0,
cbbec1,
cbbec1,
ccbec2,
ccbec2,
ccbec2,
ccbec2,
cbbec3,
cabec3,
cabfc6,
cabfc8,
c9bfcb,
c8bfce,
bcb0bc,
afa0a9,
b2a1a6,
b5a2a3,
b7a4a6,
b9a6a8,
c0aeaf,
c7b5b5,
cababb,
cdbfc0,
c9bdbf,
c5babd,
c4b9bb,
c3b7b9,
c4b7b9,
c4b6b9,
c0b3b6,
bbafb3,
b3a8ac,
aaa0a5,
b7afb8,
c4beca,
b8b3be,
aca7b2,
a7a2a9,
a19ca0,
a4a0a3,
a7a3a6,
b3b0b2,
bfbdbe,
d1cfd0,
e2e1e1,
eaeaea,
f2f2f2,
f6f6f6,
fafafa,
fafafa,
f9f9f9,
f6f6f6,
f3f3f3,
f5f5f5,
f6f6f6,
f9f9f9,
fcfcfc,
f9f9f9,
f6f6f6,
f5f5f5,
f3f3f3,
f7f7f7,
fafafa,
fafafa,
fafafa,
f7f7f7,
f3f3f3,
f5f5f5,
f6f6f6,
f9f9f9,
fcfcfc,
f9f9f9,
f6f6f6,
f5f5f5,
f3f3f3,
f6f6f6,
f9f9f9,
fafafa,
fbfbfb,
f7f7f7,
f3f3f3,
f4f4f4,
f5f5f5,
f8f8f8,
fbfbfb,
fbfbfb,
f8f8f8,
f7f7f7,
f7f7f7,
f7f7f7,
f7f7f7,
f7f7f7,
f8f8f8,
f8f8f8,
f8f8f8,
f7f7f7,
f7f7f7,
f7f7f7,
f7f7f7,
f8f8f8,
f8f8f8,
f7f7f7,
f7f7f7,
f7f7f7,
f7f7f7,
f7f7f7,
f8f8f8,
f7f7f7,
f7f7f7,
f7f7f7,
f7f7f7,
f7f7f7,
f7f7f7,
f8f8f8,
f8f8f8,
f7f7f7,
f7f7f7,
f7f7f7,
f7f7f7,
f7f7f7,
f8f8f8,
f8f8f8,
f8f8f8,
f7f7f7,
f6f6f6,
f7f7f7,
f7f7f7,
f7f7f7,
f8f8f8,
f7f7f7,
f7f7f7,
f7f7f7,
f6f6f6,
f4f5f6,
f3f4f5,
e4eaf0,
d6e0eb,
c2d3e6,
aec7e1,
a2c0df,
95bade,
8ab5e0,
7fb0e1,
78ade2,
71abe3,
6dabe4,
6aace6,
6aace7,
6aade8,
6dade6,
70aee4,
83b6e3,
97bee2,
adc6e1,
c3cedf,
c1c7d4,
bebfca,
a2aabb,
8796ad,
6a84ad,
4d73ae,
3e6eba,
306ac6,
2e6ccd,
2d6fd5,
5486d2,
7b9ecf,
b8cae2,
f5f5f6,
f6f7f7,
f8f8f8,
f7f7f7,
f7f7f7,
eeeeec,
e6e5e1,
dbd6ca,
d1c8b2,
d8cdb0,
e0d3af,
e3d5b1,
e6d8b4,
ddcfac,
d4c6a4,
bab29e,
a19f97,
7f8da1,
5e7cab,
5479b5,
4b77c0,
4876c8,
4576d0,
4776cd,
4a76ca,
587dc3,
6785bc,
718cbf,
7c93c1,
839bc9,
8aa2d1,
6d8ecc,
517bc6,
738cb8,
969daa,
aaa69e,
bfb093,
b7ae9c,
b0ada5,
aeb5c1,
adbedd,
a2b1d2,
98a5c7,
afb2c8,
c6c0c8,
d3cad0,
e0d5d9,
d3cfd9,
c7c9d9,
b3c1e2,
9ebaeb,
a0b7e1,
a1b4d7,
acb5ce,
b6b7c5,
bcb8c2,
c3bac0,
c5bbc1,
c8bdc2,
cbbfc3,
cec1c5,
cfc2c6,
d1c4c8,
cfc3c7,
cdc1c6,
ccc0c7,
cabfc8,
c9bfcb,
c9c0ce,
beb3bf,
b4a6af,
b6a5aa,
b9a4a6,
bca7a9,
bfabac,
c4b1b2,
cab8b8,
ccbcbc,
cec0c1,
cbbec1,
c9bdc0,
c8bcbe,
c8bbbd,
c7babc,
c7babc,
c4b7ba,
c1b5b9,
b9aeb3,
b2a7ad,
bcb3bc,
c6c0cb,
b8b5c3,
aaabbc,
b0b2be,
b6b9c1,
c2c3c8,
cfcdce,
d3d2d3,
d8d7d7,
e3e2e2,
eeeded,
f2f2f2,
f7f7f7,
f7f7f7,
f6f6f6,
f6f6f6,
f7f7f7,
f7f7f7,
f8f8f8,
f8f8f8,
f7f7f7,
f7f7f7,
f7f7f7,
f7f7f7,
f8f8f8,
f8f8f8,
f8f8f8,
f7f7f7,
f7f7f7,
f7f7f7,
f7f7f7,
f7f7f7,
f8f8f8,
f8f8f8,
f8f8f8,
f7f7f7,
f7f7f7,
f7f7f7,
f7f7f7,
f8f8f8,
f8f8f8,
f7f7f7,
f7f7f7,
f7f7f7,
f7f7f7,
f7f7f7,
f8f8f8,
f7f7f7,
f7f7f7,
f7f7f7,
f6f6f6,
f6f6f6,
fdfdfd,
f8f8f8,
f3f3f3,
f3f3f3,
f3f3f3,
f8f8f8,
fdfdfd,
fbfbfb,
f9f9f9,
f5f5f5,
f1f1f1,
f5f5f5,
f8f8f8,
fbfbfb,
fdfdfd,
f9f9f9,
f4f4f4,
f4f4f4,
f3f3f3,
f8f8f8,
fcfcfc,
fbfbfb,
f9f9f9,
f5f5f5,
f1f1f1,
f4f4f4,
f7f7f7,
fafafa,
fdfdfd,
f9f9f9,
f4f4f4,
f3f3f3,
f2f2f2,
f7f7f7,
fcfcfc,
fbfbfb,
fafafa,
f6f6f6,
f1f1f1,
f4f4f4,
f6f6f6,
fafafa,
fdfdfd,
f9f9f9,
f5f5f5,
f3f3f3,
f1f1f1,
f6f6f6,
fbfbfb,
fbfbfb,
fafafa,
eceff1,
dee3e8,
cbd7e3,
b7cadd,
a4c0dd,
90b5dc,
83b0de,
76abdf,
70abe1,
6aabe3,
6aace5,
6aade7,
70aee4,
76afe0,
98bfe2,
b9cee3,
c5d0e0,
d0d2dc,
c1c4ce,
b2b5bf,
92a2b8,
718eb1,
537cb4,
3569b7,
326bc1,
2e6ccb,
2e6fd1,
2d72d7,
5288d3,
779ecf,
b5c8e1,
f2f2f3,
f8f8f8,
fdfdfd,
fbfbfb,
f8f8f8,
f4f4f4,
efefef,
e4e1da,
d9d3c4,
dcd2b9,
ded1ad,
e3d6b1,
e7dab5,
e0d2ae,
d9caa6,
c8bc9f,
b7ae98,
91989c,
6a81a0,
5c7dad,
4e79b9,
4978c4,
4377ce,
4577cd,
4776cc,
5079c4,
597bbc,
5f7fbb,
6582b9,
7590c5,
849ed0,
6b8ecc,
527dc7,
7e97c4,
a9b1c1,
bebbb7,
d2c5ac,
c1b8a5,
b0aa9d,
adb2ba,
aab9d7,
a0aecd,
95a3c3,
acb2c8,
c3c1cd,
d8d3dc,
ede5ea,
e6e1e9,
dfdde7,
cad3eb,
b5c9ee,
b1c5eb,
adc1e7,
adbbd8,
adb4c8,
b4b5c4,
bbb5bf,
c0b8c1,
c4bbc2,
cabfc5,
cfc3c7,
d2c7cb,
d5cace,
d3c7cc,
d0c4c9,
cdc2c9,
cabfc8,
cac0cb,
c9c0ce,
c1b6c2,
b8abb5,
baa9af,
bca6a8,
c0abac,
c4afb0,
c8b5b5,
ccbaba,
cdbdbe,
cec0c2,
cdc0c3,
ccbfc3,
ccbfc2,
ccbec0,
cbbec0,
cabdbf,
c8bcbf,
c6babe,
c0b4b9,
b9aeb4,
c0b8c0,
c7c1cc,
b8b8c9,
a8afc5,
b9c2d4,
cad5e2,
e0e6ec,
f6f7f6,
f3f4f3,
f0f0f0,
f5f5f5,
f9f9f9,
fbfbfb,
fcfcfc,
f7f7f7,
f2f2f2,
f3f3f3,
f4f4f4,
f9f9f9,
fdfdfd,
fbfbfb,
f8f8f8,
f5f5f5,
f1f1f1,
f5f5f5,
f9f9f9,
fbfbfb,
fdfdfd,
f8f8f8,
f3f3f3,
f3f3f3,
f3f3f3,
f8f8f8,
fdfdfd,
fbfbfb,
f9f9f9,
f5f5f5,
f1f1f1,
f5f5f5,
f8f8f8,
fbfbfb,
fdfdfd,
f9f9f9,
f4f4f4,
f3f3f3,
f2f2f2,
f7f7f7,
fcfcfc,
fbfbfb,
f9f9f9,
f5f5f5,
f1f1f1,
f1f1f1,
f9f9f9,
f7f7f7,
f6f6f6,
f6f6f6,
f6f6f6,
f7f7f7,
f9f9f9,
f8f8f8,
f8f8f8,
f7f7f7,
f6f6f6,
f7f7f7,
f8f8f8,
f8f8f8,
f9f9f9,
f8f8f8,
f7f7f7,
f6f6f6,
f6f6f6,
f7f7f7,
f9f9f9,
f8f8f8,
f8f8f8,
f7f7f7,
f6f6f6,
f6f6f6,
f7f7f7,
f8f8f8,
f9f9f9,
f8f8f8,
f7f7f7,
f6f6f6,
f6f6f6,
f7f7f7,
f9f9f9,
f8f8f8,
f8f8f8,
f7f7f7,
f6f6f6,
f6f6f6,
f7f7f7,
f8f8f8,
f9f9f9,
f8f8f8,
f7f7f7,
f6f6f6,
f6f6f6,
f7f7f7,
f8f8f8,
f8f8f8,
f8f8f8,
f2f3f4,
eceff1,
e2e8ee,
d7e1ea,
cbd9e8,
bed1e6,
b3cce5,
a8c7e5,
9bc0e3,
8ebae0,
7fafd9,
70a4d1,
81add5,
92b7da,
acc4dd,
c6d0e0,
c4cbd8,
c3c6d1,
b0bbcb,
9db1c5,
81a2c4,
6594c4,
4c7fc0,
336bbc,
326dc4,
306fcc,
2f73d2,
2e76d8,
508ad4,
729ed1,
b2c9e2,
f2f3f4,
f5f6f6,
f9f9f9,
f8f8f8,
f8f8f8,
f6f6f6,
f5f5f5,
ebe9e4,
e2ded3,
e0d8c2,
dfd3b0,
e3d6b3,
e7dab5,
e2d4b0,
ddceac,
c4b99f,
aca492,
8f969c,
7289a6,
6081ae,
4e79b6,
4c79bb,
4a7ac1,
4879c6,
4679cb,
4c79c5,
537abf,
547ac1,
567bc2,
6084c8,
6b8dcd,
5f85cb,
537ec9,
849ecc,
b5bfd0,
cbcccd,
e1dac9,
cfcac0,
bdbbb7,
b4bac6,
abb8d5,
a0aecc,
96a4c3,
a9b1c9,
bbbecf,
d1cfdb,
e6e1e8,
e6e2ea,
e7e3ed,
d5daed,
c4d2ec,
bfcfed,
baccef,
b8c5e2,
b5bed6,
b7bacd,
b9b6c3,
bcb7c2,
bfb8c1,
cac1c9,
d5cbd1,
d9cfd4,
dcd2d7,
d9ced3,
d5cacf,
d0c5cc,
cbc0c9,
cac0cc,
c9c0cf,
c0b6c2,
b7acb6,
baa9af,
bca7a9,
c3afb0,
cab7b7,
ccbaba,
cebdbd,
cebfc0,
cec0c2,
cdc0c3,
cdbfc3,
ccbfc2,
ccbfc2,
cbbec0,
cabdbf,
c8bcbf,
c7bcbf,
c2b7bb,
bcb2b7,
c1b9c1,
c7c0cb,
b6b7c8,
a5aec5,
a2b3cd,
9fb8d5,
c6d4e4,
eef0f2,
f1f3f4,
f5f5f5,
f6f6f6,
f8f8f8,
f8f8f8,
f9f9f9,
f7f7f7,
f6f6f6,
f6f6f6,
f7f7f7,
f8f8f8,
f9f9f9,
f8f8f8,
f8f8f8,
f7f7f7,
f6f6f6,
f7f7f7,
f8f8f8,
f8f8f8,
f9f9f9,
f7f7f7,
f6f6f6,
f6f6f6,
f6f6f6,
f7f7f7,
f9f9f9,
f8f8f8,
f8f8f8,
f7f7f7,
f6f6f6,
f7f7f7,
f8f8f8,
f8f8f8,
f9f9f9,
f8f8f8,
f7f7f7,
f6f6f6,
f6f6f6,
f7f7f7,
f9f9f9,
f8f8f8,
f8f8f8,
f7f7f7,
f6f6f6,
f6f6f6,
f4f4f4,
f7f7f7,
f9f9f9,
f9f9f9,
f9f9f9,
f7f7f7,
f4f4f4,
f5f5f5,
f6f6f6,
f8f8f8,
fafafa,
f9f9f9,
f7f7f7,
f6f6f6,
f4f4f4,
f7f7f7,
f9f9f9,
f9f9f9,
f9f9f9,
f7f7f7,
f5f5f5,
f6f6f6,
f6f6f6,
f8f8f8,
fafafa,
f9f9f9,
f7f7f7,
f6f6f6,
f4f4f4,
f7f7f7,
f9f9f9,
f9f9f9,
f9f9f9,
f7f7f7,
f5f5f5,
f5f5f5,
f5f5f5,
f8f8f8,
fafafa,
f9f9f9,
f7f7f7,
f6f6f6,
f4f4f4,
f6f6f6,
f8f8f8,
f9f9f9,
fafafa,
f8f8f8,
f5f5f5,
f5f5f5,
f5f5f5,
f8f8f8,
fafafa,
f9f9f9,
f7f7f7,
f2f2f3,
ecedef,
e3e8ed,
dae3eb,
c6d6e4,
b1c8dd,
94b1cc,
769abb,
92adc7,
aebfd3,
c0c9d8,
d2d2dc,
c4c6d1,
b5b9c5,
9fb3c8,
88adcb,
71a3d1,
5999d6,
4583cc,
316dc1,
3270c7,
3272cd,
3076d3,
2e7ad9,
4e8cd6,
6d9ed2,
b0c9e4,
f2f4f5,
f3f4f5,
f4f4f4,
f6f6f6,
f7f7f7,
f9f9f9,
fafafa,
f2f1ee,
eae8e2,
e5decb,
dfd4b3,
e3d7b4,
e7d9b5,
e4d6b3,
e0d2b1,
c0b69f,
a0998c,
8d959c,
7a91ac,
6485b0,
4d78b3,
4f7ab3,
517cb3,
4b7cbf,
447cca,
487ac6,
4c78c2,
4976c7,
4674cb,
4c78cb,
527bca,
537dca,
537fca,
8aa6d5,
c1ccdf,
d9dde3,
f0eee6,
dddddc,
c9ccd1,
bac2d2,
abb7d3,
a1aecb,
97a4c2,
a5afc9,
b3bad0,
c9cbdb,
dfdce5,
e7e3ec,
eee9f3,
e1e2ef,
d3daea,
cdd8f0,
c7d6f6,
c2cfed,
bdc8e4,
bac0d6,
b7b7c7,
b9b6c4,
bab4c0,
cbc4cd,
dbd3da,
dfd7dd,
e3dae0,
dfd5db,
dacfd5,
d3c8cf,
cbc1c9,
cac1cc,
c8c0cf,
bfb6c3,
b6acb6,
b9aab0,
bca8a9,
c6b3b3,
d0bebd,
d0bfbf,
d0c0c0,
cfc0c1,
cec0c2,
cec0c3,
cdbfc3,
cdbfc3,
ccbfc3,
cbbec1,
c9bdbf,
c9bdbf,
c8bdbf,
c4b9bc,
bfb5b9,
c3bac1,
c6bfc9,
b4b6c7,
a2acc5,
8ba4c7,
749bc8,
adc2db,
e5e9ee,
f0f2f4,
fafafa,
f8f8f8,
f6f6f6,
f6f6f6,
f5f5f5,
f7f7f7,
f9f9f9,
f9f9f9,
f9f9f9,
f7f7f7,
f4f4f4,
f6f6f6,
f7f7f7,
f9f9f9,
fafafa,
f8f8f8,
f6f6f6,
f5f5f5,
f4f4f4,
f7f7f7,
f9f9f9,
f9f9f9,
f9f9f9,
f7f7f7,
f4f4f4,
f5f5f5,
f6f6f6,
f8f8f8,
fafafa,
f9f9f9,
f7f7f7,
f6f6f6,
f4f4f4,
f7f7f7,
f9f9f9,
f9f9f9,
f9f9f9,
f7f7f7,
f5f5f5,
f6f6f6,
f6f6f6,
f8f8f8,
fafafa,
fafafa,
f4f4f4,
f7f7f7,
f9f9f9,
f9f9f9,
f9f9f9,
f7f7f7,
f4f4f4,
f5f5f5,
f6f6f6,
f8f8f8,
fafafa,
f9f9f9,
f7f7f7,
f6f6f6,
f5f5f5,
f7f7f7,
f9f9f9,
f9f9f9,
f9f9f9,
f7f7f7,
f5f5f5,
f6f6f6,
f6f6f6,
f8f8f8,
fafafa,
f9f9f9,
f7f7f7,
f6f6f6,
f4f4f4,
f6f6f6,
f9f9f9,
f9f9f9,
f9f9f9,
f7f7f7,
f5f5f5,
f5f5f5,
f6f6f6,
f8f8f8,
fafafa,
f9f9f9,
f7f7f7,
f6f6f6,
f4f4f4,
f6f6f6,
f8f8f8,
f9f9f9,
fafafa,
f8f8f8,
f5f5f5,
f5f5f5,
f5f5f5,
f8f8f8,
fafafa,
f9f9f9,
f8f8f8,
f4f4f5,
f0f1f2,
edeff2,
e9eef2,
d6dee5,
c3ced8,
96a5b2,
6a7c8d,
7c8996,
8e96a0,
9fa4ac,
b1b2b9,
a6b0bd,
9caec2,
89adcd,
77add8,
65a1d7,
5395d7,
4283ce,
3271c6,
3373ca,
3476ce,
3279d4,
307dda,
4b8cd6,
679bd2,
abc6e3,
eff2f4,
f1f3f3,
f4f4f3,
f5f5f5,
f7f7f7,
f8f8f8,
fafafa,
f4f3f1,
edece7,
e7e1cf,
e1d6b7,
e3d7b5,
e6d8b4,
e0d2b0,
d9ccac,
b8b2a1,
979996,
8693a0,
758eaa,
5d84b5,
467ac1,
4a7cbe,
4f7eba,
4e7fbd,
4d7fc1,
4d7ec3,
4d7ec5,
497ac8,
4576cc,
4978cb,
4e7acb,
517dca,
5480c9,
8da8d5,
c6d0e1,
dadfe6,
efeeeb,
d7d9dd,
bfc4d0,
b9c0d2,
b4bdd4,
acb6cf,
a4afc9,
abb5ce,
b3bbd4,
c1c5d7,
cfd0db,
d6d5e0,
dddbe5,
dadae5,
d7dae6,
ccd4e9,
c2ceec,
bfcbe9,
bcc8e6,
b8bfd7,
b3b6c9,
b8b6c4,
beb7c0,
cac2ca,
d6cdd4,
dfd6dc,
e8dfe5,
e2d9df,
ddd4d9,
d5cbd2,
cdc3cb,
cbc2cd,
c9c0ce,
c0b6c2,
b6acb6,
b9aaaf,
bba8a9,
c6b4b3,
d1bfbe,
d0c0bf,
d0c0c0,
cfc0c1,
cec0c1,
cebfc2,
cebfc3,
cdbfc3,
cdc0c3,
cbbec1,
cabdbf,
cabdbf,
c9bdbf,
c6bbbe,
c3b8bc,
c4bcc2,
c6bfc8,
b5b6c7,
a5aec6,
839fc8,
6191ca,
90b0d6,
c0cfe2,
dce4ed,
f8f8f9,
f7f7f8,
f6f6f6,
f6f6f6,
f5f5f5,
f7f7f7,
f9f9f9,
f9f9f9,
f9f9f9,
f6f6f6,
f4f4f4,
f6f6f6,
f7f7f7,
f9f9f9,
fafafa,
f8f8f8,
f6f6f6,
f5f5f5,
f4f4f4,
f7f7f7,
f9f9f9,
f9f9f9,
f9f9f9,
f7f7f7,
f4f4f4,
f5f5f5,
f6f6f6,
f8f8f8,
fafafa,
f9f9f9,
f7f7f7,
f6f6f6,
f4f4f4,
f6f6f6,
f9f9f9,
f9f9f9,
f9f9f9,
f7f7f7,
f5f5f5,
f6f6f6,
f6f6f6,
f8f8f8,
fafafa,
fafafa,
f4f4f4,
f7f7f7,
f9f9f9,
f9f9f9,
f9f9f9,
f7f7f7,
f4f4f4,
f5f5f5,
f6f6f6,
f8f8f8,
fafafa,
f9f9f9,
f7f7f7,
f6f6f6,
f5f5f5,
f7f7f7,
f8f8f8,
f9f9f9,
f9f9f9,
f7f7f7,
f5f5f5,
f6f6f6,
f6f6f6,
f8f8f8,
fafafa,
f9f9f9,
f7f7f7,
f6f6f6,
f4f4f4,
f6f6f6,
f8f8f8,
f9f9f9,
f9f9f9,
f7f7f7,
f5f5f5,
f6f6f6,
f6f6f6,
f8f8f8,
fafafa,
f9f9f9,
f7f7f7,
f6f6f6,
f4f4f4,
f6f6f6,
f8f8f8,
f9f9f9,
fafafa,
f8f8f8,
f5f5f5,
f5f5f5,
f5f5f5,
f8f8f8,
fafafa,
f9f9f9,
f8f8f8,
f6f6f6,
f4f4f4,
f6f6f6,
f8f8f8,
e6e6e6,
d4d4d3,
999999,
5e5e5e,
666565,
6d6c6c,
7f7f81,
909195,
899aaa,
82a2be,
74a8d1,
65ade4,
599fde,
4d90d7,
4082d1,
3274ca,
3477cd,
3679cf,
347dd5,
3180db,
498cd7,
6097d2,
a6c3e2,
eceff2,
f0f1f2,
f3f3f2,
f5f5f4,
f6f6f6,
f8f8f8,
fafafa,
f5f5f3,
f0efec,
e9e4d4,
e2d8bb,
e4d7b7,
e5d6b2,
dcceac,
d2c5a6,
b0afa3,
8d98a0,
7f91a4,
708aa7,
5783bb,
3e7ccf,
457ec8,
4c80c1,
5181bc,
5682b7,
5283c0,
4d83c8,
487dca,
4377cc,
4778cc,
4a78cb,
4f7cc9,
5480c7,
90aad5,
cbd3e2,
dce1e9,
edeeef,
d1d5df,
b4bbcf,
b8bfd2,
bcc3d5,
b6bfd3,
b0bad0,
b1bbd4,
b2bcd7,
b9c0d4,
bfc3d1,
c5c8d4,
cbccd6,
d3d3dc,
dbdae2,
ccd0e2,
bcc6e2,
bcc7e5,
bbc8e7,
b5bed9,
afb4ca,
b8b7c5,
c1bac0,
c9c1c7,
d0c7cd,
ded6dc,
ece4ea,
e6dee3,
e0d8dc,
d8cfd5,
cfc5cd,
cdc3cd,
cac0cd,
c0b6c2,
b6abb6,
b8aaaf,
baa8a8,
c6b4b4,
d1c0bf,
d1c0c0,
d0c0c0,
cfc0c0,
cdbfc0,
cebfc2,
cebfc3,
cec0c3,
cdc0c3,
ccbfc1,
cbbdbe,
cbbdbf,
cabdbf,
c8bcbf,
c6bbbf,
c6bdc3,
c6bfc7,
b7b7c7,
a7afc6,
7a9bc9,
4d86cc,
749ed1,
9ab5d5,
c8d6e7,
f6f6f8,
f6f6f7,
f6f6f6,
f6f6f6,
f5f5f5,
f7f7f7,
f9f9f9,
f9f9f9,
f8f8f8,
f6f6f6,
f4f4f4,
f6f6f6,
f7f7f7,
f9f9f9,
fafafa,
f8f8f8,
f6f6f6,
f5f5f5,
f4f4f4,
f7f7f7,
f9f9f9,
f9f9f9,
f9f9f9,
f7f7f7,
f4f4f4,
f5f5f5,
f6f6f6,
f8f8f8,
fafafa,
f9f9f9,
f7f7f7,
f6f6f6,
f4f4f4,
f6f6f6,
f8f8f8,
f9f9f9,
f9f9f9,
f7f7f7,
f5f5f5,
f6f6f6,
f6f6f6,
f8f8f8,
fafafa,
fafafa,
f9f9f9,
f7f7f7,
f6f6f6,
f6f6f6,
f6f6f6,
f7f7f7,
f9f9f9,
f8f8f8,
f8f8f8,
f7f7f7,
f6f6f6,
f7f7f7,
f8f8f8,
f8f8f8,
f9f9f9,
f8f8f8,
f6f6f6,
f6f6f6,
f6f6f6,
f7f7f7,
f9f9f9,
f8f8f8,
f8f8f8,
f7f7f7,
f6f6f6,
f6f6f6,
f7f7f7,
f8f8f8,
f9f9f9,
f7f7f7,
f6f6f6,
f6f6f6,
f6f6f6,
f7f7f7,
f9f9f9,
f8f8f8,
f8f8f8,
f7f7f7,
f6f6f6,
f6f6f6,
f7f7f7,
f8f8f8,
f9f9f9,
f8f8f8,
f7f7f7,
f6f6f6,
f6f6f6,
f7f7f7,
f8f8f8,
f8f8f8,
f8f8f8,
f7f7f7,
f6f6f6,
f6f6f6,
f7f7f7,
f7f7f7,
f8f8f8,
f1f1f1,
ebebeb,
cccccb,
adadab,
82817f,
565553,
555452,
535351,
6e6e6e,
89898b,
8597a7,
81a4c4,
6ba2d1,
549fde,
4c93d8,
4388d3,
3c80d0,
3478cd,
367ace,
397ccf,
367fd6,
3382dc,
468cd8,
5995d4,
9fbfe1,
e5eaef,
e7e7e7,
e8e5df,
e5e1da,
e2ddd5,
e5e1d9,
e8e5de,
e6e2da,
e4dfd7,
dcd4c0,
d5c9aa,
d4c6a4,
d3c29e,
d1c3a4,
d0c4ab,
b8b6ad,
a0a9b0,
8296ad,
6484ab,
5380b9,
427cc8,
447fca,
4681cb,
4b83c7,
5185c3,
5286c2,
5487c2,
4f83c5,
4a7fc8,
497ec9,
497dcb,
4e7fc9,
5481c6,
8ea9d2,
c9d1df,
dde1e8,
f0f1f1,
dde0e6,
cacfdc,
cdd2de,
d1d5e0,
c9cedb,
c1c8d7,
b4bccf,
a8b0c8,
b0b5ca,
b8bbcc,
bfbfcc,
c7c3cc,
d3ced7,
dfdae1,
cdcede,
bbc3dc,
b8c2de,
b5c1e0,
b1bad7,
adb4ce,
b8b7c8,
c3bbc2,
cac1c7,
d1c7cc,
ded6db,
ece5ea,
eae3e8,
e8e1e5,
ded5db,
d4cad1,
cfc5cf,
cac1cd,
c0b7c2,
b7adb7,
b8aab0,
baa8a9,
c5b4b4,
d0c0bf,
d0c0bf,
d0c0c0,
cebfc0,
cdbfc0,
cdbfc1,
cebfc3,
cdc0c3,
cdc0c4,
ccbec1,
cbbdbf,
cbbdbf,
cabdbf,
c9bdc0,
c8bcc0,
c8bec4,
c8bfc8,
b9b8c7,
aab0c7,
7c9cca,
4d87cd,
6294d0,
77a1d2,
a9c1de,
dce2ea,
eaedf1,
f8f8f8,
f8f8f8,
f9f9f9,
f7f7f7,
f6f6f6,
f6f6f6,
f6f6f6,
f7f7f7,
f9f9f9,
f8f8f8,
f8f8f8,
f7f7f7,
f6f6f6,
f7f7f7,
f8f8f8,
f8f8f8,
f9f9f9,
f7f7f7,
f6f6f6,
f6f6f6,
f6f6f6,
f7f7f7,
f9f9f9,
f8f8f8,
f8f8f8,
f7f7f7,
f6f6f6,
f7f7f7,
f8f8f8,
f8f8f8,
f9f9f9,
f7f7f7,
f6f6f6,
f6f6f6,
f6f6f6,
f7f7f7,
f9f9f9,
f8f8f8,
f8f8f8,
f7f7f7,
f6f6f6,
f6f6f6,
fdfdfd,
f8f8f8,
f3f3f3,
f3f3f3,
f3f3f3,
f8f8f8,
fdfdfd,
fbfbfb,
f9f9f9,
f5f5f5,
f1f1f1,
f5f5f5,
f8f8f8,
fbfbfb,
fdfdfd,
f9f9f9,
f4f4f4,
f4f4f4,
f3f3f3,
f8f8f8,
fcfcfc,
fbfbfb,
f9f9f9,
f5f5f5,
f1f1f1,
f4f4f4,
f7f7f7,
fafafa,
fdfdfd,
f9f9f9,
f4f4f4,
f3f3f3,
f2f2f2,
f7f7f7,
fcfcfc,
fbfbfb,
fafafa,
f6f6f6,
f1f1f1,
f4f4f4,
f6f6f6,
fafafa,
fdfdfd,
f9f9f9,
f5f5f5,
f3f3f3,
f1f1f1,
f6f6f6,
fbfbfb,
fbfbfb,
fbfbfb,
f6f6f6,
f1f1f1,
f3f3f3,
f5f5f5,
f8f8f8,
fbfbfb,
ececec,
dddddd,
b2b1b0,
868583,
6a6966,
4e4c48,
44433f,
393935,
5d5d5b,
818181,
8194a5,
80a6c9,
629cd0,
4391d7,
3e88d3,
397fcf,
387ed0,
367cd0,
397ed0,
3b7fcf,
3882d6,
3484dd,
438cda,
5193d6,
98bce1,
dee4eb,
dedddc,
ddd6cc,
d6cdc0,
cec4b3,
d2caba,
d6cfc1,
d7cfc2,
d7cfc2,
cfc5ad,
c7ba98,
c4b491,
c0ae89,
c7b99d,
cec3b0,
c0beb8,
b2b9bf,
859bb7,
587dae,
4f7db8,
467cc1,
437fcb,
4082d5,
4685d2,
4b88cf,
5389c5,
5b8abb,
5688bf,
5086c3,
4c84c7,
4782cb,
4d82c8,
5381c5,
8da8d0,
c7cfdb,
dde1e7,
f3f3f3,
eaebee,
e0e3e8,
e3e5e9,
e5e6ea,
dbdee4,
d1d5dd,
b7bdcb,
9da4b8,
a7abbf,
b0b2c6,
bab6c4,
c3bac2,
d3cad1,
e3d9e0,
cfccdb,
babfd5,
b4bdd7,
aebad9,
acb7d6,
aab3d2,
b7b8cb,
c4bcc4,
cbc1c7,
d1c6ca,
ded6da,
ebe6ea,
ede8ec,
efe9ee,
e4dce2,
d8cfd5,
d1c8d1,
c9c1cc,
c1b8c2,
b8aeb8,
b9abb1,
b9a8a9,
c4b4b4,
cfbfbf,
cfbfbf,
cfbfbf,
cebfbf,
cdbfbf,
cdbfc1,
cdbfc2,
cdc0c3,
ccc0c4,
ccbec2,
cbbcbf,
cbbdbf,
cabdbf,
cabdc0,
c9bdc1,
c9bec5,
c9bfc8,
bbb8c8,
adb1c7,
7d9dcb,
4d88ce,
508bcf,
538dcf,
8aadd6,
c1cddc,
dde3eb,
f9f9f9,
fbfbfb,
fcfcfc,
f7f7f7,
f2f2f2,
f3f3f3,
f4f4f4,
f9f9f9,
fdfdfd,
fbfbfb,
f8f8f8,
f5f5f5,
f1f1f1,
f5f5f5,
f9f9f9,
fbfbfb,
fdfdfd,
f8f8f8,
f3f3f3,
f3f3f3,
f3f3f3,
f8f8f8,
fdfdfd,
fbfbfb,
f9f9f9,
f5f5f5,
f1f1f1,
f5f5f5,
f8f8f8,
fbfbfb,
fdfdfd,
f9f9f9,
f4f4f4,
f3f3f3,
f2f2f2,
f7f7f7,
fcfcfc,
fbfbfb,
f9f9f9,
f5f5f5,
f1f1f1,
f1f1f1,
f8f8f8,
f7f7f7,
f7f7f7,
f7f7f7,
f7f7f7,
f7f7f7,
f8f8f8,
f8f8f8,
f8f8f8,
f7f7f7,
f7f7f7,
f7f7f7,
f7f7f7,
f8f8f8,
f8f8f8,
f7f7f7,
f7f7f7,
f7f7f7,
f7f7f7,
f7f7f7,
f8f8f8,
f7f7f7,
f7f7f7,
f7f7f7,
f7f7f7,
f7f7f7,
f7f7f7,
f8f8f8,
f8f8f8,
f7f7f7,
f7f7f7,
f7f7f7,
f7f7f7,
f7f7f7,
f8f8f8,
f8f8f8,
f8f8f8,
f7f7f7,
f6f6f6,
f7f7f7,
f7f7f7,
f7f7f7,
f8f8f8,
f7f7f7,
f7f7f7,
f7f7f7,
f6f6f6,
f7f7f7,
f8f8f8,
f8f8f8,
f8f8f8,
f7f7f7,
f6f6f6,
f6f6f6,
f6f6f6,
e9e9e9,
dddddd,
bfbfbe,
a1a19f,
878683,
6c6b68,
5c5b57,
4d4b47,
5f5e5b,
71716e,
949493,
b8b8b8,
aab9c7,
9cbad6,
6da2d4,
3e8ad2,
3983d1,
347dd0,
367ed1,
377fd2,
3a80d0,
3d82cf,
3984d6,
3486dd,
3f8bd9,
4a90d6,
90b8df,
d6dfe9,
dadbdc,
ded8cf,
d1c7b9,
c4b7a3,
c3b6a0,
c2b59d,
c1b49c,
c0b39b,
bdaf92,
bbab89,
c2b395,
cabba0,
d1c5b1,
d8cfc2,
cdcbc6,
c3c6ca,
92a8c4,
628abf,
5583bf,
487cc0,
477fc6,
4683cd,
4685d0,
4788d4,
4c89ce,
518bc8,
5289c4,
5388c1,
5287c2,
5187c3,
5186c5,
5285c6,
8baad1,
c3cfdc,
dce2e8,
f4f5f5,
eff0f1,
e9ebee,
ecedf0,
eff0f2,
eaebef,
e5e7eb,
cccfd6,
b4b7c2,
b9b7c3,
bdb8c5,
c5bdc5,
ccc1c6,
d7ced4,
e3dce2,
cfcedb,
bcc1d4,
bbc2d8,
bac3db,
b5bdd7,
afb6d4,
bebdcf,
ccc4cb,
d4cbd0,
dbd1d6,
e4dde1,
ede9ed,
efe9ef,
f0eaf0,
e7dfe6,
ded5db,
d4cbd4,
cbc2cc,
c3b9c3,
bbb1ba,
baadb3,
baaaab,
c4b4b5,
cfbfbf,
cfbfbf,
cfbfbf,
cebfbf,
cdbfc0,
cdbec1,
cdbec2,
ccbfc3,
ccc0c4,
ccbec2,
cbbdc0,
cbbdbf,
cbbdbf,
cabdc0,
cabdc1,
c9bec4,
c9bfc7,
bcb9c7,
afb3c8,
7f9dcb,
4e88ce,
4d8ad0,
4b8bd3,
72a0d4,
9ab5d6,
c4d3e4,
eff0f3,
f3f4f5,
f8f8f8,
f7f7f7,
f7f7f7,
f7f7f7,
f7f7f7,
f7f7f7,
f8f8f8,
f8f8f8,
f7f7f7,
f7f7f7,
f7f7f7,
f7f7f7,
f8f8f8,
f8f8f8,
f8f8f8,
f7f7f7,
f7f7f7,
f7f7f7,
f7f7f7,
f7f7f7,
f8f8f8,
f8f8f8,
f8f8f8,
f7f7f7,
f7f7f7,
f7f7f7,
f7f7f7,
f8f8f8,
f8f8f8,
f7f7f7,
f7f7f7,
f7f7f7,
f7f7f7,
f7f7f7,
f8f8f8,
f7f7f7,
f7f7f7,
f7f7f7,
f6f6f6,
f6f6f6,
f3f3f3,
f7f7f7,
fafafa,
fafafa,
fafafa,
f7f7f7,
f3f3f3,
f5f5f5,
f6f6f6,
f9f9f9,
fcfcfc,
f9f9f9,
f6f6f6,
f5f5f5,
f3f3f3,
f6f6f6,
f9f9f9,
fafafa,
fafafa,
f7f7f7,
f3f3f3,
f4f4f4,
f5f5f5,
f9f9f9,
fcfcfc,
fafafa,
f7f7f7,
f5f5f5,
f3f3f3,
f6f6f6,
f9f9f9,
fafafa,
fbfbfb,
f7f7f7,
f3f3f3,
f4f4f4,
f5f5f5,
f8f8f8,
fbfbfb,
fafafa,
f8f8f8,
f5f5f5,
f2f2f2,
f6f6f6,
f9f9f9,
fafafa,
fbfbfb,
f8f8f8,
f4f4f4,
f4f4f4,
f4f4f4,
f8f8f8,
fbfbfb,
f9f9f9,
f6f6f6,
dbdbda,
bfbfbe,
929290,
656461,
5c5b57,
52514c,
4f4e49,
4b4a46,
7a7977,
a8a8a7,
cccccb,
efefef,
d4dfe9,
b8cee2,
79a9d8,
3983cd,
347fcf,
2f7ad0,
347ed2,
3881d4,
3c83d1,
3f84ce,
3a86d5,
3488dc,
3c8bd9,
438dd5,
89b4de,
cedae6,
d6dadc,
ded9d2,
ccc2b2,
b9aa92,
b4a385,
ae9b78,
ac9976,
a99673,
ac9977,
ae9c7a,
c1b299,
d3c8b7,
dad2c5,
e1dbd3,
dad7d4,
d3d3d4,
a0b5d2,
6c96cf,
5b89c7,
4a7cbf,
4b80c2,
4c83c4,
4785ce,
4287d8,
4589d7,
478bd5,
4f8bca,
568abe,
588bbd,
5a8bbb,
568ac1,
5189c7,
88acd2,
bfcedd,
dae2ea,
f5f6f6,
f4f5f5,
f2f3f3,
f6f6f7,
f9f9fa,
f9f9fa,
f8f8f9,
e2e1e2,
cbc9cb,
cbc4c7,
cabec3,
d0c3c7,
d5c8ca,
dcd3d7,
e2dee4,
d0d1dc,
bdc3d3,
c2c8d8,
c6ccdd,
bdc3d9,
b4b9d5,
c4c3d4,
d4ccd2,
ddd4da,
e5dce1,
eae4e9,
efebf0,
f0ebf1,
f1ebf2,
eae3ea,
e3dae1,
d8cfd7,
ccc3cc,
c5bbc4,
bdb3bc,
bcafb5,
baabad,
c4b5b6,
cebfbf,
cebfbf,
cebfbf,
cebfc0,
cdbec0,
cdbec1,
ccbdc2,
ccbec3,
ccbfc3,
ccbec2,
cbbdc0,
cbbdc0,
cbbcbf,
cbbcc0,
cbbcc1,
cabec4,
c8bfc6,
bdbac7,
b1b4c8,
809ecb,
4f88cd,
4989d2,
4389d7,
5b93d3,
729dcf,
abc2de,
e4e7ec,
ecedf0,
f3f3f3,
f7f7f7,
fbfbfb,
fafafa,
f9f9f9,
f6f6f6,
f3f3f3,
f5f5f5,
f6f6f6,
f9f9f9,
fcfcfc,
f9f9f9,
f6f6f6,
f5f5f5,
f3f3f3,
f7f7f7,
fafafa,
fafafa,
fafafa,
f7f7f7,
f3f3f3,
f5f5f5,
f6f6f6,
f9f9f9,
fcfcfc,
f9f9f9,
f6f6f6,
f5f5f5,
f3f3f3,
f6f6f6,
f9f9f9,
fafafa,
fbfbfb,
f7f7f7,
f3f3f3,
f4f4f4,
f5f5f5,
f8f8f8,
fbfbfb,
fbfbfb,
f5f5f5,
f7f7f7,
f9f9f9,
f9f9f9,
f9f9f9,
f7f7f7,
f5f5f5,
f6f6f6,
f7f7f7,
f8f8f8,
fafafa,
f8f8f8,
f7f7f7,
f6f6f6,
f5f5f5,
f7f7f7,
f8f8f8,
f8f8f8,
f9f9f9,
f7f7f7,
f5f5f5,
f6f6f6,
f6f6f6,
f8f8f8,
fafafa,
f8f8f8,
f7f7f7,
f6f6f6,
f5f5f5,
f7f7f7,
f8f8f8,
f9f9f9,
f9f9f9,
f7f7f7,
f5f5f5,
f6f6f6,
f6f6f6,
f8f8f8,
f9f9f9,
f8f8f8,
f8f8f8,
f6f6f6,
f5f5f5,
f6f6f6,
f8f8f8,
f9f9f9,
f9f9f9,
f7f7f7,
f6f6f6,
f6f6f6,
f6f6f6,
f7f7f7,
f9f9f9,
e9e9e9,
d9d9d9,
b6b5b4,
939290,
757471,
585652,
4f4d49,
464540,
5a5956,
6f6e6c,
9e9e9c,
cececd,
e0e0e0,
f3f3f3,
dde5ec,
c6d7e6,
82acd7,
3d82c9,
377fce,
317dd4,
3580d5,
3983d5,
3c84d1,
4085cd,
3a87d5,
3589dc,
3a8ad9,
3f8bd7,
7faedc,
bfd1e2,
d4dce3,
eae8e4,
dfdad2,
d5cdbf,
c9bda9,
bdae93,
b4a485,
ac9a78,
b8a88b,
c4b79f,
d3cab9,
e3ddd3,
e5e1d9,
e8e5df,
e6e4e2,
e5e4e5,
bccbdf,
94b2d9,
6e98cf,
497ec5,
4a7fc3,
4c81c1,
4983c8,
4786d0,
4a8dd5,
4c93db,
5194d5,
5594cf,
5892c8,
5a90c2,
598dbf,
598abd,
789fc8,
97b5d3,
bacde0,
dee6ed,
e9edf1,
f4f4f4,
f6f6f6,
f8f8f9,
f8f8f8,
f8f8f8,
eaeaea,
dddcdd,
d7d2d4,
d1c8cc,
d9cfd3,
e1d7da,
e1dbe0,
e2dfe7,
d9d8e2,
cfd2de,
d2d4e1,
d4d6e3,
cfd1e1,
cacbde,
d3d0dd,
ddd6db,
e4dce2,
eae3e8,
ede7ed,
f0ebf1,
f1ebf2,
f1ebf2,
ece5ec,
e8dfe6,
dbd3da,
cfc6ce,
c7bdc6,
beb5be,
bcb0b6,
baabae,
c4b5b6,
cebfbf,
cebfbf,
cebfbf,
cdbebf,
cdbec0,
ccbdc0,
cbbdc1,
cbbec2,
ccbfc2,
cbbec1,
cbbdc0,
cbbdc0,
cbbcbf,
cbbcc0,
cbbdc1,
cabec3,
c9bfc6,
bebac7,
b3b5c9,
819fcb,
5089ce,
4989d3,
4389d8,
4f8ed5,
5c93d2,
8db0d9,
bfcde0,
d8e0e9,
f2f3f3,
f6f6f6,
f9f9f9,
f9f9f9,
f8f8f8,
f7f7f7,
f5f5f5,
f6f6f6,
f7f7f7,
f8f8f8,
fafafa,
f8f8f8,
f7f7f7,
f6f6f6,
f5f5f5,
f7f7f7,
f9f9f9,
f9f9f9,
f9f9f9,
f7f7f7,
f5f5f5,
f6f6f6,
f7f7f7,
f8f8f8,
fafafa,
f8f8f8,
f7f7f7,
f6f6f6,
f5f5f5,
f7f7f7,
f8f8f8,
f9f9f9,
f9f9f9,
f7f7f7,
f5f5f5,
f6f6f6,
f6f6f6,
f8f8f8,
f9f9f9,
f9f9f9,
f7f7f7,
f7f7f7,
f7f7f7,
f7f7f7,
f7f7f7,
f7f7f7,
f7f7f7,
f7f7f7,
f7f7f7,
f7f7f7,
f7f7f7,
f7f7f7,
f7f7f7,
f7f7f7,
f7f7f7,
f7f7f7,
f7f7f7,
f7f7f7,
f7f7f7,
f7f7f7,
f7f7f7,
f7f7f7,
f7f7f7,
f7f7f7,
f7f7f7,
f7f7f7,
f7f7f7,
f7f7f7,
f7f7f7,
f7f7f7,
f7f7f7,
f7f7f7,
f7f7f7,
f7f7f7,
f7f7f7,
f7f7f7,
f7f7f7,
f7f7f7,
f7f7f7,
f7f7f7,
f7f7f7,
f7f7f7,
f7f7f7,
f7f7f7,
f7f7f7,
f7f7f7,
f7f7f7,
f7f7f7,
f7f7f7,
f7f7f7,
f7f7f7,
f7f7f7,
f7f7f7,
dadad9,
bcbcbb,
91908e,
666461,
585652,
4a4743,
42403c,
3a3834,
666563,
929291,
c3c3c2,
f3f3f3,
f5f5f5,
f7f7f7,
e6ebf0,
d4dfe9,
8bb0d7,
4180c4,
3a80ce,
3280d8,
3682d7,
3984d6,
3d85d1,
4186cc,
3b88d4,
358adc,
388ada,
3a89d8,
75a8db,
afc7de,
d3dfea,
f6f6f6,
f3f3f1,
f0efec,
ded8cd,
cbc1ae,
bdaf95,
af9d7c,
c4b7a0,
d9d1c4,
e6e1da,
f2f1ef,
f1f0ed,
efeeeb,
f3f2f1,
f6f5f6,
d9e2ed,
bbcee3,
82a7d7,
4880ca,
4a7fc4,
4b7ebd,
4c82c2,
4c85c7,
4f90d4,
519be0,
539de0,
549ee0,
5799d4,
5a94c8,
5d8fbd,
608ab2,
6893bd,
6f9bc8,
9bb8d6,
c6d5e4,
dee5ed,
f5f5f5,
f6f6f6,
f7f7f7,
f7f7f7,
f7f7f7,
f3f3f3,
efeeee,
e4e0e1,
d8d1d4,
e2dbdf,
ece5ea,
e7e3ea,
e2e0e9,
e2e0e9,
e1e0e9,
e2e0e9,
e2e0e9,
e1dfe8,
dfdde7,
e3dee6,
e6dfe4,
ebe4ea,
efe9ef,
f0eaf1,
f1ebf2,
f1ebf2,
f1ebf2,
efe8ef,
ece4eb,
dfd7de,
d2c9d0,
c9c0c8,
bfb6bf,
bdb1b7,
baabae,
c4b5b7,
cdbebf,
cdbebf,
cdbebe,
cdbebf,
ccbdbf,
cbbdc0,
cabcc0,
cbbdc1,
cbbec1,
cbbec1,
cbbdc0,
cbbdc0,
cbbcbf,
cbbdc0,
cbbdc1,
cabec3,
c9bfc5,
bfbac7,
b4b5c9,
839fcc,
5189ce,
4a89d4,
4289d9,
4489d7,
4689d5,
709ed4,
99b3d3,
c5d3e3,
f1f2f3,
f4f5f5,
f7f7f7,
f7f7f7,
f7f7f7,
f7f7f7,
f7f7f7,
f7f7f7,
f7f7f7,
f7f7f7,
f7f7f7,
f7f7f7,
f7f7f7,
f7f7f7,
f7f7f7,
f7f7f7,
f7f7f7,
f7f7f7,
f7f7f7,
f7f7f7,
f7f7f7,
f7f7f7,
f7f7f7,
f7f7f7,
f7f7f7,
f7f7f7,
f7f7f7,
f7f7f7,
f7f7f7,
f7f7f7,
f7f7f7,
f7f7f7,
f7f7f7,
f7f7f7,
f7f7f7,
f7f7f7,
f7f7f7,
f7f7f7,
f7f7f7,
f7f7f7,
fafafa,
f8f8f8,
f6f6f6,
f6f6f6,
f6f6f6,
f8f8f8,
fafafa,
f9f9f9,
f8f8f8,
f6f6f6,
f4f4f4,
f6f6f6,
f8f8f8,
f9f9f9,
fafafa,
f8f8f8,
f6f6f6,
f5f5f5,
f5f5f5,
f7f7f7,
f9f9f9,
f9f9f9,
f8f8f8,
f6f6f6,
f4f4f4,
f6f6f6,
f7f7f7,
f8f8f8,
fafafa,
f8f8f8,
f6f6f6,
f5f5f5,
f5f5f5,
f7f7f7,
f9f9f9,
f9f9f9,
f9f9f9,
f7f7f7,
f5f5f5,
f6f6f6,
f7f7f7,
f8f8f8,
fafafa,
f8f8f8,
f6f6f6,
f5f5f5,
f5f5f5,
f7f7f7,
f9f9f9,
f8f8f8,
f7f7f7,
eaeaea,
dededd,
b9b9b7,
949492,
767472,
575552,
4c4a47,
42403c,
53514e,
646360,
929290,
c0c0bf,
dbdbdb,
f7f7f7,
f6f6f6,
f5f5f5,
e9edf0,
dee5ec,
96b6d8,
4e87c4,
4084cf,
3382da,
3683d9,
3985d8,
3e86d1,
4387cb,
3d89d3,
368bdc,
378adb,
388ada,
69a2da,
9bbbda,
c9d9e9,
f7f7f7,
f0efec,
e9e6e1,
d8d0c3,
c6baa6,
c7bba6,
c7bba5,
d8d0c2,
eae5de,
eeece8,
f3f3f1,
f2f2f0,
f2f1f0,
f5f5f4,
f9f9f9,
e5eaf1,
d1dce8,
95b1d4,
5987c1,
4e81c2,
447bc4,
4980c4,
4f86c5,
5895d1,
61a4dd,
5fa6e1,
5da8e6,
5ea5e0,
60a3da,
619ed0,
6399c6,
6a9bc5,
709dc5,
88adce,
a1bed8,
bed1e2,
dce5ec,
e7ecf0,
f3f4f4,
f4f4f5,
f5f5f5,
f5f5f5,
f5f5f5,
e9e7e8,
ddd9db,
e3dde1,
e9e2e8,
e9e4eb,
eae6ee,
e9e6ee,
e9e6ee,
e9e6ee,
eae6ee,
e9e5ed,
e8e5ed,
eae5ec,
ece5eb,
eee8ee,
f0eaf1,
f1eaf1,
f1ebf2,
f1ebf1,
f1ebf1,
efe8ef,
eee6ec,
e2d9e0,
d6ccd3,
cbc1ca,
c1b7c0,
beb1b8,
bbacaf,
c4b5b7,
cdbebf,
cdbebe,
ccbebe,
ccbdbe,
ccbdbf,
cbbcbf,
cbbcc0,
cbbdc1,
ccbec2,
cbbec1,
cbbdc1,
cbbdc0,
cbbcc0,
cbbcc1,
cbbdc1,
cabec3,
c9bfc5,
c0bac6,
b6b6c8,
89a1c9,
5c8dca,
518bd0,
468ad6,
4589d6,
4589d6,
5d94d4,
75a0d2,
a5bfde,
d5dee9,
e5e9ef,
f4f5f5,
f5f5f5,
f6f6f6,
f8f8f8,
fafafa,
f9f9f9,
f8f8f8,
f6f6f6,
f4f4f4,
f6f6f6,
f8f8f8,
f9f9f9,
fafafa,
f8f8f8,
f6f6f6,
f6f6f6,
f6f6f6,
f8f8f8,
fafafa,
f9f9f9,
f8f8f8,
f6f6f6,
f4f4f4,
f6f6f6,
f8f8f8,
f9f9f9,
fafafa,
f8f8f8,
f6f6f6,
f5f5f5,
f5f5f5,
f7f7f7,
f9f9f9,
f9f9f9,
f8f8f8,
f6f6f6,
f5f5f5,
f5f5f5,
fcfcfc,
f8f8f8,
f4f4f4,
f4f4f4,
f4f4f4,
f8f8f8,
fcfcfc,
fafafa,
f8f8f8,
f5f5f5,
f1f1f1,
f5f5f5,
f8f8f8,
fafafa,
fcfcfc,
f8f8f8,
f4f4f4,
f4f4f4,
f3f3f3,
f7f7f7,
fbfbfb,
fafafa,
f9f9f9,
f5f5f5,
f1f1f1,
f4f4f4,
f7f7f7,
fafafa,
fcfcfc,
f8f8f8,
f4f4f4,
f4f4f4,
f3f3f3,
f7f7f7,
fbfbfb,
fbfbfb,
fafafa,
f6f6f6,
f2f2f2,
f4f4f4,
f6f6f6,
fafafa,
fdfdfd,
f9f9f9,
f5f5f5,
f4f4f4,
f2f2f2,
f6f6f6,
fafafa,
f9f8f8,
f7f6f6,
dedddc,
c4c4c2,
989895,
6c6b68,
5a5955,
484642,
413f3b,
393834,
646360,
8e8e8c,
bebebd,
eeeeed,
f4f4f4,
fafafa,
f6f6f6,
f2f2f2,
edeff0,
e8ebee,
a2bcd9,
5b8dc4,
4788d0,
3383db,
3685da,
3886d9,
3f87d1,
4588c9,
3e8ad3,
378bdc,
368bdc,
358adc,
5e9dd9,
86afd6,
bfd4e7,
f8f8f8,
edebe7,
e2ddd5,
d2c8ba,
c1b39e,
d0c6b6,
dfd9ce,
ede9e3,
faf9f8,
f7f7f6,
f4f4f3,
f4f4f4,
f4f4f4,
f8f8f8,
fcfcfc,
f2f3f5,
e7eaed,
a9bcd2,
6a8db7,
5383c1,
3c78ca,
477fc6,
5186c2,
619ace,
70add9,
6bb0e2,
66b2eb,
66b2eb,
65b1eb,
66ade2,
66a8d9,
6ca4cd,
719fc1,
76a3c7,
7ba6cc,
9fbdd8,
c2d4e3,
d9e2ea,
eff0f1,
f1f2f2,
f3f3f3,
f7f7f7,
fbfbfb,
efeeef,
e2e0e2,
e4e0e4,
e5dfe5,
ebe6ec,
f1ecf2,
f1ecf2,
f1ecf2,
f1ecf2,
f1ecf2,
f1ecf2,
f1ecf2,
f1ecf2,
f1ebf1,
f1ebf2,
f1ebf2,
f1ebf2,
f1eaf1,
f1eaf1,
f1eaf0,
f0e9ef,
efe7ed,
e4dbe2,
d9cfd6,
cec3cc,
c2b7c1,
bfb2b9,
bbacb0,
c4b5b7,
cdbdbe,
ccbdbe,
cbbdbd,
cbbdbe,
cbbcbf,
cbbcbf,
cbbcbf,
ccbdc1,
ccbec2,
cbbec2,
cabdc1,
cbbdc1,
cbbcc1,
cbbcc1,
cbbcc1,
cabdc3,
c9bec4,
c1bac6,
b8b6c7,
90a4c7,
6791c6,
588ecd,
498ad3,
4689d5,
4388d7,
4a8ad4,
508cd1,
85abd8,
b9cadf,
d5dee9,
f1f2f2,
f3f3f3,
f4f4f4,
f8f8f8,
fcfcfc,
fafafa,
f8f8f8,
f5f5f5,
f1f1f1,
f5f5f5,
f8f8f8,
fafafa,
fcfcfc,
f8f8f8,
f4f4f4,
f4f4f4,
f4f4f4,
f8f8f8,
fcfcfc,
fafafa,
f8f8f8,
f5f5f5,
f1f1f1,
f5f5f5,
f8f8f8,
fafafa,
fcfcfc,
f8f8f8,
f4f4f4,
f4f4f4,
f3f3f3,
f7f7f7,
fbfbfb,
fafafa,
f9f9f9,
f6f6f6,
f2f2f2,
f2f2f2,
f7f7f7,
f7f7f7,
f8f8f8,
f8f8f8,
f8f8f8,
f7f7f7,
f7f7f7,
f7f7f7,
f7f7f7,
f7f7f7,
f7f7f7,
f7f7f7,
f7f7f7,
f7f7f7,
f7f7f7,
f7f7f7,
f7f7f7,
f7f7f7,
f7f7f7,
f7f7f7,
f7f7f7,
f7f7f7,
f7f7f7,
f7f7f7,
f7f7f7,
f7f7f7,
f7f7f7,
f7f7f7,
f7f7f7,
f7f7f7,
f7f7f7,
f7f7f7,
f8f8f8,
f7f7f7,
f7f7f7,
f7f7f7,
f7f7f7,
f7f7f7,
f7f7f7,
f7f7f7,
f7f7f7,
f7f7f7,
f7f7f7,
f7f7f7,
f7f7f7,
f7f7f7,
f7f7f7,
f2f2f1,
ededec,
e2e1df,
d7d5d3,
b8b6b4,
999794,
817f7b,
696763,
54524e,
403e3a,
545350,
696966,
949492,
bfbfbe,
d8d8d7,
f1f1f1,
f4f4f4,
f7f7f7,
f7f7f7,
f7f7f7,
f4f4f5,
f0f2f4,
b5c9df,
7aa1cb,
5892d2,
3684d9,
3786d9,
3888da,
3e88d2,
4489ca,
3e8ad3,
378bdc,
368bdc,
358add,
5497d8,
73a4d4,
b0c9e2,
edeff0,
e9e8e6,
e6e2dc,
e1dbd2,
dcd4c9,
e3ddd5,
eae7e1,
f0eeeb,
f6f6f5,
f7f7f6,
f8f8f7,
f8f8f7,
f8f8f8,
f7f7f7,
f7f7f7,
e8e9eb,
d9dbde,
a5b3c3,
728aa8,
5a81b4,
4278c1,
457ec6,
4884cb,
5e99d2,
75afd9,
72b1df,
6eb4e6,
6ab3e8,
65b2eb,
65b0e7,
66aee3,
6aacdc,
6eaad5,
77acd3,
80afd2,
91b7d5,
a3c0d7,
b2c9dd,
c1d2e2,
cfdce8,
dee6ed,
e8ecf1,
f1f3f4,
ececee,
e8e6e8,
e4e1e4,
e1dbe0,
e9e3e8,
f1ecf1,
f1ecf1,
f1ecf2,
f1ecf2,
f1ecf2,
f1ecf2,
f1ecf2,
f1ecf2,
f1ecf2,
f1ebf2,
f1ebf2,
f1ebf1,
f1eaf0,
f1eaef,
f1eaef,
f1e8ee,
f0e7ed,
e6dce2,
dcd1d8,
cfc4cc,
c3b7c1,
beb1b8,
baabaf,
c3b4b6,
ccbdbd,
ccbdbd,
cbbdbd,
cbbcbe,
cbbcbf,
cbbcbf,
cbbcbf,
cbbdc0,
ccbec2,
cbbec1,
cabec1,
cabdc1,
cbbcc1,
cbbcc1,
cbbcc1,
cabdc3,
c9bec4,
c2bcc6,
bcb9c7,
abb5cb,
9ab1cf,
8faed4,
84acd9,
74a2d7,
6499d5,
5a92d3,
518cd1,
6d9dd4,
8aadd7,
b6cae2,
e1e7ed,
eceff2,
f7f7f7,
f7f7f7,
f7f7f7,
f7f7f7,
f7f7f7,
f7f7f7,
f7f7f7,
f7f7f7,
f7f7f7,
f7f7f7,
f7f7f7,
f7f7f7,
f8f8f8,
f8f8f8,
f8f8f8,
f7f7f7,
f7f7f7,
f7f7f7,
f7f7f7,
f7f7f7,
f7f7f7,
f7f7f7,
f7f7f7,
f7f7f7,
f7f7f7,
f7f7f7,
f7f7f7,
f7f7f7,
f8f8f8,
f7f7f7,
f7f7f7,
f7f7f7,
f7f7f7,
f7f7f7,
f7f7f7,
f7f7f7,
f2f2f2,
f7f7f7,
fbfbfb,
fbfbfb,
fbfbfb,
f7f7f7,
f2f2f2,
f4f4f4,
f5f5f5,
f9f9f9,
fdfdfd,
fafafa,
f6f6f6,
f4f4f4,
f2f2f2,
f6f6f6,
fafafa,
fbfbfb,
fbfbfb,
f7f7f7,
f2f2f2,
f4f4f4,
f5f5f5,
f9f9f9,
fdfdfd,
fafafa,
f7f7f7,
f5f5f5,
f2f2f2,
f6f6f6,
fafafa,
fbfbfb,
fcfcfc,
f7f7f7,
f2f2f2,
f3f3f3,
f4f4f4,
f8f8f8,
fcfcfc,
fafafa,
f8f8f8,
f5f5f5,
f1f1f1,
f5f5f5,
f9f9f9,
fbfbfb,
fcfcfc,
eeeeed,
e0dfdd,
cccac7,
b7b4b0,
938f8b,
6e6a66,
6a6662,
65625d,
4e4c47,
373531,
686764,
999997,
c4c4c3,
efefef,
f2f2f2,
f4f4f4,
f4f4f4,
f3f3f3,
f8f8f8,
fcfcfc,
fafafb,
f8f8f9,
c8d6e5,
98b4d1,
689dd4,
3885d6,
3887d9,
3789db,
3d89d3,
4389cb,
3d8ad4,
378bdc,
368bdd,
348add,
4a92d7,
5f99d1,
a0bfdc,
e1e5e7,
e6e6e5,
eae7e3,
f1eeeb,
f7f5f3,
f6f5f4,
f5f4f4,
f4f3f3,
f2f2f2,
f7f7f7,
fbfbfb,
fbfbfb,
fbfbfb,
f7f7f7,
f2f2f2,
dedfe1,
cacccf,
a2aab4,
7a8798,
617fa8,
4877b8,
437cc6,
3e81d3,
5c99d6,
7ab0d8,
78b3dc,
76b5e0,
6eb4e6,
65b3eb,
65b3ec,
65b3ec,
68b4ea,
6ab4e8,
77b6e0,
84b7d8,
84b1d2,
83abcb,
8bafcf,
92b3d3,
aec6dd,
c9d9e7,
d8e2ea,
e7eaed,
eaebed,
edeced,
e5e2e4,
dcd7da,
e6e1e5,
f0ebef,
f1ecf1,
f1ecf2,
f1ecf2,
f1ecf2,
f1ecf2,
f1ecf2,
f1ecf2,
f1ecf2,
f1ecf2,
f0ebf1,
f1ebf0,
f1eaef,
f1eaee,
f1e9ed,
f1e8ed,
f1e7ec,
e8dde3,
ded3d9,
d1c5cd,
c4b7c1,
beb0b7,
b8a9ad,
c2b3b5,
cbbdbc,
cbbdbc,
cbbcbc,
cbbcbe,
cbbcbf,
cbbcbf,
cbbcbf,
cbbdc0,
cbbec1,
cabec1,
c9bec0,
cabdc1,
cbbcc1,
cbbcc1,
cbbcc1,
cabdc3,
c8bec4,
c4bdc6,
c0bcc7,
c7c6cf,
cdd0d7,
c6cfdb,
bfcedf,
a2bcd9,
85a9d3,
6b9bd2,
518cd0,
568ecf,
5b90ce,
96b6db,
d1dbe8,
e6ebf1,
fafafa,
f6f6f6,
f2f2f2,
f4f4f4,
f6f6f6,
fafafa,
fdfdfd,
f9f9f9,
f5f5f5,
f4f4f4,
f2f2f2,
f7f7f7,
fbfbfb,
fbfbfb,
fbfbfb,
f7f7f7,
f2f2f2,
f4f4f4,
f5f5f5,
f9f9f9,
fdfdfd,
fafafa,
f6f6f6,
f4f4f4,
f2f2f2,
f6f6f6,
fafafa,
fbfbfb,
fcfcfc,
f7f7f7,
f2f2f2,
f4f4f4,
f5f5f5,
f9f9f9,
fcfcfc,
fcfcfc,
f6f6f6,
f7f7f7,
f9f9f9,
f9f9f9,
f9f9f9,
f7f7f7,
f6f6f6,
f6f6f6,
f7f7f7,
f8f8f8,
f9f9f9,
f8f8f8,
f7f7f7,
f6f6f6,
f6f6f6,
f7f7f7,
f8f8f8,
f8f8f8,
f9f9f9,
f7f7f7,
f6f6f6,
f6f6f6,
f7f7f7,
f8f8f8,
f9f9f9,
f8f8f8,
f7f7f7,
f6f6f6,
f6f6f6,
f7f7f7,
f8f8f8,
f8f8f8,
f9f9f9,
f7f7f7,
f6f6f6,
f6f6f6,
f6f6f6,
f7f7f7,
f9f9f9,
f8f8f8,
f8f8f8,
f6f6f6,
f5f5f5,
f6f6f6,
f7f7f7,
f2f2f0,
edecea,
dcd9d5,
cbc6c0,
bcb6ae,
ada69c,
979187,
817b72,
6f6a62,
5e5951,
615d57,
64615d,
949390,
c4c4c3,
dbdbdb,
f2f2f2,
f4f4f4,
f6f6f6,
f6f6f6,
f6f6f6,
f7f7f7,
f9f9f9,
f8f8f8,
f7f7f8,
dbe4ec,
c0d0e1,
89b2db,
5394d5,
4590d9,
388cdd,
3b8cd8,
3e8cd4,
3a8cd8,
378cdd,
358bdd,
348add,
438fd8,
5293d2,
96badd,
dae2e8,
e5e8eb,
f1efed,
f3f2f1,
f6f5f4,
f6f6f5,
f7f6f6,
f6f6f6,
f6f6f6,
f7f7f7,
f9f9f9,
f9f9f9,
f9f9f9,
f7f7f7,
f6f6f6,
e4e5e6,
d3d5d7,
a6acb4,
7a8491,
6a809e,
5a7dab,
4e7fbe,
4181d1,
5898d8,
70aedf,
78b4de,
81b9de,
77b7e2,
6db5e7,
69b4e9,
65b3ec,
66b3eb,
67b4ea,
6eb4e6,
75b5e1,
7ab2da,
7eb0d3,
84b0d1,
89b0cf,
90b6d6,
97bcdd,
a2c3e0,
aec9e2,
bcd0e3,
cbd7e4,
cdd4dd,
cfd1d6,
dcdbe0,
eae5e9,
ede9ee,
f1ecf2,
f1ecf2,
f1ecf2,
f1ecf2,
f1ecf2,
f1ecf2,
f1ecf2,
f1ecf1,
f1ebf1,
f1eaf0,
f1eaef,
f1e9ee,
f1e8ed,
f1e7ed,
f2e7ec,
e9dee4,
e1d5db,
d3c7ce,
c5b8c0,
beb0b5,
b6a8ab,
c1b2b4,
cbbdbd,
cbbcbc,
cbbcbc,
cbbcbd,
ccbcbf,
ccbcbf,
ccbcbf,
ccbdc0,
ccbec1,
cbbec0,
cabec0,
cbbdc0,
ccbdc1,
cbbcc1,
cbbcc1,
cabdc2,
c9bec4,
c4bdc5,
c0bcc7,
cdccd3,
dadbdf,
dadfe5,
dbe3eb,
cad7e7,
bacce2,
a3bede,
8db1da,
7da5d5,
6d9ad0,
89abd4,
a5bdd9,
cad7e6,
eff1f4,
f2f3f5,
f6f6f6,
f6f6f6,
f7f7f7,
f8f8f8,
f9f9f9,
f8f8f8,
f7f7f7,
f6f6f6,
f6f6f6,
f7f7f7,
f9f9f9,
f9f9f9,
f9f9f9,
f7f7f7,
f6f6f6,
f6f6f6,
f7f7f7,
f8f8f8,
f9f9f9,
f8f8f8,
f7f7f7,
f6f6f6,
f6f6f6,
f7f7f7,
f8f8f8,
f8f8f8,
f9f9f9,
f7f7f7,
f6f6f6,
f6f6f6,
f7f7f7,
f8f8f8,
f9f9f9,
f9f9f9,
f9f9f9,
f8f8f8,
f6f6f6,
f6f6f6,
f6f6f6,
f8f8f8,
f9f9f9,
f9f9f9,
f8f8f8,
f7f7f7,
f5f5f5,
f6f6f6,
f7f7f7,
f8f8f8,
f9f9f9,
f8f8f8,
f6f6f6,
f6f6f6,
f6f6f6,
f8f8f8,
f9f9f9,
f9f9f9,
f8f8f8,
f7f7f7,
f5f5f5,
f6f6f6,
f7f7f7,
f8f8f8,
f9f9f9,
f8f8f8,
f6f6f6,
f6f6f6,
f5f5f5,
f7f7f7,
f9f9f9,
f9f9f9,
f8f8f8,
f7f7f7,
f5f5f5,
f6f6f6,
f7f7f7,
f8f8f8,
f9f9f9,
f7f7f7,
f4f5f4,
e9e9e6,
dedcd8,
cac5be,
b5ada3,
aca396,
a29888,
9b9283,
948c7e,
756e62,
565045,
746f67,
918d88,
c0bebc,
efefef,
f2f2f2,
f5f5f5,
f7f7f7,
f8f8f8,
f8f8f8,
f8f8f8,
f7f7f7,
f5f5f5,
f6f6f6,
f6f6f6,
eff1f4,
e7ecf1,
abc7e3,
6ea2d4,
5398d9,
388ede,
388edd,
388edc,
378ddd,
368cdd,
358bdd,
348add,
3d8cd8,
458dd3,
8cb6de,
d2dee9,
e5ebf0,
f7f7f7,
f6f6f6,
f5f5f5,
f7f7f7,
f8f8f8,
f9f9f9,
f9f9f9,
f8f8f8,
f6f6f6,
f6f6f6,
f6f6f6,
f8f8f8,
f9f9f9,
eaebec,
dbddde,
aaafb4,
798189,
738294,
6c829e,
5882b6,
4481ce,
5597da,
65ace5,
78b5e0,
8bbddb,
80badf,
74b7e2,
6cb5e7,
64b3eb,
64b3ec,
64b3ec,
65b3eb,
66b3ea,
70b4e3,
79b4db,
7db1d3,
80adcb,
72a6cf,
649fd3,
6da4d5,
75a8d7,
8fb5d9,
a8c2db,
b5c6d7,
c2cad2,
d3d5db,
e3dfe3,
eae6eb,
f1ecf2,
f1ecf2,
f1ecf2,
f1ecf2,
f1ecf2,
f1ecf2,
f1ecf2,
f1ecf1,
f1ebf0,
f1eaef,
f0e9ee,
f1e8ee,
f1e7ed,
f2e7ed,
f2e6ec,
ebdfe5,
e3d7dd,
d5c8ce,
c6b9bf,
bdb0b4,
b4a6a8,
c0b1b3,
cbbcbd,
cbbcbd,
cbbbbc,
ccbcbd,
ccbcbe,
ccbcbe,
ccbcbe,
ccbdbf,
ccbdc0,
ccbdc0,
cbbdc0,
ccbdc0,
ccbdc0,
ccbdc0,
cbbcc0,
cabdc2,
c9bec4,
c5bdc5,
c0bcc6,
d3d1d7,
e6e6e7,
efefef,
f7f7f7,
f3f3f4,
eeeff1,
dce2ea,
c9d5e3,
a4bdda,
7ea4d1,
7ca1ce,
799eca,
aec3dc,
e3e8ed,
eef1f3,
f9f9f9,
f8f8f8,
f7f7f7,
f6f6f6,
f5f5f5,
f7f7f7,
f8f8f8,
f9f9f9,
f9f9f9,
f8f8f8,
f6f6f6,
f6f6f6,
f6f6f6,
f8f8f8,
f9f9f9,
f9f9f9,
f8f8f8,
f7f7f7,
f5f5f5,
f6f6f6,
f7f7f7,
f8f8f8,
f9f9f9,
f8f8f8,
f6f6f6,
f6f6f6,
f5f5f5,
f7f7f7,
f9f9f9,
f9f9f9,
f8f8f8,
f7f7f7,
f5f5f5,
f5f5f5,
fafafa,
f8f8f8,
f6f6f6,
f6f6f6,
f6f6f6,
f8f8f8,
fafafa,
f9f9f9,
f8f8f8,
f6f6f6,
f4f4f4,
f6f6f6,
f8f8f8,
f9f9f9,
fafafa,
f8f8f8,
f6f6f6,
f6f6f6,
f6f6f6,
f8f8f8,
fafafa,
f9f9f9,
f8f8f8,
f6f6f6,
f4f4f4,
f6f6f6,
f7f7f7,
f8f8f8,
fafafa,
f8f8f8,
f6f6f6,
f5f5f5,
f5f5f5,
f7f7f7,
fafafa,
f9f9f9,
f9f9f9,
f7f7f7,
f5f5f5,
f6f6f6,
f7f7f7,
f8f8f8,
fafafa,
efeeed,
e4e3e0,
d3d0ca,
c2bcb3,
bab3a8,
b3aa9d,
a4998b,
958979,
8a7f6e,
807664,
776f60,
6f685c,
948f88,
bab7b4,
d6d5d3,
f3f3f3,
f4f4f4,
f5f5f5,
f7f7f7,
f9f9f9,
f9f9f9,
f9f9f9,
f7f7f7,
f5f5f5,
f5f5f5,
f6f6f6,
f4f5f6,
f1f4f6,
cadbeb,
a3c2df,
7aaddc,
5298da,
4693db,
3a8fdd,
388edd,
378dde,
368cde,
358bde,
398bda,
3e8bd6,
7eafdd,
bfd2e4,
dbe5ee,
f7f7f7,
f6f6f6,
f4f4f4,
f6f6f6,
f8f8f8,
f9f9f9,
fafafa,
f8f8f8,
f6f6f6,
f6f6f6,
f6f6f6,
f8f8f8,
fafafa,
ebeced,
dddfe0,
aab0b4,
788189,
75818e,
728294,
6a88ae,
628fc7,
629cd4,
62a9e2,
6fb1e1,
7cb9e1,
7fbadf,
82bbde,
77b8e2,
6cb5e7,
68b4ea,
64b3ec,
65b3ec,
65b3eb,
6ab3e7,
6fb4e4,
74b2dd,
79b1d6,
77add3,
75a9d1,
72a8d4,
6ea8d8,
75abda,
7caedc,
85b0d7,
8eb2d3,
a9bfd6,
c4ccd9,
dadce5,
f1ecf2,
f1ecf2,
f1ecf2,
f1ecf2,
f1ecf2,
f1ecf2,
f1ecf2,
f1ebf1,
f1ebf0,
f1eaee,
f0e9ed,
f1e8ed,
f1e7ed,
f1e6ec,
f1e6eb,
ebdfe5,
e5d9df,
d6cad0,
c8bbc1,
bcafb3,
b1a3a5,
beb0b1,
cbbcbd,
cbbcbc,
cbbcbc,
ccbcbd,
ccbcbe,
ccbcbe,
ccbcbf,
ccbdc0,
ccbdc1,
ccbdc1,
ccbdc1,
ccbdc1,
ccbdc0,
ccbdc0,
cbbcc0,
cabdc2,
c9bec4,
c5bdc5,
c0bcc6,
d5d2d8,
e9e9ea,
f0f0f0,
f7f7f7,
f4f4f5,
f1f1f2,
e9ecf0,
e1e7ee,
ccd9e8,
b7cbe3,
a8bfdb,
9ab4d3,
b7c7db,
d4dbe4,
e6eaef,
f9f9fa,
f8f8f8,
f7f7f7,
f6f6f6,
f4f4f4,
f6f6f6,
f8f8f8,
f9f9f9,
fafafa,
f8f8f8,
f6f6f6,
f6f6f6,
f6f6f6,
f8f8f8,
fafafa,
f9f9f9,
f8f8f8,
f6f6f6,
f4f4f4,
f6f6f6,
f7f7f7,
f8f8f8,
fafafa,
f8f8f8,
f6f6f6,
f5f5f5,
f5f5f5,
f7f7f7,
fafafa,
f9f9f9,
f8f8f8,
f6f6f6,
f5f5f5,
f5f5f5,
fafafa,
f8f8f8,
f5f5f5,
f5f5f5,
f5f5f5,
f8f8f8,
fafafa,
f9f9f9,
f8f8f8,
f6f6f6,
f3f3f3,
f6f6f6,
f8f8f8,
f9f9f9,
fafafa,
f8f8f8,
f5f5f5,
f5f5f5,
f5f5f5,
f8f8f8,
fafafa,
f9f9f9,
f8f8f8,
f6f6f6,
f3f3f3,
f5f5f5,
f7f7f7,
f9f9f9,
fafafa,
f8f8f8,
f5f5f5,
f5f5f5,
f4f4f4,
f7f7f7,
fafafa,
fafafa,
f9f9f9,
f7f7f7,
f4f4f4,
f6f6f6,
f7f7f7,
f9f9f9,
fafafa,
e7e6e3,
d4d1cc,
bdb7ad,
a59c8e,
aba192,
b1a696,
9c9080,
877969,
796c5a,
6b5f4a,
79705e,
878072,
b5b0a9,
e2e0df,
ecebeb,
f6f6f6,
f5f5f5,
f4f4f4,
f7f7f7,
f9f9f9,
f9f9f9,
f9f9f9,
f7f7f7,
f4f4f4,
f5f5f5,
f6f6f6,
f9f9f9,
fbfbfb,
eaeef3,
d8e1ea,
a2c1e0,
6ba1d5,
5398d9,
3b8fdd,
398fde,
378ede,
368dde,
358bde,
368adb,
3789d8,
71a8dc,
abc6df,
d1dfeb,
f7f7f7,
f5f5f5,
f3f3f3,
f6f6f6,
f8f8f8,
f9f9f9,
fafafa,
f8f8f8,
f5f5f5,
f5f5f5,
f5f5f5,
f8f8f8,
fafafa,
edeeee,
dfe1e2,
abb1b5,
768088,
778189,
78818a,
7c8fa5,
7f9dc0,
6fa2cf,
5fa6de,
66aee3,
6cb5e7,
7ebae0,
8fbed9,
81bade,
73b6e3,
6cb5e8,
64b3ec,
64b3ec,
64b3ec,
65b3ec,
65b3ec,
6bb4e7,
71b4e1,
7cb4d8,
86b3ce,
77add3,
67a7d8,
5ca1db,
509add,
559ad8,
599ad3,
7fa9d1,
a5b8cf,
cbd2e0,
f0ebf1,
f1ecf2,
f1ecf2,
f1ecf2,
f1ecf2,
f1ecf2,
f1ecf2,
f1ebf1,
f1eaef,
f1eaee,
f0e9ec,
f1e8ec,
f1e6ec,
f1e6eb,
f0e5ea,
ebe0e5,
e6dbe0,
d8ccd2,
cabdc3,
bcafb2,
ada0a1,
bcaeaf,
cabcbc,
cbbcbc,
cbbcbc,
ccbcbd,
ccbcbd,
ccbcbf,
ccbcc0,
ccbdc1,
cbbdc1,
ccbdc2,
ccbdc2,
ccbdc1,
ccbdc0,
ccbdc0,
cbbcc0,
cabdc2,
c9bec4,
c5bdc5,
c0bcc5,
d6d4d9,
ecebec,
f2f1f2,
f7f7f7,
f5f5f5,
f3f3f3,
f6f6f6,
f8f8f8,
f4f5f6,
eff1f4,
d5dde8,
bbc9db,
c0ccdb,
c4cedb,
dfe4eb,
f9f9fa,
f8f8f9,
f7f7f7,
f5f5f5,
f3f3f3,
f6f6f6,
f8f8f8,
f9f9f9,
fafafa,
f8f8f8,
f5f5f5,
f5f5f5,
f5f5f5,
f8f8f8,
fafafa,
f9f9f9,
f8f8f8,
f6f6f6,
f3f3f3,
f5f5f5,
f7f7f7,
f9f9f9,
fafafa,
f8f8f8,
f5f5f5,
f5f5f5,
f4f4f4,
f7f7f7,
fafafa,
f9f9f9,
f8f8f8,
f6f6f6,
f4f4f4,
f4f4f4,
f6f6f6,
f7f7f7,
f8f8f8,
f8f8f8,
f8f8f8,
f7f7f7,
f6f6f6,
f6f6f6,
f7f7f7,
f8f8f8,
f9f9f9,
f8f8f8,
f7f7f7,
f6f6f6,
f6f6f6,
f7f7f7,
f8f8f8,
f8f8f8,
f8f8f8,
f7f7f7,
f6f6f5,
f5f5f5,
f5f5f5,
f6f6f6,
f7f7f8,
f7f7f7,
f7f7f7,
f6f6f6,
f6f6f6,
f7f7f7,
f8f8f8,
f8f8f8,
f8f8f8,
f7f7f7,
f6f6f6,
f6f6f6,
f7f7f7,
f8f8f8,
f9f9f9,
f8f8f8,
f7f7f7,
efeeed,
e6e5e4,
cdc9c3,
b4ada2,
a89f92,
9d9182,
9b8f7f,
998d7d,
897c6b,
796b5a,
786b58,
776c57,
938b7c,
afaaa1,
ccc9c4,
e9e8e8,
f0f0f0,
f8f8f8,
f8f8f8,
f9f9f9,
f8f8f8,
f7f7f7,
f6f6f6,
f6f6f6,
f7f7f7,
f9f9f9,
f8f8f8,
f8f8f8,
f7f7f7,
f6f6f6,
eff1f3,
e8edf1,
c8daea,
a8c7e4,
84b4e1,
60a1dd,
4e98dd,
3d90dd,
398edd,
368cde,
368bdc,
378bda,
65a0d9,
92b6d9,
c3d5e7,
f5f5f6,
f7f7f7,
f9f9f9,
f8f8f8,
f7f7f7,
f6f6f6,
f6f6f6,
f7f7f7,
f8f8f8,
f8f8f8,
f8f8f8,
f7f7f7,
f6f6f6,
dddedf,
c4c6c9,
989ea3,
6c767e,
6c757e,
6c757e,
7c8a99,
8d9fb4,
81a5c6,
75acd8,
6fafdf,
68b2e7,
74b6e3,
80bae0,
81bbe0,
82bce0,
77b9e4,
6cb6e9,
68b5ea,
64b4ec,
65b4ec,
67b5ed,
6ab5ea,
6eb6e7,
75b5e0,
7db5d9,
78b2da,
74afda,
64a6dc,
559edd,
539bdb,
5299d8,
6ca1d3,
86a9ce,
b6c6dd,
e7e4eb,
ece8ef,
f1ecf2,
f1ecf2,
f1ecf2,
f1ecf2,
f1ebf2,
f1ebf1,
f1eaef,
f1eaee,
f0e9ec,
f1e8ec,
f1e6ec,
f0e6eb,
f0e6ea,
ece1e6,
e8dde2,
daced3,
ccc0c5,
bbaeb1,
a99d9e,
b9abac,
c9baba,
cabbbc,
cbbcbd,
cbbcbe,
ccbcbf,
ccbcc0,
ccbcc1,
cbbcc1,
cbbdc1,
cbbdc1,
ccbdc2,
ccbdc1,
ccbdc0,
cbbcc0,
cbbcc0,
cabdc2,
c9bec4,
c4bcc3,
c0bac3,
d5d1d6,
eae9ea,
f0f0f0,
f7f7f7,
f8f8f8,
f9f9f9,
f8f8f8,
f7f7f7,
f4f4f5,
f1f2f3,
e6eaef,
dbe2ec,
dce2ea,
dde2e9,
e9ecef,
f5f5f6,
f6f6f6,
f7f7f7,
f8f8f8,
f9f9f9,
f8f8f8,
f7f7f7,
f6f6f6,
f6f6f6,
f7f7f7,
f8f8f8,
f8f8f8,
f8f8f8,
f7f7f7,
f6f6f6,
f6f6f6,
f7f7f7,
f8f8f8,
f9f9f9,
f8f8f8,
f7f7f7,
f6f6f6,
f6f6f6,
f7f7f7,
f8f8f8,
f8f8f8,
f8f8f8,
f7f7f7,
f6f6f6,
f6f6f6,
f6f6f6,
f7f7f7,
f9f9f9,
f9f9f9,
f1f1f1,
f6f6f6,
fbfbfb,
fbfbfb,
fbfbfb,
f6f6f6,
f1f1f1,
f3f3f3,
f5f5f5,
fafafa,
fefefe,
fafafa,
f6f6f6,
f4f4f4,
f1f1f1,
f6f6f6,
fafafa,
fbfbfb,
fbfbfb,
f6f6f6,
f1f1f0,
f1f1f1,
f1f1f1,
f6f6f7,
fbfbfc,
f9f9fa,
f7f7f7,
f4f4f4,
f1f1f1,
f6f6f6,
fafafa,
fbfbfb,
fcfcfc,
f7f7f7,
f2f2f2,
f3f3f3,
f4f4f4,
f9f9f9,
fdfdfd,
fafafa,
f7f7f7,
e5e4e2,
d2d0cd,
b3ada3,
938978,
948877,
948675,
8b7d6c,
817463,
766857,
6a5c4a,
776a57,
837864,
ada69a,
d6d3cf,
e3e2e0,
f0f0f0,
f5f5f5,
f9f9f9,
fbfbfb,
fdfdfd,
f9f9f9,
f4f4f4,
f4f4f4,
f3f3f3,
f8f8f8,
fdfdfd,
fbfbfb,
f9f9f9,
f5f5f5,
f0f0f0,
f4f4f4,
f7f8f7,
eef2f5,
e4ecf3,
b4cfe8,
84b2dd,
63a2dc,
4291db,
3c8fdd,
368cde,
378cdd,
378cdc,
5899d7,
79a5d2,
b6cce4,
f2f3f5,
f8f9fa,
fefefe,
fafafa,
f5f5f5,
f3f3f3,
f1f1f1,
f6f6f6,
fbfbfb,
fbfbfb,
fbfbfb,
f6f6f6,
f1f1f1,
cdced0,
a8abaf,
858b92,
626b74,
616a73,
606872,
7d848d,
9aa0a7,
93a9bd,
8bb1d2,
78b0dc,
64afe6,
6ab3e6,
70b6e6,
81bce2,
91c1dd,
82bde1,
73b8e5,
6cb6e9,
64b4ec,
66b5ed,
68b6ed,
6ab7ed,
6bb7ec,
6fb7e8,
73b6e4,
7ab6e0,
80b6dc,
6dacdd,
59a1dd,
529cdd,
4b97dd,
5998d5,
6799cd,
a2bbd9,
dddce5,
e7e4ec,
f1ecf2,
f1ecf2,
f1ecf2,
f1ebf2,
f1eaf2,
f1eaf1,
f1eaef,
f1eaee,
f0e9ec,
f1e8ec,
f1e6eb,
f0e6ea,
efe6e9,
ede3e6,
eadfe3,
dcd1d5,
cec2c6,
baaeb1,
a5999b,
b6a9aa,
c7b8b8,
c9babb,
cbbcbe,
cbbcbf,
cbbcc0,
cbbcc1,
cbbcc2,
cbbcc2,
cbbcc1,
cbbcc1,
cbbcc1,
cbbcc1,
cbbcc0,
cbbcc0,
cbbcc0,
cabdc2,
c9bdc3,
c4bbc2,
bfb8c0,
d3cfd4,
e7e6e7,
efefef,
f7f7f7,
fbfbfb,
fefefe,
fafafa,
f5f5f5,
f4f4f4,
f2f2f2,
f7f7f7,
fbfbfc,
f8f9fa,
f5f6f7,
f3f4f4,
f1f1f1,
f4f4f4,
f6f6f6,
fafafa,
fefefe,
fafafa,
f5f5f5,
f3f3f3,
f1f1f1,
f6f6f6,
fbfbfb,
fbfbfb,
fbfbfb,
f6f6f6,
f1f1f1,
f3f3f3,
f5f5f5,
fafafa,
fefefe,
fafafa,
f6f6f6,
f4f4f4,
f1f1f1,
f6f6f6,
fafafa,
fbfbfb,
fcfcfc,
f7f7f7,
f2f2f2,
f3f3f3,
f4f4f4,
f9f9f9,
fdfdfd,
fdfdfd,
f6f6f6,
f7f7f7,
f8f8f8,
f8f8f8,
f8f8f8,
f7f7f7,
f6f6f6,
f6f6f6,
f7f7f7,
f8f8f8,
f9f9f9,
f8f8f8,
f7f7f7,
f7f7f7,
f6f6f6,
f5f5f5,
f5f5f4,
ebeae9,
e2e0dd,
d9d7d3,
d0cdc9,
cfccc8,
cecbc7,
d3d1cd,
d8d7d4,
dedddb,
e5e4e3,
ecebea,
f3f3f2,
f5f5f5,
f8f8f8,
f8f8f8,
f8f8f8,
f7f7f7,
f6f6f6,
f6f6f6,
f7f7f6,
f6f6f6,
f6f5f5,
ecebea,
e2e1df,
c7c3be,
aba69e,
9a9184,
897d6b,
887b68,
887966,
80715d,
796a55,
756651,
71624d,
857967,
999182,
beb9b0,
e3e1df,
ecebea,
f6f6f6,
f7f7f7,
f8f8f8,
f8f8f8,
f8f8f8,
f7f7f7,
f7f7f7,
f7f7f7,
f7f7f7,
f7f7f7,
f8f8f8,
f8f8f8,
f7f7f7,
f6f6f6,
f6f6f6,
f6f6f6,
f7f7f7,
f1f3f5,
ecf0f3,
d3e1ef,
bbd3ea,
9cc2e5,
7cb0e1,
5f9fdd,
428fd9,
3d8dda,
398cdb,
5095d7,
679ed3,
a8c5e1,
e8ecf0,
f0f2f4,
f9f9f9,
f8f8f8,
f7f7f7,
f7f7f7,
f6f6f6,
f7f7f7,
f8f8f8,
f8f8f8,
f8f8f8,
f7f7f7,
f6f6f6,
dadbdd,
bec0c3,
94989e,
6a717a,
676d77,
646a75,
7f858d,
9ba0a6,
a6b4c1,
b2c8dc,
90bbdd,
6faede,
6db1e3,
6ab4e9,
76b8e5,
82bce2,
83bde1,
84bee1,
79bbe5,
6fb7e9,
6db7eb,
6cb8ed,
6cb8ec,
6db8ec,
77bae8,
81bce5,
8ebfe2,
9bc2e0,
7cb0db,
5e9dd7,
5497d8,
4a92da,
5292d4,
5a92ce,
8fb0d6,
c5cddd,
dbdde8,
f1ecf2,
f1ecf2,
f1ecf2,
f1ebf2,
f1eaf2,
f1eaf1,
f1eaef,
f1e9ed,
f0e9ec,
f0e7eb,
f0e6ea,
f0e6e9,
efe6e9,
eee3e6,
ece1e4,
ded2d6,
d1c4c8,
bcb0b3,
a79b9d,
b5a8aa,
c4b6b6,
c8b9ba,
cbbcbf,
cbbcc0,
cbbcc1,
cbbcc1,
cbbcc2,
cbbcc1,
cbbcc1,
cbbcc1,
cbbcc1,
cbbcc1,
cbbcc1,
cbbcc1,
cbbcc1,
cabcc2,
cabdc3,
c5bbc1,
c1b9c0,
d7d3d7,
eeedee,
f2f2f2,
f7f7f7,
f8f8f8,
f9f9f9,
f8f8f8,
f7f7f7,
f7f7f7,
f6f6f6,
f7f7f7,
f8f8f8,
f6f7f7,
f5f6f6,
f6f6f6,
f6f6f6,
f6f6f6,
f7f7f7,
f8f8f8,
f9f9f9,
f8f8f8,
f7f7f7,
f6f6f6,
f6f6f6,
f7f7f7,
f8f8f8,
f8f8f8,
f8f8f8,
f7f7f7,
f6f6f6,
f6f6f6,
f7f7f7,
f8f8f8,
f9f9f9,
f8f8f8,
f7f7f7,
f7f7f7,
f6f6f6,
f7f7f7,
f8f8f8,
f8f8f8,
f8f8f8,
f7f7f7,
f6f6f6,
f6f6f6,
f7f7f7,
f7f7f7,
f8f8f8,
f8f8f8,
fbfbfb,
f8f8f8,
f4f4f4,
f4f4f4,
f4f4f4,
f8f8f8,
fbfbfb,
fafafa,
f8f8f8,
f6f6f6,
f3f3f3,
f6f6f6,
f8f8f8,
fafafa,
fbfbfb,
f5f5f5,
efefee,
dcdad7,
c8c5bf,
bbb7b0,
aea9a1,
aca79f,
aaa59d,
b0aca4,
b5b2ab,
c4c2bd,
d2d1ce,
e3e3e1,
f4f4f3,
f5f5f4,
f5f5f5,
f5f5f5,
f4f4f4,
f7f7f7,
fafafa,
fafaf9,
f9f9f8,
f4f3f3,
eeeded,
dedcda,
cdcac7,
a9a39b,
847b6e,
827666,
7f705d,
7d6e5a,
7b6b56,
76664f,
716047,
74644c,
776850,
938978,
afa99f,
cfccc7,
efefee,
f5f5f5,
fbfbfb,
f9f9f9,
f6f6f6,
f5f5f5,
f3f3f3,
f6f6f6,
f9f9f9,
fafafa,
fafafa,
f7f7f7,
f3f3f3,
f4f4f4,
f5f5f5,
f8f8f8,
fbfbfb,
f9f9f9,
f6f6f6,
f5f5f5,
f3f3f3,
f3f4f5,
f2f4f7,
d4e2ef,
b6cfe6,
82b0dd,
4d91d4,
448fd7,
3b8cda,
4891d7,
5596d3,
9abedf,
dee5eb,
e9ecef,
f3f3f3,
f6f6f6,
f9f9f9,
fafafa,
fbfbfb,
f8f8f8,
f4f4f4,
f4f4f4,
f4f4f4,
f8f8f8,
fbfbfb,
e8e8e9,
d4d5d7,
a3a6ab,
72767f,
6d717c,
676c78,
82868e,
9c9fa4,
babfc5,
d8dfe5,
a9c6de,
7aadd6,
6fb0e1,
64b2eb,
6bb5e9,
72b7e6,
83bee2,
94c4dd,
87bfe1,
79bae5,
74bae9,
6fb9ec,
6fb9ec,
6fb8eb,
7fbde9,
8fc1e6,
a2c8e5,
b5cee3,
8cb4da,
6399d0,
5693d3,
498cd6,
4b8cd3,
4c8bcf,
7da5d2,
adbed5,
cfd5e4,
f1ecf2,
f1ecf2,
f1ecf2,
f1ebf2,
f1eaf2,
f1eaf1,
f1eaef,
f1e9ed,
f0e8eb,
f0e7ea,
efe6e8,
efe6e8,
efe5e8,
efe4e7,
eee2e5,
e1d4d8,
d3c6ca,
beb2b5,
a89d9f,
b5a8aa,
c1b3b4,
c6b7ba,
cbbbbf,
cbbcc0,
cbbcc1,
cbbcc1,
cbbcc1,
cbbcc1,
cbbcc1,
cbbcc1,
cbbcc1,
cbbcc1,
cbbcc1,
cbbcc1,
cbbcc1,
cbbcc2,
cabcc2,
c6bbc1,
c2babf,
dbd7da,
f4f4f4,
f6f6f6,
f7f7f7,
f5f5f5,
f3f3f3,
f6f6f6,
f9f9f9,
fafafa,
fafafa,
f7f7f7,
f4f4f4,
f5f5f5,
f5f5f5,
f8f8f8,
fbfbfb,
f9f9f9,
f7f7f7,
f5f5f5,
f3f3f3,
f6f6f6,
f8f8f8,
fafafa,
fbfbfb,
f8f8f8,
f4f4f4,
f4f4f4,
f4f4f4,
f8f8f8,
fbfbfb,
fafafa,
f8f8f8,
f6f6f6,
f3f3f3,
f6f6f6,
f8f8f8,
fafafa,
fbfbfb,
f8f8f8,
f5f5f5,
f5f5f5,
f4f4f4,
f7f7f7,
fafafa,
fafafa,
f9f9f9,
f6f6f6,
f3f3f3,
f3f3f3,
fafafa,
f7f7f7,
f5f5f5,
f5f5f5,
f5f5f5,
f7f7f7,
fafafa,
f9f9f9,
f8f8f8,
f6f6f6,
f4f4f4,
f6f6f6,
f8f8f8,
f7f7f7,
f7f6f6,
e9e7e5,
dcd9d4,
c0bbb3,
a49d92,
a8a299,
ada7a0,
afaaa3,
b1ada6,
aca8a0,
a8a39a,
a9a49c,
aba69e,
bcb7b1,
ccc8c4,
d4d1ce,
dcdad9,
dddbda,
dedcdb,
e1dfde,
e4e3e1,
e1dfdc,
dddbd8,
d8d5d2,
d4d0cc,
c5c0b9,
b7b0a7,
9d9386,
827665,
7e705c,
796953,
796952,
7a6a52,
807059,
867761,
958976,
a59b8c,
bbb4aa,
d1cdc8,
e2e0dd,
f3f3f3,
f7f7f6,
fafafa,
f8f8f8,
f7f7f7,
f6f6f6,
f5f5f5,
f7f7f7,
f9f9f9,
f9f9f9,
f9f9f9,
f7f7f7,
f5f5f5,
f5f5f5,
f6f6f6,
f8f8f8,
fafafa,
f8f8f8,
f7f7f7,
f6f6f6,
f5f5f5,
f5f5f6,
f5f6f8,
e3ebf2,
d2dfec,
9bbee0,
659dd5,
5799d8,
4994db,
4d93d6,
5193d1,
8fb6db,
ced9e4,
e1e7ec,
f4f4f4,
f6f6f6,
f9f9f9,
f9f9f9,
fafafa,
f7f7f7,
f5f5f5,
f5f5f5,
f5f5f5,
f7f7f7,
fafafa,
eeefef,
e3e4e5,
b1b3b8,
7f838b,
747882,
696e7a,
777c85,
868b91,
adb1b6,
d4d8db,
bccedc,
a4c4de,
87bbe1,
6ab2e5,
6bb4e7,
6bb6e9,
76bae5,
82bde1,
80bce2,
7ebbe3,
77bae6,
70b9ea,
7bbce9,
85c0e8,
9fcbea,
bad6ec,
c8dcec,
d6e3ed,
b2cae2,
8eb2d8,
6fa0d7,
508fd6,
508ed5,
4f8ed3,
76a0d1,
9cb2d0,
c5cddf,
ede9ef,
efeaf1,
f1ecf2,
f1ebf2,
f1ebf1,
f1eaf0,
f1e9ee,
f1e8ed,
f1e7eb,
f0e6ea,
f0e6e8,
f0e5e8,
f0e5e7,
f0e4e6,
efe3e6,
e3d5d9,
d6c7cc,
bfb2b6,
a99ea0,
b2a6a8,
bbafb0,
c3b5b7,
cbbcbf,
cbbcc0,
cbbcc1,
cbbcc1,
cbbcc1,
cbbcc1,
cbbcc1,
cbbcc1,
cbbcc1,
cbbcc1,
cbbcc1,
cbbcc1,
cbbcc1,
cbbcc1,
cabbc1,
c6babf,
c1b9bd,
dbd7d8,
f4f4f4,
f6f6f6,
f7f7f7,
f6f6f6,
f4f4f4,
f6f6f6,
f9f9f9,
f9f9f9,
f9f9f9,
f7f7f7,
f5f5f5,
f5f5f5,
f6f6f6,
f8f8f8,
fafafa,
f8f8f8,
f7f7f7,
f6f6f6,
f4f4f4,
f6f6f6,
f8f8f8,
f9f9f9,
fafafa,
f7f7f7,
f5f5f5,
f5f5f5,
f5f5f5,
f7f7f7,
fafafa,
f9f9f9,
f8f8f8,
f6f6f6,
f4f4f4,
f6f6f6,
f8f8f8,
f9f9f9,
fafafa,
f8f8f8,
f6f6f6,
f5f5f5,
f5f5f5,
f7f7f7,
f9f9f9,
f9f9f9,
f9f9f9,
f7f7f7,
f5f5f5,
f5f5f5,
f8f8f8,
f7f7f7,
f6f6f6,
f6f6f6,
f6f6f6,
f7f7f7,
f8f8f8,
f8f8f8,
f7f7f7,
f6f6f6,
f5f5f5,
f6f6f6,
f7f7f7,
f5f4f4,
f2f1f1,
dddad6,
c8c2ba,
a49b8f,
7f7464,
958d81,
aba59e,
b2ada7,
b8b4af,
a9a49c,
9a9388,
8f877b,
847a6e,
948b81,
a49b94,
b4ada8,
c3bfbc,
c5c2bf,
c7c4c2,
cbc8c5,
cecbc7,
c8c4bf,
c1bcb7,
bdb8b1,
b9b3ab,
ada599,
a19686,
918471,
80715b,
7a6a52,
736249,
76654b,
78684d,
897b64,
9a8e7b,
b7aea1,
d3cec7,
e3e0dc,
f2f1f1,
f5f4f4,
f7f7f7,
f8f8f8,
f9f9f9,
f8f8f8,
f7f7f7,
f7f7f7,
f6f6f6,
f7f7f7,
f8f8f8,
f8f8f8,
f8f8f8,
f7f7f7,
f6f6f6,
f6f6f6,
f6f6f6,
f8f8f8,
f9f9f9,
f8f8f8,
f7f7f7,
f7f7f7,
f6f6f6,
f7f7f7,
f8f8f8,
f3f4f5,
edeff1,
b5cce3,
7ca9d5,
69a3d9,
569cdc,
5196d6,
4c8fcf,
85aed6,
bdcddd,
d9e1e9,
f5f5f5,
f7f7f7,
f8f8f8,
f8f8f8,
f8f8f8,
f7f7f7,
f6f6f6,
f6f6f6,
f6f6f6,
f7f7f7,
f8f8f8,
f5f5f5,
f2f2f2,
bfc1c4,
8c8f96,
7b8089,
6a707c,
6d737d,
70767d,
a0a3a7,
cfd0d1,
ced5db,
cddae5,
9fc6e2,
70b1df,
6ab3e6,
64b5ec,
6ab6e9,
6fb6e5,
79b9e3,
82bce1,
7abae4,
71b8e7,
86c0e6,
9bc7e4,
c0d9eb,
e4ebf1,
edf1f4,
f6f7f7,
d8e1eb,
b9cbdf,
88aedb,
5791d6,
5591d7,
5290d7,
6f9bd1,
8ba6ca,
bac6db,
e9e5ec,
ede9ef,
f1ecf2,
f1ecf1,
f1ebf0,
f1eaef,
f1e8ed,
f1e7ec,
f1e6eb,
f1e6ea,
f0e5e8,
f1e5e7,
f1e4e6,
f1e4e6,
f0e3e6,
e5d6da,
d9c8cd,
c1b3b7,
a99ea0,
afa4a6,
b5aaab,
c0b3b5,
cabcbf,
cbbcc0,
cbbcc1,
cbbcc1,
cbbcc1,
cbbcc1,
cbbcc1,
cbbcc1,
cbbcc1,
cbbcc1,
cbbcc1,
cbbcc1,
cbbcc1,
cbbbc0,
cababf,
c5b9bd,
c0b8ba,
dad6d7,
f4f4f4,
f6f6f6,
f7f7f7,
f6f6f6,
f5f5f5,
f7f7f7,
f8f8f8,
f8f8f8,
f8f8f8,
f7f7f7,
f6f6f6,
f6f6f6,
f6f6f6,
f7f7f7,
f8f8f8,
f8f8f8,
f7f7f7,
f6f6f6,
f5f5f5,
f6f6f6,
f7f7f7,
f8f8f8,
f8f8f8,
f7f7f7,
f6f6f6,
f6f6f6,
f6f6f6,
f7f7f7,
f8f8f8,
f8f8f8,
f7f7f7,
f6f6f6,
f5f5f5,
f6f6f6,
f7f7f7,
f8f8f8,
f8f8f8,
f7f7f7,
f6f6f6,
f6f6f6,
f6f6f6,
f7f7f7,
f8f8f8,
f8f8f8,
f8f8f8,
f7f7f7,
f6f6f6,
f6f6f6,
f5f5f5,
f7f7f7,
f9f9f9,
f9f9f9,
f9f9f9,
f7f7f7,
f5f5f5,
f6f6f6,
f6f6f6,
f8f8f8,
f9f9f9,
f8f8f8,
f7f7f7,
f0f0ef,
eae9e8,
d8d4ce,
c7c0b5,
aaa194,
8d8273,
a8a197,
c3c0bb,
cdcac6,
d6d4d2,
c3bfba,
afaaa2,
91887d,
726658,
7f7365,
8c8072,
968b7f,
9f968c,
9d958b,
9c938b,
9d958d,
9e978e,
a69f96,
aea79e,
ada59b,
aca499,
a09688,
948877,
8b7d6a,
81725e,
82735e,
84745e,
91836e,
9e927f,
b0a697,
c2bbb0,
d2cec7,
e3e1dd,
edecea,
f7f7f7,
f8f7f7,
f8f8f8,
f7f7f7,
f5f5f5,
f7f7f7,
f8f8f8,
f9f9f9,
f9f9f9,
f8f8f8,
f6f6f6,
f6f6f6,
f6f6f6,
f7f7f7,
f9f9f9,
f8f8f8,
f8f8f8,
f6f6f6,
f5f5f5,
f6f6f6,
f8f8f8,
f8f8f8,
f9f9f9,
f8f8f8,
f6f6f6,
f1f2f3,
ecedef,
b6cce1,
81abd3,
6fa6da,
5da1e1,
5a9cda,
5797d4,
86afd6,
b5c7d8,
d7e0e9,
f9f9f9,
f8f8f8,
f7f7f7,
f6f6f6,
f5f5f5,
f7f7f7,
f9f9f9,
f9f9f9,
f9f9f9,
f7f7f7,
f5f5f5,
f4f4f4,
f3f3f3,
c4c5c8,
95989e,
7f828b,
686d78,
6a6f79,
6d727b,
8e9197,
b0b1b4,
c7ccd0,
dfe6ec,
b7d2e6,
8fbfe0,
7abae5,
66b5eb,
68b6e9,
6bb6e8,
74b8e5,
7dbae2,
88bfe3,
93c4e5,
acd1e9,
c6deed,
dbe8f2,
f0f3f7,
f2f4f6,
f4f5f5,
e4e9ee,
d4dde8,
afc7e2,
8bb0dd,
8ab1dd,
8ab1de,
9eb9da,
b2c1d5,
cad0dd,
e3dfe5,
eae6eb,
f1ecf2,
f1ecf1,
f1ebf0,
f1e9ee,
f1e8ed,
f1e7ec,
f1e6eb,
f0e5e9,
f0e4e8,
f0e3e6,
f1e3e5,
f0e2e5,
f0e2e4,
e5d5d8,
dac8cd,
c5b6b9,
b0a4a6,
b1a6a8,
b2a9aa,
bdb2b4,
c9bbbe,
cabcbf,
cbbcc1,
cbbcc1,
cbbcc1,
cbbcc1,
cbbcc1,
cbbcc1,
cbbcc1,
cbbcc1,
cbbcc1,
cbbcc1,
cbbcc1,
cabbbf,
cababe,
c4b7bb,
beb5b7,
d7d3d4,
f1f1f1,
f4f4f4,
f7f7f7,
f8f8f8,
f9f9f9,
f8f8f8,
f7f7f7,
f6f6f6,
f5f5f5,
f7f7f7,
f9f9f9,
f9f9f9,
f8f8f8,
f7f7f7,
f5f5f5,
f6f6f6,
f7f7f7,
f8f8f8,
f9f9f9,
f8f8f8,
f6f6f6,
f6f6f6,
f5f5f5,
f7f7f7,
f9f9f9,
f9f9f9,
f9f9f9,
f7f7f7,
f5f5f5,
f6f6f6,
f7f7f7,
f8f8f8,
f9f9f9,
f8f8f8,
f7f7f7,
f6f6f6,
f5f5f5,
f7f7f7,
f8f8f8,
f9f9f9,
f9f9f9,
f7f7f7,
f5f5f5,
f6f6f6,
f7f7f7,
f8f8f8,
f9f9f9,
f9f9f9,
f2f2f2,
f7f7f7,
fbfbfb,
fbfbfb,
fbfbfb,
f7f7f7,
f2f2f2,
f4f4f4,
f5f5f5,
f9f9f9,
fdfdfd,
fafafa,
f6f6f6,
ecebea,
e1e0de,
d4cfc7,
c6beaf,
b0a798,
9a9081,
bbb5ad,
dbdad8,
e8e7e6,
f4f4f4,
dcdad8,
c4c0bb,
92897e,
605241,
6a5b49,
746450,
786956,
7b6d5b,
766858,
706254,
6f6355,
6e6355,
857a6d,
9b9184,
9d9386,
9f9587,
938878,
877a68,
857764,
827360,
8b7d69,
948672,
aca191,
c3bcb0,
d6d2cb,
e9e7e5,
eeedec,
f3f3f3,
f8f8f8,
fcfcfc,
fbfbfb,
f9f9f9,
f5f5f5,
f1f1f1,
f5f5f5,
f9f9f9,
fbfbfb,
fcfcfc,
f8f8f8,
f4f4f4,
f4f4f4,
f3f3f3,
f8f8f8,
fcfcfc,
fbfbfb,
f9f9f9,
f5f5f5,
f1f1f1,
f5f5f5,
f8f8f8,
fafafa,
fcfcfc,
f8f8f8,
f4f4f4,
f0f0f1,
ebebed,
b8ccdf,
85acd1,
74a9db,
63a6e5,
62a3df,
619fd9,
87b0d6,
adc0d3,
d5dfe8,
fdfdfd,
f9f9f9,
f5f5f5,
f4f4f4,
f2f2f2,
f7f7f7,
fbfbfb,
fbfbfb,
fbfbfb,
f7f7f7,
f2f2f2,
f3f3f3,
f4f4f4,
c9cacd,
9ea0a5,
82858d,
666974,
686b76,
696d78,
7d8088,
909297,
c1c2c5,
f1f2f3,
cfdfea,
adcce1,
8ac1e5,
67b5e9,
67b6ea,
67b6eb,
70b7e7,
78b8e2,
96c4e2,
b4cfe2,
d2e2ec,
f0f4f6,
f6f8f9,
fbfbfc,
f7f7f7,
f2f2f2,
f0f1f1,
eeeff0,
d6dfea,
becfe3,
c0d1e4,
c2d2e5,
cdd7e3,
d8dbe0,
dbdadf,
ddd9dd,
e7e3e7,
f1ecf1,
f1ecf0,
f1ebef,
f1e9ee,
f1e7ec,
f1e6eb,
f0e5ea,
f0e4e9,
f0e3e7,
f0e2e6,
f0e1e4,
f0e1e3,
efe0e2,
e5d4d7,
dac8cc,
c9b9bc,
b7aaac,
b3a9aa,
aea7a8,
bbb1b3,
c8babd,
cabbbf,
cbbcc0,
cbbcc1,
cbbcc1,
cbbcc1,
cbbcc1,
cbbcc1,
cbbcc1,
cbbcc1,
cbbcc1,
cbbcc1,
cbbcc0,
cabbbf,
c9b9bd,
c3b6b9,
bcb2b4,
d5d0d1,
ededed,
f2f2f2,
f7f7f7,
fafafa,
fdfdfd,
f9f9f9,
f5f5f5,
f4f4f4,
f2f2f2,
f7f7f7,
fcfcfc,
fbfbfb,
fafafa,
f6f6f6,
f2f2f2,
f4f4f4,
f6f6f6,
fafafa,
fdfdfd,
f9f9f9,
f5f5f5,
f4f4f4,
f2f2f2,
f7f7f7,
fbfbfb,
fbfbfb,
fbfbfb,
f7f7f7,
f2f2f2,
f4f4f4,
f6f6f6,
fafafa,
fdfdfd,
fafafa,
f6f6f6,
f4f4f4,
f2f2f2,
f6f6f6,
fafafa,
fbfbfb,
fcfcfc,
f7f7f7,
f2f2f2,
f4f4f4,
f5f5f5,
f9f9f9,
fcfcfc,
fcfcfc,
f7f7f7,
f7f7f7,
f7f7f7,
f7f7f7,
f7f7f7,
f7f7f7,
f7f7f7,
f7f7f7,
f7f7f7,
f7f7f7,
f7f7f7,
f7f7f7,
f7f7f7,
f2f2f1,
ededeb,
e1ded8,
d4cfc5,
c7c0b6,
b9b2a7,
d0ccc5,
e7e6e4,
eeeeed,
f6f6f6,
e2e0de,
cdcac6,
9d948a,
6c5f4d,
6e604c,
71624b,
72644f,
746754,
756858,
76695c,
7f7468,
898074,
978d80,
a59b8d,
9d9283,
958a79,
8f8271,
897b69,
7f715f,
766854,
8d806f,
a3998b,
beb7ad,
d9d5cf,
e5e3df,
f2f1f0,
f5f4f4,
f7f7f7,
f7f7f7,
f7f7f7,
f7f7f7,
f8f8f8,
f7f7f7,
f7f7f7,
f7f7f7,
f8f8f8,
f7f7f7,
f7f7f7,
f7f7f7,
f7f7f7,
f7f7f7,
f7f7f7,
f7f7f7,
f7f7f7,
f7f7f7,
f7f7f7,
f7f7f7,
f7f7f7,
f7f7f7,
f7f7f7,
f7f7f7,
f7f7f7,
f7f7f7,
f7f7f7,
f4f4f5,
f1f1f3,
bccfe2,
87aed1,
75aadb,
64a7e5,
6aa7e0,
70a7db,
9abcdd,
c5d2df,
dee5eb,
f7f7f7,
f7f7f7,
f7f7f7,
f7f7f7,
f7f7f7,
f7f7f7,
f7f7f7,
f7f7f7,
f7f7f7,
f7f7f7,
f7f7f7,
f7f7f7,
f6f6f6,
cfd0d2,
a9aaaf,
888a91,
676a74,
696c76,
6b6f79,
747780,
7e8088,
abacb1,
d8d9da,
d0dbe2,
c9ddea,
a2cbe7,
7abae5,
7ebbe5,
82bde5,
95c6e6,
a9cfe7,
c0daeb,
d7e5ef,
e5edf2,
f2f4f5,
f5f6f6,
f7f7f8,
f7f7f7,
f7f7f7,
f5f6f6,
f4f5f5,
e6ebf0,
d8e1eb,
dae3ec,
dde5ee,
e3e8ee,
eaebee,
e2e1e3,
dad6d9,
e5e0e4,
f0ebf0,
f1ebef,
f1ebef,
f1e9ee,
f1e7ec,
f1e6eb,
f0e5e9,
f0e4e7,
f0e2e6,
f0e1e4,
efe0e3,
efdfe2,
efdfe1,
e5d4d6,
dbc8cb,
ccbbbe,
beafb1,
bbb0b2,
b8b1b2,
bfb4b6,
c6b8bb,
c8babd,
cbbcbf,
cbbcc0,
cbbcc1,
cbbcc1,
cbbcc1,
cbbcc1,
cbbcc1,
cbbcc0,
cbbcc0,
cbbcbf,
cbbcbf,
cababe,
cab9bd,
c4b6b9,
beb4b6,
d8d3d4,
f3f3f3,
f5f5f5,
f7f7f7,
f7f7f7,
f7f7f7,
f7f7f7,
f7f7f7,
f7f7f7,
f7f7f7,
f7f7f7,
f8f8f8,
f7f7f7,
f7f7f7,
f7f7f7,
f7f7f7,
f7f7f7,
f7f7f7,
f7f7f7,
f7f7f7,
f7f7f7,
f7f7f7,
f7f7f7,
f7f7f7,
f7f7f7,
f7f7f7,
f7f7f7,
f7f7f7,
f7f7f7,
f7f7f7,
f7f7f7,
f7f7f7,
f7f7f7,
f7f7f7,
f7f7f7,
f7f7f7,
f7f7f7,
f7f7f7,
f7f7f7,
f7f7f7,
f7f7f7,
f8f8f8,
f7f7f7,
f7f7f7,
f7f7f7,
f7f7f7,
f7f7f7,
f7f7f7,
f7f7f7,
fcfcfc,
f8f8f8,
f3f3f3,
f3f3f3,
f3f3f3,
f8f8f8,
fcfcfc,
fafafa,
f8f8f8,
f5f5f5,
f1f1f1,
f4f4f4,
f7f7f7,
f8f8f8,
f9f9f8,
eeece9,
e2dfda,
ddd9d3,
d8d3cc,
e5e2de,
f2f1f0,
f5f5f4,
f8f8f8,
e7e6e5,
d6d4d1,
a7a095,
786b59,
736550,
6d5f46,
6d6049,
6d604c,
746858,
7b7063,
90867b,
a49c93,
aaa194,
afa595,
9d9280,
8b7e6a,
8b7d6a,
8a7c6a,
7a6c59,
6a5c48,
8e8476,
b2aca3,
d0cdc8,
eeeeed,
f5f5f4,
fbfbfb,
fbfbfb,
fbfbfb,
f7f7f7,
f2f2f2,
f4f4f4,
f6f6f6,
fafafa,
fdfdfd,
fafafa,
f6f6f6,
f4f4f4,
f2f2f2,
f6f6f6,
fafafa,
fbfbfb,
fbfbfb,
f7f7f7,
f2f2f2,
f4f4f4,
f5f5f5,
f9f9f9,
fdfdfd,
fafafa,
f6f6f6,
f4f4f4,
f2f2f2,
f6f6f6,
fafafa,
f8f9f9,
f6f7f8,
c0d3e5,
89afd1,
77abdb,
64a7e5,
71abe1,
7eaedd,
aec9e4,
dde4ea,
e7ebee,
f1f1f1,
f5f5f5,
f9f9f9,
fbfbfb,
fcfcfc,
f8f8f8,
f3f3f3,
f3f3f3,
f3f3f3,
f8f8f8,
fcfcfc,
fafafa,
f8f8f8,
d6d6d8,
b3b4b8,
8d9096,
676b73,
6a6e77,
6c707a,
6c6f79,
6b6e78,
95979d,
bebfc1,
d2d6da,
e5edf2,
b9d6e9,
8dbee0,
95c1e0,
9cc4df,
bbd5e6,
d9e5ec,
eaf0f4,
fafbfb,
f7f8f8,
f4f4f4,
f4f4f4,
f3f3f3,
f7f7f7,
fbfbfb,
fbfbfb,
fafafa,
f6f6f6,
f2f2f2,
f5f5f5,
f7f7f7,
f9f9f9,
fbfbfb,
e9e7e8,
d6d3d5,
e3dee2,
efe9ee,
f0eaef,
f1eaef,
f1e9ee,
f1e7ec,
f1e6ea,
f0e5e8,
f0e3e6,
f0e1e4,
efe0e3,
eedee1,
eedee0,
eededf,
e5d3d5,
dcc8ca,
d0bec0,
c4b3b6,
c3b7b9,
c1bbbc,
c3b8ba,
c4b5b8,
c7b8bb,
cabbbe,
cbbcbf,
cbbcc0,
cbbcc0,
cbbcc0,
cbbcc0,
cbbcc0,
cbbcc0,
cbbbbf,
cbbbbe,
cbbbbd,
cbbabd,
cab9bc,
c5b7ba,
c0b5b7,
dcd7d8,
f8f8f8,
f8f8f8,
f7f7f7,
f4f4f4,
f1f1f1,
f5f5f5,
f9f9f9,
fafafa,
fbfbfb,
f7f7f7,
f3f3f3,
f4f4f4,
f4f4f4,
f8f8f8,
fcfcfc,
fafafa,
f8f8f8,
f5f5f5,
f1f1f1,
f5f5f5,
f8f8f8,
fafafa,
fcfcfc,
f8f8f8,
f3f3f3,
f3f3f3,
f3f3f3,
f8f8f8,
fcfcfc,
fafafa,
f8f8f8,
f5f5f5,
f1f1f1,
f5f5f5,
f8f8f8,
fafafa,
fcfcfc,
f8f8f8,
f4f4f4,
f4f4f4,
f3f3f3,
f7f7f7,
fbfbfb,
fafafa,
f9f9f9,
f6f6f6,
f2f2f2,
f2f2f2,
f9f9f9,
f7f7f7,
f5f5f5,
f4f4f4,
f3f2f2,
f3f2f2,
f3f3f2,
f0f0ee,
ededeb,
e9e8e6,
e4e3e1,
e6e5e2,
e8e6e3,
ebe9e6,
efedea,
e8e5e2,
e1deda,
dfdcd7,
ddd9d5,
e5e2df,
ecebe9,
ebeae9,
ebeae8,
e1dfdd,
d7d5d2,
b1aba1,
8c816f,
817460,
766850,
776a54,
786c58,
847867,
908576,
9f9588,
afa59a,
afa598,
afa596,
9b8e7d,
877864,
847561,
81725e,
766855,
6c5e4c,
877c6e,
a29b91,
c0bcb6,
deddda,
ebebe9,
f9f9f9,
f9f9f9,
f9f9f9,
f7f7f7,
f5f5f5,
f6f6f6,
f7f7f7,
f8f8f8,
fafafa,
f8f8f8,
f7f7f7,
f6f6f6,
f5f5f5,
f7f7f7,
f8f8f8,
f8f8f8,
f9f9f9,
f7f7f7,
f5f5f5,
f6f6f6,
f6f6f6,
f8f8f8,
fafafa,
f8f8f8,
f7f7f7,
f6f6f6,
f5f5f5,
f7f7f7,
f9f9f9,
f7f7f8,
f6f6f7,
c4d5e6,
92b5d5,
7fafdb,
6da9e1,
89b6e1,
a5c4e2,
c7d8e9,
eaedf1,
eff1f3,
f5f5f5,
f6f6f6,
f8f8f8,
f9f9f9,
f9f9f9,
f7f7f7,
f6f6f6,
f6f6f6,
f6f6f6,
f7f7f7,
f9f9f9,
f8f8f8,
f8f8f8,
dedee0,
c4c5c8,
9d9fa4,
767980,
757980,
757880,
70737c,
6b6e79,
81838b,
98999d,
babdc1,
dde1e4,
ccdbe6,
bcd6e9,
c2daea,
c9ddeb,
d8e6ee,
e8eef2,
f0f3f5,
f8f9f9,
f7f7f7,
f6f6f6,
f6f6f6,
f6f6f6,
f7f7f7,
f9f9f9,
f9f9f9,
f9f9f9,
f7f7f7,
f5f5f5,
f6f6f6,
f7f7f7,
f8f8f8,
f9f9f9,
eae8e9,
dbd8da,
e3dee1,
ebe3e9,
eee7ec,
f1eaef,
f1e9ed,
f1e7ec,
f1e6ea,
f1e5e8,
f0e3e6,
f0e1e4,
efdfe2,
eedee0,
eededf,
eeddde,
e5d2d4,
dcc7c9,
d0bcbf,
c4b2b5,
c5b9bb,
c6c0c1,
c4babc,
c2b3b6,
c6b7ba,
cabbbe,
cbbcbf,
cbbcc0,
cbbcc0,
cbbcc0,
cbbcbf,
cbbcbf,
cbbbbf,
ccbbbf,
ccbbbe,
ccbbbd,
cbbabd,
cbb9bd,
c5b6b9,
bfb4b6,
dad4d5,
f5f5f5,
f6f6f6,
f7f7f7,
f6f6f6,
f5f5f5,
f6f6f6,
f8f8f8,
f8f8f8,
f9f9f9,
f7f7f7,
f6f6f6,
f6f6f6,
f6f6f6,
f7f7f7,
f9f9f9,
f8f8f8,
f8f8f8,
f6f6f6,
f5f5f5,
f6f6f6,
f8f8f8,
f8f8f8,
f9f9f9,
f7f7f7,
f6f6f6,
f6f6f6,
f6f6f6,
f7f7f7,
f9f9f9,
f8f8f8,
f8f8f8,
f6f6f6,
f5f5f5,
f6f6f6,
f8f8f8,
f8f8f8,
f9f9f9,
f7f7f7,
f6f6f6,
f6f6f6,
f6f6f6,
f7f7f7,
f9f9f9,
f8f8f8,
f8f8f8,
f7f7f7,
f5f5f5,
f5f5f5,
f6f6f6,
f7f7f7,
f7f7f7,
f5f4f4,
f2f1f1,
eeedec,
eae9e7,
e6e5e3,
e2e1de,
dddbd7,
d7d5d0,
d8d5d0,
d8d5cf,
dedbd5,
e4e0db,
e2dfda,
dfddd9,
e1dedb,
e2dfdd,
e4e2e0,
e6e4e2,
e2e0dd,
dddcd8,
dad9d6,
d7d5d3,
bcb6ac,
a09685,
908470,
7f715a,
81745f,
837763,
948876,
a49989,
afa495,
b9aea1,
b4a99c,
afa496,
998b7a,
82715e,
7d6c58,
776752,
726351,
6d5f4f,
7f7467,
91897f,
b0aba3,
ceccc7,
e2e1df,
f6f6f6,
f6f6f6,
f6f6f6,
f7f7f7,
f8f8f8,
f8f8f8,
f7f7f7,
f7f7f7,
f6f6f6,
f7f7f7,
f7f7f7,
f8f8f8,
f8f8f8,
f7f7f7,
f6f6f6,
f6f6f6,
f6f6f6,
f7f7f7,
f8f8f8,
f8f8f8,
f7f7f7,
f7f7f7,
f6f6f6,
f7f7f7,
f7f7f7,
f8f8f8,
f8f8f8,
f8f8f8,
f7f7f7,
f6f6f7,
f5f5f6,
c8d8e8,
9abad9,
88b2db,
76aadd,
a1c2e2,
ccd9e6,
e1e8ef,
f6f6f7,
f7f7f8,
f8f8f8,
f8f8f8,
f7f7f7,
f7f7f7,
f6f6f6,
f7f7f7,
f8f8f8,
f8f8f8,
f8f8f8,
f7f7f7,
f6f6f6,
f7f7f7,
f7f7f7,
e6e7e8,
d5d6d8,
adafb2,
84878c,
818489,
7e8086,
757780,
6b6d79,
6e7079,
717279,
a3a3a8,
d4d4d6,
e0e1e4,
ebeef1,
f0f2f4,
f5f6f7,
f6f7f7,
f7f7f7,
f7f7f7,
f6f6f6,
f7f7f7,
f7f7f7,
f8f8f8,
f8f8f8,
f7f7f7,
f6f6f6,
f7f7f7,
f7f7f7,
f8f8f8,
f8f8f8,
f8f8f8,
f7f7f7,
f7f7f7,
f6f6f6,
ebeaea,
dfddde,
e3dde1,
e6dde3,
ece4e9,
f1eaee,
f1e9ed,
f1e7eb,
f1e6ea,
f1e4e8,
f1e2e6,
f0e0e3,
efdfe1,
eededf,
eeddde,
eedcdd,
e5d1d3,
dbc5c8,
d0bbbe,
c4b0b3,
c7bbbd,
cac5c6,
c5bbbd,
bfb1b4,
c5b6b9,
cabbbe,
cbbcbf,
cbbcbf,
cbbcbf,
cbbcbf,
cbbcbf,
cbbbbe,
ccbbbe,
ccbabe,
ccbabd,
ccbabc,
ccbabd,
cbb9bd,
c5b6b9,
beb2b4,
d8d2d3,
f1f1f1,
f4f4f4,
f7f7f7,
f8f8f8,
f8f8f8,
f8f8f8,
f7f7f7,
f7f7f7,
f6f6f6,
f7f7f7,
f8f8f8,
f8f8f8,
f7f7f7,
f7f7f7,
f6f6f6,
f7f7f7,
f7f7f7,
f8f8f8,
f8f8f8,
f8f8f8,
f7f7f7,
f7f7f7,
f6f6f6,
f7f7f7,
f8f8f8,
f8f8f8,
f8f8f8,
f7f7f7,
f6f6f6,
f7f7f7,
f7f7f7,
f8f8f8,
f8f8f8,
f8f8f8,
f7f7f7,
f7f7f7,
f6f6f6,
f7f7f7,
f7f7f7,
f8f8f8,
f8f8f8,
f7f7f7,
f6f6f6,
f7f7f7,
f7f7f7,
f8f8f8,
f8f8f8,
f8f8f8,
f0efef,
edecea,
ebeae6,
e8e6e2,
e5e3dd,
e5e2dc,
e5e1da,
e3e0d9,
e2dfd8,
dfdcd4,
ddd8d0,
ddd8cf,
ded9cf,
e2dcd2,
e5dfd5,
e3ddd4,
e1dcd2,
e2dcd4,
e3ddd7,
e3ded8,
e4dfd9,
e1ddd5,
dedbd2,
ddd9d2,
ddd8d2,
cdc7bc,
beb6a6,
aca18d,
9b8d74,
968870,
91846b,
978a73,
9d907b,
a0937e,
a39682,
9b8e7b,
948773,
8a7c68,
81715d,
7d6d58,
796953,
756651,
72624f,
7f7262,
8d8275,
a59e93,
beb9b2,
d2cfca,
e6e4e2,
ededec,
f5f5f5,
f7f7f7,
fafafa,
f9f9f9,
f8f8f8,
f6f6f6,
f4f4f4,
f6f6f6,
f8f8f8,
f9f9f9,
fafafa,
f8f8f8,
f6f6f6,
f5f5f5,
f5f5f5,
f7f7f7,
fafafa,
f9f9f9,
f8f8f8,
f6f6f6,
f4f4f4,
f6f6f6,
f8f8f8,
f9f9f9,
fafafa,
f8f8f8,
f6f6f6,
f5f5f6,
f4f5f5,
ccd9e6,
a4bdd7,
9ebcda,
98bbdd,
bbd0e5,
dfe6ec,
eaeef2,
f6f7f7,
f8f8f9,
fafafa,
f8f8f8,
f6f6f6,
f5f5f5,
f5f5f5,
f7f7f7,
f9f9f9,
f9f9f9,
f9f9f9,
f7f7f7,
f5f5f5,
f6f6f6,
f7f7f7,
ededee,
e3e4e5,
b8babc,
8d8f94,
929398,
97989c,
83858c,
6f727b,
6d6f77,
6b6c74,
86878c,
a1a2a5,
bdbec1,
d9dbdd,
e8e9ea,
f7f8f8,
f7f7f7,
f7f7f7,
f6f6f6,
f5f5f5,
f6f6f6,
f8f8f8,
f9f9f9,
f9f9fa,
f5f5f6,
f2f2f2,
f0f0f0,
eeeeee,
f3f3f4,
f9f9f9,
f8f8f8,
f7f7f7,
f6f6f6,
f4f4f4,
ececec,
e4e3e4,
e1dddf,
ded6db,
e7e0e5,
f1eaee,
f1e8ed,
f1e7ec,
f1e5ea,
f1e4e8,
f0e2e6,
f0e0e3,
efdfe1,
efdee0,
eedcde,
eedadc,
e3cdd0,
d8c0c4,
cdb7ba,
c3afb1,
c5b8ba,
c7c2c3,
c3b9bb,
beb1b4,
c4b6b9,
cbbbbe,
cbbbbe,
cbbcbf,
cbbcbe,
cbbcbe,
cbbbbe,
cbbbbe,
cbbabd,
ccb9bd,
ccb9bc,
ccb9bc,
cbb9bc,
cbb9bc,
c4b5b8,
bdb1b3,
d6d0d1,
eeeeee,
f3f3f3,
f7f7f7,
f9f9f9,
fafafa,
f8f8f8,
f6f6f6,
f6f6f6,
f5f5f5,
f7f7f7,
f9f9f9,
f9f9f9,
f8f8f8,
f6f6f6,
f5f5f5,
f6f6f6,
f7f7f7,
f8f8f8,
fafafa,
f8f8f8,
f7f7f7,
f6f6f6,
f5f5f5,
f7f7f7,
f9f9f9,
f9f9f9,
f9f9f9,
f7f7f7,
f5f5f5,
f6f6f6,
f7f7f7,
f8f8f8,
fafafa,
f8f8f8,
f7f7f7,
f6f6f6,
f5f5f5,
f6f6f6,
f8f8f8,
f9f9f9,
f9f9f9,
f7f7f7,
f5f5f5,
f6f6f6,
f6f6f6,
f8f8f8,
fafafa,
fafafa,
e9e8e7,
e4e2de,
dedcd5,
dbd8cf,
d8d4c9,
dcd7cb,
dfd9cd,
e1dbcf,
e2ddd1,
e2dcd0,
e2dbcf,
e3dccf,
e4dcce,
e5ddcf,
e6ddcf,
e5dccd,
e3dacb,
e4dbce,
e4dbd0,
e3dbd0,
e1dacf,
e0dace,
dfd9cc,
e1dacf,
e2dbd1,
dfd8cc,
dcd5c6,
c9bfaa,
b6a98e,
aa9d81,
9e9073,
9a8b70,
95866c,
918268,
8d7e63,
83745a,
786950,
7c6d56,
7f715b,
7d6e58,
7a6b54,
786851,
76654e,
7f705c,
887b6a,
9b9184,
ada69d,
c1bcb6,
d5d2ce,
e5e3e1,
f4f4f4,
f8f8f8,
fbfbfb,
fafafa,
f8f8f8,
f5f5f5,
f2f2f2,
f5f5f5,
f8f8f8,
fafafa,
fbfbfb,
f8f8f8,
f5f5f5,
f5f5f5,
f4f4f4,
f8f8f8,
fbfbfb,
fafafa,
f9f9f9,
f6f6f6,
f2f2f2,
f5f5f5,
f8f8f8,
fafafa,
fbfbfb,
f8f8f8,
f5f5f5,
f4f5f5,
f3f4f4,
d0dae4,
adc0d4,
b4c6d9,
bacbdd,
d6dfe8,
f1f2f2,
f4f5f5,
f6f7f7,
f9fafa,
fcfcfc,
f9f9f9,
f5f5f5,
f4f4f4,
f3f3f3,
f7f7f7,
fafafa,
fafafa,
fafafa,
f7f7f7,
f3f3f3,
f5f5f5,
f6f6f6,
f4f4f4,
f1f2f2,
c3c5c7,
95979b,
a2a3a7,
afafb2,
919398,
73767d,
6c6e76,
64666e,
696b71,
6e6f73,
9a9b9e,
c6c7c8,
dfe0e1,
f8f9f9,
f7f8f8,
f6f6f6,
f5f5f5,
f3f3f3,
f6f6f6,
f9f9f9,
fafafa,
fafafb,
f4f4f5,
ededee,
e9e9ea,
e4e4e5,
efeff0,
fafafa,
f9f9f9,
f7f7f7,
f5f5f5,
f2f2f2,
eeeeee,
e9e9e9,
dfdcde,
d5cfd3,
e3dde1,
f1eaee,
f1e8ed,
f1e6ec,
f1e5ea,
f1e3e8,
f0e2e6,
efe0e3,
efdfe2,
efdee0,
eedbdd,
edd8da,
e1cacd,
d4bbbf,
cbb4b7,
c2adae,
c3b6b7,
c4bebf,
c1b7b9,
bdb0b3,
c4b6b9,
cbbbbe,
cbbbbe,
cbbbbe,
cbbbbe,
cbbbbd,
cbbbbd,
cbbabd,
cbb9bc,
cbb8bb,
cbb8bb,
cbb7bb,
cbb8bb,
cbb8bb,
c4b4b7,
bcb0b2,
d4cecf,
ebebeb,
f1f1f1,
f7f7f7,
fafafa,
fcfcfc,
f9f9f9,
f5f5f5,
f5f5f5,
f4f4f4,
f7f7f7,
fafafa,
fafafa,
f9f9f9,
f6f6f6,
f3f3f3,
f5f5f5,
f6f6f6,
f9f9f9,
fcfcfc,
f9f9f9,
f6f6f6,
f5f5f5,
f3f3f3,
f7f7f7,
fafafa,
fafafa,
fafafa,
f7f7f7,
f3f3f3,
f5f5f5,
f6f6f6,
f9f9f9,
fcfcfc,
f9f9f9,
f6f6f6,
f5f5f5,
f3f3f3,
f6f6f6,
f9f9f9,
fafafa,
fafafa,
f7f7f7,
f4f4f4,
f5f5f5,
f5f5f5,
f8f8f8,
fbfbfb,
fbfbfb,
d8d5ce,
d5d1c8,
d1ccc2,
d1cbc0,
d1cabf,
d4cdc1,
d7d1c4,
dad4c8,
ddd7cc,
dfd9cd,
e1dacf,
e4ddd1,
e7e0d3,
e7dfd2,
e7ded1,
e6ddcf,
e5dccd,
e5dccf,
e6ddd1,
e5ddd0,
e5ddd0,
e2dbcd,
e0d9cb,
e0d8ca,
e1d7ca,
dcd3c4,
d7cebd,
c5baa5,
b3a78d,
ab9d82,
a29477,
9f9073,
9b8c6f,
928266,
8a795d,
817055,
79684e,
87785f,
958871,
958872,
958974,
867761,
77664e,
7c6c56,
80725f,
93897a,
a79f95,
bfb9b2,
d7d4d0,
e7e6e4,
f8f8f8,
f7f7f7,
f6f6f6,
f6f6f6,
f7f7f7,
f7f7f7,
f8f8f8,
f7f7f7,
f7f7f7,
f6f6f6,
f6f6f6,
f7f7f7,
f8f8f8,
f8f8f8,
f8f8f8,
f7f7f7,
f6f6f6,
f7f7f7,
f7f7f7,
f8f8f8,
f8f8f8,
f8f8f8,
f7f7f7,
f7f7f7,
f6f6f6,
f7f7f7,
f8f8f8,
f8f8f8,
f8f8f8,
dee3e9,
c4cfda,
cad4df,
d1dae4,
e4e9ee,
f7f8f8,
f7f8f8,
f7f8f8,
f7f7f7,
f6f6f6,
f7f7f7,
f7f7f7,
f8f8f8,
f8f8f8,
f7f7f7,
f7f7f7,
f7f7f7,
f7f7f7,
f7f7f7,
f8f8f8,
f8f8f8,
f8f8f8,
f4f4f4,
f1f1f1,
cfd0d2,
aeafb2,
adaeb1,
adadb0,
9b9da0,
8a8c91,
787a80,
67686f,
67686d,
67686b,
7d7e80,
939495,
aeafb0,
cacbcb,
d9d9d9,
e8e8e8,
eeeeee,
f4f4f4,
f4f4f4,
f5f5f5,
f0f0f0,
eaebeb,
e0e0e1,
d5d6d7,
d7d8d9,
dadadb,
e7e7e7,
f4f4f4,
f6f6f6,
f7f7f7,
f8f8f8,
f8f8f8,
f2f2f2,
ededed,
deddde,
d0cdcf,
e0dbdf,
f1eaee,
f1e8ed,
f1e6eb,
f0e5e9,
f0e3e7,
f0e2e5,
efe0e4,
efdfe2,
efdee1,
edd9dc,
ead5d7,
dec7c9,
d2b9bc,
cbb3b5,
c4aeaf,
c1b2b3,
bfb7b8,
c0b5b7,
c1b3b5,
c6b7b9,
cbbbbd,
cbbbbd,
cbbbbe,
cbbbbd,
cbbbbd,
cbbabc,
cbb9bc,
cbb8bb,
cbb7ba,
cbb6b9,
ccb6b9,
cbb6b9,
cbb7ba,
c6b5b8,
c1b4b6,
d9d3d3,
f1f1f1,
f4f4f4,
f7f7f7,
f7f7f7,
f6f6f6,
f7f7f7,
f7f7f7,
f8f8f8,
f8f8f8,
f7f7f7,
f6f6f6,
f6f6f6,
f7f7f7,
f7f7f7,
f8f8f8,
f8f8f8,
f7f7f7,
f7f7f7,
f6f6f6,
f7f7f7,
f8f8f8,
f8f8f8,
f8f8f8,
f7f7f7,
f7f7f7,
f7f7f7,
f7f7f7,
f7f7f7,
f8f8f8,
f8f8f8,
f8f8f8,
f7f7f7,
f6f6f6,
f7f7f7,
f7f7f7,
f8f8f8,
f8f8f8,
f7f7f7,
f7f7f7,
f6f6f6,
f6f6f6,
f7f7f7,
f8f8f8,
f8f8f8,
f7f7f7,
f7f7f7,
f6f6f6,
f6f6f6,
c7c2b5,
c6bfb2,
c4bcae,
c7beb1,
c9c0b4,
ccc4b7,
cfc8ba,
d3cdc0,
d7d1c6,
dcd5cb,
e0d9cf,
e5ded4,
eae3d8,
e9e1d5,
e7dfd2,
e7ded0,
e6ddce,
e7ded0,
e8dfd1,
e8dfd1,
e8dfd0,
e5dccd,
e1d8c9,
e0d6c6,
dfd3c3,
d8cdbc,
d1c7b4,
c1b6a0,
b0a48b,
ab9e83,
a6977a,
a49476,
a19172,
948264,
867356,
806d51,
7a664b,
938269,
ab9e86,
aea28d,
b0a694,
948771,
78674d,
786851,
786954,
8c8170,
a0988c,
bcb7af,
d8d5d1,
eae8e6,
fbfbfb,
f6f6f6,
f1f1f1,
f3f3f3,
f5f5f5,
fafafa,
fefefe,
fafafa,
f5f5f5,
f3f3f3,
f1f1f1,
f6f6f6,
fafafa,
fbfbfb,
fbfbfb,
f6f6f6,
f1f1f1,
f3f3f3,
f5f5f5,
fafafa,
fefefe,
fafafa,
f6f6f6,
f4f4f4,
f1f1f1,
f6f6f6,
fafafa,
fbfbfb,
fcfcfc,
ebedee,
dadde0,
e1e3e5,
e7e9ea,
f2f3f4,
fdfdfd,
fbfbfb,
f8f8f8,
f4f4f4,
f0f0f0,
f5f5f5,
f9f9f9,
fbfbfb,
fdfdfd,
f8f8f8,
f3f3f3,
f3f3f3,
f3f3f3,
f8f8f8,
fdfdfd,
fbfbfb,
f9f9f9,
f5f5f5,
f0f0f0,
dbdcdd,
c6c7c9,
b8b9bb,
aaabad,
a6a7a9,
a1a2a4,
85868a,
696a6f,
646569,
5f6063,
5f6063,
5f6062,
7d7e80,
9b9c9d,
babbbb,
d9d9d9,
e7e7e7,
f4f4f4,
f3f3f3,
f1f1f1,
e6e6e6,
dadbdb,
cccdcd,
bdbebf,
c6c7c8,
cfcfd0,
dfdfdf,
eeeeee,
f3f3f3,
f7f7f7,
fbfbfb,
fefefe,
f7f7f7,
f0f0f0,
deddde,
cbcacb,
dedadd,
f0e9ee,
f0e8ec,
f0e6ea,
f0e5e8,
efe3e5,
efe2e5,
efe0e4,
efdfe3,
efdee1,
ebd8da,
e7d1d3,
dcc4c6,
d0b6b8,
cbb2b4,
c6aeaf,
c0afb0,
b9afb1,
bfb2b4,
c5b5b7,
c8b8ba,
cbbbbc,
cbbbbd,
cbbbbd,
cbbbbd,
cbbabc,
cbb9bc,
cbb8bb,
cbb7ba,
cbb6b8,
ccb5b8,
ccb4b7,
ccb5b8,
cbb5b8,
c8b7b9,
c5b8b9,
ded8d8,
f7f7f7,
f7f7f7,
f7f7f7,
f4f4f4,
f0f0f0,
f5f5f5,
f9f9f9,
fbfbfb,
fcfcfc,
f7f7f7,
f2f2f2,
f3f3f3,
f4f4f4,
f9f9f9,
fdfdfd,
fbfbfb,
f8f8f8,
f4f4f4,
f0f0f0,
f5f5f5,
f9f9f9,
fbfbfb,
fdfdfd,
f8f8f8,
f3f3f3,
f3f3f3,
f3f3f3,
f8f8f8,
fdfdfd,
fbfbfb,
f9f9f9,
f5f5f5,
f0f0f0,
f4f4f4,
f8f8f8,
fbfbfb,
fdfdfd,
f9f9f9,
f4f4f4,
f3f3f3,
f2f2f2,
f7f7f7,
fcfcfc,
fbfbfb,
f9f9f9,
f5f5f5,
f1f1f1,
f1f1f1,
d5d2ca,
d6d2ca,
d7d2ca,
d8d3cc,
d9d4ce,
d8d4cd,
d8d3cc,
d8d3cc,
d8d4cd,
d6d1cb,
d4cfc8,
d4cfc6,
d4cfc5,
d7d0c5,
dad2c5,
dcd4c6,
ded6c7,
e1d8c9,
e3dbcc,
e5dcce,
e7ded0,
e3dacb,
e0d6c7,
d9cebd,
d2c6b4,
cfc5b5,
ccc5b7,
c3bcad,
bab3a3,
a79c89,
93866f,
96886e,
99896d,
938266,
8c7a5e,
8e7c60,
907e63,
a5957a,
baac92,
b3a78f,
ada18d,
91826b,
756349,
796952,
7d705c,
9d9486,
beb9b1,
d2cfca,
e6e5e3,
efeeed,
f8f8f8,
f7f7f7,
f6f6f6,
f6f6f6,
f7f7f7,
f8f8f8,
f9f9f9,
f8f8f8,
f7f7f7,
f6f6f6,
f6f6f6,
f7f7f7,
f8f8f8,
f8f8f8,
f8f8f8,
f7f7f7,
f6f6f6,
f6f6f6,
f7f7f7,
f8f8f8,
f9f9f9,
f8f8f8,
f7f7f7,
f6f6f6,
f6f6f6,
f7f7f7,
f8f8f8,
f8f8f8,
f9f9f9,
f1f2f3,
eaebed,
edeeef,
f0f1f2,
f4f5f5,
f9f9f9,
f8f8f8,
f8f8f8,
f6f6f6,
f5f5f5,
f6f6f6,
f8f8f8,
f8f8f8,
f9f9f9,
f7f7f7,
f6f6f6,
f6f6f6,
f6f6f6,
f7f7f7,
f9f9f9,
f8f8f8,
f8f8f8,
f6f6f6,
f5f5f5,
e9e9e9,
dcddde,
c7c8c9,
b2b3b4,
a9aaab,
a1a2a3,
868789,
6b6c6f,
656669,
606163,
606063,
606062,
6e6e70,
7c7c7e,
8f8f90,
a3a3a3,
b0b0b0,
bdbdbd,
bfbfc0,
c2c2c3,
b7b8b9,
acadae,
a8a9aa,
a3a4a6,
b5b5b6,
c6c7c7,
dcdddd,
f3f3f3,
f5f5f5,
f7f7f7,
f8f8f8,
f9f9f9,
f7f7f7,
f4f4f4,
e3e2e3,
d1d0d1,
e0dcdf,
efe8ed,
f0e7ec,
f0e6ea,
efe3e7,
ede1e3,
eee0e3,
eedfe3,
eedee1,
efdde0,
e9d5d7,
e3ccce,
dac1c3,
d1b6b8,
ccb2b4,
c8afb0,
bdaaab,
b3a5a7,
bdadaf,
c7b5b7,
c9b8b9,
ccbbbc,
cbbbbc,
cbbbbd,
cbbbbc,
cbbabc,
cbb9bb,
cbb8bb,
cbb7b9,
cbb6b8,
cbb5b8,
cbb5b7,
cbb4b7,
cab4b7,
c7b6b8,
c4b8ba,
dcd6d7,
f4f4f4,
f6f6f6,
f7f7f7,
f6f6f6,
f5f5f5,
f6f6f6,
f8f8f8,
f8f8f8,
f9f9f9,
f7f7f7,
f6f6f6,
f6f6f6,
f7f7f7,
f8f8f8,
f9f9f9,
f8f8f8,
f8f8f8,
f6f6f6,
f5f5f5,
f6f6f6,
f8f8f8,
f8f8f8,
f9f9f9,
f7f7f7,
f6f6f6,
f6f6f6,
f6f6f6,
f7f7f7,
f9f9f9,
f8f8f8,
f8f8f8,
f6f6f6,
f5f5f5,
f6f6f6,
f8f8f8,
f8f8f8,
f9f9f9,
f8f8f8,
f7f7f7,
f6f6f6,
f6f6f6,
f7f7f7,
f9f9f9,
f8f8f8,
f8f8f8,
f7f7f7,
f6f6f6,
f6f6f6,
e2e1df,
e6e5e3,
e9e8e6,
e9e8e7,
e9e8e7,
e5e3e2,
e0dedd,
dcdad9,
d8d6d4,
d0cecb,
c8c5c1,
c3c0b9,
bebab1,
c6c0b4,
cdc5b7,
d2cabb,
d6cebf,
dad2c3,
ded6c7,
e2dacc,
e5ddd0,
e2d9ca,
ded4c4,
d2c7b4,
c5b9a4,
c6beaf,
c7c2ba,
c6c2bb,
c4c1bb,
a29b90,
807564,
897b66,
918168,
928167,
928166,
9c8c70,
a6967a,
b7a88c,
c8ba9e,
b9ab92,
aa9c85,
8e7e65,
725f45,
7a6b54,
817663,
aea89c,
dbd9d5,
e8e7e5,
f4f4f4,
f5f5f5,
f5f5f5,
f8f8f8,
fafafa,
f9f9f9,
f8f8f8,
f6f6f6,
f4f4f4,
f6f6f6,
f8f8f8,
f9f9f9,
fafafa,
f8f8f8,
f5f5f5,
f5f5f5,
f5f5f5,
f8f8f8,
fafafa,
f9f9f9,
f8f8f8,
f6f6f6,
f4f4f4,
f6f6f6,
f7f7f7,
f9f9f9,
fafafa,
f8f8f8,
f5f5f5,
f5f5f5,
f5f5f5,
f7f7f7,
f9f9f9,
f9f9f9,
f9f9f9,
f7f7f7,
f4f4f4,
f6f6f6,
f7f7f7,
f9f9f9,
fafafa,
f8f8f8,
f6f6f6,
f5f5f5,
f4f4f4,
f7f7f7,
f9f9f9,
f9f9f9,
f9f9f9,
f7f7f7,
f4f4f4,
f5f5f5,
f6f6f6,
f8f8f8,
fafafa,
f6f6f6,
f2f2f2,
d6d6d7,
bababb,
adaeae,
a0a1a1,
868788,
6c6d6f,
666769,
606163,
606163,
606062,
5e5e60,
5c5c5e,
646465,
6c6c6c,
797979,
858585,
8c8c8d,
939395,
89898b,
7e7f81,
848587,
898a8c,
a3a4a5,
bdbebe,
dadbdb,
f7f7f7,
f7f7f7,
f7f7f7,
f6f6f6,
f4f4f4,
f6f6f6,
f8f8f8,
e8e7e8,
d7d5d7,
e3dee2,
eee7ec,
efe6eb,
f0e5ea,
eee2e6,
ebdee1,
ecdee1,
eddee1,
eedde0,
eedcdf,
e6d2d4,
dec7c8,
d8bfc0,
d1b6b7,
cdb3b4,
c9afb1,
bba5a7,
ad9a9c,
bba8a9,
c8b5b6,
cab8b9,
ccbbbb,
ccbbbc,
cbbbbc,
cbbbbc,
cbbabc,
cbb9bb,
cbb8ba,
cbb7b9,
cbb6b8,
cbb6b8,
cab5b7,
cab4b7,
c9b3b6,
c6b6b8,
c3b8ba,
dad5d6,
f1f1f1,
f4f4f4,
f7f7f7,
f9f9f9,
fafafa,
f8f8f8,
f6f6f6,
f6f6f6,
f5f5f5,
f7f7f7,
f9f9f9,
f9f9f9,
f9f9f9,
f7f7f7,
f4f4f4,
f6f6f6,
f7f7f7,
f9f9f9,
fafafa,
f8f8f8,
f6f6f6,
f5f5f5,
f4f4f4,
f7f7f7,
f9f9f9,
f9f9f9,
f9f9f9,
f7f7f7,
f4f4f4,
f5f5f5,
f6f6f6,
f8f8f8,
fafafa,
f9f9f9,
f7f7f7,
f6f6f6,
f4f4f4,
f7f7f7,
f9f9f9,
f9f9f9,
f9f9f9,
f7f7f7,
f5f5f5,
f6f6f6,
f6f6f6,
f8f8f8,
fafafa,
fafafa,
ecebea,
eeeeed,
f1f1f0,
f1f1f0,
f1f1f0,
eeeded,
ebeae9,
e9e8e7,
e7e6e5,
e4e3e1,
e1dfdd,
dcdad7,
d8d6d1,
d8d4cd,
d8d3ca,
d4cfc4,
d0cbbe,
cdc6b9,
c9c2b4,
cec7b9,
d3ccbe,
d0c8b8,
cdc4b3,
c1b7a4,
b5ab96,
c0b8ab,
cbc6c0,
c1bcb5,
b7b2aa,
988e81,
7a6b58,
7e6e59,
82715a,
88775f,
8f7e63,
a39378,
b8a98e,
c2b498,
ccbfa2,
b5a78b,
9e8f75,
8f8067,
81715a,
968b79,
aca599,
cac6be,
e8e7e4,
eeeeec,
f5f5f5,
f5f5f5,
f5f5f5,
f7f7f7,
fafafa,
f9f9f9,
f8f8f8,
f6f6f6,
f4f4f4,
f6f6f6,
f8f8f8,
f9f9f9,
fafafa,
f8f8f8,
f6f6f6,
f5f5f5,
f5f5f5,
f7f7f7,
fafafa,
f9f9f9,
f8f8f8,
f6f6f6,
f4f4f4,
f6f6f6,
f7f7f7,
f8f8f8,
fafafa,
f8f8f8,
f6f6f6,
f5f5f5,
f5f5f5,
f7f7f7,
f9f9f9,
f9f9f9,
f9f9f9,
f7f7f7,
f5f5f5,
f6f6f6,
f7f7f7,
f9f9f9,
fafafa,
f8f8f8,
f6f6f6,
f5f5f5,
f5f5f5,
f7f7f7,
f9f9f9,
f9f9f9,
f9f9f9,
f7f7f7,
f5f5f5,
f5f5f5,
f6f6f6,
f8f8f8,
fafafa,
f7f7f7,
f4f4f4,
e5e5e6,
d7d7d7,
cbcccc,
c0c1c1,
a6a7a8,
8d8e8f,
7e7f80,
6f7071,
676869,
606061,
5e5e5f,
5c5c5d,
606060,
646464,
6b6b6b,
717171,
757576,
79797a,
747475,
6f6f71,
747476,
7a7a7c,
8e8f90,
a3a4a4,
bfbfbf,
dbdbdb,
dfdfdf,
e4e4e4,
dddddd,
d7d7d7,
e5e5e5,
f3f3f3,
e5e4e5,
d8d6d8,
e2dee1,
ede6ea,
efe6eb,
f1e7eb,
eee3e6,
ebdfe1,
ebdddf,
ebdbde,
e9d7da,
e8d4d6,
dfc9cb,
d7bec0,
d3b9bb,
cfb5b6,
ccb3b4,
c8b1b3,
bca6a9,
b19c9f,
bca8ab,
c8b5b7,
c9b8b9,
cbbbbc,
cbbbbc,
cbbbbc,
cbbbbc,
cbbbbc,
cbbabb,
cbb9bb,
cbb8b9,
cbb6b8,
cab5b7,
c9b4b6,
c7b2b4,
c5b0b3,
c8babc,
ccc4c5,
dfdbdc,
f3f3f3,
f5f5f5,
f7f7f7,
f9f9f9,
fafafa,
f8f8f8,
f6f6f6,
f6f6f6,
f5f5f5,
f7f7f7,
f9f9f9,
f9f9f9,
f9f9f9,
f7f7f7,
f5f5f5,
f6f6f6,
f7f7f7,
f9f9f9,
fafafa,
f8f8f8,
f6f6f6,
f5f5f5,
f5f5f5,
f7f7f7,
f9f9f9,
f9f9f9,
f9f9f9,
f7f7f7,
f5f5f5,
f5f5f5,
f6f6f6,
f8f8f8,
fafafa,
f9f9f9,
f7f7f7,
f6f6f6,
f5f5f5,
f7f7f7,
f9f9f9,
f9f9f9,
f9f9f9,
f7f7f7,
f5f5f5,
f6f6f6,
f6f6f6,
f8f8f8,
fafafa,
fafafa,
f5f5f5,
f7f7f7,
f9f9f9,
f9f9f9,
f9f9f9,
f7f7f7,
f5f5f5,
f6f6f6,
f6f6f6,
f8f8f8,
f9f9f9,
f5f5f5,
f1f1f0,
eae9e6,
e2e0dc,
d6d4cd,
cac7bd,
bfbbaf,
b4aea0,
bbb5a6,
c1bbac,
beb7a7,
bbb3a1,
b0a895,
a59c88,
bab3a7,
cecac6,
bcb6b0,
aaa299,
8f8272,
73614b,
73614c,
72614c,
7f6e56,
8b7a60,
ab9b81,
cabca1,
cdc0a3,
d0c3a5,
b1a385,
918264,
90826a,
8f826f,
b3ab9f,
d6d3ce,
e5e4e1,
f4f4f3,
f5f5f4,
f5f5f5,
f5f5f5,
f5f5f5,
f7f7f7,
f9f9f9,
f9f9f9,
f8f8f8,
f6f6f6,
f4f4f4,
f6f6f6,
f8f8f8,
f9f9f9,
f9f9f9,
f8f8f8,
f6f6f6,
f6f6f6,
f5f5f5,
f7f7f7,
f9f9f9,
f9f9f9,
f8f8f8,
f6f6f6,
f4f4f4,
f6f6f6,
f7f7f7,
f8f8f8,
f9f9f9,
f8f8f8,
f6f6f6,
f6f6f6,
f5f5f5,
f7f7f7,
f9f9f9,
f9f9f9,
f8f8f8,
f7f7f7,
f5f5f5,
f6f6f6,
f7f7f7,
f9f9f9,
fafafa,
f8f8f8,
f6f6f6,
f6f6f6,
f5f5f5,
f7f7f7,
f9f9f9,
f9f9f9,
f9f9f9,
f7f7f7,
f5f5f5,
f6f6f6,
f6f6f6,
f8f8f8,
fafafa,
f8f8f8,
f6f6f6,
f5f5f5,
f3f3f3,
e9eaea,
dfe0e0,
c7c7c8,
aeaeaf,
969697,
7d7e7f,
6e6f70,
5f6060,
5e5e5e,
5c5c5b,
5c5c5c,
5c5c5c,
5d5d5d,
5d5d5d,
5e5e5e,
5e5e5f,
5f5f60,
5f5f60,
656466,
6a696b,
7a797b,
89898a,
a4a4a4,
bebebe,
c7c7c7,
d0d0d0,
c5c5c5,
b9b9b9,
d3d3d3,
ededed,
e3e2e3,
d8d7d8,
e2dee0,
ebe4e8,
eee6ea,
f1e8ec,
eee4e7,
ebdfe1,
eadcde,
e9d8da,
e5d2d3,
e1cbcc,
d9c0c2,
d0b5b7,
cfb4b6,
cdb3b5,
cab3b5,
c7b2b4,
bea8ab,
b49ea2,
bea9ad,
c7b4b7,
c9b7ba,
cababc,
cbbbbc,
cbbbbc,
cbbbbc,
cbbbbc,
cbbbbc,
cbbabb,
cbb8ba,
cab6b8,
c9b5b7,
c8b3b5,
c4b0b2,
c0adaf,
cabec0,
d4cfd0,
e4e2e2,
f4f4f4,
f6f6f6,
f7f7f7,
f9f9f9,
fafafa,
f8f8f8,
f6f6f6,
f6f6f6,
f5f5f5,
f7f7f7,
f9f9f9,
f9f9f9,
f8f8f8,
f7f7f7,
f5f5f5,
f6f6f6,
f7f7f7,
f9f9f9,
fafafa,
f8f8f8,
f6f6f6,
f6f6f6,
f5f5f5,
f7f7f7,
f9f9f9,
f9f9f9,
f9f9f9,
f7f7f7,
f5f5f5,
f6f6f6,
f6f6f6,
f8f8f8,
fafafa,
f9f9f9,
f7f7f7,
f6f6f6,
f5f5f5,
f7f7f7,
f8f8f8,
f9f9f9,
f9f9f9,
f7f7f7,
f5f5f5,
f6f6f6,
f6f6f6,
f8f8f8,
f9f9f9,
f9f9f9,
f9f9f9,
f7f7f7,
f6f6f6,
f6f6f6,
f6f6f6,
f8f8f8,
f9f9f9,
f8f8f8,
f8f8f8,
f6f6f6,
f5f5f5,
f5f5f5,
f5f5f4,
f2f2f0,
f0efed,
e7e6e3,
dfded9,
d8d6d0,
d2cfc8,
d5d2ca,
d9d5cd,
d3cfc6,
cec9bf,
c1bbaf,
b4ad9f,
b2aa9e,
b0a89d,
9f9486,
8e8070,
806f5b,
725e46,
77654f,
7c6c58,
91826b,
a7987e,
bdaf95,
d4c7ad,
c9bda1,
bfb395,
ac9e80,
998a6c,
9d917a,
a29989,
c3beb5,
e5e3e1,
ecebe9,
f3f3f2,
f5f5f5,
f8f8f8,
f8f8f8,
f8f8f8,
f7f7f7,
f5f5f5,
f6f6f6,
f7f7f7,
f8f8f8,
f9f9f9,
f8f8f8,
f7f7f7,
f6f6f6,
f5f5f5,
f7f7f7,
f8f8f8,
f8f8f8,
f8f8f8,
f7f7f7,
f6f6f6,
f6f6f6,
f7f7f7,
f8f8f8,
f9f9f9,
f8f8f8,
f7f7f7,
f6f6f6,
f5f5f5,
f7f7f7,
f8f8f8,
f8f8f8,
f9f9f9,
f7f7f7,
f6f6f6,
f6f6f6,
f6f6f6,
f8f8f8,
f9f9f9,
f8f8f8,
f8f8f8,
f7f7f7,
f6f6f6,
f7f7f7,
f8f8f8,
f8f8f8,
f9f9f9,
f8f8f8,
f6f6f6,
f6f6f6,
f6f6f6,
f8f8f8,
f9f9f9,
f8f8f8,
f8f8f8,
f7f7f7,
f6f6f6,
f7f7f7,
f8f8f8,
f8f8f8,
f8f8f8,
f1f1f1,
e9eaea,
dddddd,
d0d0d1,
c3c3c4,
b6b7b7,
a0a0a1,
8a8a8a,
767676,
636362,
5e5e5e,
5a5a5a,
5c5c5c,
5e5e5e,
5f5f5f,
616161,
616162,
626262,
646465,
676768,
6c6c6d,
727172,
7f7e7f,
8c8b8c,
929293,
999999,
a0a0a0,
a7a7a7,
cacbcb,
eeeeee,
e2e2e2,
d6d5d7,
e0dddf,
ebe4e8,
eee6ea,
f1e8ec,
eee4e7,
ebdfe2,
eadbde,
e9d7da,
e3cfd1,
ddc6c8,
d6bdbf,
cfb4b6,
cdb4b6,
ccb4b6,
cab3b6,
c7b2b5,
bda8ab,
b39da1,
bda9ac,
c7b4b7,
c9b7ba,
cababc,
cbbbbc,
cbbbbc,
cbbbbc,
cbbbbc,
cab9bb,
cab7b9,
c8b5b7,
c7b3b5,
c5b0b2,
c2aeb0,
c2b1b3,
c2b4b5,
d2caca,
e2dfe0,
edecec,
f9f9f9,
f8f8f8,
f7f7f7,
f6f6f6,
f6f6f6,
f7f7f7,
f8f8f8,
f8f8f8,
f9f9f9,
f7f7f7,
f6f6f6,
f6f6f6,
f6f6f6,
f8f8f8,
f9f9f9,
f8f8f8,
f8f8f8,
f7f7f7,
f6f6f6,
f7f7f7,
f8f8f8,
f8f8f8,
f9f9f9,
f8f8f8,
f6f6f6,
f6f6f6,
f6f6f6,
f8f8f8,
f9f9f9,
f8f8f8,
f8f8f8,
f7f7f7,
f6f6f6,
f7f7f7,
f8f8f8,
f8f8f8,
f9f9f9,
f8f8f8,
f6f6f6,
f6f6f6,
f6f6f6,
f7f7f7,
f9f9f9,
f8f8f8,
f8f8f8,
f6f6f6,
f5f5f5,
f5f5f5,
fcfcfc,
f8f8f8,
f3f3f3,
f3f3f3,
f3f3f3,
f8f8f8,
fdfdfd,
fbfbfb,
f9f9f9,
f5f5f5,
f1f1f1,
f5f5f5,
f8f8f8,
fbfbfb,
fdfdfd,
f9f9f9,
f4f4f4,
f2f2f2,
efefef,
f0efef,
f0efee,
e9e7e5,
e1dfdc,
d2cfc9,
c2beb6,
aaa295,
918574,
82715d,
725d46,
715c43,
705b40,
7b6952,
867763,
a4967f,
c2b59b,
d0c4aa,
ddd2b9,
c6ba9f,
aea284,
a79a7c,
a09274,
aba18b,
b5afa2,
d4d1cb,
f3f3f3,
f2f2f2,
f1f1f1,
f6f6f6,
fbfbfb,
fbfbfb,
fbfbfb,
f6f6f6,
f1f1f1,
f3f3f3,
f5f5f5,
f9f9f9,
fdfdfd,
f9f9f9,
f5f5f5,
f3f3f3,
f1f1f1,
f6f6f6,
fafafa,
fbfbfb,
fbfbfb,
f7f7f7,
f2f2f2,
f4f4f4,
f5f5f5,
f9f9f9,
fdfdfd,
fafafa,
f6f6f6,
f4f4f4,
f1f1f1,
f6f6f6,
fafafa,
fbfbfb,
fcfcfc,
f7f7f7,
f2f2f2,
f3f3f3,
f4f4f4,
f9f9f9,
fdfdfd,
fbfbfb,
f8f8f8,
f5f5f5,
f1f1f1,
f5f5f5,
f9f9f9,
fbfbfb,
fdfdfd,
f8f8f8,
f3f3f3,
f3f3f3,
f3f3f3,
f8f8f8,
fdfdfd,
fbfbfb,
f9f9f9,
f5f5f5,
f1f1f1,
f5f5f5,
f9f9f9,
fbfbfb,
fdfdfd,
f8f8f8,
f3f3f3,
f3f3f3,
f2f2f2,
f1f1f1,
efefef,
d2d2d2,
b4b4b4,
8f8f8f,
696969,
606060,
575757,
5b5b5b,
5e5e5e,
616161,
636363,
646464,
646464,
646464,
646464,
5f5f5f,
5a595a,
5a595a,
59585a,
5e5d5e,
626262,
7c7c7c,
959595,
c2c2c2,
eeefef,
e1e1e2,
d4d3d5,
dfdcdf,
eae4e8,
eee6ea,
f1e8ec,
eee4e7,
ebdfe2,
eadbde,
e8d6d9,
e1ccce,
d9c1c3,
d3babc,
cdb3b5,
ccb4b6,
cbb4b7,
c9b3b7,
c7b2b6,
bda7ab,
b29c9f,
bda8ab,
c7b4b7,
c9b7ba,
cababc,
cbbbbc,
cbbbbc,
cbbbbc,
cababc,
c9b7ba,
c8b4b7,
c6b2b4,
c4afb1,
c0acae,
bca9ab,
c0b2b3,
c3bbbb,
d9d5d5,
efefef,
f6f6f6,
fdfdfd,
fafafa,
f7f7f7,
f4f4f4,
f1f1f1,
f5f5f5,
f9f9f9,
fbfbfb,
fcfcfc,
f7f7f7,
f2f2f2,
f3f3f3,
f4f4f4,
f9f9f9,
fdfdfd,
fbfbfb,
f8f8f8,
f5f5f5,
f1f1f1,
f5f5f5,
f9f9f9,
fbfbfb,
fdfdfd,
f8f8f8,
f3f3f3,
f3f3f3,
f3f3f3,
f8f8f8,
fdfdfd,
fbfbfb,
f9f9f9,
f5f5f5,
f1f1f1,
f5f5f5,
f8f8f8,
fbfbfb,
fdfdfd,
f9f9f9,
f4f4f4,
f3f3f3,
f2f2f2,
f7f7f7,
fcfcfc,
fbfbfb,
f9f9f9,
f5f5f5,
f1f1f1,
f1f1f1,
f8f8f8,
f7f7f7,
f7f7f7,
f7f7f7,
f7f7f7,
f7f7f7,
f8f8f8,
f8f8f8,
f8f8f8,
f7f7f7,
f7f7f7,
f7f7f7,
f7f7f7,
f8f8f8,
f8f8f8,
f8f8f8,
f7f7f7,
f6f6f6,
f5f5f5,
f1f1f1,
eeeded,
d9d6d2,
c3beb7,
b0a89c,
9d9282,
8e806d,
806f59,
78644d,
705a41,
715c43,
725e45,
887965,
9f9486,
b0a695,
c2b9a5,
cdc3ad,
d9ceb6,
c8bda1,
b8ab8d,
afa285,
a69a7d,
ada38e,
b3ad9e,
d2cec6,
f0f0ef,
f3f3f2,
f6f6f6,
f7f7f7,
f8f8f8,
f8f8f8,
f8f8f8,
f7f7f7,
f6f6f6,
f6f6f6,
f7f7f7,
f7f7f7,
f8f8f8,
f7f7f7,
f7f7f7,
f6f6f6,
f6f6f6,
f7f7f7,
f7f7f7,
f7f7f7,
f8f8f8,
f7f7f7,
f7f7f7,
f7f7f7,
f7f7f7,
f7f7f7,
f8f8f8,
f7f7f7,
f7f7f7,
f7f7f7,
f7f7f7,
f7f7f7,
f7f7f7,
f7f7f7,
f8f8f8,
f7f7f7,
f7f7f7,
f7f7f7,
f7f7f7,
f7f7f7,
f8f8f8,
f7f7f7,
f7f7f7,
f7f7f7,
f7f7f7,
f7f7f7,
f7f7f7,
f8f8f8,
f8f8f8,
f7f7f7,
f7f7f7,
f7f7f7,
f7f7f7,
f7f7f7,
f8f8f8,
f8f8f8,
f8f8f8,
f7f7f7,
f7f7f7,
f7f7f7,
f8f8f8,
f8f8f8,
f8f8f8,
f7f7f7,
f7f7f7,
f6f6f6,
f6f6f6,
f4f4f3,
f1f1f1,
e2e2e2,
d4d4d4,
bbbbbb,
a3a3a3,
8a8b8b,
727373,
69696a,
606061,
606161,
616161,
616161,
626262,
626262,
626262,
5f5f5f,
5d5c5d,
5a5a5a,
585758,
595859,
5a5a5b,
808081,
a6a6a7,
cdcdcd,
f4f4f4,
e7e7e8,
dbdadc,
e4e0e3,
ece6ea,
efe7eb,
f1e8ec,
eee4e7,
ece0e3,
eadbde,
e8d6d9,
e1cdcf,
dbc4c5,
d5bdbe,
cfb6b8,
cdb5b7,
ccb5b7,
cab3b6,
c8b2b6,
bda7ab,
b39ca0,
bda8ab,
c7b3b6,
c9b7b9,
cbbbbd,
cbbbbd,
cbbbbd,
c9b8bb,
c8b6b9,
c7b3b7,
c6b1b4,
c3afb1,
c1adaf,
bfaeb0,
beafb1,
ccc3c3,
dbd6d6,
e7e5e5,
f4f4f4,
f6f6f6,
f8f8f8,
f7f7f7,
f7f7f7,
f7f7f7,
f7f7f7,
f7f7f7,
f7f7f7,
f7f7f7,
f8f8f8,
f7f7f7,
f7f7f7,
f7f7f7,
f7f7f7,
f8f8f8,
f8f8f8,
f8f8f8,
f7f7f7,
f7f7f7,
f7f7f7,
f7f7f7,
f8f8f8,
f8f8f8,
f8f8f8,
f7f7f7,
f7f7f7,
f7f7f7,
f7f7f7,
f7f7f7,
f8f8f8,
f8f8f8,
f8f8f8,
f7f7f7,
f7f7f7,
f7f7f7,
f7f7f7,
f7f7f7,
f8f8f8,
f7f7f7,
f7f7f7,
f7f7f7,
f7f7f7,
f7f7f7,
f8f8f8,
f7f7f7,
f7f7f7,
f7f7f7,
f6f6f6,
f6f6f6,
f3f3f3,
f7f7f7,
fafafa,
fafafa,
fafafa,
f7f7f7,
f3f3f3,
f5f5f5,
f6f6f6,
f9f9f9,
fcfcfc,
f9f9f9,
f6f6f6,
f5f5f5,
f3f3f3,
f7f7f7,
fafafa,
fafafa,
fafafa,
f3f3f3,
ecebeb,
c9c4bf,
a59d92,
8e8170,
77654d,
735f46,
6e593e,
6e583d,
6d563c,
705b43,
736049,
958879,
b7b0a8,
bdb6ab,
c2bcae,
cbc3b0,
d4cab2,
cbbfa4,
c1b496,
b7ab8e,
aca186,
afa690,
b1aa9a,
cfccc2,
ededea,
f4f4f3,
fbfbfb,
f8f8f8,
f4f4f4,
f4f4f4,
f4f4f4,
f8f8f8,
fbfbfb,
fafafa,
f8f8f8,
f5f5f5,
f2f2f2,
f5f5f5,
f8f8f8,
fafafa,
fbfbfb,
f8f8f8,
f4f4f4,
f4f4f4,
f4f4f4,
f8f8f8,
fbfbfb,
fafafa,
f9f9f9,
f6f6f6,
f2f2f2,
f5f5f5,
f8f8f8,
fafafa,
fcfcfc,
f8f8f8,
f4f4f4,
f4f4f4,
f3f3f3,
f7f7f7,
fbfbfb,
fbfbfb,
fafafa,
f6f6f6,
f2f2f2,
f4f4f4,
f6f6f6,
f9f9f9,
fcfcfc,
f9f9f9,
f5f5f5,
f4f4f4,
f3f3f3,
f7f7f7,
fafafa,
fafafa,
fafafa,
f7f7f7,
f3f3f3,
f5f5f5,
f6f6f6,
f9f9f9,
fcfcfc,
f9f9f9,
f6f6f6,
f5f5f5,
f3f3f3,
f7f7f7,
fafafa,
fafafa,
fafafa,
f7f7f6,
f3f3f2,
f3f3f3,
f3f3f3,
e8e8e8,
dcdcdc,
b5b5b6,
8d8e8f,
77787a,
616264,
606162,
5e5f5f,
5f5f5f,
5f5f5f,
606060,
606060,
606060,
5f5f5f,
5b5b5b,
565656,
545455,
525153,
858486,
b7b7b8,
d8d8d9,
f9f9f9,
eeedee,
e2e1e3,
e8e4e8,
eee7ec,
f0e8ec,
f1e8ec,
efe4e8,
ece0e3,
eadbde,
e8d5d9,
e2ced0,
dcc6c7,
d6bfc1,
d0b8ba,
ceb7b9,
ccb5b7,
cab4b6,
c8b2b5,
bea7ab,
b49ca0,
bda7aa,
c6b2b4,
c9b7b9,
cbbbbd,
cbbbbd,
cbbabd,
c8b6ba,
c5b2b6,
c4b0b4,
c3adb1,
c0acaf,
bdaaac,
bfb0b1,
c0b5b6,
d9d3d4,
f2f1f1,
f6f5f5,
f9f9f9,
f6f6f6,
f2f2f2,
f5f5f5,
f7f7f7,
fafafa,
fcfcfc,
f9f9f9,
f5f5f5,
f4f4f4,
f3f3f3,
f7f7f7,
fbfbfb,
fbfbfb,
fafafa,
f7f7f7,
f3f3f3,
f5f5f5,
f6f6f6,
f9f9f9,
fcfcfc,
f9f9f9,
f6f6f6,
f5f5f5,
f3f3f3,
f7f7f7,
fafafa,
fafafa,
fafafa,
f7f7f7,
f3f3f3,
f5f5f5,
f6f6f6,
f9f9f9,
fcfcfc,
f9f9f9,
f6f6f6,
f4f4f4,
f2f2f2,
f6f6f6,
fafafa,
fbfbfb,
fbfbfb,
f7f7f7,
f3f3f3,
f4f4f4,
f5f5f5,
f8f8f8,
fbfbfb,
fbfbfb,
f5f5f5,
f7f7f7,
f9f9f9,
f9f9f9,
f9f9f9,
f7f7f7,
f5f5f5,
f6f6f6,
f7f7f7,
f8f8f8,
fafafa,
f8f8f8,
f7f7f7,
f6f6f6,
f5f5f5,
f7f7f7,
f9f9f9,
f8f8f8,
f8f8f8,
e6e5e3,
d4d2ce,
b0a99e,
8c806f,
7f6f5a,
725f46,
725f46,
735f47,
7d6a54,
877562,
938473,
9f9384,
b9b1a8,
d4d0cc,
d6d3cd,
d9d6cf,
d9d5ca,
d9d3c5,
d2cbba,
ccc4b0,
c8c1af,
c5bfaf,
cac5b9,
cfccc3,
e0ded9,
f1f1f0,
f5f5f4,
f9f9f9,
f7f7f7,
f6f6f6,
f6f6f6,
f6f6f6,
f7f7f7,
f9f9f9,
f8f8f8,
f8f8f8,
f6f6f6,
f5f5f5,
f6f6f6,
f8f8f8,
f8f8f8,
f9f9f9,
f7f7f7,
f6f6f6,
f6f6f6,
f6f6f6,
f7f7f7,
f9f9f9,
f9f9f9,
f8f8f8,
f6f6f6,
f5f5f5,
f6f6f6,
f8f8f8,
f9f9f9,
fafafa,
f8f8f8,
f6f6f6,
f5f5f5,
f5f5f5,
f7f7f7,
f9f9f9,
f9f9f9,
f9f9f9,
f7f7f7,
f5f5f5,
f6f6f6,
f7f7f7,
f8f8f8,
fafafa,
f8f8f8,
f6f6f6,
f6f6f6,
f5f5f5,
f7f7f7,
f9f9f9,
f9f9f9,
f9f9f9,
f7f7f7,
f5f5f5,
f6f6f6,
f7f7f7,
f8f8f8,
fafafa,
f8f8f8,
f7f7f7,
f6f6f6,
f5f5f5,
f7f7f7,
f9f9f9,
f9f9f9,
f9f9f9,
f7f7f7,
f5f5f5,
f5f5f5,
f5f5f5,
efefef,
eaeaea,
d3d3d4,
bdbdbe,
a4a5a6,
8c8d8f,
7c7d7e,
6c6d6e,
656667,
5f5f60,
5e5e5e,
5c5c5d,
5b5b5c,
5b5a5b,
585759,
565556,
555456,
555456,
8d8d8e,
c6c6c6,
dfdfdf,
f8f8f8,
ededee,
e3e1e3,
e9e5e8,
efe8ed,
f0e8ec,
f1e7ec,
efe4e8,
ede1e4,
ebdcdf,
e9d7db,
e5d2d5,
e2cdcf,
dbc6c7,
d5bec0,
d0babc,
ccb5b8,
cab4b7,
c9b3b6,
bda7aa,
b29c9f,
bba5a8,
c4afb1,
c7b5b7,
cbbbbd,
cababc,
cab9bc,
c7b5b8,
c4b1b5,
c2aeb2,
c1acb0,
c1afb2,
c1b3b5,
ccc2c3,
d7d1d2,
e6e3e3,
f5f4f4,
f6f6f6,
f8f8f8,
f6f6f6,
f5f5f5,
f6f6f6,
f7f7f7,
f8f8f8,
fafafa,
f8f8f8,
f6f6f6,
f6f6f6,
f5f5f5,
f7f7f7,
f9f9f9,
f9f9f9,
f9f9f9,
f7f7f7,
f5f5f5,
f6f6f6,
f7f7f7,
f8f8f8,
fafafa,
f8f8f8,
f7f7f7,
f6f6f6,
f5f5f5,
f7f7f7,
f9f9f9,
f9f9f9,
f9f9f9,
f7f7f7,
f5f5f5,
f6f6f6,
f7f7f7,
f8f8f8,
fafafa,
f8f8f8,
f7f7f7,
f6f6f6,
f5f5f5,
f7f7f7,
f9f9f9,
f9f9f9,
f9f9f9,
f7f7f7,
f5f5f5,
f6f6f6,
f6f6f6,
f8f8f8,
f9f9f9,
f9f9f9,
f7f7f7,
f7f7f7,
f7f7f7,
f7f7f7,
f7f7f7,
f7f7f7,
f7f7f7,
f7f7f7,
f7f7f7,
f7f7f7,
f7f7f7,
f7f7f7,
f7f7f7,
f7f7f7,
f7f7f7,
f7f7f7,
f7f7f7,
f7f7f7,
f6f6f6,
d9d7d3,
bcb8b0,
978d7e,
72624b,
6f5d45,
6c583e,
725e47,
776450,
8c7c6c,
a09487,
b5ada3,
cac5bf,
dddbd7,
f0f0ef,
f0f0ef,
f0f0ef,
e7e6e3,
dedcd7,
dad8d1,
d6d3ca,
dad8d1,
dedcd7,
e6e5e1,
ededeb,
f1f1f0,
f5f5f5,
f6f6f6,
f7f7f7,
f7f7f7,
f7f7f7,
f7f7f7,
f7f7f7,
f7f7f7,
f7f7f7,
f7f7f7,
f7f7f7,
f7f7f7,
f7f7f7,
f7f7f7,
f7f7f7,
f7f7f7,
f7f7f7,
f7f7f7,
f7f7f7,
f7f7f7,
f7f7f7,
f7f7f7,
f7f7f7,
f7f7f7,
f7f7f7,
f7f7f7,
f7f7f7,
f7f7f7,
f7f7f7,
f7f7f7,
f7f7f7,
f7f7f7,
f7f7f7,
f7f7f7,
f7f7f7,
f7f7f7,
f7f7f7,
f7f7f7,
f7f7f7,
f7f7f7,
f7f7f7,
f7f7f7,
f7f7f7,
f7f7f7,
f7f7f7,
f7f7f7,
f7f7f7,
f7f7f7,
f7f7f7,
f7f7f7,
f7f7f7,
f7f7f7,
f7f7f7,
f7f7f7,
f7f7f7,
f7f7f7,
f7f7f7,
f7f7f7,
f7f7f7,
f7f7f7,
f7f7f7,
f7f7f7,
f7f7f7,
f7f7f7,
f7f7f7,
f7f7f7,
f7f7f7,
f7f7f7,
f7f7f7,
f7f7f7,
f7f7f7,
f7f7f7,
f7f7f7,
f2f2f2,
ececec,
d2d2d3,
b7b8b9,
989a9b,
797b7c,
6c6d6f,
5f5f61,
5c5c5d,
585859,
575758,
565557,
565457,
555356,
565558,
575759,
969697,
d4d4d4,
e6e6e6,
f7f7f7,
edeced,
e3e1e3,
eae5e8,
f0e9ed,
f0e8ec,
f0e6eb,
efe4e8,
eee2e5,
ecdee1,
ead9dc,
e9d7d9,
e7d4d6,
e0ccce,
d9c4c6,
d2bdbf,
cbb5b8,
cab4b7,
c9b3b6,
bda7aa,
b09b9d,
b9a3a6,
c1abae,
c6b3b5,
cbbabc,
cab9bc,
c8b8bb,
c5b4b7,
c2afb3,
c0adb1,
beabaf,
c2b3b6,
c5bbbd,
dad4d5,
eeeded,
f3f2f2,
f7f7f7,
f7f7f7,
f7f7f7,
f7f7f7,
f7f7f7,
f7f7f7,
f7f7f7,
f7f7f7,
f7f7f7,
f7f7f7,
f7f7f7,
f7f7f7,
f7f7f7,
f7f7f7,
f7f7f7,
f7f7f7,
f7f7f7,
f7f7f7,
f7f7f7,
f7f7f7,
f7f7f7,
f7f7f7,
f7f7f7,
f7f7f7,
f7f7f7,
f7f7f7,
f7f7f7,
f7f7f7,
f7f7f7,
f7f7f7,
f7f7f7,
f7f7f7,
f7f7f7,
f7f7f7,
f7f7f7,
f7f7f7,
f7f7f7,
f7f7f7,
f7f7f7,
f7f7f7,
f7f7f7,
f7f7f7,
f7f7f7,
f7f7f7,
f7f7f7,
f7f7f7,
f7f7f7,
f7f7f7,
f7f7f7,
f7f7f7,
f7f7f7,
f7f7f7,
fafafa,
f8f8f8,
f6f6f6,
f6f6f6,
f6f6f6,
f8f8f8,
fafafa,
f9f9f9,
f8f8f8,
f6f6f6,
f5f5f5,
f6f6f6,
f8f8f8,
f9f9f9,
fafafa,
f8f8f8,
f6f6f6,
f1f0f0,
ecebea,
c6c2ba,
a1988b,
897d6a,
726249,
796953,
80705c,
938676,
a79c90,
b9b1a8,
ccc6c0,
d6d1cd,
dfddda,
e8e7e5,
f2f2f1,
f4f4f3,
f6f6f5,
f1f0ef,
ecebe9,
e8e7e3,
e4e3de,
e7e6e2,
eae9e7,
efefed,
f5f5f4,
f5f5f4,
f5f5f5,
f5f5f5,
f5f5f5,
f7f7f7,
f9f9f9,
f9f9f9,
f9f9f9,
f7f7f7,
f5f5f5,
f6f6f6,
f7f7f7,
f8f8f8,
fafafa,
f8f8f8,
f7f7f7,
f6f6f6,
f5f5f5,
f7f7f7,
f9f9f9,
f9f9f9,
f9f9f9,
f7f7f7,
f5f5f5,
f5f5f5,
f6f6f6,
f8f8f8,
fafafa,
f8f8f8,
f7f7f7,
f6f6f6,
f5f5f5,
f7f7f7,
f9f9f9,
f9f9f9,
f9f9f9,
f7f7f7,
f5f5f5,
f5f5f5,
f6f6f6,
f8f8f8,
fafafa,
f9f9f9,
f8f8f8,
f6f6f6,
f5f5f5,
f6f6f6,
f8f8f8,
f9f9f9,
fafafa,
f8f8f8,
f6f6f6,
f6f6f6,
f6f6f6,
f8f8f8,
fafafa,
f9f9f9,
f8f8f8,
f6f6f6,
f5f5f5,
f6f6f6,
f8f8f8,
f9f9f9,
fafafa,
f8f8f8,
f6f6f6,
f6f6f6,
f6f6f6,
f8f8f8,
fafafa,
f9f9f9,
f8f8f8,
f6f6f6,
f5f5f5,
f3f3f3,
f2f2f2,
e6e6e6,
d9dada,
c4c5c5,
afb0b0,
9e9e9f,
8d8d8e,
808081,
737375,
6a6a6b,
616062,
5d5c5e,
5a585b,
666567,
727274,
aaaaab,
e3e3e3,
ececec,
f6f6f6,
ebeaeb,
e0dee0,
e8e4e7,
f0eaee,
f0e8ed,
f0e7ec,
f0e5ea,
efe4e8,
ede0e4,
ecdde0,
ebdbde,
ebdadc,
e6d3d5,
e1cdcf,
d7c2c5,
ceb8bb,
ccb8ba,
cbb7b9,
beaaac,
b19d9f,
b8a2a5,
bfa8ac,
c4b0b3,
cab8bb,
c9b8bb,
c8b8bb,
c5b4b7,
c1afb3,
c0b0b3,
beb0b3,
ccc3c4,
dad5d6,
e7e5e5,
f5f4f4,
f5f5f5,
f5f5f5,
f6f6f6,
f6f6f6,
f8f8f8,
fafafa,
f8f8f8,
f7f7f7,
f6f6f6,
f5f5f5,
f6f6f6,
f8f8f8,
f9f9f9,
f9f9f9,
f7f7f7,
f5f5f5,
f5f5f5,
f6f6f6,
f8f8f8,
fafafa,
f9f9f9,
f8f8f8,
f6f6f6,
f5f5f5,
f6f6f6,
f8f8f8,
f9f9f9,
fafafa,
f8f8f8,
f6f6f6,
f6f6f6,
f6f6f6,
f8f8f8,
fafafa,
f9f9f9,
f8f8f8,
f6f6f6,
f5f5f5,
f6f6f6,
f8f8f8,
f9f9f9,
fafafa,
f8f8f8,
f6f6f6,
f5f5f5,
f5f5f5,
f7f7f7,
f9f9f9,
f9f9f9,
f8f8f8,
f6f6f6,
f5f5f5,
f5f5f5,
fcfcfc,
f8f8f8,
f4f4f4,
f4f4f4,
f4f4f4,
f8f8f8,
fcfcfc,
fafafa,
f8f8f8,
f5f5f5,
f2f2f2,
f5f5f5,
f8f8f8,
fafafa,
fcfcfc,
f8f8f8,
f4f4f4,
ebeae9,
e2e0de,
b4aca2,
857865,
7c6d56,
726147,
837561,
94887a,
b5aea5,
d6d3d0,
e7e6e4,
f8f8f8,
f6f6f6,
f4f4f4,
f4f4f4,
f3f3f3,
f7f7f7,
fbfbfb,
fbfbfb,
fafafa,
f6f6f6,
f2f2f2,
f4f4f4,
f6f6f6,
f9f9f9,
fcfcfc,
f9f9f9,
f5f5f5,
f4f4f4,
f2f2f2,
f6f6f6,
fafafa,
fafafa,
fafafa,
f6f6f6,
f2f2f2,
f4f4f4,
f6f6f6,
f9f9f9,
fcfcfc,
f9f9f9,
f6f6f6,
f4f4f4,
f2f2f2,
f6f6f6,
fafafa,
fafafa,
fafafa,
f6f6f6,
f2f2f2,
f4f4f4,
f5f5f5,
f9f9f9,
fcfcfc,
f9f9f9,
f6f6f6,
f4f4f4,
f2f2f2,
f6f6f6,
fafafa,
fbfbfb,
fbfbfb,
f7f7f7,
f3f3f3,
f4f4f4,
f4f4f4,
f8f8f8,
fcfcfc,
fafafa,
f8f8f8,
f5f5f5,
f2f2f2,
f6f6f6,
f9f9f9,
fbfbfb,
fcfcfc,
f8f8f8,
f4f4f4,
f4f4f4,
f4f4f4,
f8f8f8,
fcfcfc,
fafafa,
f8f8f8,
f5f5f5,
f2f2f2,
f5f5f5,
f8f8f8,
fafafa,
fcfcfc,
f8f8f8,
f4f4f4,
f4f4f4,
f4f4f4,
f8f8f8,
fcfcfc,
fbfbfb,
f9f9f9,
f6f6f6,
f2f2f2,
f5f5f5,
f8f8f8,
fafafa,
fbfbfb,
f0f0f0,
e4e4e4,
cfcfd0,
bababb,
a4a4a6,
8e8e90,
7d7d7f,
6c6b6d,
656466,
5e5c5f,
767577,
8d8d8e,
bfbfc0,
f1f1f1,
f3f3f3,
f5f5f5,
e9e8e9,
dcdadc,
e6e2e5,
f0eaee,
f0e9ed,
f0e8ec,
f0e7eb,
f0e5ea,
efe3e7,
ede0e3,
eee0e2,
eedfe1,
ebdadd,
e8d5d8,
dcc8cb,
d0bbbd,
cebbbd,
ccbbbc,
bfadae,
b29ea0,
b8a2a5,
bda5a9,
c3adb1,
c8b5b9,
c8b7ba,
c8b8bb,
c4b4b7,
c0afb2,
bfb2b4,
beb5b6,
d7d2d3,
efefef,
f5f5f5,
fbfbfb,
f7f7f7,
f3f3f3,
f4f4f4,
f5f5f5,
f9f9f9,
fcfcfc,
fafafa,
f7f7f7,
f5f5f5,
f2f2f2,
f6f6f6,
f9f9f9,
fafafa,
fbfbfb,
f7f7f7,
f3f3f3,
f4f4f4,
f4f4f4,
f8f8f8,
fcfcfc,
fafafa,
f8f8f8,
f5f5f5,
f2f2f2,
f5f5f5,
f8f8f8,
fafafa,
fcfcfc,
f8f8f8,
f4f4f4,
f4f4f4,
f4f4f4,
f8f8f8,
fcfcfc,
fafafa,
f8f8f8,
f5f5f5,
f2f2f2,
f5f5f5,
f8f8f8,
fafafa,
fcfcfc,
f8f8f8,
f4f4f4,
f4f4f4,
f3f3f3,
f7f7f7,
fbfbfb,
fafafa,
f9f9f9,
f6f6f6,
f2f2f2,
f2f2f2,
f7f7f7,
f7f7f7,
f8f8f8,
f8f8f8,
f8f8f8,
f7f7f7,
f7f7f7,
f7f7f7,
f7f7f7,
f7f7f7,
f8f8f8,
f7f7f7,
f7f7f7,
f7f7f7,
f7f7f7,
f7f7f7,
f6f6f6,
e1dfdb,
ccc8c1,
a69c8f,
7f715d,
897c69,
938775,
aca396,
c4beb7,
d5d2cd,
e7e5e4,
eeedec,
f5f5f5,
f6f6f6,
f7f7f7,
f7f7f7,
f8f8f8,
f7f7f7,
f7f7f7,
f7f7f7,
f7f7f7,
f7f7f7,
f8f8f8,
f7f7f7,
f7f7f7,
f7f7f7,
f7f7f7,
f7f7f7,
f7f7f7,
f7f7f7,
f8f8f8,
f7f7f7,
f7f7f7,
f7f7f7,
f7f7f7,
f7f7f7,
f8f8f8,
f8f8f8,
f8f8f8,
f7f7f7,
f7f7f7,
f7f7f7,
f8f8f8,
f8f8f8,
f8f8f8,
f7f7f7,
f7f7f7,
f7f7f7,
f7f7f7,
f7f7f7,
f7f7f7,
f7f7f7,
f7f7f7,
f7f7f7,
f7f7f7,
f7f7f7,
f7f7f7,
f7f7f7,
f8f8f8,
f7f7f7,
f7f7f7,
f7f7f7,
f7f7f7,
f7f7f7,
f8f8f8,
f7f7f7,
f7f7f7,
f7f7f7,
f7f7f7,
f7f7f7,
f7f7f7,
f7f7f7,
f8f8f8,
f7f7f7,
f7f7f7,
f7f7f7,
f7f7f7,
f7f7f7,
f8f8f8,
f8f8f8,
f8f8f8,
f7f7f7,
f7f7f7,
f7f7f7,
f7f7f7,
f7f7f7,
f8f8f8,
f7f7f7,
f7f7f7,
f7f7f7,
f7f7f7,
f7f7f7,
f8f8f8,
f8f8f8,
f8f8f8,
f7f7f7,
f7f7f7,
f7f7f7,
f7f7f7,
f7f7f7,
f8f8f8,
f7f7f7,
f7f7f7,
f7f7f7,
f6f6f6,
f3f3f3,
efefef,
e5e5e5,
dbdbdc,
cdcdce,
bfbfc0,
b3b3b4,
a8a7a8,
a5a4a5,
a2a1a2,
b0b0b1,
bfbfbf,
d8d8d8,
f1f1f1,
f4f4f4,
f7f7f7,
eae9ea,
dddbdd,
e6e3e6,
f0eaef,
f1e9ee,
f1e8ed,
f1e7ec,
f1e6eb,
f0e4e9,
efe3e6,
efe2e5,
efe1e3,
eddddf,
ead9dc,
deccce,
d3c0c1,
d0bfc0,
cebebf,
c2b0b2,
b6a2a5,
b9a3a7,
bda4a8,
c1aaaf,
c6b1b5,
c7b5b8,
c9b9bc,
c2b4b6,
bcaeb1,
c7bebf,
d3cece,
e2e0e0,
f2f2f2,
f4f4f4,
f7f7f7,
f7f7f7,
f8f8f8,
f7f7f7,
f7f7f7,
f7f7f7,
f7f7f7,
f7f7f7,
f7f7f7,
f7f7f7,
f8f8f8,
f7f7f7,
f7f7f7,
f7f7f7,
f7f7f7,
f7f7f7,
f8f8f8,
f7f7f7,
f7f7f7,
f7f7f7,
f7f7f7,
f7f7f7,
f7f7f7,
f7f7f7,
f8f8f8,
f7f7f7,
f7f7f7,
f7f7f7,
f7f7f7,
f7f7f7,
f8f8f8,
f8f8f8,
f8f8f8,
f7f7f7,
f7f7f7,
f7f7f7,
f7f7f7,
f7f7f7,
f8f8f8,
f7f7f7,
f7f7f7,
f7f7f7,
f7f7f7,
f7f7f7,
f7f7f7,
f7f7f7,
f8f8f8,
f7f7f7,
f7f7f7,
f7f7f7,
f7f7f7,
f7f7f7,
f8f8f8,
f8f8f8,
f1f1f1,
f6f6f6,
fbfbfb,
fbfbfb,
fbfbfb,
f6f6f6,
f1f1f1,
f3f3f3,
f5f5f5,
f9f9f9,
fdfdfd,
fafafa,
f6f6f6,
f4f4f4,
f2f2f2,
f5f5f5,
f8f8f8,
d7d4ce,
b6afa3,
988d7c,
796a54,
978c7b,
b4ada2,
d4d1cb,
f4f4f3,
f6f6f5,
f7f7f7,
f4f4f4,
f1f1f1,
f6f6f6,
fafafa,
fbfbfb,
fcfcfc,
f7f7f7,
f2f2f2,
f3f3f3,
f4f4f4,
f9f9f9,
fdfdfd,
fbfbfb,
f8f8f8,
f5f5f5,
f1f1f1,
f5f5f5,
f9f9f9,
fbfbfb,
fdfdfd,
f8f8f8,
f3f3f3,
f3f3f3,
f3f3f3,
f8f8f8,
fdfdfd,
fbfbfb,
f9f9f9,
f5f5f5,
f1f1f1,
f5f5f5,
f9f9f9,
fbfbfb,
fdfdfd,
f9f9f9,
f4f4f4,
f4f4f4,
f3f3f3,
f8f8f8,
fcfcfc,
fbfbfb,
f9f9f9,
f5f5f5,
f1f1f1,
f5f5f5,
f8f8f8,
fbfbfb,
fdfdfd,
f9f9f9,
f4f4f4,
f3f3f3,
f2f2f2,
f7f7f7,
fcfcfc,
fbfbfb,
fafafa,
f6f6f6,
f1f1f1,
f4f4f4,
f6f6f6,
fafafa,
fdfdfd,
f9f9f9,
f5f5f5,
f4f4f4,
f2f2f2,
f7f7f7,
fbfbfb,
fbfbfb,
fbfbfb,
f6f6f6,
f1f1f1,
f3f3f3,
f5f5f5,
f9f9f9,
fdfdfd,
f9f9f9,
f5f5f5,
f3f3f3,
f1f1f1,
f6f6f6,
fbfbfb,
fbfbfb,
fbfbfb,
f6f6f6,
f1f1f1,
f3f3f3,
f5f5f5,
f9f9f9,
fdfdfd,
fafafa,
f6f6f6,
f4f4f4,
f1f1f1,
f6f6f6,
fafafa,
fbfbfb,
fcfcfc,
f6f6f6,
efefef,
e9e9e9,
e3e3e3,
e4e4e4,
e5e5e5,
ebebeb,
f0f0f0,
f1f1f1,
f1f1f1,
f5f5f5,
f9f9f9,
ebebec,
dddcde,
e7e3e7,
f0eaf0,
f1e9ef,
f2e8ee,
f2e8ed,
f1e7ec,
f1e6eb,
f0e5e9,
f0e4e7,
f0e2e5,
eedfe2,
ecdcdf,
e1d0d2,
d5c4c5,
d2c2c4,
cfc0c2,
c4b3b6,
b9a5aa,
bba4a9,
bca2a7,
c0a8ac,
c3adb1,
c6b4b7,
c9babc,
c0b4b6,
b7adaf,
d0cacb,
e8e6e6,
eeeded,
f4f4f4,
f3f3f3,
f2f2f2,
f7f7f7,
fcfcfc,
fbfbfb,
f9f9f9,
f5f5f5,
f1f1f1,
f4f4f4,
f7f7f7,
fafafa,
fdfdfd,
f9f9f9,
f5f5f5,
f4f4f4,
f2f2f2,
f7f7f7,
fcfcfc,
fbfbfb,
fafafa,
f6f6f6,
f1f1f1,
f4f4f4,
f6f6f6,
fafafa,
fdfdfd,
f9f9f9,
f5f5f5,
f3f3f3,
f1f1f1,
f6f6f6,
fbfbfb,
fbfbfb,
fbfbfb,
f6f6f6,
f1f1f1,
f3f3f3,
f5f5f5,
f9f9f9,
fdfdfd,
fafafa,
f6f6f6,
f4f4f4,
f1f1f1,
f6f6f6,
fafafa,
fbfbfb,
fcfcfc,
f7f7f7,
f2f2f2,
f4f4f4,
f5f5f5,
f9f9f9,
fdfdfd,
fdfdfd,
f5f5f5,
f7f7f7,
f9f9f9,
f9f9f9,
f9f9f9,
f7f7f7,
f5f5f5,
f5f5f5,
f6f6f6,
f8f8f8,
f9f9f9,
f8f8f8,
f7f7f7,
f6f6f6,
f5f5f5,
f4f4f4,
f4f3f3,
ccc8c1,
a59d90,
a1988a,
9d9384,
b9b2a7,
d4d1cb,
e4e3e0,
f5f5f4,
f6f6f6,
f7f7f7,
f6f6f6,
f5f5f5,
f6f6f6,
f8f8f8,
f9f9f9,
f9f9f9,
f7f7f7,
f5f5f5,
f6f6f6,
f6f6f6,
f8f8f8,
fafafa,
f9f9f9,
f8f8f8,
f6f6f6,
f5f5f5,
f6f6f6,
f8f8f8,
f9f9f9,
fafafa,
f8f8f8,
f6f6f6,
f6f6f6,
f6f6f6,
f8f8f8,
fafafa,
f9f9f9,
f8f8f8,
f7f7f7,
f5f5f5,
f7f7f7,
f8f8f8,
f9f9f9,
fafafa,
f8f8f8,
f6f6f6,
f6f6f6,
f6f6f6,
f7f7f7,
f9f9f9,
f8f8f8,
f8f8f8,
f6f6f6,
f5f5f5,
f6f6f6,
f8f8f8,
f9f9f9,
fafafa,
f8f8f8,
f6f6f6,
f6f6f6,
f5f5f5,
f7f7f7,
f9f9f9,
f9f9f9,
f8f8f8,
f6f6f6,
f5f5f5,
f6f6f6,
f7f7f7,
f8f8f8,
f9f9f9,
f8f8f8,
f7f7f7,
f6f6f6,
f5f5f5,
f7f7f7,
f9f9f9,
f9f9f9,
f9f9f9,
f7f7f7,
f5f5f5,
f5f5f5,
f6f6f6,
f8f8f8,
f9f9f9,
f8f8f8,
f6f6f6,
f5f5f5,
f5f5f5,
f7f7f7,
f9f9f9,
f9f9f9,
f9f9f9,
f7f7f7,
f5f5f5,
f6f6f6,
f7f7f7,
f8f8f8,
f9f9f9,
f8f8f8,
f7f7f7,
f6f6f6,
f5f5f5,
f6f6f6,
f8f8f8,
f9f9f9,
f9f9f9,
f6f6f6,
f4f4f4,
f1f1f1,
eeeeee,
ededed,
ededed,
f0f0f0,
f3f3f3,
f4f4f4,
f5f5f5,
f6f6f6,
f7f7f7,
e6e5e7,
d6d4d7,
e3dfe4,
f0ebf1,
f1eaf0,
f2e9ef,
f1e8ee,
f1e7ed,
f0e6eb,
f0e5ea,
f0e4e8,
f1e3e6,
efe0e3,
eddee0,
e2d2d4,
d7c7c9,
d3c4c7,
d0c1c5,
c6b5b9,
bba8ad,
bca5aa,
bca2a7,
bfa6aa,
c1aaae,
c1aeb1,
c1b2b5,
b9afb3,
b2acb1,
cecacd,
ebe9ea,
f0f0f0,
f6f6f6,
f6f6f6,
f5f5f5,
f7f7f7,
f9f9f9,
f9f9f9,
f8f8f8,
f6f6f6,
f5f5f5,
f6f6f6,
f7f7f7,
f8f8f8,
f9f9f9,
f8f8f8,
f7f7f7,
f6f6f6,
f5f5f5,
f7f7f7,
f9f9f9,
f9f9f9,
f8f8f8,
f6f6f6,
f5f5f5,
f6f6f6,
f7f7f7,
f8f8f8,
f9f9f9,
f8f8f8,
f6f6f6,
f5f5f5,
f5f5f5,
f7f7f7,
f9f9f9,
f9f9f9,
f9f9f9,
f7f7f7,
f5f5f5,
f5f5f5,
f6f6f6,
f8f8f8,
f9f9f9,
f8f8f8,
f7f7f7,
f6f6f6,
f5f5f5,
f6f6f6,
f8f8f8,
f9f9f9,
f9f9f9,
f7f7f7,
f5f5f5,
f6f6f6,
f7f7f7,
f8f8f8,
fafafa,
fafafa,
f8f8f8,
f7f7f7,
f6f6f6,
f6f6f6,
f6f6f6,
f7f7f7,
f8f8f8,
f8f8f8,
f7f7f7,
f6f6f6,
f5f5f5,
f6f6f6,
f7f7f7,
f8f8f8,
f8f8f8,
f4f3f3,
efeeee,
c2bdb5,
948b7c,
aba398,
c1bbb3,
dbd8d4,
f4f4f4,
f5f5f5,
f5f5f5,
f6f6f6,
f7f7f7,
f8f8f8,
f8f8f8,
f7f7f7,
f6f6f6,
f6f6f6,
f6f6f6,
f7f7f7,
f8f8f8,
f8f8f8,
f8f8f8,
f7f7f7,
f6f6f6,
f7f7f7,
f7f7f7,
f8f8f8,
f9f9f9,
f8f8f8,
f6f6f6,
f6f6f6,
f6f6f6,
f7f7f7,
f8f8f8,
f8f8f8,
f8f8f8,
f7f7f7,
f6f6f6,
f7f7f7,
f7f7f7,
f8f8f8,
f9f9f9,
f8f8f8,
f7f7f7,
f7f7f7,
f6f6f6,
f7f7f7,
f8f8f8,
f8f8f8,
f8f8f8,
f7f7f7,
f6f6f6,
f6f6f6,
f6f6f6,
f8f8f8,
f9f9f9,
f8f8f8,
f7f7f7,
f7f7f7,
f6f6f6,
f7f7f7,
f8f8f8,
f8f8f8,
f8f8f8,
f7f7f7,
f6f6f6,
f6f6f6,
f6f6f6,
f7f7f7,
f8f8f8,
f8f8f8,
f7f7f7,
f6f6f6,
f5f5f5,
f7f7f7,
f8f8f8,
f8f8f8,
f8f8f8,
f7f7f7,
f6f6f6,
f6f6f6,
f6f6f6,
f7f7f7,
f8f8f8,
f8f8f8,
f7f7f7,
f6f6f6,
f5f5f5,
f6f6f6,
f7f7f7,
f8f8f8,
f8f8f8,
f7f7f7,
f6f6f6,
f6f6f6,
f6f6f6,
f7f7f7,
f8f8f8,
f8f8f8,
f8f8f8,
f7f7f7,
f5f5f5,
f6f6f6,
f7f7f7,
f8f8f8,
f8f8f8,
f7f7f7,
f6f6f6,
f6f6f6,
f6f6f6,
f7f7f7,
f8f8f8,
f8f8f8,
f8f8f8,
f7f7f7,
f5f5f5,
f6f6f6,
f6f6f6,
f7f7f7,
f8f8f8,
f6f6f6,
f4f4f4,
e1e0e2,
cecccf,
dfdce0,
f0ebf1,
f1ebf0,
f1eaef,
f1e9ee,
f0e7ed,
f0e6ec,
f0e5ea,
f1e5e9,
f1e4e7,
efe2e4,
eddfe1,
e3d4d7,
d8c9cc,
d5c6ca,
d1c2c8,
c7b7bc,
bdabb0,
bda6ab,
bca1a6,
bea4a8,
bfa6aa,
bca8ac,
b8a9ae,
b2aab0,
acaab2,
cdcbd0,
edeced,
f3f2f3,
f8f8f8,
f8f8f8,
f8f8f8,
f7f7f7,
f6f6f6,
f7f7f7,
f7f7f7,
f8f8f8,
f8f8f8,
f8f8f8,
f7f7f7,
f6f6f6,
f5f5f5,
f7f7f7,
f8f8f8,
f8f8f8,
f8f8f8,
f7f7f7,
f6f6f6,
f6f6f6,
f6f6f6,
f7f7f7,
f8f8f8,
f8f8f8,
f7f7f7,
f6f6f6,
f5f5f5,
f6f6f6,
f7f7f7,
f8f8f8,
f8f8f8,
f7f7f7,
f6f6f6,
f6f6f6,
f6f6f6,
f7f7f7,
f8f8f8,
f8f8f8,
f7f7f7,
f6f6f6,
f5f5f5,
f6f6f6,
f7f7f7,
f8f8f8,
f8f8f8,
f7f7f7,
f6f6f6,
f6f6f6,
f6f6f6,
f7f7f7,
f8f8f8,
f8f8f8,
f8f8f8,
f7f7f7,
f6f6f6,
f6f6f6,
f8f8f8,
f7f7f7,
f6f6f6,
f6f6f6,
f6f6f6,
f7f7f7,
f8f8f8,
f8f8f8,
f7f7f7,
f6f6f6,
f5f5f5,
f6f6f6,
f7f7f7,
f8f8f8,
f8f8f8,
f4f3f3,
efeeee,
c2bdb5,
948b7c,
aba398,
c1bbb3,
dbd8d4,
f4f4f4,
f5f5f5,
f5f5f5,
f6f6f6,
f7f7f7,
f8f8f8,
f8f8f8,
f7f7f7,
f6f6f6,
f6f6f6,
f6f6f6,
f7f7f7,
f8f8f8,
f8f8f8,
f8f8f8,
f7f7f7,
f6f6f6,
f7f7f7,
f7f7f7,
f8f8f8,
f9f9f9,
f8f8f8,
f6f6f6,
f6f6f6,
f6f6f6,
f7f7f7,
f8f8f8,
f8f8f8,
f8f8f8,
f7f7f7,
f6f6f6,
f7f7f7,
f7f7f7,
f8f8f8,
f9f9f9,
f8f8f8,
f7f7f7,
f7f7f7,
f6f6f6,
f7f7f7,
f8f8f8,
f8f8f8,
f8f8f8,
f7f7f7,
f6f6f6,
f6f6f6,
f6f6f6,
f8f8f8,
f9f9f9,
f8f8f8,
f7f7f7,
f7f7f7,
f6f6f6,
f7f7f7,
f8f8f8,
f8f8f8,
f8f8f8,
f7f7f7,
f6f6f6,
f6f6f6,
f6f6f6,
f7f7f7,
f8f8f8,
f8f8f8,
f7f7f7,
f6f6f6,
f5f5f5,
f7f7f7,
f8f8f8,
f8f8f8,
f8f8f8,
f7f7f7,
f6f6f6,
f6f6f6,
f6f6f6,
f7f7f7,
f8f8f8,
f8f8f8,
f7f7f7,
f6f6f6,
f5f5f5,
f6f6f6,
f7f7f7,
f8f8f8,
f8f8f8,
f7f7f7,
f6f6f6,
f6f6f6,
f6f6f6,
f7f7f7,
f8f8f8,
f8f8f8,
f8f8f8,
f7f7f7,
f5f5f5,
f6f6f6,
f7f7f7,
f8f8f8,
f8f8f8,
f7f7f7,
f6f6f6,
f6f6f6,
f6f6f6,
f7f7f7,
f8f8f8,
f8f8f8,
f8f8f8,
f7f7f7,
f5f5f5,
f6f6f6,
f6f6f6,
f7f7f7,
f8f8f8,
f6f6f6,
f4f4f4,
e1e0e2,
cecccf,
dfdce0,
f0ebf1,
f1ebf0,
f1eaef,
f1e9ee,
f0e7ed,
f0e6ec,
f0e5ea,
f1e5e9,
f1e4e7,
efe2e4,
eddfe1,
e3d4d7,
d8c9cc,
d5c6ca,
d1c2c8,
c7b7bc,
bdabb0,
bda6ab,
bca1a6,
bea4a8,
bfa6aa,
bca8ac,
b8a9ae,
b2aab0,
acaab2,
cdcbd0,
edeced,
f3f2f3,
f8f8f8,
f8f8f8,
f8f8f8,
f7f7f7,
f6f6f6,
f7f7f7,
f7f7f7,
f8f8f8,
f8f8f8,
f8f8f8,
f7f7f7,
f6f6f6,
f5f5f5,
f7f7f7,
f8f8f8,
f8f8f8,
f8f8f8,
f7f7f7,
f6f6f6,
f6f6f6,
f6f6f6,
f7f7f7,
f8f8f8,
f8f8f8,
f7f7f7,
f6f6f6,
f5f5f5,
f6f6f6,
f7f7f7,
f8f8f8,
f8f8f8,
f7f7f7,
f6f6f6,
f6f6f6,
f6f6f6,
f7f7f7,
f8f8f8,
f8f8f8,
f7f7f7,
f6f6f6,
f5f5f5,
f6f6f6,
f7f7f7,
f8f8f8,
f8f8f8,
f7f7f7,
f6f6f6,
f6f6f6,
f6f6f6,
f7f7f7,
f8f8f8,
f8f8f8,
f8f8f8,
f7f7f7,
f6f6f6,
f6f6f6,
