1F9799FB
1F578DBC
1FC8524C
21A785C4
19571E48
1FE695E6
1CB80228
1E26FDD9
22F8C5E1
1E581225
1ED6C9CF
1EE7A5A6
1CE6DDCA
20A84249
1E56F5E1
1986FDBA
1E582603
2057B5F6
1A081DFB
2688EA42
1DE815D3
2067BE10
20A7C5F6
1EE79993
1B473DC1
22C76621
2076DDB3
1AC83256
1B6819A6
1F67B98F
1E582E64
220799E4
17187DD3
25F879D7
1C38FDE0
1E573DB2
21F6B5E1
1817B60E
1B7695CF
20A719D4
1CD68A1D
1F68C208
1F4741E6
220765D9
1CF6AA13
1D362A22
1AC761C1
1D983DBD
23A735AC
1C9821EF
1AF841A0
20482183
1B478DA4
1E996252
24A859EC
1EA901DB
1DC689AC
1F0789D8
204785E9
1F98362F
1DF86E1D
1EC709CB
1BD815CB
1E0745DE
1826AA26
20984A39
1AB8D9B1
1FB73DBF
1D86CA48
1EC835E2
1A6885F1
1D575202
1DA801F2
1A48E1A5
1A171DF5
1F998235
1E96EA2C
1C28EA0E
1EF959BC
1F6635E2
2028FE0D
2088760F
1E57D622
1DE8D9AA
1CD78D89
1FA8299A
2216F580
2318A97B
2158C1D6
2027E5B3
19A70A0A
1F87C1F9
20F601F8
1F67A218
1D062212
1B982A43
1BD78185
1F2701AD
20481E51
1DA839C5
21E7AE06
1FC7D61A
21E5F5ED
21E7B5E4
1F178637
1C177A29
216809EC
2327C1FE
1817BDB8
20F7AE0A
1D37AE0D
22988DE7
1D470DBA
20560DF3
1DA8F221
1EE669DD
2038D23E
21984223
1D487DF7
1D388213
1D480A29
1C979608
1B86D9D7
1E5845F3
1E87A1D9
1D07F5C1
1BC741F0
2248720D
1956AA24
24C769D7
2336F1E2
1D8505D4
2016AA1B
1C170D7C
1F1771DA
1BC7860C
1F9801D2
1C67821A
1F57EE06
209861F1
22A8DDE1
1B27B617
1CA8CE54
1A47A5E0
19F77237
1FF855D4
220679DE
1FC6A1E4
1DF7CA59
1EF775B8
1EC7923F
1FA7FA30
20E98DEA
1ED88233
1A770A36
1F67DA40
2098C5E9
24E7B608
20C80E01
1B87BDF0
21174DD3
1966C19B
1AE859E0
201701C3
1D389E0E
2237BE13
2006E188
1E495A03
2508F290
1B4725AD
1FB7DDF1
1DE789BF
1D172A0F
1EB6E9C9
1DF715EB
1C689A4C
1C083200
2077D1A2
1CD759E0
1DF6D5EC
2207320A
1B66FA06
1D280E30
2088B9F4
1D66CDDD
1E1741CE
1AD799D1
186641B3
1DD76203
1B687614
20C7DA03
1AC821F2
1AC849F8
18F5E215
1906D9AD
1646D593
1A95FDB3
19660142
1A56515E
1E9655BF
1A26A5BB
1E872208
1CB61DE1
2097960D
1F77E5C3
23F709C4
20173988
1DD8D9C5
20B7B625
1C589648
1A4661FF
1B1871E0
2346FE03
1CE78215
1D18A605
2197EE10
1F08920E
1D677200
1D1859B4
1836F5DC
1C07A605
209699F6
23C889E4
1BF7A5E6
2416F59D
1F787D9D
25C8D607
20F66201
20D8D1EF
21F70610
21268A01
2265F1AC
1CC86625
2027FE15
1DA88207
20780DB7
2127A216
1B88526C
21E68DE7
210975BC
24A86E16
1CB7E62B
1FC7D626
216851C9
1FD8CA39
1FB879C3
17467DB4
20376643
1ED721A1
2487597C
21C7A631
23D74E1F
26666613
22985DFD
1F287E42
1C685616
1E7771DD
2058C9CE
213721CE
23860239
1F679DB8
1BC8ADFD
1F684261
1E05EA1D
1BC749A9
21579DC6
1C892E10
1D08A99C
23B8060E
1A1809F5
20C7E5B1
1FD7E974
1F8835BC
1C47AE0B
2307BDB5
19A7622A
1F47F9C7
1F7685D1
1B7835EE
1EF8A1F8
1E48656F
225885EA
1E66B5E6
20A835E9
1C58F217
22472974
22C9A1F8
2147B1C8
1B16DDDD
2217DA0C
1E87ADAB
1C17C613
1D25EDC5
1EA89E24
207789FE
1837EA00
22B8124A
25C6FDDA
1D691A38
1907C1DD
1DA599E8
1F178DB9
18C66A01
185649A4
1736A193
12B60927
13965D78
183655F5
1AC6FA0A
1914FD6C
13F6815A
10F6518F
17B6F5BC
19C5C172
1946A194
18A595ED
1CE5D9CA
19A861DF
1EF84DC2
20C70E2D
1EC731D3
1C363A2B
1BA695FE
1FB7CDC9
2107AA0B
2037E9E2
23E919F5
1E07CA5F
1CB7B208
2217DE18
1B2951F3
1CB975E6
20262DC5
20F7E5FB
2397B5F7
1D3755AF
1F29520D
20E86A20
19E79DBE
1F98EE12
1D382610
1D1771AB
2427E9B5
1A47DA30
21F835EF
1FB815CE
1BF7DE31
1D4779B4
1E76B5D0
1E777E05
1FD851E3
222705BE
20A631F5
1E88B62B
1CC729AF
217741F9
1A8721F7
1E3819F5
23E81E31
1F383D82
17B77DAC
1F48C199
1E673DA5
1F05421A
1669121E
2176F23E
1D97CDB3
1D3821F6
223839CD
23B75A16
1F67A628
1FA7D5DE
1FC6FD8F
1B8805B9
1E77CE0E
1BC7D232
20585206
1DC785E7
1FD7EA0A
1A87F595
226665DA
1F6749AE
1E079645
1FD845FF
1CC81E0A
2417F993
1F689E27
2478D9D3
1CB839DF
1F588E0E
1F97E1B4
1FA98DFC
1DE835CA
1D3725F2
1C7611CD
1D76ADE1
1B36B5F5
1CB819F6
1D96620E
1FF925C0
1DC6560B
2416E1E1
1AB6B9E2
1F581E0C
1BD769C9
1926A589
1FF831DA
1E969215
2076EE3B
23A8A636
246715E7
1D175A42
1C469992
1DF70534
1BB5A9A8
16B5F52F
1485F54A
10D59561
17F5B97A
14354998
1645EDA3
16956178
1C065184
1A86719C
143685AE
18B5CDA9
16952200
1A57BD93
1F07B5E1
20A769E5
18B905C1
1E86F1F2
1D0859D0
22E791E6
1CA775D1
1DE78619
1C379211
2108C178
1BA82DEA
20F739AD
1DB7DDFE
23A7C1F2
20E795F0
1E9725A4
2207C5BA
209679B5
228671DD
1F4819C0
22078DA5
1B97DA13
208875F0
2588262C
25D79E21
20E67195
173899FE
1F16ADBC
1E07F5AD
215885DF
1C374DA5
1CC6FA04
22A7FDFF
1C2711C1
1FF785C7
1FC87DE3
19382DDF
249761DC
18952E1E
1D45FDD4
1C869DC3
1D87F250
2107AD96
1F0705FB
1D6845C8
22E6D1F1
211835F4
1E57B5E4
1EB821F9
1E087DB0
2206D208
219719E6
1A4799CD
1D27F9F2
1B7831F9
1576BE0A
1BC74236
1F669DCA
1CC6F60B
1B3879D3
1F997DF3
1DD6C60D
22B81DDD
1C37E1E7
230845C7
1E2889CE
2287ADDD
1DC7D5D3
20489DDA
1FD72E2E
152745C7
1C17CA20
1C47623D
1F98CA48
2327E5A2
1E879E1F
1FF659F9
25A95A43
1BE695FE
216689D0
2258CE1E
241911D9
2477D5D4
20A80A16
1E46D5E7
23968DE9
1BB7E9EA
1F48122A
1D487E81
1AE7C1D2
1C27B9AF
1EE7E9AD
1B979971
21F7C1DC
1DB561C9
19E78DE3
1225E18C
13F57D61
1685B970
1C859D51
1913EDA6
12C4F9E2
19B48D91
164735A0
1814C58C
1894C608
11E57162
0E7565BB
1D65ED5A
164529D9
1A463960
1615D1C0
1BA6F1D8
1BA77DDD
21062DBD
218641FD
1D4735AD
1BA725F1
262855AD
198881D9
1A87D9FF
214829F6
1AB7A1F9
1B26C5E6
1F978216
1D384217
1FA8960A
1F36D26B
21A6EDD8
1D874638
1E26FDE6
1DA7F631
1F96C9D1
21D9419F
1E48D9F2
1B886DC4
1EE8261D
1CB84241
1FC71A3C
1C37B9DC
1E07D5B6
1857625C
1BC7D1BD
1B98C1DC
1D6885BC
1CC645FE
1D08C194
1A3779C0
21F65DFA
1D27B9FB
22E89DCF
1C77B242
1E7739F0
1E96F9E7
1BA699F9
20E869E8
18A7BDF0
2078E5D1
1CB6FDE5
21374DC4
21274DEF
1C07161D
1D37A5F4
1E2855A7
1CA7920E
2048A234
1F5835EC
1D6745C2
1EB6DDB0
1D16F238
1F87E606
1F87F62A
215785C8
2126D1C0
234771D2
20B7CA07
26A6DA0D
1C966DF5
206641F1
206941EA
2287B5EE
1918A1CF
1D090E26
23E7BA1D
23D805C7
20C86DC0
1BD76DED
233839E8
1EE7821A
1D89360C
17186E01
20F75596
1DB86DCE
2337FE0E
1FE7A615
1EB62DB6
1B7725DE
1E67DA1A
1C87CE11
1BF75213
1D68D5F5
17D71626
1FF6C5CA
2037B5A3
1947BD7F
190679F6
1914FD5E
1916854F
12956D6C
1484AD6E
1544F1BC
14E58D41
19360D5B
13776141
1B451D99
17A585C0
1926919D
13F5D184
1B6795FB
14C49D86
17D60969
18A6DD70
1656418D
1BC689A4
19F4663F
2015D9B5
22978D89
1FD7B9AE
1FD67E1A
2616ADBB
1F782202
1B270598
1D28A1C0
1B88F217
2036A600
23473604
22B93A07
2497A1EB
1A28C98B
1EE825E2
1B4769DE
1D780238
2077C606
1E78A233
1E3611E6
1D9701EC
1C5799DE
1B48E20B
24080A11
1DA7F1E1
25C75A12
1F07CE3D
1B27DDFB
1ED8E1EC
2318FE19
1F9795E0
1F379604
1D46A607
1F86E5B1
1F37EE26
1EA601B8
1B87D5A7
1DD7B220
1C076593
2098D1F6
1D764E08
22F795B2
1F275A10
2348CA02
1A58AA04
1E66E60B
20F72217
1C473945
18378E01
1A5729AF
2088C608
22481DFA
1F888982
1C7791E4
21D7D5DD
1F8859C9
1FC61DA4
1E57C9BC
1E178A3C
215819D6
1C5835EB
2016B9ED
1E57A1C1
22C8D5FE
1CA59E55
1F776DB9
213749CE
1F7649D5
1EF865E2
2308E5B6
1CE8B9DC
1F47461C
1E1775C3
1DC845FE
19C8D9C9
1ED74DF9
16F921E1
20985632
1897FA40
1D07E9BF
214741F3
20D79215
1FC65E15
2427EDFF
1F4739F3
1C886E1C
2147C1B1
1EA75985
212715C8
1BC64967
18F545D9
1B85F195
1724117F
1604D95E
1265296D
17E46DB6
15F479BE
1904D98B
15558D05
16B64D65
139715AC
1A46B9AD
1594EDD5
1B3645B7
18766182
1CE56D75
1D952560
19C4A163
17B781DA
1B96B1B8
1966B59C
17B671AA
191529A0
20581DD3
226829F8
1D67A212
1DC7F20D
1FD7A1EE
1A97A9C5
2038160D
1F2995FD
1C67FDD6
219A1234
1E96A24B
189621E0
1E4799CB
2117B9A2
1E07B1F7
25E87DDB
206781D6
20685614
20576E19
1DA6F5F3
1E078DD4
1B567A0E
2107A537
21475DF4
21280DE1
1DB8963E
20D7C5E6
20BA65D8
19D749D3
1C488DCC
1CE8B9EC
1C4811F1
22378DFE
1FC8D97E
21767DED
21D92E02
23278620
1EE8A1F3
1D2721A6
200845E6
1F6731CD
2067522D
22685A08
1AB665B2
1A571DF8
1DB765AD
1E96F988
1A279DC8
2407DA3B
2048D964
215849D0
1B28322B
226835E9
1FA75DCF
24B965E1
23A7E5D9
22D839AF
1C16FA05
20677602
222939DA
1F88120E
1A77C1D3
2368C1BA
1CF7421A
2347C1C6
1DE79DD4
1DE755CF
1AA6B5E1
17E721CD
20C85DC2
1AB6C5DF
1E784E3C
222769BE
20B98E4F
1D7761D5
1C9729F4
22682DDE
2247E5F0
213645F1
1CA739D8
2057D5B9
1D978E12
1C1765A7
1AB6B206
16A75220
18C709AF
13673DBA
19F6E57C
1BE4F1C1
11C5CDC0
18659131
1904A51E
1075A1A4
17C61134
13F4F9A6
18F5A968
16A49953
17B65120
13D5294C
17C4817E
17353944
1726D9BC
1C772D73
1714A15A
1BB65D5B
17C529B5
1776D9BE
19063983
16674191
14E659B2
14C69979
1DC771C4
1B2729E0
1DE76DE5
1E6975EB
1CE7A5E4
1B65D5EB
21D76DA1
1E67C9B7
1E676DF8
2246CDEA
1DE7E1B3
2027A5F7
1AF8ADE0
1D67EE30
1B970E0A
1E07C1D8
1EA8ADFA
1F97C1CE
1CD66E31
20F74DFD
220689E3
2527020B
20973E07
1EA7A640
1D880234
20E8ED57
1D9771C9
1DC8DDF2
1957C9DE
19B78DEE
1E66618D
1C5889EE
20B6C9EA
1FD7B5E2
1EE7B9E8
1AA6B9CD
1DD7326C
1F564D92
2427CDAE
1C765E06
1E576DDC
23371DD8
1D2765D1
20081606
1C466E36
21F7D1D8
1F887602
1AE82A1D
1C57A1C2
20172E0C
1FB71DF0
218665E6
215781D1
20E80A18
209921EB
1CC81626
1EC81211
2047C5DB
20F7F607
1B06B994
1C3781CB
1E66C96D
1D3755DA
26F789F8
218725CF
1B27EDDD
1C27B1C5
196699D1
1E58BA3F
1BA8220F
1EC88A17
22D85DB3
225605F0
2406656F
1F172203
1E07ADFF
1CA76611
21784DC7
2536E5F2
1936B65C
1B57EA07
1AE879C8
202755D3
15E60581
1A755D52
12357964
1083B5D6
0FF52D69
182531DB
1D74FDC3
1B74E58A
19055145
13B57129
15C5796C
1474A565
15E4D140
0FA55152
1784AD69
17150D63
17749D66
14E6E56C
18A63DB3
17C6B5CF
18073DCD
14952D68
18D719D2
1A156D9F
1A25F955
17C63587
1866C1F8
1B66A599
1AE5B972
1906BDD1
2078F1B7
1DF65612
1FF7E9E3
2117F5EA
1D78AE3E
22E73589
1EB7E60A
217761F3
1FE5F629
1D274DFB
2177E613
1E48E5D5
1AB74A2A
1D66E5D9
21A6FA18
1F26BE33
1BF81224
1D38D5ED
1E68BA02
240799FF
24874E59
18171DF3
1E0981D0
1F36E1C9
1D07DDFC
202745DF
1E78B9F9
1DB715F5
2309460F
1B57EE27
1F5695E5
1F572A00
2307BDEF
208791B3
2067721D
1ED801B2
2387C57C
1C380DDF
209979D1
1E17C5CD
1F981E15
1CD7C1C7
1EE871D8
17B6E602
1C479A20
1E2975B4
1A8705B8
2237F16D
1B575201
1DD8E5E5
1718061E
1E070A1C
267891FB
1DC8A5CD
25074634
1D76C1DB
1BA7CDC8
21A7D184
1D6901B2
21F875E6
1C57E1BC
22C77E54
20071DD8
25975DE3
1C783DEE
20182DBA
25F8B615
1CE7B60F
1FB7AE60
1BD815E8
1FE929E4
18480A10
1F277D7A
234871C8
1BD7C60E
1D166A1A
1DE78E20
22268DDE
1C774E47
1596B643
1AC7C9E2
177499F0
15F36971
13C3CD2C
125288DA
18B58170
19363D6B
11951196
17A5B5E6
12E5D568
15254534
1764A577
18B59923
18A5314A
1F05A513
14F42135
14045151
13F5D917
1CC57970
12F53DE7
16B59980
1B85D99B
1AB4A15F
1716E196
1D9725E5
19F58DBC
1B76A586
1E569E0B
1F5661B7
1726C1DE
1BB6D9F3
20F75DF1
21B6E1E1
1DE80218
23475219
1FD7C61A
1EE7B249
20D891EA
1DE76627
24C88549
2288A1FA
1D36F1FC
212801F3
1DA8523D
1F78F1E9
21883DEF
20775D5F
1FF72611
20D739E9
1FC8462A
1B88360D
23A88210
23E755C1
1C69860E
22382E1B
1DE6C1C1
1FD749D2
1517AE00
1E46A9D1
1E27520F
1C4735FF
1D37021B
1825D1F8
1BD825C6
1C7815C1
1E87E9CA
21E7418D
1AD771FA
2098761C
249859F6
2329261B
1CD8BE2A
1ED741FE
1F18AE09
21A7ADEA
1E25D1DE
20376DD2
2087DDBD
1FB8C9B6
2997FE01
2047EE06
1BA78601
23975DE4
2106B5F3
2237BE32
2397961C
1E3839FC
2036F1E0
2667CDD6
1F96F5CA
1D179DEA
1AA77DE6
1D1851D7
22B7D9F2
1766EDAA
1C9875D8
21884A05
1BC71A37
21883E0A
1FB75A42
20779DE3
2566D625
2117F597
210691DD
2016DA5F
1DA7CE44
1897C602
2536DDEA
2317DDE0
1E49B1C7
1B06A5C1
19870DCD
15761D86
14638176
1693618B
13F36164
1AA5E135
15B791AF
17E60D46
1334E96C
12F56D1A
1534110E
1FD4E15E
12B5D8FF
16245904
177470D8
15A51CD6
1DF3B8BB
18A5491A
17C5CD42
13246D13
10B5CD4B
18F5E997
1CB6DDB3
17A6ADE8
18952959
16254DBE
1BD4F13F
19361177
194559D5
194541D2
17E5B9AB
17A6F963
1EE765CA
22B8A1DA
1BB951AD
1E17A5C4
1A5815AA
2057A19A
1DE701AB
1C47759F
252731F0
1D977DF6
1E97F97E
1D45D55B
23374DBD
1F277DD1
1E76E9E5
1DF7F223
1967924E
207851E1
22A741BA
21F7B9F3
21D719BE
1E391997
1C46F9D1
2197C1D1
23E69220
21B881DD
1B183599
2007E20E
1F46FDE2
17677E1F
1DF6C9A9
204651B0
1F07B1F0
1B1871E2
28884A24
215739EF
1E5755EE
1F788D81
204761E6
1C9835D9
2007E5D6
1D2715A7
1DE755AA
1E3681C8
1C181611
1E38BA15
1998524E
1D3719BA
1D398A08
2096359B
1D87B223
20F895D3
1C367DE7
1D08020B
21D7F1ED
1F97C19D
1EF7E1DE
1EB63DFD
1B677DC2
18B6F5FD
2017BDBD
1C27DE62
1BB89602
25C731A9
2167D619
237725DE
26F7EE11
1E3821C5
1D35A9C4
1D7711C8
2226F5B3
2227B60E
1D07D5A7
1A27BDD6
1CB795E2
2097E5C6
1AD7F613
1E46D5A3
163635CC
1AD67DD7
1A543D9E
18611D3D
14C6796F
14E50582
16D63DDE
1A064579
1A762D51
1933ED11
1C745CC9
12949105
1CD578C9
18C4CC96
1B5480F4
16C504D6
164704E8
171638FA
17A50090
1A95A869
1754C0CD
1785A11F
1964C8F2
17F4F558
19E60998
16D68586
17963D66
1D35655A
1926FD77
1E561D90
1A76196D
1B6639E2
196779A8
242741EA
1A47E1F3
1E176DB1
1F092DA6
19B9B1CA
1E174E0A
1D562DFC
2247699B
1D076604
19D7AA31
1AB7452E
1C15593C
1705414F
1F251D9A
1DD5ED7A
21479E0C
1CC809D3
1E579E20
221895FA
1BF5EDD5
20F86DC1
202769F7
1DB7BD95
2047C5F0
21B77644
21661640
1BF9022F
214819BF
1927C9A0
2506D5DF
21A6BA06
1F5865FC
2298F1D9
1E8879D2
1F7849C0
1E07B657
2117A64D
1F17E5C1
1D3815D8
19C6EE0F
1FD72607
20088E0F
2197C5EF
2077EDA3
1A87B9DC
1DD5E5B2
1BB781F4
20C7E9C2
1D4839DF
21388E1E
20F795DE
1F8905D9
1C17AE11
1E36E5C8
1F2839E5
2187C203
1E895A05
20772DBB
240791CA
1D8751C8
1EA7F9AE
1FC85203
1F674648
21C7D595
1C68A5BE
2168D5E9
1BF73991
192899CD
2037A5A2
229735C8
23A859F5
2156EA0C
2408F9D1
1AF7B205
1B67A5FE
259685FD
21771208
1C561A44
1B362593
120425CA
0A155E06
153331B1
13055601
18E7A57C
1FC6CD7E
1E965978
1E85B937
1A744539
1B06B555
1B05E4FD
15F5E4FC
1A872D2F
1575FD1D
1A976D17
2385D1A6
2035BD1E
1F250120
1574F93E
18C4592D
1664D080
14A50CDF
1665350A
18C4C515
1846259A
16D54190
1935F1C5
17E75DB1
174699DF
19D831C2
14662D53
1DC51591
1A17558E
25E6EDE6
1E7715CB
1A88C603
2277E601
1EB78DA6
1DA85E09
23A7C637
1C183205
1C08D1AB
1A97B933
16243566
13F43CDA
10E4BD2B
1BC515AD
229635C6
1F4839CE
1A3835EB
1BC6EDC7
201761E5
2048AE1C
1D6819DF
1D070A0F
2158E1AF
202761F7
1B87DA06
1DC87644
21787A2B
1C585575
1C67F1E9
22086A21
1D87761A
1B47ADD9
237751D9
1E67C5DA
23B81277
2458EA2A
1D864DD8
1C68160F
2336A1EE
213739F9
1F877227
1EB781A7
1C56ADE6
1F57BA11
1F07AE15
23487DEE
21C83640
1BF7DDE4
233815FB
1F169E29
20D695F7
1C179DEF
1BC791EA
216865A2
20171DB6
21A6D9FE
2128122A
1CF7B224
27C6FE40
1EE88DE4
200841D0
2466E5E1
1D45E5EE
1F278DCE
1D4881E1
2226D9E3
1FA909D3
1AE85A2C
214881C1
1CF8718B
1FE81DBF
19B84605
1F888609
1C287DCB
1837D9D4
19C779B2
1DA749F1
13A5ADD9
0E748190
1384F196
15F321AA
1506F9C2
1BB781D9
18A645E9
1D6529A6
14465945
18A40D19
1DE56CD8
1C266925
1E16253A
1E972926
1CE7A559
17C7A5D8
1B582574
1E861953
1C665992
1CF78533
1B176542
1C3588F6
19F6209B
17757110
18946537
19F4D554
1CB5E581
1A8509B9
196609F7
1BD5B982
198579D6
1AF5218D
17164960
0F6535D8
14857596
1624CD75
1805D5AB
1CB855A9
205841CF
1AF62268
1D569DDD
23C69E3A
1BA841A5
1997354E
1015915F
1033DD24
16457CF3
18B61150
19D6BDC1
1BF6B5C9
1DF785D8
22C88DA2
1C67DE07
1E780A0C
201751B6
1D380DE5
2067459A
1BB7C226
21588DB3
23A84A0F
1F17AA2E
1B877DEA
1F282DE0
20D889F1
1C686A21
1F0681AA
2107C5DA
20D78DD6
1D7889E7
18D7A20A
20C7D21D
2018CA21
1DB86DD4
1ED8B9E8
1A88B5EC
1E782247
1DB831C9
1F3815C6
21E945A3
1FE755FE
1AF785D1
1F7989AB
1E495DAB
21C735E5
171881BE
2368F9BA
1A8845FF
2646FDDE
218645EB
170839F6
1DF859BD
1FA6D5F1
1C3739CB
23082A2A
1AD859C2
207811F9
1F26EA0E
1F773E4D
1EC851F2
20662DC3
2007D5C3
1D18164F
2017867D
1F462DB7
1E770685
1BB72198
1A383200
1C7809F8
1BC78E1F
1BC7B195
1CC89DF4
1EB691B4
10E481F3
0D04C99B
1705F212
197595DE
1E87E597
1EB60580
1F65E9D5
1A555197
1A141940
1BB600DA
1745CD0E
2266ADAE
20A7F587
17F8451E
1AB83995
1B057D9C
1F580181
21570981
1DB8458A
1B17D92D
1F271125
1FD660E2
168524EE
170594E8
1A5694DD
18D51CA5
1FA51D58
18D7195C
178681C1
1045A168
0EB4BD07
0C5374BE
07D2E49F
0BD118E8
0AB21CC1
05B34D2D
0DA4DCD3
2074C1B4
1F77D9EE
1B595598
1D587A25
1FB801C0
1507459A
11E5E8E0
1652A8E4
1454C91E
17856D0B
20660D6C
1E97B5EA
212731FC
2596F237
1A5749D9
1ED79DD0
1B5879A3
1E47A604
1CA755FD
2257D1C7
1C17C1E0
1AF7861F
217829F5
1F17B1FF
2107A5E0
1D66DD73
1C2945C8
1BF839D5
1B2815A6
21180590
249701F7
1F3601FC
1BC81999
25674A02
1D583623
18C78E4A
1E1871DE
1E7799E3
1ED6BA0B
1F4601F4
2077D5B8
1D47C210
1B97F9E3
1E67A9FA
21D741F2
1C48F209
1B067A49
1F47C5F0
231841E5
22D73606
1B4905C7
20886DB0
1DE77DB3
1FD7DA25
201839D6
22E6DE0E
1F6631DF
1DE71623
2187B9C7
1F86E24B
1B5769A1
2088A5D3
1A7815CE
2176962F
22274E01
212721FF
203791EA
21F631FD
1F77C9CB
1ED691F3
1CD851DF
1F5791A7
1C48464A
182689B7
1B4721AE
144589AE
09966D6A
156649C1
1BC7419A
17A60DBD
1B848992
163570CB
1FA5054B
18C5A4C3
18A6A11D
1DE699D3
1F06FA04
1C26FD7A
226771B9
1D87C968
1D570D9C
1CE7319D
1E26A192
1D658D81
1F778179
1BD6195D
1BF63130
1AF6011C
1C254884
18C5CCDE
182554DD
183588EC
18144534
18560DCC
1B247D26
0FC28D18
10517034
06529400
05118C1C
06C1F828
06008882
0BC33CD4
1283C112
17F4BE05
1E26EDA4
1826D60F
1698B19C
1104D929
0DA1E517
0DC39064
1614D112
185695CB
1BE74D6A
18F7B9E5
1D387625
21A6857C
1BD7AE37
1AA7D9B5
1AC6FA22
259789BB
1C675220
18F6DDD9
1A98ADFF
1D289E21
1BE78E27
1BA711F3
18595A23
1D17F62C
1EA7ADDC
20F8624B
1EF781B0
1B97BE0D
225701EE
1ED755EB
1C56A609
1C0901DD
1C7745DC
1C091DCB
1C5721BD
1C981DA1
1B37ADBC
1B385E5E
1BC729D9
1C585A27
206929E7
1F38B5FE
2146FA23
1F77C9E7
1F774A2F
1BF74A15
1CE621E2
23E959C8
1F178A2D
1B79218C
2507E215
19E8BA1D
22F69DB3
21B66595
1D770265
1CE799D1
1DB715E2
18A745FC
22C86A29
1D08B9D4
1F270DB8
1E07D5DA
1F9785E5
1DB9559A
1D8709C8
22C811BD
1F1761A6
23F809B6
21783D9D
184819D2
1DB829C2
1EB779B2
1F87219B
1AF71DA0
1ED4C54E
14E67996
18765149
15855589
1884E931
14A64915
1C55E982
2185F13B
1FC6AD7C
1C1751C9
1E765603
1D87395B
1DD75D37
1A769591
1B15E961
2046ED5B
18A6D142
1F1819AE
1A674D55
1C962D9A
1AA5B525
188644D5
1A751D0C
16042CD2
1985F504
172530FA
1814D90E
1B460911
1784CD26
0CC314FC
0871A0E5
0722A4A4
06F27C76
0511E894
00027857
0421A065
09226143
0C22D11F
1BF708F0
1797F5E4
0FC5A8F7
11F3F9BC
0A93E91E
1AC4F54D
18765D5D
1E87D1BF
23B7AA28
19F63A10
1FF7C5CA
1F079DEA
217709F3
1D57F99E
2168A5FF
1AA7B5DC
1E06C5C6
1FB6FA15
22F78E10
1C473DB2
21592A2B
1ED741B9
227809E4
1FD76A33
26C67E51
18E73594
1EC8FA10
21B82A04
1CE755E7
1C371A14
1EE7E56F
1C269DFA
2026A5F9
2558BE01
1F6861FD
1A2701ED
1C1771C3
1BF64A64
1E1871E2
1F78F5C9
1CF67625
1B26AE24
1DC821F4
1C672DFF
22282A14
1BB80610
1FF7ADAB
1B2769DE
208841D3
1C988DA7
21C82D92
2027E5E2
1EC791D0
1E9755E2
17E78646
1E39BA14
1DE835F4
1C98CA1F
1ED759D9
208749B0
1EC8AA07
237735B3
1BC721DE
210885E7
23A88A39
1C783DDD
1E364A46
20B6BE17
1DC6AA1F
17B77621
1F17A5A2
21E795D5
1B770DE2
1AA63DBD
1BD6993C
1B852169
14B3ED23
1664F097
0DE45516
1B345514
1AE5F9A4
1C08F18B
2177FD65
1BD83167
1C472164
1F468D40
1EB735B8
173641CC
18259524
1C2541A2
1E872549
1C66B93A
1F16796B
191625B8
1D04ED35
17744CE4
1B82A0D3
1534208F
169414A6
1B3574FE
1F646D3C
19E530C3
17255916
1AA529D4
1544312E
0D72E06A
0B92B0C0
06E3285C
0921C0B5
0522CC66
0760C44D
1224607B
18041881
0CE57137
1353B963
0D245110
0F656962
138501B7
1F9755C8
223791A1
2087A9DA
1D9721FB
2288B278
1EE73DE5
223879EB
2387B9AF
1EE7F9E8
1F1805CB
23C6B1BF
21875DD0
23C695C6
2097F5F0
1E96E63E
1F878612
1D770DEE
2107B627
23871214
245879C2
2177FA0F
218841DD
1EA81A30
2077F5BD
17C6AA05
1FA7CA26
1BF799CB
1F86E1D7
2007B1D0
2445BD98
1C8859D0
1E089615
1E089E28
1C170DE7
2057E22C
1988AE32
1B47FE40
207781D3
1CD895DF
1F2759FF
1F3861CF
224829EE
1FA67611
21383DD5
1FA85E16
1ED845C5
20080E07
1F68CE39
1F777DA1
216795EE
1C5901D2
1858664D
1F7831E5
1E8705F9
1FF5A9B1
1FB73A0C
1D67DE1B
1F373221
1EA7C60D
1E0895A0
211759CC
171795AF
1ED7256E
1FB63D72
19863179
1C66FDC5
1975E1AB
172635A2
18D5C581
1E362D27
194554C2
0BA2E469
0E837CF2
12367CDE
1C270942
1F2665F2
1EF71993
1B787D16
22375907
18E72921
1773B908
10128116
0F5451D4
1B946908
25753DAB
1B55F9A5
1B7741D0
1C36D212
16657D90
11131D52
1A1458EA
16C430DB
1CE3ACF8
1AF5B8BF
1C253933
1F977558
2007CDE5
1E47D1F4
1D66A984
1775397C
14A4E983
0D22F133
0F338CFD
0D81F0F4
0DA42515
0EE3ECCB
1114A0DA
14B1A14B
1594D94A
1A6725AA
0E256D70
1505ED8F
1066CD79
1A6729CC
2126ADE2
207725E6
2227F991
1A6695EC
210801D5
1D376620
1D879A22
1D58F251
210861BC
2157E9DD
2086E1D3
2287359C
1C571DD9
20A79220
21F79650
2337961C
2247A9EF
22972A07
1FA7DDD6
22E61600
1DB79DC8
1FE7E1BE
1FC68E0C
253859E4
1CA70E12
2057D9DF
20D80E2F
22E7EA18
20B755F5
1DB851C7
1D0795FA
1B87E1F8
1EC7B1E5
2246DE0B
1B68D1A2
1C16D9F6
1CD861C6
231885F4
1B57D9CE
1D183DCF
2297A9EC
1947661C
1C2775EF
17E6E1C8
19070201
1F7799C1
1FE8DA50
1E087DE1
1F27A9D6
1CD71A14
1B875A0D
20D7C21A
1FF90DF2
1BE86DBE
1C9825E1
229549E8
1DB8058A
1B169121
17272572
17C711AA
1E24E543
1BF651AB
1B36091B
18C5DD88
1D958578
183609BF
1AD61512
1545B133
17C6A0D0
13C3F830
0A5138E3
122304DA
1E178964
1B664D18
1DC6CD9D
1AE6DD8B
1EB7AD63
1D35D92F
16C43D2C
1B64351B
14924577
16C55D53
1D14C97C
21F73589
1D15B5E9
1A8715CE
1F66A1AD
16361D80
18B64D6B
1664E4E9
1DB58525
1945C8E7
1895C94A
1A66B607
180719DB
1F472DE3
1A481DC3
1A470A4D
18E721C5
15F61A49
13061D45
12948D38
1463615B
1803F8BE
1944E99C
1855255E
1E057D63
1EA6B603
18173165
18B47938
11553171
14D45DB3
23867D98
1A3649BA
1AF679D4
1D56CDE3
1FB86DC1
1ED915B1
2107E9F0
20F83DEC
1EF75A26
1BB8EA3E
227689F5
2056D9FB
1C57C1A0
1FC9D219
237751E5
229849DE
22C88E36
242629DC
194771FA
2058FDD3
2167FA3A
1B086DE6
20A7CE00
1A9741ED
1DE76A53
1F2851EA
208981FA
1C283DF9
1E9769E9
1E8871F8
1F77BE5B
1FE7A5EE
1D876DF3
1EA7F1F2
1696C996
1C1751DA
1DE8F623
1CD83D8A
1E17E9DA
20E6DE53
21171E33
1D0751D3
1D386210
1BB75214
1987C1DB
1CC78A2A
24C80DE6
23174E2B
1E97821E
1C685606
1F6855D2
1ED899AD
20778D8C
1FD781C3
1BD77DDE
1D770592
1DC6DDD7
16D699C6
1BD5C584
1C25E9F4
16E5D1EB
19D49D61
180519A7
16B71549
1A76F564
18A6195E
18571500
13265D0F
1282B8EA
0E11D0B4
09334CA4
1384A896
15A6CD2D
1A44B530
1BF7618A
20F5D170
2037054E
1E86A55E
2066B120
1915C543
1CF57946
1ED71D73
1E35DD7F
1ED71D8E
207545BB
1B6761AE
1E370951
19E725B8
1EE68D0E
19E5553C
1B65A0F9
1B4654ED
1BF694F8
1D96DDC7
1E8799FD
1C08C9C0
2446CDDF
1C277E06
2026DDE8
2257BDD9
1CA6B5A5
1BC6F55E
1C26655E
1D069943
1C97D183
1F379D97
1DE859B1
1FA751B4
1A25E95F
19B4ED99
10640D3D
14E5DDD3
13F5057E
1C763204
19D691BE
1EC741B1
1FF6ADEF
25578DFF
1DB7EDA8
1D873A46
1EC6861D
2236A226
1C37E1EB
2187E1EB
2238F605
1BA86DFE
2197EE02
1F8765B8
2017A1F1
1F0771DF
1A873213
23289A03
1E1741DF
22488A06
1EE765E7
1AD839F0
1FA84DC4
1F86FE21
239859E7
1BB78608
21B7A601
1C687996
1EC8324A
1F278616
20081A1E
20A73A2F
1CD719F2
1C771DAE
1BE859EB
1F87AA02
219831F7
204895DB
1E777212
1F57AD90
2088BE17
1D573DD5
2048BA0B
2027D159
1D8785DC
1DD931B3
1F080E0C
19480171
2377961E
2189A1FB
1B774623
23C61DF2
2476B96C
1BB68D90
18371596
172649D9
193661BE
15E70170
14D66169
1655CD66
1D262157
1A17D980
1B75E162
1647597E
1C15BD0C
0F23ECEB
11624C90
0EF3A080
0CC154B9
114454A1
15B48CE8
1A8650F4
19A5ED2E
1A86392A
1C4540F8
1A873100
1A85796E
1916B5A3
1A86ADA8
1D1741C5
1C873185
162745EA
1EC525F9
1D07B9DD
1D969589
2106B9FD
19375D52
1A060524
1C46E921
1B466D4F
1FA6814A
1E5745BA
1ED7D9B9
1AE85599
22C70E32
1987B1DB
1E16C9D5
1E4761C4
0DE64A10
1774F5AC
16E879A1
18F7262C
16175DD5
22179DFF
1CC8A205
212599E0
1E26BDCE
15E5A9B6
15E57571
19560561
18D5F197
1756D191
1F1765AA
1CE885BA
1F998DC8
1FF6A9B7
1E56B17A
2397A9ED
1997AA09
1BF975C0
1FE6EDED
1EC75DF0
2247AD7C
1C5815DE
1D17E55E
23B701FF
2237FE32
1907CE02
1C578DA3
1FF7960D
22770DC5
1EC8F9BE
1B17D1B0
215621D2
1ED74A15
21E70208
1E77E603
1D06D5D3
1C366A11
1CD73DDB
1D3879CD
1E2895C8
1BE739F4
23E7A22A
23A7A9B3
1F962E25
1FA7B616
22B8EE25
1C779A01
234789D7
1C588A05
1EF7F62C
1C988E0C
1D17B644
2177C5A9
2028E61C
1C1781DB
1E768DE9
213725E2
1E89D1C7
1F974DE6
1DC7E218
1FC675F1
17D6EA0A
17E619E0
1B459989
1845E9C0
1A26418D
1835E1A7
17862591
1B65ED7D
15D61D51
1A75BD0D
16A66D26
1EA5B558
1D58295F
17F5DCDE
10710CEF
0A4340B3
0333B105
0B524CCE
14F3E4AE
16A784CF
1A06250B
16D6B54B
1C04F543
1C75D8ED
1BA79D7B
1A8659A6
22268DD1
1E98A593
1BF699D7
1EF7F5A5
1F57C98D
1AE6E5CB
15966DD7
2017196E
1A67559F
19F5E951
1954F534
2025DD61
1A14ED2B
19666134
1DE67151
1E36E1AB
2478D5F4
1BE719E6
210785A9
22C575DE
17A715A3
09E42940
1333ED49
18B69D3E
1B88B9FE
1B982DF9
1F57B9E1
24D69A12
1D187E07
1D977A23
1BD625B2
1A254D88
1AB4B99C
1B46F1D6
1A2655F2
1E37D5D1
1BF67A01
1CD70207
23F62622
1AB6AE12
1DF78A13
211759BC
1B485D99
1C167A0E
20E92179
19882248
20F679BE
1DE6E27E
1A864E02
20386D9F
1B07A9FE
1A88DE3D
1F98E9FD
1C27BDF2
20B809EE
1EE6A9FC
1EC85158
1ED68207
1EA709FB
1E87A5AB
1C57497A
1F36A620
1DB79A0B
1DA751E2
1F16A5EE
1F372222
1E1659C3
20471207
1989FDEF
20D7EA1C
19A7BA08
1EC76E33
1B26E5A0
21872E27
1BB711C2
1DC725FF
1EA791AE
202709E0
1FA811EC
1BB831D5
1E6751D6
2146BA2A
238761BF
1F26ADB9
237775B5
21E7ED92
1EE66D67
18655177
1AB68A16
1C75B9A0
1A4679BC
13B5C5CB
1635CD4B
1235E598
1294A8C6
154380D6
19F4E0CE
1A95A549
1B1619A3
1DF5ED49
1534D4FD
13E2249D
0D0564E9
084184AB
1104A0DE
1B9550BC
1EB585B9
1CE69544
15F6FD28
1B951D3C
2256098A
1C653DB1
1957A5B0
1F5859D8
1DC7F208
1BF589DE
1FB65E04
1FC66E39
18F6A1D1
1B0665CF
1A45C1B9
1593F8E9
1DD5351C
1E55F132
1B644136
1C459134
1AD5793C
1B14450D
1C880DA4
1EF84DE0
1D16A1FB
18F75939
153420F0
1A82153B
14B3A8FC
1A46F599
1C27C9C4
1CA731C8
1C27E1F7
1AC7A1EE
21278DD9
19F7EDC4
1E85A9EA
1A3719BA
1726F5D7
1F57C9E7
1C173DE0
1E5729DA
1AE7DA00
1C2681C4
1E883A04
1C18F1BE
1FB799BC
24C7FE39
21C78DD2
18F7C1F9
1F890DD3
1D692190
1F473A0A
237691F6
1EB75A00
1C26F5D8
1E074DCB
219825FA
1B87B990
1F573A00
2257B1BF
23B865BD
26A795FF
200875CC
1B776A10
225661AF
1AF71208
1B469DD6
1937761C
1E68C5B7
18D7B5EA
1BC6C631
1B08D9EE
1D88F5CF
1FD689FC
1AE76230
1F988264
1D37F64C
1C473215
1B4949BD
1FB77DAC
1DF91DF5
1FB77A1B
2167F243
22785E49
20074E20
1AF879E4
1FC78E47
1BC8323E
20B929C5
1FA841E7
2456ADEE
1FD6C5C8
195651A4
1BE74206
1D770DE8
1795ADDF
18A621C7
0F258558
15D68542
11B50155
0FF54548
16445944
1816BD91
1615E970
15B6DD7F
16A58C95
1774B0EB
13C39529
0A0318F0
12159CFD
1A9570F3
1F662D9C
18D5619B
1C45412F
1705E4E1
1B670D43
1834B977
1754D930
1986ED73
1CE641A2
1C6735A9
1A67CD56
18659D8D
13974D9F
16E7C939
1674B517
14A5E0B9
1B946921
199584E0
1A0524F0
1C054952
1AE5D513
1B47D1A8
1F877626
1DD5E58E
183581BD
1484A915
1052D8C3
1735657B
15D80DAB
1D166DD0
209641FB
1B364197
21183DB2
1C855DAF
1D881DD7
1A273DCE
1B65B961
12F62DCA
199605AE
1BA6D5BE
2008297D
1A47E1FD
1C271620
1BE7B179
1E0879CB
1EC6FDEF
1FF80E09
1DA83A19
20A6E1F0
20972DDC
2197F1D9
1CC965F9
1C3759E8
1C2899E0
1D8831B5
1F27B9F7
1F26DDF5
1D57F621
214835C8
22F7B5A4
1E979E01
190745F3
23F6BDCF
2427BE29
1E87EA0C
1EC769F7
19E7C1AE
1E4861FC
2009317F
1C96B9D9
1D879A12
20B78DA6
2128121E
1DF78225
20C719E2
1DD6F621
1B9869B3
239785E9
21D781C0
1C977A0C
22B83E1E
1C784204
21B6C607
1DA73E10
20D7861C
23084A1F
1CB78E02
236815C7
20285E0D
1F96FDF9
1D88E636
1D981DCE
1AC83E36
1B084205
1D3749FD
19170A0A
198671EE
1904D1EA
1C16916A
19D6B9B4
1575B577
1736799C
1B86D14C
1BE551BA
20177953
1C15CD41
19A4E4E8
1336E8E1
13B2BC72
0B4354EC
1445E988
1A174924
1F066D6A
17761D86
19E6CD01
1635C4B7
1094B8C1
14B538AF
10E28CF4
154368C9
0FB4411F
0EA43CF1
14933D29
1A94DD1F
167484B3
159348ED
14E4ECCB
1775A0B4
14F5D08F
16B46CD8
13E49CF8
1AB5310D
1B55D94C
20179967
1975A609
16A6E173
1953F0B4
0F741D22
17C6B967
1A8779F6
1BD82A49
21466A2F
1C072DD3
1A9781FA
201889A1
1D7671CF
214829FB
1CC5CE11
1D971201
187545D2
1867AD79
1C57F99F
19E6B194
237759E1
255721E4
17E7B5BC
2207D634
22F64E10
1D87C9D1
2008260C
1D28D5FA
1BF97E46
19E8BDF9
24A7BA1E
2117C1F6
16E83DB7
2347FA10
22680DC0
25880DBD
229711F7
23771608
1FF8622A
2237D9BF
1F575D96
1FC6EE16
1FE6B1CE
24A901E6
1DF6FE17
1F97A9F4
1D28D5F6
1B77F1B2
1DE781E8
2196B618
1FF719ED
1939724F
1FD7E5B1
1F86F5C8
21A82E22
1D8771E3
1E17CDED
1F0749CF
22D67A0B
1E96B9F9
1696DA14
1CE7A1C8
1E777602
2427EE0D
21E80208
1F084A36
1E77DDDF
247835B8
197819D3
1D97FA65
1EF7A5BC
2897FE09
1B173E03
1CB8C9B8
18A6D9DE
221805C2
1C172D86
20473D5A
1D56217B
17565D66
1E382DBC
1927199B
1936D537
1F456D60
1C172536
1B2658FA
19552CFD
134438B7
0FD560FA
17A6090A
1DE72520
2196491A
1CB4F52F
17555142
177654F2
0C74F922
11F3F0E8
0BB2009F
0323FCCD
0B41908D
0432286B
0520DCC3
07C2C452
11E498E9
17E3C0C2
1A947054
1293F438
165484A2
1843A09A
1C45312C
1934D911
187891D6
1766AD53
1225314E
13B4E1A3
10A488E4
19072991
1815FD43
1BE665ED
1F0855CD
1C283215
1DE691E8
1EB7CE33
1D4895DC
199565B2
21385609
1BD669B9
22A7E1FD
1E4805A9
1AA68DBE
194731A4
1E66A1D4
1C066DBD
1FB6D9D4
1FC891FB
1A78A9DF
1CA73A1A
21274A48
21487DCF
1DD6C9C0
17E6E9C4
1847CDB2
1FD79D89
23278DCE
2287E202
1FA7FE2D
1B879DF6
1D470614
24E67D76
1B9799E5
19A7A604
2167C9D8
26F7A5EA
1FD6D9D1
1F1761F9
205841D7
19B889AE
24B8B190
1CF8CDE0
1D1791EC
19B9222D
1DA6A5F6
1FF749ED
2017F9D3
2247D979
1F86A192
1C2675F3
1647FE2D
1BF7B9BB
22B665F4
1DB76DCA
20A791A5
1B96E1E7
205689B9
1E1841B0
1AE659DB
1EE7858C
14E77E0A
1F77A1F1
1F27F602
1EE779FF
20381D96
23287E46
1F6819EF
1EE80213
20162DDD
2216EE03
190779CD
20974DB7
1A26F18F
20E79978
1907E231
1DD70183
16988186
21D671FC
19E6A9BA
19875D58
1725A0E8
1393C0B4
18C484BF
1193FCD4
1BB6B4CD
1CA7B926
1E160917
1AC6811F
18777134
13C57D60
0FB2DD5B
0B4244FD
02C2A4D9
0780B074
08D08C44
0B007458
04713C84
0C62DCAA
0CC27C2E
0CB15C49
0D42280A
091114A8
0A415807
0E612462
1703C93E
1D543997
1AA64186
1CB5F176
11B52888
1532D581
13154985
1B96E1A5
19E6D9EA
215771DB
1777ADAC
1C9711EF
1987DDF3
1866DDD2
1AE7CE47
1B89063E
1F875DDB
1F28A1E4
1E36F21B
206821D0
1C96CDB4
12A669D4
1BB6DD98
1F2771A4
1DC841D0
228749FE
1EA85DF2
2386CA1E
1CB80DAE
1F086A0A
1F4749DA
1EA941F4
1BE891BC
21C79601
2007E5E7
21970605
23084583
231869CD
1C9749BA
1FEA1E34
1DB8ADDB
1E1799E4
2057D1A9
2236C9F9
1ED74204
1EE77205
1CA81207
1C9939F0
1C88FE44
1F6785F9
20D869B3
1E47C5F8
201775EA
2287CDDE
1CF5E5B0
24776DC8
1A36CDD0
1F17D1BF
22E8D5C1
1D172DEA
1C76A20A
1F56E583
18B5F1D5
1BC789C5
20D6B578
1948EDDD
17F751BD
18A599E3
1EF6D9BE
1D778E28
242751E2
1EF9167B
1EB7ADA8
1D96B99D
1D784A11
1FB7C9C8
19C79DFF
201715E3
207799F7
2407B9D8
18B7521B
1CB7A5C9
1D064E00
1D36B1B4
1B17C138
1F588956
19D77D92
10F49934
1452907F
0E240CF5
18B5B4D5
1765292F
1845C4E0
1BA688EB
1776CD29
17F69940
1236610D
1464AD3D
0FE279AF
05031548
07432161
0802A54F
01007091
03114CA4
05419067
06B1444F
0901185E
0871907D
06500CB0
00006800
0561F41A
03219051
0A22C09C
18A3D49B
0EB6CD73
16757DA2
15250125
12E56985
17674D5E
16A649B2
1E3701E9
1A36B597
1B65CD43
1664E152
1904956A
1847C605
1BE7C9D0
18C5C195
21D6E1EB
229679ED
1FF70A26
1CB7E629
1936E98E
1D65E955
1B65059A
1937B17B
22961DED
21A885D7
1F1651DF
1CD7B1D1
1CF899B5
1D7869FD
21A81A2F
2137B661
1C4835B0
1EC84E07
1DE791F5
1FA671FF
1BD7D1F3
1AD79E24
21077236
1B4991CF
2037B9FB
20E78A01
21C71984
1CE78202
179601FB
22363603
2108A60C
2177B1F4
1A390DCB
1D2829CF
1D87064A
22487DE2
1F082DD7
215761E0
2197819E
1BA6E9A5
20C755B0
163809D2
1CE67A0F
1DD65575
1DF685BC
1657362A
1C3615A0
19177189
26276588
1DA73D7C
1A970D71
1DC7C178
1BE81E32
2116D202
1E57CA07
17F741DC
1A2719FA
1BA751C8
199571AA
17870A00
1AD6C1BF
1E0709EC
1EC69DF2
1EB7460E
1E383DAD
1ED82DCE
1EB7DE13
1D55CDD5
2057A5A4
1C27554C
13471DAB
14C464C3
17F2D88D
19943CE4
1605C95C
1825F92B
16A5D8F4
14257D54
1C15FD27
19041D89
1475C18E
0FE3EDE3
0F33BDFA
0732E5C8
0A337DBF
09520DA6
048309A3
0402DD13
0B92D4D3
0761E4CB
06017068
0502909F
09A29461
04300819
02F0F848
08822C21
0910E84E
130410EC
0FA525DA
13D5CDC7
19E50DFA
1605DDAC
18A725CF
1AD6F5DA
10C619B0
1583B961
1604F4D1
16E378A1
1125ADB6
16A6D59D
17764DF3
1C4749CB
1F26AD72
1C07D59A
1E867DC6
1C97E607
17C6C5CF
18B6F9FA
196501DA
1756DDFB
1A86EE18
1AB68DE2
1FB5C601
1E074615
22987DFC
1B677207
1D97F216
2588D5A4
21C8EA1A
1FC80A10
19C889D3
23278612
1D0795DA
1BB839F9
18C73E02
1C9749DC
21C8BDF8
21581E12
1DB7560A
2307BA27
2047C5BD
1CA869E7
1E97C62D
1EC7D20D
19F7F598
1F77A9F0
2005CA0B
1EB639D9
21584E22
1D8909F4
1CD72232
20370D79
1FB665E5
2116DA06
1C06D992
1AF6A98C
1C874982
1DD7611C
1BC7456B
1CF5A130
1C15612E
1A763D14
1B469516
247641A1
1CE7B5C6
19766D91
14E3996E
0E15196F
0FB4B1A0
0984D985
1223C1AE
0ED501E2
16C43594
1C24E171
1CE7FA1B
1D378A0C
1F77B1A0
20073DB7
21C8259E
1C370DAB
187801A6
1916A165
19956916
123510AF
1B043CA6
1CB63D20
16A58D3E
16C35158
13038157
1936E968
1A2561B6
1D45D5CC
19A6560C
157551BB
13262A1F
0D2431D1
0CD4E9B8
0C747D60
07B54D96
0E54D19D
0BD4956E
0B63C163
0BD3F4C5
0AF274CD
0E927D03
07D248A2
08028CDC
03A06459
08217CBA
08D2F954
1173C955
16B5CD10
18A4A964
1D265DA7
1E26BE01
2067EDD8
0F676D71
0915315C
0F62908F
14331D1F
18C7BDAC
18F76591
1A67EDB8
1F863DCA
19B7A1DB
1B57B1CE
1D976DDE
1B37021A
1AB531FF
19C881C4
1615E5A0
169651DC
18E6EA6E
247811F4
25F799D9
1A872E43
1D897975
1C47FDC8
20E82245
23D70594
1DA6B9D0
21F75E1C
1F27CE0B
1ED5D217
22D761D4
1BA85DB1
23A6D1DF
220661F9
1A3835DC
1AA6A604
1D87EA2D
1C971E20
1C8641CE
1A57D5CD
1C4851F5
218755EB
1F66A5CE
1B7875E7
1F9679EB
1B487614
1D5785B1
2049B9D3
20867DC2
208809EB
1B272D89
17369E12
190594EB
158508D2
17F54D04
1CC6194B
1C8524E5
1BF5D4F8
16768D45
14461527
1AB5D576
1DA721B2
23967580
19A77587
12F574FD
0FB4491C
13131D34
0BC1E982
1172697D
0C83E995
11E40531
11B38191
17B64E1F
13F51190
137621C4
15A75206
14A751E5
1EC795AB
1775B986
19E52118
18A424E2
15F4E8DC
150564B4
17D718C9
10D410DC
0DA42523
1465FD3E
1C1869DA
18471194
1DB719FD
198719D9
18C65DA1
0FF6215E
0DD5517E
0E35E1DF
0B25B209
0C84B1BC
0F04B9AA
0EA381B7
12B6D55E
13737D3E
07C43D29
0EA3ED67
10B26957
0BD4DD3E
0D335911
06922495
0D3230E2
08C30149
13C51122
1595F18B
1D16E9AE
19173209
1708097C
13F3C941
09A19112
13A39CD2
1525F97F
1547C602
1C77ADE6
18E7BDA9
17970DBF
15C81DD5
17977DBB
186735C9
1AC6D169
1A7545D7
162725CE
1AA5DD99
1A469587
19567D83
2317C9BC
1E9689A5
22779DCD
1E671A0A
1D467E19
1D28321A
1CC7F638
1F579A0B
1BC8D1F6
1CF835CB
1BA7D1D6
202771D0
1A97B60A
2077A204
1FA86D9A
1B1795AB
2108B1D9
1E364A06
2166CDFE
1ED7B9F9
2047720E
1BD8D9FC
1E779205
203791D3
1D76DDBC
1BE87A47
1F77B627
1BD72174
1C97761B
1AC69D98
1C56A57B
1B45CD70
1535ED24
15240112
16457099
13243D07
15A478FB
17E47104
1354FCF0
139358CD
13348932
1B7665A7
1EA61CF7
1EF70D91
1975C174
14162124
0D4270E4
0B23015B
12835503
0B430D07
0AF19977
093281AC
0754C152
13B3955F
10752974
12A3D565
0F847D70
137495B3
1223C983
1A654932
1594590C
1B05ECBB
1314C4BF
17043D17
1A44850F
0C6498D9
0694694F
1A65B5AE
20A6B1AF
1CE75E00
2007F1C7
20367612
26B6D211
1DE891B6
149605E7
10B5B1D7
0EF50D80
0C05EDF6
143615B0
111679BD
14C4A193
0E651D9D
10D3D974
14B4253D
1FE4E12B
0ED4B999
0CC2D177
0F31ECF4
0753AD34
0AC24542
1334C0EF
13D4959F
13F4A53D
0EA72182
12F49164
0E837909
0312C0CA
1122C0A2
12D4751D
1C16E98F
1CA7ADAB
17C665B8
1936E214
1AC6D600
16270E1E
1A2691F2
16A721E1
1A479608
1B15EDAB
1AE6220D
14C7C1ED
1887F5EF
1CF8497D
21F7A99B
21576E13
199675E6
1D57FE01
203849F1
202855FA
1C873A07
22D87DB9
1C7721D8
225661EE
1D788626
1DC7EE5F
1A97BE0E
1DE819CF
20977D9F
203725C2
1997EA01
21267A14
2137C5BB
1938B1F2
2437DE02
1EE7C1B8
21179E08
1EF795E7
1C57C5CB
1C6661C7
2176ADA5
1DE671B7
1DB691C0
1B455930
18256CEF
15545CF2
1A251CD9
1844DCD3
14E588B4
17C418AA
1AB54CAB
1B248530
1D352510
19B5190D
20A61CFB
1C35553C
1695C0FE
12C56CC1
1013048D
0AD1E0B1
0B526097
0E8424D5
0FF2B07A
0982E4CD
0D129C8C
0BC3ECBF
0C03A550
0D84095C
09D431DE
0FA491AD
0E44798A
1083E985
10B430FF
14D3551D
199474FA
1184A8F8
11B61CAF
114480B4
11522526
09F4597E
1276F208
1D375645
1AB82655
1B57E1D4
1F899DCB
1E5739BA
1DC6E225
18E709CF
1435F162
0D23F5ED
0A4465BB
10A42232
12258A1A
0CF5F5DC
0EC4759B
0DB4E184
15341978
161579BD
18051606
11834DD5
0FF2D940
14332117
0E636110
0A52C938
1092FCDA
0F84A96F
0D149525
0D90C0E4
09E23C6A
0EA1EC7F
0A120C38
0F13113E
1415B572
17A5B163
1EF67544
23060991
1B469D6D
1F47A9F9
1B477DF4
20D79595
1CC7B9D6
13E7C61C
18F73DFA
1B786223
1D271DC1
1C5915E6
21B7A626
1EA74DEE
22F7B61C
1C98220E
23885A0E
1E880A59
1BA861FC
19F80610
1A5815D9
1FF75DE6
1FB851CD
2087D5D7
1EF921DA
1E2825C4
209899F3
208855ED
1E88F1EA
21072A45
22671DDA
1DE89601
2067A9E5
21F75214
1E680D8D
1F16D9AD
21A8B599
1E990982
1C26FE21
255741CB
1AF73948
19A580DB
1364D4EB
18F514DE
12A4D849
1823F0FD
13C4AD0A
1ED68959
1F35B97D
1E669D68
1EE7ADD1
1A4665A7
19F72DF1
1A368D08
0F84B13E
1023D537
1121B09A
0DF328F3
0C141097
0ED3CCBA
0A233C29
10040538
079060DD
0BE4D864
15528CDA
12D31949
0E24CD48
10752D76
11B4757F
131431D4
10D31169
15C4053F
0E74855C
10351126
07944D78
0CF1A913
0CC3B92D
18341DEB
14069E0D
1FF721F5
1E076613
1696C5EE
1E1655E5
19E76E09
1957ADB1
18675E07
13B5E9B6
1234597D
0A96298F
117539B0
0CF445D9
0CC509DE
104469B2
0E65A60A
0EF44593
17F5459B
1787B1EF
1235097E
14044935
1263D575
0B751D45
0A139D46
14342D31
0F432932
0C059D51
07C3CD3B
0920CCCA
0521D851
0501006D
07437C99
10626549
1B253D6C
1A86C9BE
1F97D1DE
1DD785AA
1D67A1DD
2168D96A
1DA6B629
1C687D8E
2696A615
212821FE
24A83A06
21289DF4
1C56CDA3
19477611
1E1579E6
1DB7DA57
1C98F1D0
1DE9458B
203771A7
207735BB
2198FE08
1D38697C
20C711DE
1D9755F1
21580207
1938120B
1EC7296E
22B86E01
22A765DE
1FD62DC8
1DB745C8
24169DF2
1D56B1DA
20D759B6
1D16C22C
24F6E99F
1C66C590
1B66854C
1E6635CB
1D16B188
2316F586
1D35E135
182648B2
18844920
16342CCA
1864109C
17F5713F
23564585
1B770E19
205865C8
1EE75E10
20D711D2
1B973DCD
1FB8B1D7
2218A166
15144998
1AC23CE7
15C3BC89
0CE3811D
0DB3A46A
11A384DB
121484E2
1423F0BC
0E848CED
10E244F7
0CE560E6
0C65289D
101454A8
0D04F0FA
0BD47D95
0E44A9CF
04E50D58
0964E9BB
0EB44D54
0822F12D
0F54855D
1412095B
15748580
17F745CD
1ED73979
1C1929FF
1C279216
1E87FDC3
1A855A2E
15B751D4
1A2649F2
1A87B1F2
17B6A1A6
1AA5F5AC
17F51574
0814A580
0FE591C0
0BA55D95
0B4485A9
0B64E1CF
0DB449D7
1473EA1C
133675DC
10D6218A
0EC5B960
0D85398B
10E40971
0BF394FF
0FB31952
0C631537
0AC22D4C
06D23D52
082210A3
03800061
06614440
08A220F9
14C4CD97
1A267D45
1E393E2A
1F37AD92
1EC84D88
1F77960C
206949FD
1FE90A02
1C37D9C0
1FB81A29
20C6ADE5
21D87E1D
1A76F9B3
201865BD
222781CE
1F6665BC
21479190
20379DD7
23871224
1E67EDAB
21C9BA29
1B06F230
21776DC3
1CD785EE
2267A1A2
1C283A26
1E58EDD6
231895F9
1B76C1E4
227845D3
1F7791FF
2068F238
19985243
218701B1
22B7DD8E
1928C589
19F845B5
19567172
1D26A1C5
1C3655D1
198641AA
1A87DD80
1AB59535
1A451122
1F14C503
16148D11
193668CB
1C960544
197665E6
1B6761D9
20172A12
2096F5F2
1F974E12
20076634
1AF911C1
17A6FDE7
1ED7D180
1CA4592A
13E4AD05
0FB30102
12E498C6
1224A12B
1765917A
18847D04
12C4413F
0F449D43
12C42D11
123420F3
0F43A51D
0F932D59
07E4D161
00047D2D
0AF3116C
02F2E984
09838184
0F65D98E
14F62996
1BD5C5CE
1937E9DF
1E966DE0
1EB77E00
18A6D1FD
19C751B6
1576F5BA
1A96A5CA
1D15EA12
1D5701ED
1E6709D7
19158DB0
142551BE
14852DD8
148569CD
11B4320C
0AA4E55A
0BA5357B
08C454D1
0A4401AB
0874398B
0A838943
16D4BDCA
1382CD7C
1D84055C
184314E7
17D44910
0F450539
0862ED3E
08126110
04F1C496
08B19C75
0A3308B1
0952B8BE
11448919
1DA639C0
1F1755E9
1D678DE6
1B46EDB2
25C85DB8
1F572DB0
1F8855AD
1CD7D1E8
1977A5C6
1F1749F8
1A3799BA
1CC7BE02
2117B9CE
1D683614
20F84206
1DD869AD
201911E6
23E751AF
1E576DCA
1EA77DD6
1DB74E06
1C36F1E2
21477A34
2066DDBF
20681A17
1BC78A08
23E795AD
1A07BDC7
1DD7B9FD
1F573D7B
25288E1F
1A48DA05
19A801C2
1D4879E5
1DA75168
1BF7D5D4
1C96459C
19D48567
19E6A94F
19881DA0
1AB82185
1D17558A
1D774968
16954149
1D275920
1B2528F0
1A25B0A4
19E76D1F
178795D7
1EE7A9A4
2186FDF2
1A77D5B3
1BE6E20C
1CB7BA21
1A57C987
1BB639A2
2277C5BC
1F06895D
1DE6AD23
167705A2
1695A950
19560594
1215094F
13B56559
1253695D
1403719B
10A41192
1373258A
0DD3F52C
0512012A
0C21816E
0983053B
04E32161
0A128947
0A23A530
0C8695B3
1244EDC3
16182A19
16071E2E
21D7DE2C
24B80A09
1916E5DF
1B85C585
1B26C19D
1835B99D
17755187
1775D601
1C257916
1D55D176
1926A1C2
18F4D9C4
10B5CDBB
1115C99F
0D634181
09616D24
0A327D3C
067391A2
09B3A919
0BB370DB
13048D72
0C131D50
16946D27
1623DD12
12056579
0ED5359D
0D02891C
0492CCC8
0941E496
06129CC0
0EB1F88D
114484C2
10966520
15386DC0
1DC701B0
1BA709D2
19564DA6
1F375196
15C81E09
19F901FA
1D97B9C4
1B176203
1DE83587
1F87F592
1C4799E8
1CA8EE01
2058B173
1F07B20A
1DF75A09
1C66C5C9
1B273618
1F7925CA
204825CD
1ED7B239
1B878205
209841CA
2006DE2F
1E88AA26
1E587594
1DD6C9DF
1D077A17
1BD79DD2
1FF6E5CE
1FA6A9EA
1CC6C9DF
1EC4722F
2246B196
23F60190
1E571DA5
1AC5F5F0
1DA67D4B
1C8671CC
1D475DE0
2277CDAC
1C15A20E
1918519F
1E06C1AC
1F05A982
1816956A
1C166557
1A65B572
1FB6FA05
1F482DA5
1B86F1B0
1957299B
1C5755CB
1DE76978
1F76D590
1FC7413F
1CB6A564
1D85D98B
1FF77D7B
1D556595
1C2584C5
0C35095C
0EA43D30
10649199
12852D80
11B55182
0F23FD86
1014D5CB
0B549D88
09F30591
05C2A193
0614D58F
07A2717A
0372ED29
07B2CCF8
0EC36D49
0ED2B0D3
13C45120
1486BD3D
1EB86560
1C86F15D
18A641AF
1B15DDC1
15777183
10C5C9A1
188611A4
14C591DF
12456DBB
1D857DE1
1FD6B9E9
17EA0547
180675C4
11B56140
0333E169
09D2C149
0A825193
04E40586
07331927
04C1F963
0C43894C
09F3A157
0F73798E
0EC34127
12E63962
07E52D69
0C63E90D
05727CC2
07F19CC7
10F1D0C6
10D3A905
1AB4B0F5
1A25F187
1FB6F512
1AC62996
1F36C9A8
19A55941
1542E14A
1A44E583
1F296959
208801A7
19B7A601
1DB7CDB3
2056B9DC
1FF6960E
1DD7020B
1B8751FF
1B38F9F9
23877DEC
1CD6F626
1C080E69
2007ADC1
19E849C3
1B375A0E
1757C612
20D7CA17
1E06AA4B
227809D6
2026D5CF
1DF6F1D3
1EC7D1FE
16B78DE8
2407E9CA
1FB815BA
1985513C
18E7256C
1B75CD26
1E27BD0B
1EA6CD37
1B975D8F
1AD795BE
1C3965DB
1F77A1EB
1EE7E1B5
203831D3
17C73DEA
21385A1F
200681BA
1B84B96A
1B75D0E1
1FF5CD46
23469181
1666A1A4
1A773D8E
1B158D49
1D869D57
1C658923
1A466973
1EC69134
17C59D8E
1576CD49
1C56057B
1F55912D
16C430FD
12F5F95E
1184CDA1
0FB6018A
0E74E935
11E5C5AB
1435D9F0
139505CA
0B947DBA
0B9465A0
079441A2
06336D70
05C2255A
0AE1F4B4
02D2285A
05C0A110
09D20C83
1352C8D7
14A344ED
1BE6A58C
1A77A999
19E5559D
195545C1
16C4D5D6
1A954595
1B1589D7
18751DB5
17D5DD95
144639B2
1C2861F9
1CF879AB
1AB64DAF
117308ED
09722959
0620E527
08434160
0C32715E
09635D3A
0BB1E175
0193F10D
106371CD
11C289D9
0E4481B7
0EA3C59E
10D54D96
10E32D6A
1141B8F6
08E404EB
0CF440D7
193458E1
16F468D4
16B58CF3
144480ED
1D05292B
1925B135
130440BA
1474FC88
1563B13D
1876B9B9
1EB7859D
20D6E998
1E678DFC
1E4835DB
1E375612
1E66D1C6
1D2721AA
1D872DF6
1D27AA56
1E668E24
1A07FA25
200799E6
1C7919BC
209815F3
237791A5
1ED68A07
1D76F5E6
1EC7F9BF
2047A619
1EB6961C
22F73DFF
1F277692
1E470DC0
1D562E18
1B06E9E1
1AF7FD5F
21373DAC
1FE719A8
1906ADA2
1F85693D
1D299DC5
1DC849FC
1E3655BC
1CF709C8
2487D5B3
202859C3
1F17A599
18052582
1C271D9C
1875CD2D
1906A10F
16571DB5
18E5ED25
1695C503
1D35C1B8
18A5F139
1DE56133
1686790A
19E5C0C9
18149532
1D751D3A
1B665D34
1BE4F8BF
15551972
14246D42
14D4856F
13F5019F
0B63CDAE
1245317D
11E481D0
0B63BDC5
0E13C1A3
1085C5AC
0E153D86
0D83F59D
07628523
04423139
0472C14F
0371B929
0980ECDA
0DC22468
0F21009B
10647918
18075183
16449555
17334CD4
16048901
16041D02
1625959A
1B05C5C2
1A85DDC7
15575DCD
1E26E1FF
18D74DD5
1944DD78
0FF31911
08E21971
0D930D43
0BF44140
06F310FF
08635526
0722CD4F
04F2E973
09F3F589
0D6461FC
0F250938
0DE4F5CB
18E561BA
1594895E
14344163
1423BD16
14146C7E
1464F8D4
17C4A4EC
17C4FCF6
183588E4
1726491D
1A24F0FA
126450B0
11A3E8EA
14840D14
17B59151
1DB7E9A2
1D59660A
1F27A9E7
1AC879EF
23378DD7
1F07DA11
1FF7E217
1BB8BE1E
2667F203
1F3745B1
1D869611
2136E9E5
1B576995
20E7E9B1
2017BDF2
2257CA13
1A982204
2156A22D
1D16E623
1CCA25B2
234801EE
1EA68DF5
1D078193
1CA74DC5
20E789F4
1A779589
17F841D8
1925E580
1BA5A939
19E6ED15
1985EDA6
1CF7D9CD
1B86CE2F
1D17B5E8
23764D79
22D69DD8
1784C138
1A965D14
1556B98C
1A25F15D
18956D2D
19A4E90E
1E460D07
1A072D30
1B96FD79
12B655AA
16A6C922
184644BF
187558E2
1D24C4C1
179480C2
17045503
19F648FF
16C56D6F
13E6794E
1256D14F
1816B557
1486498A
0D45053A
12E5D1B6
0C24DDCB
0E5349B6
09D6018F
0B94CD83
09A43579
09641570
0AF39D64
0C736155
08717CF3
0B92ACE2
09C1FC85
0DF298E6
15828CE3
16745CF2
109528BC
1262F880
0A024C9D
11F414C6
1435B92A
1816811B
1A554590
17D621E0
1FD705D1
1BF8722F
1A47299F
0FB4F17C
0663050A
0862E8F5
0741F539
00030915
0411D91E
0BB2E0FF
0C037542
12F56186
0C041D45
0F146560
13058D94
17351625
1616CD4E
12434D49
151388E7
0E94CCE4
16253CE6
1A0488D5
18B50097
1C15F931
18F554DF
14D534E0
179410AA
18B44477
115540F2
1AB62D51
170745BC
1EF735F6
1DE891EB
1DC8321D
2407AE11
20B82218
20381E0F
20B9ADB7
23182DE5
1ED6F607
1BC87D96
1D78822A
1FC6FA17
19061E17
1B27F9DB
2387FA03
1D7879A9
1F1781BE
24A789DD
19A82E14
1EF7AA14
1DD795F3
20A63DC3
1E7919AA
1DB7D1A2
171779A9
1BE7A213
1CF5F544
22273D40
1B36E960
1886CD66
1BA63DB8
21482D98
1C586DB4
1E87C59B
1E17D543
1F25B956
1D166917
1B378D10
1B65E121
1C653D7F
1B05F123
16766D1D
1BC6E158
1DD49930
15A4E4EB
17F4A14B
1443BCF9
1584C8FC
19346538
18B58CD5
1834D908
162430D4
150570E8
181394EC
1C056923
1ED5FCFD
14A55D02
1634C90F
0CD4D983
0FE5D1AA
0E250DBD
0FD3D1A1
0D75D58C
060571DF
0C82E1A4
0F03CD74
0EB431C9
0A32D53A
0921853F
0E228D0D
0F148583
1744616D
0A837CE2
09C3DCD5
0D224CC6
089140BB
0A71A8B5
11E41583
1975398E
177671B1
17769A1F
1ED771EE
177771EF
1B661975
10A31D62
08A4151F
03C35555
066158F0
04E17180
0212B517
0F229D48
13B2FD21
0E149DA2
14149967
12255E27
14A62D54
0E9500FA
145428F9
11C298C1
1034D947
15E33899
1754C066
15B560C7
193504F3
19950084
196584FB
1A57491D
1B656D4F
16C4F164
14A5AD0A
16050D27
18757D71
1DB899DC
2408B99D
225969CF
1B57DDD8
21975A0E
201791ED
1EE815EF
22D7B22E
1FE745E4
1997960F
1F768993
1A075213
1D27E1F1
24A811CE
20F7D1EA
1FF7FA20
201771E9
2287C1F1
1CD721D0
20D71635
1D48F617
1CB86A2A
20E71A17
1D9849F7
1B26D96D
1C85698A
1966D588
20B78152
1DF5A936
1E46893A
1D468591
1DE68DCE
1C9669B4
1C2791E7
21D701DA
1EE7254B
1A56857A
1B36DD29
1EE57D4D
2185F93C
1BB68534
1395C556
17C57D2F
19F4F0FF
108594F8
1A73C0E3
19D57916
15959884
182514F0
14A550F6
14447505
18D498F7
191400BF
177570E7
1963ECD9
1B849892
18541103
19843925
18066CF5
14253529
1034CD99
06D499DB
0A0531E0
0A6541A6
0DD3C5BA
0C2371F4
0B9361D5
06A34173
0C4269FD
132321CC
1F05E1E0
1CE5D16C
18A50D8C
15E448AE
08D2C0DF
07F14CA5
0BE214DB
0EE52909
0F263165
1DB4D180
0EC669A9
17864612
183661B1
1557B19C
1414E9BA
0682D934
0981891C
08D204FD
0312ED2B
0531D4D9
0B832CE8
0DB33D9C
14F49977
15F5CD6B
103485A8
0F15B518
1414A118
165348C9
13441C68
1934B4CD
15F5B0F6
12B3E4F3
1743FCF6
19459C86
1A14A867
1894C4DA
191641CB
16C729BC
1B6689B0
1595B961
1A95CCD8
1844998B
1D27D1B4
20E729D3
1967F60B
2338FE43
1D08A1D9
2186CDFD
2096B610
2217F5FE
2086C5A1
20263606
1BC765E5
1F783E05
24574A7C
1F26E5E2
1D58B9FE
194789B6
20B8F26D
1F9805AF
1E1781F6
1BA8FDFA
1E08B617
202829C8
1E07C9E1
1F470DB9
1F77D58E
198699C8
20C6D13A
1AE59109
1A767950
1D165D49
19D649A5
2017297A
1C164993
1C861D7F
1F768972
0FD77568
1524CD04
19E54D25
1AE5E537
2268453D
16D71D1E
1A660512
19E4C8AB
17E538F5
15E410ED
1774E91E
1EA4DCC1
1713DD00
1404D4E4
18C5F8F0
1994BD25
16C46D17
1DB5C092
1CF408F8
18645CB3
1B75410A
1375A4ED
1A8530A5
1225A130
1073794A
0F92A95B
0DF30961
08143977
0C33CD9A
08E3315C
1104D5C2
0A547D93
0952FDA5
1402ED57
1294FDE8
1A16D5D5
20C6E5B8
17E5BD66
11636DB2
1222390D
05B36CDE
0B40A4D5
01732D17
0DD4B14F
1834A59A
1975757B
1EA83DC8
1CA5C1CF
19361583
14145933
07F39D3F
0A81CD42
0921B157
02B16935
06628962
0972054C
09B42125
0E14F57B
17B579B7
1A16594B
14453D5B
11E58147
15D46D08
17643CD0
17F44D0F
15C594C0
19061941
1B945D50
158370E4
14C3007F
19D4D4ED
19E5711A
1C26396F
1AF64535
1755A50D
1EA67140
16A63953
1EF75E10
1A3659F0
20E7D19E
1BC929E2
1FD6D1F0
1C37CE32
1F465E12
1DE891C5
2018A18A
1EE8BDB5
1D8911EE
1DD6E9F0
1736DE29
1C97861E
2297D659
1DE84607
19C83A1F
21F819BE
1F07723D
225811FA
1E5715D2
1C7701E5
1B4731E6
228895F0
2477220F
1FF6BDB4
170559E9
1EC6D99D
1E45751A
19875CEC
1CC69D3A
1EE5A4DC
1C76E8C0
1B037103
1C84A0EE
1615F8DC
19E580D7
1485E14E
1DF4B13D
1CA6F124
1E153D38
1444D0C8
17A5B8BF
150340CF
16D6ACD6
17A524E3
1A6424C5
1DC530AD
16C3F102
1965D0B4
0FA5F0D4
17643898
17D5552E
1475312A
11D35101
12E4193F
10D3CD3B
1554D102
14A3D90B
0ED324F9
0B537D43
04C1D52A
0AA3C156
08044974
0C85E5C6
0E557DB2
0B74A961
11627DDA
0C6559A2
1D087D9D
1A8799BF
1C679614
194585DA
14342997
0E9525BB
0574B549
03E30506
088248C3
0D02D0C3
1293E929
14E66DD6
1685DDB5
18961D90
1413A9BB
1303855D
0913957D
0C34399C
06342960
0F64151A
01C1F543
0CE2E956
0FE3CD1F
0EF3F53B
1633758E
10646D74
0CE451A5
166514FE
19E56544
1323C122
1804CD0C
18E618EC
13C4C149
1BA5A142
17F59CE9
1404C4D2
17C518C1
1915ECB5
1D243106
1766593F
1936DD1B
1A458D14
17460975
231755BA
1CF781C7
251751C7
1F9911C2
1E08A1E2
17E6EE2E
1E47A1DC
1F6741CA
1B978DED
1CD7CDED
1CC6F9CB
1FA841F9
1C486635
21B94608
1B46F20E
1AD781AB
1E59122D
1E07C942
1A6785BA
1D1869F5
22583DD6
1B48F1FC
1D3785F7
1C275203
1A4791F7
18A6F9B2
1C46FDDB
24D805C0
1904C920
1F856121
16349507
1695AD34
1D53B8D5
1BA41CD0
177684B0
15358CFE
1925A4F7
1A354CD7
1BB66D02
19E6A13B
17172597
161614F5
0FB4B901
170410BE
1CA4F489
168448A6
19D6C0EA
15155CC8
1624BC96
1605812A
12B51CFF
12E4F0CA
0F4300CB
1844691E
1624E0CD
0D441906
0EC2F0E4
0DC4F93A
0E9368FF
1454AD33
0E235167
04C429A6
04C55D7C
08F3E1A4
0813ED9A
0F7359AE
10A35912
0823A549
13266989
1F26A1B7
1E57E1D1
21E70D7D
1CB70595
1B37D96E
13F72D25
09C3D911
0230E099
09311916
0942FD41
0E6415A4
0EB3E15E
12252929
11A43D9E
0FF4896B
0DB555BA
0B647D6E
098225B3
0C438971
05430170
0B92B187
0942B977
0F538949
1375E180
15D44D78
0FF6A532
15749D5D
1BB4DCC1
1734A8D3
1DF61D04
16E5B0A9
17E51110
1C44B8D5
1784711F
1BC544D8
1354D13A
1D25D0EE
110744D8
18E4C4C9
1996F940
1CA5857B
212621CE
2527D16C
19F79E02
1D78F9EA
218745F3
21B7F612
1AD739F2
2086921A
22F7B22A
1A0869EE
214779F3
1F58A1D6
211761F0
23487204
1B18E1D0
1F969173
1EE7D626
20B93655
2316F5B4
1C66DDED
22A859D1
24A855C2
1B2879C3
2257A9C1
1E7611F8
1BE7962F
1C6781DE
1F69618F
22F7C5C8
1DC6EDC2
1A263118
1865B4FD
1E05B511
1CE528AD
1B762CEA
1A261920
12C5C4F7
187514EB
1945A0E5
136574B2
174580CC
2157994B
22666D81
19E46D19
172560DB
1B24FCD0
1496BCD4
1954D8F7
168440BF
126580BB
12C48CDD
12748CDA
10A5F4F5
0F7430EA
0D42B0E3
0880CD1D
0B820D5D
08207D14
07E1F139
0790E14F
0D6259B4
0655E949
09B5359A
06822DA9
0241C55C
0922FDC4
0BE2998C
05B4F5B1
10D34580
11D34193
1F077A10
204769D1
239781FD
1D973DD4
14470DA2
11A61121
0FE3ECFA
0403C0C8
0C01D8BF
0AE308C3
0D33B10A
0F94B555
1256355B
18365D99
1A769DA6
1A15458B
0FC5C173
14446995
0D44C8FC
0604B16A
072271D9
05E35D79
0DE1B99B
0C134D1F
0E24C955
1534814E
15260E48
0DD4A911
11E51CE1
18A4ED0B
1934F0C1
19356904
1675B4D8
17B41497
17D74106
13661D1A
15C518D1
15D7BD34
1144E8E0
1AB6314C
1735B4F0
1855ED5F
1D06A5AD
217829FA
2376B5EE
277895A2
1C38B1FA
205711FD
199795F8
1E687DC8
21B739AD
231809E2
1E08BA1C
23E6F5CF
1FB6F5D2
1B17B1F3
1F37F219
25C67E25
1D7691BA
1A07F18F
18D721A8
24973A52
208849A7
2127EA05
1F05F61D
21483601
1A279A29
1EB8ADEC
2056D27F
1C6869C0
1A479524
18D6D183
1C958521
15657D6E
1B25714C
1A276528
1B864117
1984D0E4
19155CEC
1EA57927
1B961910
15A56907
1C15B4CD
1A666CE6
2047CD18
1AE580C9
1FC43CC5
1AF44CF2
10D630D6
1D355531
16E3BD3D
1775798B
0ED63537
0E25A55C
11648D6A
0E252920
08415544
03A1D577
02B25D09
00009D0E
029150D8
05F1495A
0371BD02
09C3913F
0A155D57
0BA2A1A2
1152B93C
09420D8B
08F4E958
0AE2B54D
0D322D7C
1E94F969
17576A22
21B76E29
21B7D1F5
1F4569D9
13A3356A
0ED58D01
0C62888D
08B39926
0D424CDA
0C04E993
11E63158
14D44D4C
1195956F
17059DC7
19C78DB6
1805F5FC
197635BE
1A65899D
10953967
06E278E8
07C378E2
07122959
07F32960
0D84FD37
0E14E13D
0D24A98D
10851951
0AA360EA
117310E4
111520D3
1CB36524
17754525
1965484A
192448AC
19A62128
1DE6A13B
1C15310F
1755C8FC
1BA5991B
15E5CD06
17265569
1E8649B6
210A35D3
21C6DDD5
1C9819D4
21F7D204
21382DD8
21D7721F
1867E1C6
20764DDB
1D16BE0D
23B7C1BC
21D82234
1947B9A9
1DA6B9B3
1E185DE5
1C0805DD
1D06B9AF
244761ED
2156E9E4
1CE9C257
1FD8D212
252691DC
1BF611CA
1E1911C5
1D77E201
250899DB
1C67E9F7
1F08A9DD
1F66D53C
197588C8
1BA488E5
15650CD3
1C55EDA7
184605C2
1AF59964
1AB44CC4
13D5A4E2
15F45CDD
18060D3C
17A524F1
19D544D1
1BC6A131
2295A515
1D17215D
17D77910
190644C1
0A84B528
1484B14C
0A331160
0EB3D94F
0F933D98
0B724569
0AD575B3
09D1ED90
05F47124
05924977
07F114C8
029184F4
0590B8DC
000130DD
03C000F7
0740E90E
05513526
06F279B1
09D3B95D
0B212D30
06C3C92A
02C23D4B
09B19D6B
14753168
1927F9DF
1A469DE0
204799A2
1B666604
175649C4
1514156A
0EA33941
0D838CCE
0EE27130
10D4A17D
12F4F9B3
1EB679B4
1BB7A5E2
1A7645D2
2095FA0C
1755F5E4
1926B9A7
13B5F985
12C3D9B3
0C43D12E
0D34011B
04924531
095300B2
0DE39528
0D3268FA
11343943
11A4F102
0FD4F506
0B22D89E
0D42C0DA
1535ECC8
17C424D9
1B551CC3
17D5590F
13655905
18A5B889
1B85D56C
1B96AD18
1B857110
1895C4ED
18F4AD54
1EA79121
1F1661CC
1F7705DE
1C78861C
1D08620A
226795D9
222875B8
1DE89A23
199805B2
1BF791DB
1C675217
1AB80676
23D8B194
1BA91A2F
1CB79DF2
1CA6A5CD
1F286E4F
1FF769F5
2497B61D
1EA83A62
2066F1E8
2267C254
1E77FDD9
203875BA
18B7D1D3
1FA769E2
1FB775E2
1CD73188
19A7F641
1E583D3B
1C0550DD
16A544F4
19C6BD02
19F85D32
1976EDCC
18E67D64
1CB5E10B
16E5A8CE
17F554AF
1603E0BF
18847D04
13C458B9
1C563D3B
1D557D6D
1C4721C6
1BC4CD7E
14753CF3
0853A58E
06E014FC
068168F7
0520FD6D
05C20141
06A001AD
02F22150
00718D9C
0864151E
03E00907
02A184D6
048104F7
0001E11C
0460A4D5
0001CD15
0141ED0C
07011D4F
06015D3B
09F13915
09932507
06D2DD2D
0B328158
1194A584
1296F9D5
1A8619E4
1E563DDF
19771160
18B5D9AE
19952D5F
16839D33
0A734915
0E4114FD
1565E14B
147789A9
1F171DA4
21F9E1E3
240739B2
24468E12
1D779A19
11C57590
13C3B98B
13B639BC
0C33197F
0931D525
0AB36967
0B72895D
0B23A8FE
10A2D151
11D2E572
1235B5A9
10D50957
0FF3F10D
0F0530DC
0AA3488A
0DC3FC7C
0EA2C0DA
124204DB
14C61119
1445B8E6
1596811A
1665E555
1935294E
1404B55E
14261932
17960548
1CD70191
2008058F
24C7DE07
1EC74DEC
1AA8E5E1
1DD795CD
1A38ADD7
1BB88628
1BD87E1D
1C0785B1
1C88621D
2047660A
1C3739C8
1C57AE7D
1C15D9B3
1FC741B1
1DA7B9CF
1F97AE48
2077FA42
1BB849EE
1F5775A6
1FF8B9F8
1C67B5CB
1B769E1E
1EE87DF7
1C2775D7
1AB6A236
20D741F0
1B680E21
1FC6ED4D
1A3558F7
15556599
1EC689E8
1FB86197
1DB779E7
1E66F5B0
1B8680E8
1523FD28
1A74B8F5
18163113
13C3D8BD
083464CD
1214812D
0E676D24
1735B1A1
1D06D525
13A3B507
0B91E0E4
0DA0ECC6
03E1110E
04209132
03D14CEA
00001531
0162CD12
0692BCDC
01B300FB
08B36D37
04D1A957
076240C9
0371491B
0621AD11
05617158
0421D4D0
06F1DD30
08F148D4
0AA24D7E
0181911E
0D531161
10147D5A
1A56C985
1576E60D
205709DC
1777F9AF
1A36DDB0
127645EE
0F12C4FC
11C22C56
0FA3B0D6
1294014D
16D6C9C7
1AA741DD
1D2761E9
2017A5C3
1EE6E9E5
1A56BDF4
14169E0D
16F451B6
0C54F55B
0D73B11F
0713B198
06F2955F
06D31140
0A328189
0A74518B
1033C9B1
14850D56
0E34D5DA
13A3D950
10E3E141
05F19CEF
0652F065
0C73A43E
0FE290AF
1111B48E
14F2BCF0
18D54CD5
1855A52E
19C5D0F9
1C859D29
157594D4
16F5E538
1AE74D9F
1D87E1B6
1EF83609
20079E2A
1E8809FC
1BC855FC
1D67318D
1C6719CD
1E876DEA
1C4825C0
1F97321E
1F3689C7
20F6F5CC
1E27E1D5
21E79E0B
1C278218
204801D4
1EF815EF
1B17F5DF
1BC76A06
21773DFE
2127BE10
1C9889BC
23F6B62C
1BC6E9C1
20B7E231
22274DB0
20472234
20B6C61F
1E17EA03
1EE7ED7A
1997393B
1954CD73
1CC711B9
198791E6
1E986205
218785C1
1A95C590
15C3B503
18C454C4
1083D0E6
0854F12C
0324346E
05211937
0C457545
16964947
1C05C52D
1984FD92
0B12E91B
0851ACAA
0082B924
0872A11A
049170F8
00B12D2F
0142A136
05C11CFC
07815D33
057144FF
02510D49
02A280F0
0562791C
05C22937
0562FD39
09A19D73
0423D139
0631996A
0223393B
0DE22D35
1063F15D
16F62175
1DB649DD
1E0829DB
1E56A5AF
1C67F9B3
1577317B
15B4C1D7
0E5588F9
10B4754F
1394E133
1A8825A8
1D9851D1
1F2685A0
1C2671B8
227641CA
1AC6E9F8
1846B5AE
1394B997
128309AD
06A3E591
0843E559
06633DDC
0C72C540
02D36165
0B44C923
1673F137
0EC3ED1C
0EA3ACCF
0B52F0FA
0BD4D52E
06A3BD66
0991645E
0702ACBF
0871AC69
09D1C4B9
08346492
11A534EF
1B56090B
1955753B
123634F8
1D44553D
13866D68
1B470DAD
1DD73DAA
1DE65DCF
1F67B96E
1496A5DC
1C088E07
1F27F224
1A574DF9
24571DD1
1E17A22E
1C86564C
1C674647
1B779A1C
1AE84DF7
1EC7A5F8
1D4791F7
1B1855B4
20F6EDFD
21C75A0A
2076F5B6
1F67D5E6
20784DC6
1FC7B24C
20E7B1B9
211689A9
1E76F1F8
1DC8D619
1D2705B3
25B861F1
1A788DC6
23B795B6
2067E9DA
1AD7BD6E
20F68DC9
1BC7F5DE
1D7835B8
1DC7824C
22B861E2
18B58D82
1AE6616B
1253B4A3
10C1D4F9
09D240F7
0500D903
07023D09
0211288A
0FF3053E
13D43D3A
0C75109E
0D936180
0BA34533
02E3B132
0160CCDC
07C1FD43
0172095B
03A21CBF
0000C492
0502CCEB
0842BD4C
0981C571
0983650B
1165091C
0AA4818D
0E659DC3
0AC3E514
089625C9
0CF25DB2
142511A1
1375392B
11D57145
13B501B9
1C770DDF
1B38763C
19065D98
10F779F8
1C165D4C
1A46A589
1265999C
1674A9D7
1C669602
16B589D1
1737361F
1FB729FF
1987E21B
1AA50DE4
124659F9
1044B9AB
0D9539AC
0A32CD49
0BB4414E
0642C914
0201E965
00026D59
07D2D1C7
0CF3CD5C
11B570EE
0FF57527
0EE2E8EA
0EC36874
1634DCEF
09D234E2
0CA1D0E1
0850DC4A
09A204C2
0D31D903
0E8370CA
1614E12C
190660CC
1684D159
19255111
1555550F
1B56D96F
1C178A4D
1DD7AD8E
1727BD5E
1D04E9B0
1C67D18E
1D287A20
1F6815D9
1E95FDEA
1F88ADEB
1E2781F4
1AF63DCF
1907E5D1
1C3785C8
23E779E2
229795EF
1D66AE78
2597D1F6
20D76DD2
213759B4
245735F9
1EB739BB
23C78E01
1D46C9B6
1A77B213
1DC8ADE5
20A751E7
1C46E9DD
21679DBA
1D9641BE
1D7779DE
1AA7056C
1F776998
217701F4
17E831EA
21665217
2396C5C7
1C8729C8
20586597
1796BD9E
19557918
0F24091E
05A3C53F
05F2C55A
04A22CBF
03133902
04920507
0972F4F9
0423C50A
0D34A4C5
11C40D0A
0B52B1AC
02621965
0B116D29
0770D93F
036258F3
0340E11C
02316D25
07A2190C
0031555F
0823C130
10E5D144
1A455589
1AD599BB
112689C3
18A4896E
192589B0
191589E9
1185A540
1A96B9A0
16753198
1C0761B4
212691D3
1726619F
19F5399C
1A45F15E
16967149
1C965D81
1895E1A8
2068B1F9
1DA725A9
1FE6E5D5
1985CE2F
1417821D
21E865B2
0F7725E1
0B0591B5
07E541AF
0DC4798A
08D481AB
02940D8B
09B43D99
08A1C189
0DB3A59E
0B24ADAF
1174F974
13247911
16D51973
1445252E
14459D33
1704DD07
17228CFD
0522FC9B
07608048
04118C4D
09411818
11B32896
13755D50
18E66143
16E578F7
1424D960
1B546D98
1C76998B
1F57AA03
24465DCE
1CF7B593
1CC69DD0
1DE5D1C7
1CD745F7
20F6D9F3
2127F636
234779EE
204905D2
1C19D64D
1C88123D
1FD87606
1BB7DDC3
1F083DC3
1B5671CA
1C66A1FE
178755F3
1C0799F3
1B080208
2027ADEC
1FB7061C
204749EB
1FA781E5
212845C5
23478A25
1E584DF5
1D76E9D9
20C7A5EE
1B86618D
1A16AD53
1D8849D9
1BC821BA
2437E1E4
18E78E1F
1B65AA15
25271E0E
2096F996
1836A932
1A538D1A
0E23B4F5
05811D28
0501B53A
09019567
06225D17
09025150
08027531
079398E7
0D74749A
11F3D546
03020D69
0740D920
01B1B517
03D1753C
0382A4D2
03717D11
04C1253D
01D2A907
087345CB
0CE6456A
13751DAE
18B5C58E
0FD765C7
16E69DD2
198579EE
1A863DC6
1514C976
1705B5B1
1645FDD9
17C60999
1DE7B5CE
17165178
19F7CDB7
19278981
15E76147
1A1549B9
1B967DC1
1797F20E
1B368DE2
1CE661C9
1BA8D1B5
1E26C1C9
18A5A9C0
178535BB
0CD56DEB
0AB55DAF
09736DEE
0A1489D2
08E30D9B
0AB385D2
0B44C19F
0B02A152
0CD28D33
0E74F537
0EF5218B
16365DDA
17A705F4
1A3741D1
1F65F1D7
17259947
120424EC
0762CCA1
09D09887
04628847
0C81F05E
0E5348D0
11E49506
1BB5D566
1BE55945
15E5BDA4
1D0651CA
1DE78E04
1FC7A9AA
1E2839B4
1B0685BD
16F6916E
219799DC
150985AB
20F8263E
1A77520E
1C875A53
22369643
1A9739E3
1E463229
1E87DDAE
1BA86E29
22882DD9
20B68A14
2457BA0D
223801F4
23575DE8
1C773A13
1AD7ADCB
2076B1C6
21E66DF1
2167D5D0
1D65BE2D
14D741D6
1D6795E7
225921CF
19D75DE2
1B66B98F
2016B145
1B469985
22C6C93A
1C8685D4
1AF6618A
1BA6755D
1D570D65
1C666D14
18E54CD7
1C94614D
1524D8C6
0642A55F
0B31B5B6
0430BD59
04144546
0B917D5D
13929501
16744877
0EA3C0CC
0EE2DCE3
03227141
0460DD3C
028140D4
06B1C915
055000C8
03125947
01A1B50D
06014D5B
0C12BD55
12A3D592
1345619D
134611E4
1CC691A8
1B164DE2
12352D90
113561A7
11F4CD9C
163549E5
180559DD
16073570
1CA62DBC
1DC629C6
180879F5
1CE81232
1E767D86
1F3601EE
1D16FDFB
1FA775B8
205745CD
1AB85203
1A57E1E1
19C545E6
12262DA9
08E621E7
08C45E00
0B32E9BD
08050D8F
09A375ED
0FE449E4
09C501EA
0D248D84
074355D8
10F47D4E
1184C92B
19B6B1EC
1706ADAD
1D2815DC
1E75E599
178769EC
1BF4CD07
0F0320F4
06C39109
0521E061
0481A0B4
07910400
08721052
16F4D08C
16D3BCD7
1B560D51
19771D87
1C67F5FB
1D878D52
1F283196
1C866131
23A6A5F8
1766B5A3
19276DB0
1AE679E0
1DF7CDDA
1E368DF5
1F57DA09
1F1795E3
21A7EE17
1BB7C1ED
1B082DE2
1F58FA25
1AA7C172
20882642
1D268617
181791D1
1BC8B9AD
21D719EF
1F763E18
1E8821CA
1B8829FD
23280D75
1FF7B5E7
1A8869E3
2217D1F4
1E671E38
20F849DD
1DA7AD85
1A667950
1B25B8A2
1BA5A0FC
1EC64953
1D24D535
1686C0DE
16B6651D
18353D21
1A0584AE
1BA4BC9B
0A94E4FD
07B1B125
0972491F
0622A964
05725939
0E82250D
0DC308DF
134668D4
0EB34115
0A027509
0304853B
06E0AD18
0190A517
04510CF1
03327545
0381C55A
0631C591
0ED2B55F
0C248D96
1C564937
1A06D576
1AC711A7
15F61DEE
1B68018C
1995D19F
16D83570
1786A9DB
1A7791C9
19F699E0
1C77421E
1937C5D6
1D789578
1C36FDF3
1B95C264
1F17B5DF
1AF891F3
1FE6D5D2
1C3785DB
1AC76222
1E47496E
1C35A1CD
19450DE7
0FF571E1
0AF3CE10
05D495A1
0BE4F98C
0AA50989
120425C2
09C555D8
0E35B597
0C94554E
0AB50588
12147DA3
1A65D627
1965FDE1
1CD70582
1C652D90
1916A9AA
1CF70D7A
16971999
117374F0
0542ECB9
0901DC34
08631CA5
08B2CC74
0770A050
0C91786A
0DD2DC6D
13766D5F
1A47811F
19C69DB1
1B862D85
23E67571
1A359D56
1CE6C182
1C958DAC
2317BDC3
1C08ADFF
1BC5861D
1C48222B
1C6851B6
2377ADE9
1F66F5B4
20A869FE
21098DE3
1F5825CE
1F4879AB
17C7F9D4
2338723C
23F7FE0F
249775CE
1A573E18
1CD739FF
22E939CE
213955F6
1B085DFC
24277DE9
2058C203
1E3861DB
20461A0D
21B80E20
1F4801DB
1AB6C953
1C86A57D
1EF4796E
12767124
1AE5C8FE
1A244515
1B25BD88
1B576D34
1C16A156
1DB4E0FB
1344452A
03931946
0362512C
0641D143
09B1B53A
08629942
09638139
0AE2F926
09815115
08622D28
02E27917
07A148D2
0610F149
00014933
0391B122
04917108
0AC1ED31
0FA398FC
189554FB
1B36596A
18884D86
1B268189
1D075DAE
1E66D1CB
1BF64DC0
1DD6A9EE
1696C19F
17470DF0
1E2731E2
1C3769DA
1FC7F1C2
17D76A09
1D7835EF
1D394D96
1776FE1E
1D17C207
1EE6F612
1C6751EB
20571587
1FD5C1AA
11855A1B
09449DAE
0B733D57
0AE4A1A8
0DD449CC
0E639D9D
0A44F5D2
0A855DD2
0955E99B
07C4458F
0FC3E17C
0F84E1BD
1B9521EC
175625A7
18374601
1BA6EA00
1DC7AE09
1BF60A10
1BF689CC
1AA6FDB8
12457573
0B438104
08A4389B
0E738496
0A220471
0630C064
05118C77
078190A5
131448E9
1DC4610A
150794E0
1B762D77
11B6A148
16A55907
1B062983
1CE71547
21568DB3
1B8739BD
20071156
1EC789E5
1FF7E9BA
1FF71DB3
212731BD
1D87F1F6
1A16E9BA
246739D3
219771D8
25D79DC1
1DC76216
1D09E1C6
1A884216
1FE85DB7
1A56BDB7
1B692639
1C37F9E6
1DD6D9BA
1D26E26C
22F5FDDB
1C771A26
1C18FDEA
1DF67E27
22C9E1CD
1D6931D6
1C47C99C
172809AC
1385E0C7
1883D104
2004611D
1FC4C959
1B6614E1
1A36A183
15D57512
110370F0
0973790F
03D1A9E5
05C3555B
09715120
00B2910D
06C3257E
1223917C
0802AD76
08C23D5F
056218D3
000000E2
0040B525
0481C4EE
07902D07
0212B8B1
0871D09F
0AD06C98
10438C55
0F5248B5
19048561
17D83DA3
1C063DB7
1EA6E5BB
18A6B1C2
1EB6B186
1F3601CC
165925DF
1CF6D9D8
2067BDD1
1897A1D4
212729EC
1F86F1DC
1A795203
1E27FA1E
21A77E05
16F7F647
21F7162A
14D5B97D
13D63DC2
09B3B55C
0BD339E2
0A4419B9
08C3A5C0
0D8415D6
1005DDCD
1025BA08
09E4D9EE
1213E1A1
153455FE
15A5857F
1715D9AE
1866F1F8
1D4741D3
1AF5B5C1
1B7775DC
14D745E6
18353A46
1A75961E
1EC725F7
1CF68DB1
10334541
0AB194B7
05D2B82F
071214A4
0C71C0C5
0BB2C875
07817C85
0D73ECF1
14359544
1026D918
13D68148
1B056990
1A67591D
1F26612E
1F356D24
1AF5C143
1F878D7E
1C36C1B1
23D69DA9
1ED61189
1F56BE0C
23B75207
1A492DEC
1AE825D6
1F884DCD
20C6F624
23B6E5B6
1C57499F
1D376A26
21D701F6
188971F0
1BF5F60A
2417CDE3
2337B9D0
20E82DB4
1FD7A1BB
27474600
2347822B
1D77B22A
21F7F5E6
2587E5D7
1927E607
2097F1D0
1B972574
19A5ED7F
18964D22
1A37F1B7
21D77576
21455D97
18468561
1AB6B5A5
1133F173
06A34979
07B32140
0B426538
06A12152
05834941
0003556E
0550C16A
06A11128
0AB1CD0A
0820DD3C
000214F7
0550B0E2
02520908
0011FD05
071238E0
0B9258E0
095118B0
0391A860
0690D4DC
0B5158F5
16B52D5E
1A5729FA
1C36F945
1A4631CC
1D475DEF
1257620B
21E611E5
1BD5B5BA
1D56BDBE
1B973DC1
24468DFF
214819D4
1D674DC0
1FC8E207
1D96FDD8
1AC81DA7
18D64DFC
14234D98
0CE5199F
1003E9A2
0E73459C
10043DDD
12652DF7
0E4419D3
0F25ED8B
0EF491C5
0D24BDAF
1004D5CA
190679A4
1BD7A5FA
1918459B
1E674E1C
1DF595CC
20D6BD91
1EA719D2
1AA689F1
1DA661DC
1A56CDBD
207751AE
163611EC
13C2851C
0BC0F0CD
07220879
0AA28CB6
0B02D0B0
0762F47E
0B71FCE4
0B438C51
0DB3D8D6
11661D0F
1615CD2B
20B5CD47
1AF7999E
2314D190
1B16C5EF
1E76D195
17377988
1C261992
1E28EDB7
1C48857E
1F96CDEE
20E89DF7
1B0765E4
2477D208
22685DE1
1AE74E03
20584DB1
1D285A02
1E7689DA
21255DF9
19F86DFC
20B8B9F1
1E1795AB
1CE6360F
1D47D1CE
1AA7E5F3
2297D9F7
216A0A09
1B38A5E5
1FB79D7A
1F472DEB
21778DF4
1E976228
1E5691C1
1D5871BF
18F905FD
201811EE
19B765C5
223849C9
1E97914B
1726997C
10A3E96B
09D21D39
07E319A2
01A1E969
07C17947
00735122
05B14975
04E2CD28
06020927
000154F0
02317920
00A1CCE5
04D1D0FF
0190012A
04D1B4EF
03D2494F
04015929
07623CF1
058168A5
05C0145B
0DE26090
0F1374CF
1885DDC6
1AF7A985
20E6F9C3
1A7721DC
18F7C19B
1C7779F4
1DA7319B
1D6821A1
182909A3
20D675A2
1A6601B8
2017EDD2
185821E4
15860D9D
1786A962
0E1561B0
1004E58A
14D6A59B
0D72C98A
15F5B59C
0F951968
10C469EA
109461DB
0CF4B5C9
0EE45591
15A4E9A4
18F5FE34
1CC7B9D6
1E46CDDD
1EB699E3
1A86CD89
222621F2
1EC68DE5
1D1685A7
2017F9ED
1E77521D
19269619
1AA7A5D5
1B764E00
15A63D88
0DF31499
045070CD
0B1200BF
0BA41CFC
0CC31CD5
0C349103
1442408B
13221CA9
1154F846
15547CD8
1865CD43
1A167D5F
1A67DDF7
1A475DEF
20473D7F
1C463A12
1CE735B7
22E679B6
1A585DE8
1CE8BDD3
1F06AE0E
1FC8B5F1
209785BB
1AA899DF
1EA65DC6
1F57D23C
1C17D5AA
2087D1B8
1BD8A61B
21D7F9D5
1D07D1BD
1C58BE12
1D97D1AE
1F57CDBB
21C7A5EF
19A83E5B
1B187DED
1B87D21E
1D87722D
1DF7A5CC
1C67FE13
1EF7A5E7
1F285A0A
22A769F2
205979DE
20A7CDA9
1BE81A15
1F678946
187705C0
1687459C
15D5614B
08C2797E
073291B5
0B12AD88
0442E539
06A13594
07B28967
0943257F
06A18118
0571B97E
05E13560
05723D71
0102514B
0370F956
048321BA
00D15573
07321D05
061264E1
0662491B
01A1C480
06824450
065288CB
17652D91
1D56FD62
1827D5ED
1A15FDA1
1876E5F1
1C56FD89
1A06D9AB
1AD55578
20364207
1E9609AE
1BC6F9A9
1E763D81
18E67DAC
0E85A154
10F4D980
12D475D8
0CB51D62
15C35D72
19B5DDB9
17358939
1456F5EE
12B5E56F
0F4581B3
0AC4498F
11F411C0
19866A16
1B67B9D6
21F769D2
1AE619A6
150749B0
1B6765D6
1C160590
1A877166
1F8741D8
21F64A46
1CA5E9FC
1917CA41
1EB721C4
1B86FDDB
1EF5D19F
11C4913A
05B31CEF
0B03E4C3
10640CA8
0EA238BE
0B83ED2F
10F44D39
15349D67
11B59975
0BA5793F
19646979
1823E99A
1DD7E1F1
211849BE
1E36020A
20B72DAE
1A36B5E6
1A57C206
1BA909E8
1F775E0B
1E2811BA
22B8BDB4
1E68260A
1EF8A992
1CA635CA
1D97560A
23475DBA
1D26A5E2
1EF5EA21
1A07B21E
21E84A01
1D393A21
22073E82
1D8701DA
21C7662A
2237F9AE
24A871F9
1E4791DE
2167625E
1F3925E7
1F49CDCF
1E07CA3E
1B5559B2
157891AB
1115AE05
1924B5C2
18B5FDD0
1545E5D8
17061989
11C6198A
0FD4E5DB
095311C6
09628190
06421D98
06423136
06513D84
0AB11DC2
08C28569
03921D79
02527916
09B2D56E
07720D59
01D23120
0490411D
0D138D76
05F09531
08A1CDEA
00318D29
08C14580
0991C4D7
04F2209B
09F150A6
16B374B1
19F61D1B
1A675237
1DB69DD6
1B05EDBE
18377215
19F67194
17E7EDD1
1806A18E
18E701D5
1CA7B975
1767295B
17752D8A
17F50588
16A6A5C7
161681DF
0FE5E158
1394393C
14F699CD
1925BE13
0FF671B6
0AE29942
0D25B954
1383558D
1505A546
1B3771BB
1C2655DE
2027A572
21E7D9A3
20E7D198
18F6F5E5
16547A04
1DD801DC
1B9755DD
1C7729FB
1BB61E08
1A37C5C3
1EB825B8
2127E1B3
1795E5F6
1605A5DA
0842B138
0C0210CF
11B1689A
1802C4E4
18C65520
16A6295B
1916D930
14C5C99F
18A4D980
190625AE
14C40187
1736A602
1AB6F59C
1DE8F5F9
19F875EE
1C57A9E7
1C788E25
1E8739D0
1C37C20D
1DA62A0C
1F7665FA
1C8779FA
1C56E5CE
2538219F
1B27DDF9
1DB781E1
17F839A6
22782A06
1A3879CF
20C865DC
21B59E22
1B083E16
1E97D9CA
1987C635
1E08B5AE
22C72E1D
1E0711E6
1CC8A1A5
24283613
1E26E9CE
1BE8B9C8
164465AC
09455DC1
0EB3E5E2
0B73F9EE
0B95E968
0C34EDDA
0F94C9AB
10C5B194
0D64E168
12A40936
0652E176
081185AE
06926563
0520A957
06B28D72
00026143
05129D32
05524565
09422131
0A01E998
0372750A
02122981
0162157A
07419D4F
03C3191E
02C0ACE8
0401E954
02D1D894
02B1C881
0A217C45
0DA1F04B
1694E96C
201625EB
21068E1E
1936F1F2
1D2569A5
19E61580
1AD6B982
1A56EDC0
191619AC
1395DD85
1A14C994
1C051986
1956E18A
1E26CD20
1B974D78
1725F145
0F16CD40
14755163
18C62595
18C49D8A
0A85394B
0BC40527
0DB5C9BA
18259D9A
19780222
19072639
1CF7AD8E
1C8765F5
1E16CA1E
1F16D603
171679D9
1BD68DD4
1D572A0B
1D4789E7
1BB7E1C4
19171DEC
1CA66990
1F376DBF
14B819EE
15B761E4
11D53532
0F930084
0B2488CB
18C59151
1715A1A5
17D6E17A
16F4FD36
1CE46D0F
1203F152
1355D9B1
0D165DC4
1546659F
1786056E
18C649B9
20F7B1B3
2116A1CC
21B77A16
257725D0
1D17F61E
1DC7657E
23E7BA05
267741C1
1B482225
1BE8B1D9
20F77D78
1A867E21
19E931FE
20A829B2
193831DF
1AD7C60D
1A5841E4
1AA739CF
1E072211
23982622
23C8E602
1C783DF1
24788E32
1CD705AC
2087621A
1D067DD1
1E777174
1455E185
08A2256C
0A830DCC
07A251DD
08928965
0BD3D949
08F3D1A0
0D06419F
0D546596
08B43632
0974A9DF
09E3DD56
0BB37D6D
05836D8B
05216155
07C06966
0801D17D
04D34151
06D2C9AC
0BF26D9A
0871E93A
05D16920
0511E529
0932851B
08F33936
057224DE
03006C46
05A25CCA
07501C32
05710833
0D90A844
0BB36947
17C661C7
1EF76197
17B73DCD
1954D1AB
1605B529
0E55720D
16B409BB
185699C1
1AF5B18F
13656D4B
10364937
1675D96C
17352D6F
1515A57B
20D56940
19543E1A
1FE7157E
19E67D5F
13C32545
11439D17
0CC2F95A
158495E5
17A63A10
21E699F1
182845EA
19180210
20C5E1E8
20A89A3A
1B26ADF0
1BC575BD
1B5575DB
1FF6A5B6
1C261DE1
2075E1B2
1F07720B
1B2689CE
1E568D77
1AE6BE0D
1D96F1D2
11C5ED88
1105A4AD
154455A2
1323C9A7
1655AD9C
13A444EC
0F418CA4
12C2A036
0BA288F4
0F24D5D7
1113699C
11E5F16B
15A4F160
1596A9C9
18155994
1B86DDDC
20C721D6
2187F21C
23F73641
1D86A249
1EC719FC
1C98023F
1C8695FC
19B815A3
1E68019C
1BC6A62B
236759BF
1F479DC3
205701C8
2227E24E
23C7BE07
2248BDA6
1FF70667
1DC77201
1DD79A0E
229761F2
1D67118D
1FA889C1
21D90203
20377E3F
1E46E9F7
14947D8C
06B42169
07E381A8
08C4314C
0A13A597
0473155C
07342182
0F134D92
08D38DB5
0EA375BC
0E845985
0EE38D81
0E130D55
0AD0E91C
0402E14B
05E25D6E
0253758B
00908D61
047321CD
0543011C
0810A93F
08D31139
06F26D58
04D1F565
0691995B
08623550
06C040D3
06E2B856
0991B47F
0B21AC56
07E1305B
04723125
0BB4319E
20D5B5D0
1577061B
1AC5196F
18138540
08639D93
0FD2D57E
130218FC
10E408E8
16A48108
15F608FC
1704C948
18D3993C
11D5892C
19453152
1CE56149
1A55497E
19C58524
166438E6
0B53FD26
11F26D76
168471FA
1DB7EDD1
1D17DDD4
1F0775BF
21F79223
1C089E22
2426AE20
16A675AB
12D6D9C4
16D6C563
1CD7518E
1CF84DAD
1AF65A02
1E3671FB
1C5661C4
1827D9AC
1CB619BB
1F76CD7C
1C06297D
1A25E541
1D96A56C
1BE6859D
11752935
0CB1D080
02A09C49
0000000D
0002947F
06141D1B
0D42C0DE
1263511C
10537CDE
1405E123
1713D525
11C3D920
196691DA
18B8E5C1
21270610
1B6849FE
216815CD
24A7F5C9
21D8CDED
1FE7F61B
1FB6DA14
1FE7020A
2247D9D8
1CF76D9C
1CD7A9DB
18D7AA2F
2017E1C2
1F76BA15
20A779D6
1D472192
224709BC
1EC855DA
1FB76A1E
1D874606
232901C3
1D97F1FC
1BD889C4
1A0689A8
0C91CDAC
0CD3F1A4
0691BD69
0AD3C193
06A2997C
0C641D99
07B2E9C8
08B3B16B
0AB5A1B8
08C2C935
0983C5AB
0452A59B
034269AF
00728989
05731177
0651C984
0A7375F1
051459DB
0B945D9B
0C03E175
03E2252D
09D2CD3F
0801AD1D
0463397E
0433551F
03E3E52C
0D04A8EA
0493F4B2
0640FC81
08115800
0591A0D5
10630555
0FA56D8E
16751A01
17B5A532
0F043CB3
0A420105
0C516D55
0810B4D9
0E528830
13821CA6
0FA37508
1214B906
1104B937
11C518FF
10F5CD73
17B445AC
19F6AD80
18A52D64
0FB37535
076355BA
1113916B
1D174941
1EC699A0
15F70E38
1CD77DCE
1BF6C248
1A56EE16
17170224
16C5EDEB
10132197
16457136
21669579
2056B5D3
1B3639E3
1E6549D5
192745F8
17664DE9
1C06BDC9
19A7D1DE
1D17E1F7
189561AC
1A05BD88
13D3E12A
0E4688E6
08B1F86F
03000053
0000C887
0001A400
06D18843
0D01842F
0CA1D871
0A4184B9
0BD248E7
0DB0FCDA
15C4DCCA
18561153
1E9881BE
220795DF
2456AA20
23480E46
1DB681A3
1E78D1D8
1E6811E6
2028D993
1CE8B63F
1E07F61B
2297C9BE
2137F5E0
16075DF5
1B08DE29
1CE855F9
20D8661A
22C67995
1C07621F
1EC7E219
2598B172
2297B5E3
2276B9D7
218851F1
1D7751C3
1356FDC8
0D24F20A
09F4DDB3
0CD3A158
06F2F99B
0D236994
0003F5B3
095411E8
0492D986
0A8441A9
091301DD
09830D69
06C23152
08E34554
08228510
0ED32513
0A53E5BC
0C94F1AA
0EE51194
07B5A9AF
0A234D4B
06528D55
0522993A
015314EF
04528942
0CC198CC
0BB390BC
0F3418B6
05C2D887
0A012C46
0AA148CD
0422E0CE
0A6300F2
0B8501A2
1605B1A3
1A669553
11C48D4A
0BA45D35
09D2F10B
05B1D0DB
02425CDF
0681413F
0731B8EC
04B3CCC6
138364B9
1153A12B
0CB2E512
15D4311E
1343D981
1874C969
0775353E
0C942156
15949983
1646A5D5
2096C596
1C862DFC
21671E1A
1AD77581
185585BB
1A277998
1775D1CA
1AD5012E
1554E139
18265165
1CE7DDAF
18C669B7
1946D1ED
1976DDBE
19E6DDE5
1A06F9F7
185711D2
1E1585C5
1B8621CF
1B15F97D
0F84ED22
014230BA
02908039
0420D428
05704434
0000F431
05C1EC60
00F00058
05B09800
0201405D
081008B8
04828D42
1025B595
24C625AE
20F82DF2
1C870DE0
1E761E1C
1D76B207
1C37B1F7
1DF875B8
21685DB0
230849FD
20372E4E
2077F9A2
1CF7E1BB
1AF75237
21577638
20F785D1
1ED87A1D
22A8361C
1FA78603
1E5899AD
1F58D9FF
1E8841E2
1DE859C3
1B0831AA
2196A1F3
1AE865E9
20E7360B
13773977
1474C1C9
0BD3E1CF
0CF40178
0A235D88
026355F3
0AD26D86
08724D8C
0631A9B7
02C2DD70
07149968
0542A9BF
00D3C575
08731DC8
0B22D54B
0DB41D78
0D4475F8
12A419D0
13D545E9
0C548568
0C222D67
08516D53
07A220DE
04E3FCB4
0920C456
0C23B870
1722F830
0D23A0EA
08712CDE
0BB28107
0A43B561
0C0435F1
0B435DB5
0CE409C7
1885B9D5
0F9621C5
0F142108
14E2B89A
0AE26486
0A33A15A
080384E0
09918097
086220CE
0DD37CA3
0F12C50D
0F544CE0
12D5B54C
0FE5B503
1094F510
1253A101
12C35D7A
1966499C
1B571592
1D9851CD
1CD81185
18C6B61F
1DA66586
14F61186
1B46E9EA
1874FDBA
1574C575
1F7524ED
1AB6AD85
1F16BDEF
19D6FDBB
18258E02
2106E5E0
13D7F604
1D46A9C5
2025E9F8
1DA5EDE7
1B1761EA
1795C995
1422ED28
00C31CCE
01409C00
03A04054
0000F876
03A09000
0720485E
0590AC3E
06F1CC4B
0D7294A3
105418FF
1625E967
166735EC
1DB729B5
217779BF
1D079E24
27B759F8
2127524D
1B07D5CC
1BF819FC
21B73DBF
1CF6F9D9
1F06EDF0
223765D6
21E69640
1DD7B59E
1D472E0F
1CE6B610
1F88260D
20B919EE
1AB88634
1B074612
1BA77E30
1AD8623C
1F47999E
1FC82A13
20F769D6
2426CE2C
22788A0B
1DC6D9DA
15C671CC
0A9615E2
06A43D57
06132961
0C929D9F
07A3FDDF
05650169
0B1495D0
00517DC9
0664157C
07B29543
08A35560
0523496A
061325B5
0C450D86
11C3A5BF
0F64D5A1
0CA4F9B5
0D1451A0
07D36D2F
0AA294E8
08736933
0932305D
0671DC94
12A2B08D
10243083
0A64A943
09B29CB8
08034928
08748167
0E345DC8
0EF49D92
13550DBB
14A571BE
0F14ED6D
12033118
1164D587
0E54758A
0CE4A923
09C2CCEA
08B31CBC
0A525CC3
0C92F978
09A5A143
12964562
1555BD4D
11C48555
11732D45
14046552
1075BD18
1A17516B
19C8D987
1BA81985
188691E7
212775E9
1A3739B9
1CB781A7
17163DA4
1B9741D5
1564E129
1B2318D7
15056549
1A1659C9
1F5639C4
1C2501AF
1A97D993
17A7ADB2
16B6D9EC
1D86A144
1CD7213D
190699C6
11F324FB
09734CB8
0550009D
01E15C00
0170B809
01D14846
01814C99
05F2B8AF
0511B4A2
15C5195F
17B4ED1A
1E264CF7
1BA74DA2
1E18BDC5
1F970A43
214849BB
1BF5B1F6
1FC71A03
21C729E1
1CB7A210
1F57D99A
1DE7B9EA
1B180E3D
1BA8A1F5
1EB869D0
20570E16
2287FE16
1FA79DA5
1D9701D5
1FF6E9D4
1C9841F1
1F6715DD
1DF791BE
1AF9B1D8
1E1805BE
1A275DFB
1E7845EC
1E57AE1E
1FF6CDC2
1D47F209
27F749A1
17A6D5C0
10C52962
0B2541A5
0AE35DBE
0A535147
07B30D5B
04929987
0903C590
0373A962
0731A9C6
070389BD
09544556
0A0371B0
0A44E96F
0743CDAC
0FE559A7
0CD4FDB5
0FE5CD8F
0C5381C1
0E4420DF
08F42501
1042DCCC
0A633086
0AA1905F
11F1908E
1324E903
16341115
0AB2713A
05845D60
0A94C190
0AE34556
15247560
13359E06
1675657E
0E241D69
11E3C1AB
0DE449AA
0C85A58A
0F75F596
084210E9
0A02087B
07038532
11536196
0EB34DAB
13558D78
112411A5
0FE5BD4B
1A66290A
10E414CF
1735815C
18C791BA
1D365DDD
1FC5FE05
1836E5A3
1CC699C8
1446D54D
1DD6A9D6
15B5F5CD
1596B5C6
19855138
1496ACE6
17E5F8EB
1A95D1B5
19173573
1A05CDC4
17865997
1947499F
1FE5C1BE
18A635E3
1C07D966
10A4B9C7
10C4C0F0
0FB22861
0930E46D
05212C2B
1210A450
0832949E
0B346D11
05C2C135
0DD6D180
0FA681CA
17F7D5AE
1EB8E218
1F87FDFC
2177D615
1C57E1F6
1D9735B5
1B78F200
24466DE7
1F56DDC0
1F4725BC
1E78195B
1F6801EA
20382198
2327164E
21E605D5
1F66763B
1FB7F99A
1BE769D7
19883208
23876A08
1CA7CE0C
20779640
1DF7B1D7
1F96DDF4
1E974E04
20E7B1F3
1FE7FA0E
1E9845D6
1CE8BDFA
1BD76E00
1F682DFF
1D47BA19
1D65C5DB
0F955D9E
0CD3A946
0953F5B8
05B3F1CA
0784956D
08A25D73
09D30E03
097399B4
103401D4
0C93FD43
13D40D22
0C9579EC
07551DFA
0CD569C4
1415D1BE
11537194
14A441A9
0E66195A
1276752A
0A049D16
10C2B09B
14A41494
0FE450B2
13A394BD
1444CCCA
0DE33931
053495D3
0914E596
0D7379D8
14042DDF
0FE68637
16761613
0FE29553
07937D67
13763165
19253D74
0B94158D
069288EE
0F3398FD
0D53552E
0FD3B9D2
10B4217C
0CF4C98F
0EB4093F
15B74931
15561507
18757D17
1D45F1ED
15C799BB
1C0645DF
1E4719C6
16B779BB
15C6BDB9
19776D61
1925C9B4
18667990
15C78DB0
18852931
14F4E908
18857591
1575F1B2
1DA70D9A
2245E97F
17D5ED93
1905657D
2006F154
1C783523
1214410C
0F04A531
0943B491
0971DC22
0852006C
0EF25837
10A2A848
10054505
10643908
0E64052D
11A50537
16B6BDDA
1BA7E165
1C0819D9
20A81DC4
1F17A215
22E729BB
21571608
1B97A611
20B93E34
1AF80E00
20A7B1BF
2367419A
22B7AA16
1DD695AE
23575634
1C07215F
22E739E2
1F5879DB
1D669221
22499A41
1D17BD9B
1FD6D98F
2016A1EB
2167F9D6
20A721D9
269879BC
20477A0F
25480210
22F741B5
1C37FE41
22171605
1D97F61B
23F911FD
19076A5D
14A6F1B5
11850187
0EB591DE
0B13319F
0F4409E5
0E1489CB
0CE355C5
0EF3B195
08E61589
09346D37
0B34F9B5
0D9421CE
0A4455D2
0EF571DD
116555DC
12859194
1A059DE5
1537F5DB
0F851D74
12B4D57B
11163555
14F394E6
140330B6
14851CE5
14A4B927
1143E575
08B4519C
0EC2F154
0CB4B920
0D7511EF
0D74A9AE
1254E9A9
0D0445E8
0C0439B1
0D94EE30
1575D5C4
11D4618A
0CC46558
07F43D15
1046D94E
0E1501A2
0F047DD0
11C4C205
1665A5EE
0E8539B4
0FA4817C
0E358D9C
1964A5AB
1DB67D87
1DA735E6
1AE59DB6
192699B1
17B5A585
1B475196
18F72580
1A464D76
1AA765B2
18E46DA8
1AB4253B
17D6117E
1966E960
1B85A589
1E478966
18172591
1E9539C5
20578558
11F4E900
0C7170DC
07731C77
0D7300B7
12229096
09A2A8E5
0DA410BA
1742289B
166334A9
1451B110
166484A5
14A54539
1627E572
1DA76DCA
20C7D189
2076EA0A
2518F605
1BC7F624
20085DB8
1D887DD8
1A67C5EB
1DB86605
1B0729CE
2347F5B2
1B0961A9
1C4869F7
1C07C600
1E6689F2
1F18BE08
193731C3
20F79DD2
1D67B9CF
1CA7FDDE
2177D5B4
20B7C5B6
20B76A0A
1FB6DDB4
1EE73DAB
1E5881C2
20A759B5
2006CDD7
1F5721D9
1D7865C6
2147D9A4
1EA971D2
1D466A39
217835F1
19B569E4
1004260B
0A34E1CD
0BB61D6F
0F34B1F2
0F870DCA
1006A60D
14962595
14638DDF
09C4C9A4
0DB67567
0C833224
0C856606
10B5919B
17C581B7
18E69158
1264D9A2
095299AA
0EC5B597
15D61583
17461516
176544F8
115408F3
17F520E8
15D47527
0FF2A946
0AC3CDB8
0A63C566
10D375C1
0E54D9D1
0E34C9AB
0E049135
127305FD
0DA61633
13A445BC
0E645573
0D65295C
14B4F114
17757555
117461B7
13A561E3
1254C5B1
17470DA4
1254BD5E
0A055DAA
15456158
1985C55C
1DD57D77
18756D80
163789B5
19651955
1936A16D
1C66E5CA
16E6A552
1585D191
1CB66165
1295D96D
16B660FF
12558633
13B711B7
1AF691B0
1CE7655F
1A266187
1705C953
1616B568
0BF47112
08A34499
0BB27069
0D23D869
0AF1C4D3
0DE38505
0FA4991F
17C3A972
18A7715C
18E5ED70
2255991D
1B37116A
1BF7B5D7
1D97EA2D
19C7DDE3
2157DDE7
23273602
1B1841E6
1E069DAE
2436E1E3
1FD931F8
19687605
1F8881D5
2348AA04
1B772E07
1ED7C1AF
1EE6CDCC
1FD8BDE9
1D87F605
21181E07
215719EB
1B0809DE
1E368A3F
1EB781EB
1E988E2C
1C2839B3
20B7D633
2357B9C2
1AD785C8
1FF6E5E8
1FC685CD
23586DE7
20370E0A
220711F6
1D4811E0
21195E2B
1B3725D1
24582615
1BA6FDC3
125591D1
0CB691BA
13B619A2
0D84CD88
0E3591BE
1346397C
0FF575C9
0D65859D
0BE511A1
0F56BDFF
0A5539E3
14755DDF
1A371969
0F460164
0CA399AA
09049DEC
0D74B20E
13D779E5
21971D8F
1B7761A9
1744BD61
1804692A
1B062514
13E50DBA
12D4A121
08642964
0B336D92
0D941579
0C23C97E
0C5449BB
0B14AE2C
0E75F21E
12340997
0F44A17E
0CB37D35
117520BD
1655F598
1504ADD4
1493E5BA
12158984
1F5609D6
1494D1B2
09B2F936
1375D52F
18E5A54A
1AF5E9B3
174605C5
18358570
16960D89
1F55B57B
1A74F1B9
18050D6C
1825E55E
1645E977
14E6B91F
1A0505A9
1905DD84
1B152DC5
1566FDBD
1CD67146
18B4D562
151574F6
1824ECDC
1694F4EE
0DD070F0
12D37053
0F62B484
12B370C6
14F6E534
184589A3
18972188
185715CF
22567E27
1AC6763A
1938B1B0
20F711CE
1DA835A2
1AB8C5E8
21879DD2
20166A0A
22A85A1C
1E776A13
20F7EA30
23B7A5E1
1FE7DDBD
1FA7D21F
1C6791B6
1C688E3D
2267320D
1BB751FF
230835E7
1D27D205
1F169D7E
1698BA42
20480627
2028C59C
1C477DE6
1FD809ED
1EA815F4
1F5839D9
21678E16
21A7B200
1F689DCE
1FD89205
1937DA7D
2277F1F7
1A16A5C3
1D97BE26
22268A16
2116F5D3
1C368625
1D766DB5
1B074DA6
16977DFB
0BC5320B
0C455167
0D06F1C6
0E459626
0586ED7A
0C44ADA7
10E439E2
17A545B6
11459D7F
14D65DA0
13331536
0A33C1CF
08547572
09A2D149
0EB53D7D
14F7317C
215885C9
1C57DDD7
201581B3
1864DD15
1D86993B
1CC73DA7
1A85C964
14A4251F
0893E176
051425A2
09A4816C
07B401EB
0BF4C57B
0D54FD65
11648523
1213E982
10F5657B
12D470F0
17352963
1295C610
10E621BA
1756D1AA
1B05D99E
15B6D9C1
1265F97B
13F5C9A8
16468D63
18274976
197669C1
16261168
13967961
16A539E1
14261D9F
17251154
16E500FE
16453D5C
1A348982
1E95A13B
1B94D14F
1916C97A
1E5615C9
15F4550D
1765C139
19563538
1A64F53C
1454D103
10B54D8D
1BA4AD42
1C44999D
1DB5753C
1A4799B7
17C8258A
1C4831E2
1CF791B5
1C47A1AE
21F71D86
1BE65968
1F4749D1
22F7D1F1
252895FB
1E475DEF
1C966E1D
202801EB
1F5841D5
2218D1B9
200731F0
1BD809EE
1C48A254
1D783628
21C6A5DE
22667A20
1E3789E4
1E37B1ED
229665BF
1D4839BC
1D39D209
198721D3
1FF7CDE1
1BD7E5E8
2328ED8E
1D0871FF
1857E1DF
1D188E22
1B9851AC
1EB7F5BF
18C775ED
1D562A15
2116B9BB
1B076DAB
1C179DA4
1DF79DEF
21671E2B
1BB845DE
1A57FA07
242745ED
20976A5D
1B5625F6
1835F161
19C68D91
1A6715CC
105579F3
168621B0
0E33E9F7
1214A210
1305B18D
1546C991
0F13618D
0904052C
04C3297D
09E319B7
0F860E08
145755A1
24979D91
1F97E9C5
1F27B1A1
17C58D24
1916D95E
1FB5D981
1FE6AD4A
0FA3515A
0DB4E95E
097425C9
0493E1E8
0B63997A
0E82F978
0D03FDF6
0E2511AB
11D5FDB4
18741134
1D95895A
16B5759A
16C63D54
1B34E174
16670D80
18970A16
13576DE8
14B6BDAA
14B63DBE
1816C1D6
196681C4
1695E970
18463DB2
1A053978
1B867D98
1975B167
17C53184
1464E191
1575554C
19B5D96D
19453956
1AF6996B
1897456B
19E591B0
18061D76
1B06717D
19B4A95D
138575A9
15358D30
0E96CDE7
1585D5BA
16F789F6
1B472D83
1F17A996
2326EDDF
1F07D1D8
1D987A1C
22B799E5
23E8CA29
1BA881BD
24281A10
2086F1CF
20682DB8
1AD665DE
19084DDC
2157BD8A
2157EA68
1DA861F8
1E1701D3
21F6D62C
1A679214
1A46B610
1F4721B6
213779C2
2537B608
2207B21D
1CA6B1C6
20473A08
1C876A4C
2378B599
1FD90595
1B479E2D
1C3865B6
20E8BE1D
1FA7A9E5
20974DEE
23B845E8
194799FD
1F377A18
1CD6E610
1DD681DB
1CE821FF
1AF801AC
1FB6C5B0
2106FDF1
20B861B9
219675C0
1FA6D5F3
1FD7CE04
2357B19A
1C45BDFA
1E7725B3
17B635E8
1694E988
1124C548
1945CCF5
11968595
1615C59A
1037E9DE
0CF3F9A0
07B2CDDA
0203FD8B
0872E604
0963F9B6
15C72204
1C27EDBB
1EA7D5C6
1E76DA03
2056DD30
1CB75DBC
1A867CF5
1D06A560
12941D24
0EE4598C
0A6325BA
0BB45130
0B7329AF
0804F5BB
0A145187
0A62A986
1144095C
1846B5BA
17A8394B
1DC6E5DE
1B25B17D
0F35956E
18E53DD2
1A46F9AF
1F16A9A7
1B4681B1
18967DF5
134715B5
1334D15E
1A859941
1455A19A
1867B1D5
16E5C1C9
153565B9
19957D72
153431BD
18247D11
1B95F948
17572D97
1635919D
15E5EDC3
1B45597A
1AC5CD6B
1B653581
1A866579
17468D54
11561204
0FE549A9
180889F4
1DB75A0A
1F376602
1C68E206
1BC6A5AD
1B378610
224691BE
1E07F1C3
19C7F5D5
1E791E3B
1FB839DF
1CC649D3
1EF85DE6
1BB6D21D
1CC6D1D8
20D77A22
1E6655C3
20A7A9E9
158765BE
1F872229
1CF8C1C4
23D79DB4
20A871E4
1DF6B1C2
19C775AF
1BD801DD
2317D5AD
20D7F597
1F6771D9
1F68ADF4
1AC6B9CB
172669D3
193761BC
1F06FDB7
203801EC
1F07B5CB
18B699C2
26A83DE8
254781F1
20E799CA
1D37DDDA
1FA73DCF
204765E1
1ED7CA47
23B74A37
24A7A5E2
2307E18F
23376603
1DD7B602
200781F9
19A6EDC4
1F37BE3A
18B71630
16088136
10F3C4BC
0B62F0DF
13D4F11A
14D57159
1014E9A5
0A1485C2
0BD41194
0B7355A6
0AA58195
0F1481F9
15277231
20D68225
1F288DE4
1C07023B
1B2689D8
1858058A
1725A5B2
1A165D16
1275D16E
0CD391B0
0A949181
07737DB3
0CC49588
0C13798A
057561C6
0F82B564
0D8481C1
17576DE9
1C05D5AC
1C866E06
18B5ADAE
168495A5
14A679B8
16F4855D
19159994
1BF6EDDA
16F62E0C
179711C7
1655D579
14D57943
1B65796D
1A978208
1BC5D9E7
1AE4A967
1CC615A6
18F66D89
18D56D09
1A06DDF0
17F63182
1C764559
17F591A5
1D37016F
16B5A96E
1B25CDB7
1BD71D8B
1B5765B7
1404E15F
0D74C5BD
168561D5
1FC88D8E
235749D7
23D875C1
1D76A5DE
1D8795D4
2157B623
21173DAA
1FC6EE01
1E67FDFA
190701FA
1FA6D1DB
1EC88E2A
1F0839E9
1A9829F1
19D72993
1FA73E0A
22778DBC
1EA6EE10
1F282A34
27E7AA10
1B7809FD
21B635E4
222851F4
21A891FD
20C7E99F
23585207
1F880A01
1A97261D
25B941C8
2087F5E2
1CE6F5FB
2066F9CE
1D5749EB
2198E9CF
1EF88E09
234829EE
1DE65DFD
23173999
18B77A06
1D381E2B
1C476E02
20972E0B
23088237
1F879DDA
23266A14
1A38224A
2187B5CA
2097B204
1E171A15
1F982601
219839BA
18988562
15A51D14
05B160DD
0882FCFD
0A03492E
0F356569
0CD425AD
0514C5CE
0BC26971
0703C9A2
0774DDE8
0763D9E0
12A7E9A3
1C27FDC4
1C16C5C0
1435BDA6
1C765921
17C42133
2226299B
1884B51C
11260942
0D458D1F
0A04695D
0584054F
0A04712C
09E4C1A9
09A40DA2
0563D9C8
11E3BD66
1935DDDE
1B8759E2
1C858199
20C7158E
1BB729D1
1125497E
13A66971
17A5D520
1AB60982
17455D8D
18962989
1845DDAE
1955D183
18779164
1EA5D1A0
18D809E7
1CB71567
1DB6A1A7
19E7A1AA
1D143918
16F53591
205561A5
1D765583
1A264D82
18766179
1A057DB0
1DA61192
1BD541A5
1AC681E3
10747561
09A5BDCC
0EA505AA
11C585B3
1C576A01
1FE8B5DF
21D735A1
20D8F9C7
1C7845F7
1D06AE4D
20B68249
1D2815BD
1A16D9CD
2137418F
1A975DCE
1DA7C1C7
1EA7A9A1
1896C1C0
220799E2
2416FDD3
1B17C61A
2157B1E0
1E497E16
1F5925F0
22573614
1F6769C9
2047EA16
2176F216
1F066198
21F7F1C4
1F7801F4
2168CDD1
1BC6FDEC
22E739A0
1D2899C9
1E585A38
1F1881E6
26972DE2
1E87020C
20084626
1D8765EC
1D1815D3
1E37F9AB
2167BDCF
1DD705D6
23A791D1
2347B9C2
1E0805FB
1A97222D
2837B9E3
1C883DEA
1D18818B
16C75DD1
10F641A4
1594510A
070214C4
1163C489
1453E920
1515C9CE
15C719D5
0A855957
079449BD
020339AF
005519C1
0884B5A3
0CB409A3
1565E5A4
1887455E
1AF6713A
20F458FA
1DA47D18
16650135
18471580
17068D79
11E61DA0
0E957572
0CF3618D
08262D82
03F42169
08752964
03A5F174
07A4F9B6
0F54C17B
10D589DF
19280D4F
1B76ED8E
16B741E9
23B89586
1A472D68
1905C162
1626A9D3
1D77A9E2
1785A5BB
15D589A5
1B964DC7
19F6458E
1B47D9F0
1CA79DF9
1D57362A
19C725C5
13866980
15E62590
1876BD5E
1896593C
1DA71D61
19A6494D
1406C590
18A5B563
18650561
17F56D95
1B95917C
1E25E1B3
10F4796F
0913BD24
0F041D86
0DA54DC4
18455E01
1DB715CC
23B84600
1A88CD9D
1BF7CA26
23F6A628
2116E9FB
1FE6A5C4
1EB865E1
1D16B9C4
1BF761F5
17A71607
1B16B182
1BF6FDF0
1EA8FDE6
2046FE44
20D6E9FB
2126CE0C
1FF95A14
1AE871E1
219751D8
20F8B20F
18E755E5
20F7DE1D
1FA899EA
1AB811DD
1AE695CE
2137E5E8
24A7A1E2
1EC6ED87
1D4601F2
24A8C62E
1EA92246
1948A9AF
1E2739C9
21571DF3
1F86F9D2
1E376A4B
1D476A36
1C27C61C
1D377E57
1C76C5C8
17379DE2
222829D0
1A66D221
1FA901E5
22391184
1F25D9CC
17964170
0E4358CC
04D21CBB
0841BCB9
1253ED7C
1B74FD77
1D3985DF
1865A214
0BA33575
0783E5C0
064559B1
09E285FE
0313E98C
08840967
146689CD
20567936
16169530
18C5ED65
18A4894E
18076180
19D7DDB8
21172DC3
18E6F5A2
17E6B5D3
10137D6D
0C557194
0893F1F1
0E63118E
0DB45D76
0A4305BC
0A9491D8
0A557D8B
1796F1AC
1EA691FD
1C87CDF0
21C8DDD1
1D286DDE
1587360B
16B6699E
1CC71600
19F6D5DF
194695A2
1BC6E1C8
1B06C9B0
1AF695DC
18488199
20D809E1
2156F5D4
1B55518E
1D64D99D
17B65D2B
1A84F956
1BF63986
18D6F510
20A60187
18D535BE
1BA7057D
1966AD9E
1B25819A
1566057B
13954D55
0EE4A127
05E37DBB
0A436DB3
12F6AE36
1AB6D9F5
19A67DD2
2237720F
19B74DDC
1B289DDC
1C875201
1E57F5B1
24D6DE1A
1EA87217
1A590E01
1A0705D7
19A7A1E9
1F481A06
20D6BA15
2006E5D8
23185A27
1D564A1D
20276E08
1FD841F8
1E9799B8
1B771204
1EC84A28
1C086600
21A76225
20C84E23
1E5819C6
1B581238
19B8D9BA
2337BDAF
2137765F
1D1649D7
1FF91A0C
1EA725DF
1CD731E3
1F972E32
20A76DC2
1EC8822F
1A77F20D
21D8F5E0
19D819E2
2527A203
234775C4
1DD891E9
20C77212
18C81A0F
18A74E10
15566D8A
11D3747D
0CF178A9
0E131CB6
13D4110F
17E6F1D3
1C77A5E7
1F98A9C1
18F7E1D3
16953578
06A47964
04D3E19C
06A461C9
0864D9C7
05D531E6
13D6EDA8
1BC879D7
1CF65984
161631CB
1E566995
1D4869D7
1FE77E1F
1E86A5B7
1DA7DE63
191641B4
16A3D5AA
0A04D572
0C341170
0EF659A3
0C850DC9
0AA5B1BF
0F03D973
097455D3
1026118B
13276D6F
1CD72DAF
1E673608
1B763E2E
20B7E5E9
1BD6F5D1
1F276197
1B47760A
1E582638
18775DDF
1D0749FE
1E66C9F4
187789AA
1D97A9AB
21E635EC
1D4709CF
17E5E577
1775E181
19568126
1B469547
1C760D84
1D97095A
18D621B6
1305D58E
1786256F
17D6554F
1BE54D55
1555C17E
139525DE
08752572
0C7455CD
1226499D
12D715BA
1AF7B5D1
1DA775CC
1DD859C9
1C97AA11
21F719CD
1F07619D
1FB8BE5E
1BE6922A
2068A1AC
1B080997
23E7E97D
242775C7
1E26BDFA
1C4601FC
2077A19F
1EA80DE9
1E4725ED
1E77C21A
21A851B2
1BC759E8
1F26CDC9
2237EE4E
20853DAE
1B786230
21C6E202
1A86EDC8
18A5FDCA
249839E7
1FE729C7
1B38122A
1FE84E18
27079E07
1D480DE9
1C7529EA
1C4851FD
205809C8
1DA731E2
1CA83581
19D74D8C
1D1841A7
23C759CC
24E7EE0F
1FA825AD
1EF70DCD
13450569
0A85F924
07D3B8A3
01A32D26
0CE5BCE2
22667D48
1C580204
20C769BD
248781CE
2636FDAF
11D5A177
07847D9A
0A23799B
0203A5A4
0B137975
0444858C
12453D85
1865D994
20668E21
1F26E1BE
24E871C8
20C7D58C
1F668DF5
1B35C5C1
1BC7D1ED
16D601D7
0F9415BE
06B3A18E
0CD4DDC2
0E1469B9
0794C1C0
1174BDE9
0EA5560D
0EE4658B
10B565BB
11D641F2
12152184
1EB6A61D
1636FA2F
1FB715A0
1C96B593
1A4681DB
1D681D8F
1BA72987
19C691ED
21A815D6
1FD7A63D
2017C210
1C8801D8
1D371DAA
1D063977
1E25E584
1C355D30
1A05C180
17E4E94C
19C5D15D
1685194E
1724B5B4
1A4609AE
18C5ED70
18F5D99D
18D4BD9A
1AD5B55D
1CC545DD
154545E5
10D675D7
0D443999
0BD529DC
15564D98
2387B5D1
1B07D1F9
1FB6A9F6
2187BA3E
18D779F0
1CF6ADE3
235781B4
22170DBF
1E27EDE5
1AE7E59C
1CF8B1D3
1E2779AA
1B086DEA
1E76F205
1F57DDC1
20371A3E
1FB945A7
229801F0
213805C8
1B6709D6
1F282A05
1F7851CB
1B97C1DF
1C275D62
18C841AD
1A47B615
1F380618
1C38CD9D
232879DE
22B805F4
23F57E2A
21A719E6
2027CDE0
1C8785D5
21C6C1BE
2127C623
198811E4
217895EF
1B988A76
1F07FA59
1F0731E7
1E55BA0D
1A75D9BA
10756D3A
0DE33C9F
1194C075
14548931
16C67DB2
1BD6C216
232759F6
1CA8421F
1E3709FC
1BE8695D
1B7745C2
11D4F9DE
0BF659BD
0B13F59C
0984CDC5
0454797B
0E8519A3
1BB70DF0
1E572239
20A6F5E5
2347E9D7
25074DFA
22671E2B
1DD84E1B
1B47E21D
1BC7E166
1484B8D9
11538199
0BC3FD73
0CF529AF
0FD5E5BF
0966CD99
10C52DBE
0BE589B5
0AD501E7
101549D6
0D850186
16945DBA
11C6B9BF
17E5D9AE
16E6B5C9
19C681A2
1926FDB7
21C749B5
1EF66A1E
1E6731DB
20A721C2
1BD765D8
1E272E1D
1EF79DE3
1E56A990
18754567
15860931
1CF68D41
1835C99B
19063D7A
17E3FD70
1DF59934
1BC6912A
1FD6D575
19C5AD6E
1A453148
1C767185
1B4735B2
1206F609
14464E19
1346ADA9
13F6D9BD
19270D9B
1B070DD1
1AB82A0D
1F67AA59
1FC7CE14
20C7EDF2
1DD85E32
18A8620E
1EB7599C
1AC80E50
1B67A198
1DF859E5
1B16EA6C
1F485D9F
1E1709E6
1EC7A5F3
1C66D5FE
18680E12
1E894210
1B9829B7
21496DD2
1BD7BE06
1B47B5E2
18F65DDE
2307FA28
1FC821C6
25374E1E
1AC74983
1C0765E2
1DF8CDE3
207889CF
23A7E5FF
1EB869DB
1B278DC4
1E3689AE
1CB779B9
1F8715F5
1C782A2C
2007A9CF
1E0735D8
1CF8359F
216545E5
16254D11
18A418E0
09532CB0
13E384AE
10944145
18B669B5
1EB6EDD0
1DC811B1
1AC66DC5
1E893E20
2086DA18
214891BA
1BE7FA1D
1CE5FD91
13F465B0
0685C99F
0674856D
090445CA
04D445C5
18B4D5AB
19981DE8
1848A9E1
21A6E5ED
215745EC
1CD7A21E
22A82A12
1928A5FA
1E459127
12746164
0D62F118
0C068572
0B45054F
0DF479BC
13359DC1
0C55ADB2
0CA4F9D6
0E16A5F7
0B852DA2
0CB6E992
0973B1CE
0E144DE1
06C53625
0EF535A4
139555A5
1C87DDC8
1C47A5C7
1C76E9A0
173779BE
1BE7BDCF
1FA84217
1CE6EDFC
1E769169
204639BD
1B55718D
1BD4D901
18244148
16454913
1905A18E
1755DD6B
1835B590
1B755930
19363581
1AC61D9E
1904F59A
1D563D2F
1E2671B7
1837C9A3
25C9B1E4
1FA81613
2188399C
1BC6F5F1
1696B1C0
1E779E51
1FC88627
1E581DD5
23680DD5
1E98A5F6
1B47C19A
23B84DC9
1FD845E0
1E6681A1
19570238
1BF809C3
1EE7FA2A
21C79601
21D621CD
1D06F20C
1A5749C1
1D07D58F
23567638
1DC771FF
1E677637
1CE7C9A5
1EB8CDCD
1F87162F
1E38DA50
1CB81E0F
220789DE
18283E21
1A57C9D8
1E174A30
1AC82214
1935C1B4
1C66D9CB
21B7B1C4
1E47AA1F
2279B1B4
24884E36
207711B5
23D85A14
1B367D47
18439551
12C4A549
0D050CBE
1132EC6E
1585216E
14A5D177
18362A29
1DA91A65
1E3731EE
21D8CE04
2166FDCC
20C7A1EC
20F7F605
20399DB5
19D74DBB
1A46AA09
14F5C56C
10A459D0
09A639B9
06D3BDE9
101501CF
1056D1E4
1E483A21
1BB7A625
1FB739C9
1FC74DC9
20382208
1A16FDBB
1AD4754C
19B31117
0B548974
10A4ED05
13853D9D
11969DE9
110511C4
0DD669E1
1534ED8B
095641E7
0F75CE20
077605DE
0D151208
0EE5ADDF
0BC46559
0BE46A04
0E5409CC
16B659E2
2206B1D3
1D9725D2
1BD7A9A2
1A98299B
22383DEC
1E5791AD
1DA6D5C2
1BD5C9C7
19C62520
1AF58D63
19D59D65
1A84C97F
1A35D582
181475A0
1AB5C138
18A7098D
1AE5BD78
180689A1
1905E93A
1BC5D55C
1C6705E8
1E37FA16
1F17F1AF
1B579A67
1C8831B4
1D9845A6
1B1785A7
221825F5
21180220
22679DED
220939BF
22378124
21361605
1DD80DE8
1ED63DFC
1BB689E6
19C7AA0F
1CC729DA
20E77600
1CD68DD6
201775F7
1DD7BDFE
1EA7F9AF
1E28224A
1D085E44
254855F3
2187EDA5
1FB71224
1C6899F8
1CF77E17
1F678A23
1F97D1D8
1BA761C0
1845D9D8
17F73D9E
17744DAB
138609AC
17076D45
1E46E154
1B47B9F7
1E9755A6
22C8E9BB
2056F188
2037A9CD
1E455548
14E43107
0F6454CB
0E338C76
0EC2F4F3
15538928
1854E171
1607F9DF
1DD68DF2
1F17D1FA
2217B5D0
1FC68A22
1A77F5CE
22D791DF
1E1791EE
1C08C1F0
25D7FA31
1F974A01
20B7E9DE
1647B9E6
0A45F1C4
0D743D91
0D364A1F
16B571C5
23F729F9
20689E19
23A76E0B
1F969E38
1B37B1CB
1E86F1A7
1786D157
17334931
1173850A
14B5051B
1D35695D
0DB595B2
0A4615EB
1005AD7A
10C65A11
12B619CA
0ED565EC
0E964DE3
14D52D8F
0EA66D91
0695FD92
0944B5EC
0A4401F1
16D56998
21A6F9EA
1A76D5DD
1CF6E5E2
1B381E09
19F68D7D
1A682DB2
2317AA24
1DE64DC7
18C5E579
1AC5CD8B
16962957
18A615E6
1B466D93
1907D542
15E6917F
1B464159
188551A3
16758926
15F479A4
165639C3
2147897F
1AA8E9C9
1D777DE2
2125DA01
1EC6959F
1C788DA8
21A7D615
1F97B1AE
1E77E5B7
223781B3
1DC77DB8
1AE6762D
1FF725C8
1D76E9F6
1FE6E5F2
1FD64DF7
1C7709E7
1EE8360D
20D71DF9
1AB801F8
1D98F618
21973A0B
1D4835B7
20972A1A
21D6961A
1C6721F5
2108BE06
1EC80596
1DE759F0
1D3791DE
20B73DE3
1C5721A8
19D5DA21
1285811B
1515C128
12B4D9A3
11954578
14E528BE
16351CE3
1606295C
128661AF
1B351173
1505B159
14B44D73
139588B8
1953548A
119424AA
10446488
1A348543
1DC575E9
1948E5B2
1E171A12
224861EE
1E96FE1D
1A3929CB
2137BE26
1F1801F8
2088C1BB
22F83DF4
19E6AD6A
23E841E2
1D66C1EB
1B08EDB3
15B69E08
0A44F5D3
0F65E9C5
0AA501CD
1A55F986
22B73A0A
1D282996
221839EC
1E47B63F
1FA79A20
1F3801C6
1D0725A5
12B45956
0BF3ED4A
0FC424A2
15D6618F
0EE799B3
151511BF
0FE5EDC1
15F6C1B2
1216A5D9
0EC68DF4
17587DFD
18E68DE5
15B67213
167665B1
1364BDDD
0FE55199
1A46A59B
1A26F198
1EE96DF5
21D859B9
1D580DBC
1F56A61B
2186FE08
21286D84
1A96F5EC
1F364178
1D253145
16E5A56C
14D5ED98
1D267D1C
1885F958
1A561DCA
1AF60566
1796318E
187641C3
1AC3E1B3
1E762956
1F66D596
19E7FA1F
22A7AE16
1EA76E2C
24687E0B
2357F5CE
1E1759B7
1BD615E4
1E4809D9
2627EDDC
23B6E9DE
1C67D5FE
1BC779D0
1FB88E6C
1C975D94
1E4701BE
212741C9
1E874A03
24596A2A
204779F9
1E4889F9
1768164C
1D6831E8
1FF789FB
23180DE5
1A586A22
1EB7AA27
1BB685BC
1DF72DC3
1FD82608
222685D7
1BC6EA47
1CF519D3
1915119B
1C662943
1BE6ED75
18651918
1692908D
11C2FCEB
0FE3695F
0DC31937
0FA41957
14A4BD22
1474ED26
12843D18
0DC32892
1263FD31
13F5ED0E
21179139
1B1705C0
1B97CE12
1EA6ADDA
17572E56
1BB6D5DC
22B80210
1BC6E194
1DC60625
272821ED
2117DDF6
1F86FA1F
1BD8AA1E
1D4801DA
211715E5
186765DC
12B62A34
0D355DAC
0AF5E976
1377419A
1DE6CE42
19B85DC7
18E841E8
2267A973
1C270E06
21A7EE41
1F87997B
16B59CF7
0B239128
13F20CBD
12650525
140811A6
135505AE
12A581AE
0954CE10
101511DF
15062DD7
17B6BDE6
23E70E2C
1BB729D1
1F2791D9
1D5699CD
1D274D5C
1B28398D
20F871DE
16B7D9D6
1FB5FDC8
19E715D3
1C97A5C3
1D9769BB
1B7849DC
15D7A9A0
15C611CD
1315A950
0FB51DBA
1CE6258A
17445D9C
1C36014E
1E862196
18753592
18D6C976
1A456D91
14957D7E
1D94AD7D
1BC6E9AD
2057AA53
212759C5
21370601
20288A08
2078AE8F
2418967B
1D56BE40
1B1869F3
21987D90
1CC6D5D2
20A7EA31
1D27B9FA
21D745CE
1D584A1F
1D78C600
20B89E1B
19A7D5F4
1AB6B5C4
224885B8
1B3921F0
1CF821D7
22A749B1
1907BDC0
1C0829E4
1E87EDD4
20E70DE2
1C68421B
1F9685D1
1C878A2A
1A9799C4
1A76D20F
1AF6D197
1B35C171
1B681DB0
1E3705CD
1E272D4E
1A1534A5
0EF1A0BB
1083B8E2
0F52050C
116430E8
14162D43
1414ACB8
0D8464EC
12D2A47B
0F93610D
1595A1EB
1FA7E213
20D7661B
22A845DB
215785F5
198871F1
1E677DE1
2307C5EB
22A851C0
19C809D3
204851E7
2087D59B
1C162DC6
1E87CA68
24F6C1E4
2148A641
19E619A4
0ED55E0B
1086F203
11B5C217
18366DD3
20881200
1F48423B
1EE73A30
200701CC
1DC83DC2
1FC7BDFB
1F568586
1B64E96A
0FF35137
0C72C0EC
11927D42
19862183
1A88299E
1316BDE7
17D655CB
19C6A5C4
1AD895E7
1BF6EE3F
23A769DF
21A6C1F5
1EF8DA3A
1FB80DE3
1527F1E8
18467DDA
1E973615
200765D8
238591F5
21D7ADAF
1D0831C6
21F77597
1E367187
1C764DFC
1BE68944
1835854F
17C5E146
17757986
18A5C99D
18A559B0
1A96557D
1CA51590
1706D53A
17154552
15458166
1FF6919E
1F87DDC9
24A811F1
20663E0C
1BE7BDA7
2308AE2F
21A69E1D
1F67AE19
1C461A48
20C75610
2178B5CB
20680DE9
1D5835EB
2107BE31
1C97BDAE
26B7F238
1A676A09
1C079606
1DC83A1A
24A84DAF
1E787DCC
1F184662
1E07F9A7
1E6799BD
1CA7CDD9
2026C1AE
1AA83DCB
28E699C6
1D283609
1F57B177
1E3785B5
1B774978
14B6E5E3
1F0815C0
1B066DC7
1AF605FD
1D474DCD
16D6D16C
13C3F51A
17B3D11A
0FC564B5
132398E9
12953CCB
1A63E4DB
17E3E06C
0CC4ACBB
12320078
139470FE
1876F157
1D568D70
226689FA
25F7E9E6
21C795E3
1CC7F1F8
249839C5
2076D9FA
231761E7
22F951E9
235841B9
1F77E628
20F71A26
1E97A5D9
21A83E24
21F699AF
1B886DDB
15938E14
12E55DDE
1CC66A09
1F0791E8
21D751F3
2638F1DE
20C8759E
23187DFE
238755B1
20160633
1DE75607
1C7675E6
18C4818E
0E55054A
0F84E142
16836505
1C45B189
1EA791A6
23A7F5B7
1DD789E0
1DD7ADD8
1E27C9F1
205789DF
1AB831FC
24C819F9
20D79202
22E72239
1C4761B5
1FF6A612
1A766607
1945661C
1BA7C1C0
2196A1B7
2025B1A5
1C17D5C9
219691C8
1884ED5A
16F4AD6E
1715DD16
176414E9
1D66ED8F
1DB5E5A9
1936856B
1EA7017F
19F5557D
16B6F99F
1595B138
1FC53575
21A6199A
21B80A23
1DE6EDEC
1AC85DC7
1FE72DE3
1E29722A
1AA811A9
1F66E9DC
1F16F9BC
1E67DA10
1E2A1DE6
1EF861B6
23D6B5AE
1F08023C
2057E620
23280DA9
1DF75DD9
261801D1
1AD745DD
1CE77E23
1AA75A02
1BB74E22
1F67723E
1F8785C6
1725DDB2
1C4765E7
1966C59F
1E57B586
19B6A18A
1BE70953
1C97CDCD
1C87E19F
1B769967
18A76DB8
1B363197
2176F169
1B67C5E5
17250177
1234E16E
16D424C9
13C4189C
125388E3
14F38466
0C932CC2
10330078
0F4338AA
0944E901
1AD5094F
1AC58160
1DD73200
25C7E182
21176615
21D7C1E5
1AB791C3
229885DE
23D6AA4D
1D47CE10
1ED70A62
20B791C6
23A881DC
1F7755DF
1FF699E2
21D70606
20F6B1A4
19259DCE
14B6D184
17C68DF0
1ED88254
1AD92DE0
1DE5D20C
208749F3
1EA7221E
26588A0B
1B074E06
193739D7
15B62A1A
1814CD7E
13248962
0AD3F171
0E42E896
1223A915
18D68D3B
1A17D5D3
1D37DDF1
18B645D8
1AA8817B
1906C605
1C6669F0
1AA73624
1C278A09
1A078DEE
1DE6E9E4
1D8829CF
2387DDA4
1CC689F2
2137D949
1CC6760F
16E871C0
1E3811DE
16F61D91
1B55B957
1465C140
15A59D77
1C15A16B
1505197C
15E5A15F
17F6B5B0
1D070D2D
1A06318E
1915F97D
164605CC
1B84B941
1B27F1D2
207669D1
1F46EE64
22E7B5CD
211789D1
21C72E38
1C082200
22597DC3
17979621
1F3859E1
167725EB
1CF84E1D
223781CF
1FE7CDE4
218709EE
2276D9AF
22A80DEE
1A67FDD2
1CD6E9D2
1E373A16
1CD811B7
2367EDF2
1CB74625
22A80A04
19F711A5
15265637
16B659E1
18D6ED72
1B8601CA
1C16893F
2067AD64
1DF64179
1E56D96A
1C97C1AF
1C25CD52
1F96BD59
1A7601B5
1A9631A6
1744ECF6
1965A0D1
13B4FCDC
09438D04
0F44CCCD
0D94D107
1513C50B
1412C88D
10C37531
1305C575
1CB7C1DD
2158C5FF
23685603
206711EA
21B85DE7
1C0755E7
1D079A6A
1E57A1C7
1E66B9DD
2067A62D
1A570DDB
20364DD7
2436EE27
1D95B222
21488DCB
16378DEF
1C864DFA
1F0709F3
25A76DDC
20075DDE
1B97A5F0
2046962D
1AD81DEA
1C7851FB
1F282A3C
240869EB
1E36BA0A
1E07C5F8
1A5701B5
1374697F
13246564
0FB2C120
0C9478DB
1012893B
12B4E978
19069D78
20062187
1C37797E
1D27599D
1D745194
1A070DC9
1A88A5DB
1DA865EA
1B6859E5
1B27A5CA
1E9681B8
1E46F645
1DD8560B
1B17D5AB
1FD835BF
1F46FD80
19B60184
1A751964
1C45F501
1775E95B
1B05E950
19A55141
1D759599
16960192
192655A0
12370D61
19C604F2
1955E91F
1925E557
1FD735D2
2098524D
212809DB
1D08058C
21B6E5F3
218895FB
1DC91DD9
1CA819C4
20479E31
1866B60A
2296FA4F
1F180DF7
1DD63DED
1DE795F5
22F6E21C
17784E04
1AF77E08
21A859D1
2319E5D2
1EA7A1C6
18E6E1CC
1D47FA19
1FD7D1B8
22D8FA09
1C46020D
176759AB
1C9629B8
1CF871D5
21D75D63
1E86E183
21C5E9D8
17C70D26
1B37E169
1A472197
1C57C9B9
1B466965
1DB4ED7C
1706398C
1585C52F
131520BE
12F570D6
1203689F
1283C11A
1563951E
15333CC3
16E4A0A5
17B47CCD
1837458F
1D96E996
1BE76E16
1DB8D599
1F58D5EA
1D8811FD
20C7DE04
1DD66DF6
1F8909DA
2029CDC6
203881BD
20388244
1DA9B1EA
1D07D99D
1D187A38
2246B5E4
1E4821EB
2088D9EC
1AF7D26E
1986E9CD
1D0665E3
1DB715B1
1DF78A2A
1C175DE9
1DC899F3
1EF805EB
1D97D1F5
20681229
1E981DFC
1A27B587
16F7919B
16760159
0D95111B
0D831CB0
11546864
106394CB
156484D7
129428FA
1534D169
0E134938
0EF4051F
13579176
17660E10
181751E0
1DF77220
1E983219
22B6B1F1
1B962DDD
2367015E
1FD6C60E
20863DA5
1D1755E5
1F350165
1C466192
18458547
1C34F96B
14A691AC
19352134
15E5A977
19C625BB
19968D6C
1B254D36
11B5AD6C
1BB4F538
1F9699CC
1D987DF3
2206DDD1
1B98AE01
1E47F220
1FB719FA
19E719EE
1D083213
1F565DEB
1CD92202
1FA7B9D9
1EF7BDDD
1FC7FDCC
1E97F1C1
1C477643
20B83DEA
1DE805BF
1E86C9DC
24178DF2
20D72A18
1C078E14
2406E20A
1CC7A1D9
21A6E5D4
2287B5E5
1CB771C9
1AD6518D
1C6821B7
17F771A5
20478A03
18F83192
1E974611
24673DE1
19F799A9
1896BDCD
1C36B9D4
12B6FD60
16C6ED3B
1856F144
1824CCE0
1163A8AE
1054CD2E
11246CEE
1834C958
19F5517A
13B4152F
158418EB
1B149167
18E6EDA7
1FC779A6
1A08EDBB
1F66E1C9
23A6BDBB
200631AC
1E8721E8
21A78608
1FF7F606
24F81E28
229785D9
212785E4
1CA87567
222701B0
239821AD
1CF7A25F
1F57C20B
1E568603
1E3829FF
2407E5EB
212725FD
1EF7D97D
1C2779F4
2317FA1E
2166B1ED
20586DC3
2446D59A
20A84187
2188EDD7
20D8A201
22276999
1AC51958
19163966
0CF54D1D
11D28502
12C34521
0AE1F8B7
09038CDE
0D32A89D
091404CE
1331111D
14A5591A
1886C132
1DB5F188
1F353980
1E366D76
1EE721C2
1B26C57E
1EE6CE25
1A765164
1A056170
1D9635A8
1435113A
1CE39DA4
14253D71
14B59D16
14D56184
1B26D99D
1CA60557
1EE4DD84
1C263D8B
16F68555
18F4C53C
1205F94E
1B1719CF
227671AF
1A1865E5
21D7FDE4
1C080DEC
1E3765E6
1E47262D
23164207
2737CDDC
1A18162A
1E46721C
1C6919C9
1CD7CDC8
1CD76DE8
2176C637
1E870D96
1F771E09
24961A16
1F6811F8
1F3745CB
18365A40
1A674E48
1D96FA1A
1DF7CD9B
1EA711F9
1DD88661
18E78620
1BE6DA0D
1EF6CA2E
1D26FA2B
1B7801EA
1D37B9AD
19989DC9
1EF6F1F8
1A9735CC
1B4701B8
19863A1F
1545A53A
12C5AD05
1642B054
13734471
0F92B4F9
1444E916
20E664EA
1C0540EF
110480EC
12854D45
1C97556F
18B8F20C
1FF6DE00
2287E9D7
1D3615DD
22F7FA28
1B3869E5
1F4751BB
1E9729F8
1B1859F4
2217A9DE
23369209
1D37562D
21753E39
2167BE22
2088B5BD
1CF855DB
1C572DFD
1DE6B1F2
214751E1
214951D9
2168BDC1
21A7A9EA
18282606
1E67CDBF
1F280DB3
208765FE
21D705FE
207695D2
2048CE17
1FD6C618
1A97C248
2008260D
15E7E615
1AB731BA
18B5519E
1263CC91
14E324CD
0C32C497
0CD3308D
0F92DCB4
10B2D140
0E5368EF
1153B910
1772710E
1E151CF2
1C572D53
1F174188
1CD6C5BF
1B36A1F2
1DD74DBC
1B56E9DA
17B4F56D
1865712C
185585B5
16C4BDA6
14A571AE
15959154
18957592
1AF5E547
1596716B
1DD56967
13F4C95A
1B651531
1A76756A
1A87B9E5
1C383212
1D576DE4
1E68D209
24590227
1F5795EB
2096C65F
1F87B5DE
20689199
1DC86DF1
1C7731D8
20C7E1E0
2236D1B5
22574602
23F7D5E3
20F9B5A9
23E7E9F9
1D86BE17
1B984DCE
211871DB
23E6C615
1B868206
1E46E28E
1D18221E
1C183DC9
1F982E07
1D484DDB
2156ADE6
1FB795C3
1DE891E8
1E48BD85
1CD8CDF5
1B37662B
22A729F4
19686E05
1A35D17D
11C6A513
05A504DC
0C213C4D
10A3792B
1573153C
16148D29
15F595DB
1B55E185
1785E141
1574A975
1B155993
1D1661C7
2636E63B
1E979DAE
1F57B216
1CB911F0
20B7EDE8
20178A4C
1CB701E7
22F881D3
1C26E9D1
1DA70DC6
21773242
1F96DDE9
2396A625
1ED79E00
207771C9
21F6DDEB
215751F3
1ED75206
2367E1D0
216865C9
1DA7B1FD
1C47A65F
1B969A31
23F8ADCE
1DB815BD
1AD7B9E0
26B6C1D6
1AA7B1E4
161861EE
1BA7C5A4
1AC76618
1E6815B3
1FB705D5
20E7E202
1D97FDD0
19959D59
16E518F0
0C73C141
0EE3DD2A
0AD268E0
05633103
0C328C86
09031CAF
06C43D20
1306BD64
1C279D5B
1E35E9BD
1DD741C6
20D61DB2
1A2695AE
1A958961
170599F0
19777171
1B656D4C
1BD5B194
15C5D99C
14B608F2
1814CD9D
13F5D950
18265D7E
1706AD73
1455CDBB
1A6519B2
1B06260F
215771B3
20D83E34
23C855FB
1BA7E23E
1E781603
1D877DE2
22772DA2
1DD6FE2F
1F085202
223761AC
1F1895EC
22F93625
1CD82E30
2095A9C5
1E06C9B2
1DD83A08
1CE781F8
1FA75E0D
21175DEA
20D77D93
1AA8420B
2457EDDD
20A701D8
1B681E16
1F5751D0
1C191DF9
1C98A64B
22872A07
21C795CF
1E982204
1CA8562F
21E739F2
1E48462A
1D6759F0
1A366DE7
18F4B919
16E424BD
13235CB4
0F33F850
1504DCE6
1D455DD2
1C27A19B
1C581A0E
186755B8
1AE8058F
18D7F9A1
1D265DE8
1DE811C1
2067A619
1988198D
1ED7320C
207991F5
2066E5E6
23288E18
21D65DC1
1F0741F6
20186634
21078A42
1C76FDF6
255741C0
2037E25A
1ED88DC0
1D7805BB
1ED82A0A
1CD99609
21C7F9BE
1E86FDAA
23E855F6
18C8620A
1DE8F1DE
19A72E24
2336CA11
1B372E20
1C4905BB
1D9799C7
1E48262B
1DC871DC
2236A5E9
2237F605
1F869DF8
20564DD6
21972211
1E47860B
1C665A0C
1735522D
15C66591
16D594DF
0C7260D3
1112CCD7
0CE34CF0
0AA2BCCD
12B28969
144655C0
1AC7622D
1D77D982
1C77B1DD
1D6725DB
18E84DD5
1AF6A9D4
1F86C5D6
19A67D4B
15554D3F
17740133
14450D63
1A84D555
1A55BD2E
13B559B2
1C83FDB8
21455985
1DC59939
1D97195A
1BC84DDA
1EA73E31
1F36C1D3
1E07AA14
1EA7CDF9
210779EB
1D16C9D6
1C37C1FA
27480DAA
19F849D1
1A8741FD
1CF791BD
1FA83618
23092DE7
1F777DC8
1D078A00
1ED7FDDE
18B80E14
2426E9CB
2147E9D7
21E9459E
213715F4
2106CA0C
180791B5
1F5799F6
22F855AB
1938A5EA
1CB4FDFA
1E07C5F2
1F57B9D2
1E0791EA
1D8805DF
20A799CF
1EC8163E
1F07619C
16972D95
1296190C
1113C0D1
0DF47914
17D6D554
16361554
222831CA
1EA87D74
1B878232
20D7C5F1
1D886DF4
1FC64DC5
22C8899B
1E76DDBF
1D475A14
2067298D
1F9631E5
20779608
1FE75E22
2058DDF7
1C56A9ED
20B8F1F4
1FB81999
2277E1EE
2096E5D5
1EC77DC7
202779F1
21980DEB
24084E44
1EC76663
1B182DDF
1AD82197
1B27D9AB
1E971A21
24A865E5
1E9719D1
22A6E222
22078E1A
21871195
21170DFC
1E07D98C
1EE781DA
1ED71DF3
1D78D59F
1AF8ADC8
1F965E08
1CC71E11
2417F618
1E36CA1B
2167C1E5
21B7D9AE
205741C1
1687BDD2
1D25AD58
0F850181
0C63E11B
1203ED6D
14467DB9
17680DD8
18D75206
19573200
1A470E0C
1AF7B9E1
1DD67DE7
18A6BE01
1B973E14
1B2629FA
1826FD93
16B5A57C
1704F997
14F53D62
20E4C4F9
1A36115A
1A55F5BE
1EE4E9A4
1E3695A9
1BE8463F
1F9895AB
21B74220
1E2721F3
21F899B0
1D68FA03
1D770E03
1C37A9C2
19A749DC
1AA715D2
24B7F9C5
1C9785E9
233799C0
1AA6C24E
1C4775EE
1AB7BA03
229829F3
24C87E1B
1C482209
1E97C9DD
1C78C1FB
21674180
1FB6FA31
2126EDDB
1D36B5D4
1BA619FA
1C078A1F
201745FD
1D7731F4
20A84DC8
19964D86
1A56B60D
1B97BDB3
1B188611
1D3929F0
2468C9B1
1796AD24
14F3C4EB
148644F5
15882180
1A071A0F
1C69A214
212851FE
1D376E3B
20F875C3
20670A32
23B60993
1D67995D
1EB819D4
1F07AE13
1B771E08
1DD631E0
220819E1
22C72DAF
1A7805FA
1D37BA11
1B16D5D8
1A2891AA
1EB9D61F
2207F62D
1CB70E1C
21874200
1A68298D
1DE765E2
1FE7F9DC
20074DBF
1F96B5EB
1CA87DCA
1CF761B5
1CC7E5BA
20A83DEE
1B6889EA
1F5791F6
1B98B5F6
20694611
1A98EDD9
1D07FA21
1C480E58
21485DF9
1D1649B7
1E77A1CC
24274E14
1F26E1B8
1C28DDF8
1FD6B61A
2388A5A5
20C7A5BF
1E1915DE
1D18B1D8
15989A02
19C775F1
16E79DCD
1A46A200
19D7B5B4
1C076623
2118498D
203869E6
1E57459B
1BF6F21F
22D72186
1DD5DDD0
1FD84207
1766EDAC
1B165D64
171649AE
1A2515B2
1476AD36
19944DA8
1403D180
14373943
1C8611E9
20C6CD87
2047DDD3
1DC81633
17E6F5F0
1C782DDF
1997DDAE
2188AA45
1B4805FE
1EC821EB
1C5771C5
1D8941DE
1CB779F3
1FC725FB
1B6755D5
1D074230
1F1739CC
1EA85261
1DD841B8
231775BC
2307C22D
1DE7320B
20E73E57
1E16F5C1
1B57D5F0
1F88C254
1FC82DAA
1A28F1D7
1EF929FD
1E870A05
1E6709C8
221771B3
204715EF
1FB7D5DB
1EB91D6B
21F8EA2F
1F2675CA
1F66F1C5
15F470E6
19D50D64
18674596
208771D8
1F76AE1D
20D81DD1
1CE72DE8
1E38D173
1CE889F4
1E96FDDD
20282DEB
1AE7F1F8
20C905FE
21A6CA26
1D17CA30
1E47A1C4
1EE93DAB
1E3751DD
2018C9EE
21F6FE02
1F57B9A4
1AA81DAA
22E7FA3A
22A7E641
2157E618
2007F1CE
22575DA9
1F3675F9
1E47DE51
1B188DDB
1C57A9D9
1E6811B3
247841FE
22671617
23683208
1C182225
264865EE
1F67AA24
1FA72257
213719E2
1F87C5F1
1ED729C8
1E26C21C
2347B1C3
1AB7A5A2
20F7F63D
1A5699A4
21A8E5BE
2017C5D2
1EE73E43
207719F0
2007D5CB
1BB875CC
1B0925F8
1D08719D
19E7B23C
1C87AA1D
21285209
21479DC2
18A6F1B6
1CA75DC6
2076CDDC
1EB7DDEB
1D07A5B7
20B6E639
1B7719BE
1D86C1BE
1F376A1E
1E870975
109625B1
185418EC
1836511F
12D4F9B8
14950D8D
1AF7DE14
23A68DAE
1E79B57C
1D86D1EF
21E7DE41
194795FC
1E9741E1
1F87C63C
1B0831A7
1A388DA6
1CC83DF3
1B184225
1EF6D1C9
1F37958F
1DF73623
1AA8659C
1EB7A211
26C709E4
1EA75204
1B071A2F
1EA87DCB
1C8909B3
1C886224
20084600
20173D63
1345EE07
1DD89E09
1B493651
1E6955E9
