1F3769E4
1F578DE9
1FA7F611
1FC795F8
1CD74A20
1E774E0B
1DD7C209
1E77C5F5
202835F8
1EB7DA05
1E2749DB
1E4761C3
1E076DD5
1F07BE0E
1D8751EA
1BE73DDC
1E27B9F8
1F37BDF6
1E37D5FB
23086620
1F77B9EE
1F97A9F2
1FA7A5E3
1E4791C2
1D9775D2
20175DFA
200759E9
1CB81611
1D0819CE
1E07F5C9
1E681228
1E37DDFE
1BD82DE2
20D865DA
1F2839D6
1F0751D3
1F5711E6
1B6759FC
1CA711E7
1ED729F0
1E876A0B
1EC81A0B
1F57A1FB
1FF75DF5
1EB6FE0B
1DC6CA0A
1CC779DB
1E27C9C7
205785C0
1D17DDCC
1C5811B3
1DF7F5A1
1D77E9C0
1F78BE21
21D87DF1
1FD879E0
1E275DC5
1EC75DD4
1F77A9ED
1F17FA0E
1E57E209
1DF76DDD
1D3795D9
1C7781F2
1B374E16
1E280609
1D1829CC
1E575DDE
1E772212
1D77DDFF
1C781DFA
1D47D1FB
1D37D9E5
1B6819C9
1AF7ADE2
1E386220
1DD7C61D
1D487A04
1E4891E0
1EC77DE8
1EF84604
1EE8360E
1DC7EDFB
1CC809B6
1CD7A194
1EB7818B
20775981
21A80994
20A835BD
1ED7B5D2
1CA735F7
1EC739F9
2076F5F7
1FB705FC
1DE70208
1C97BE09
1D07A1C2
1E3761D2
1E97E615
1E8801F0
2057BDFF
20277E0C
20E701F8
20F77DFE
1F07B21C
1DE7AE16
1FC7D9F3
1F97C5EB
1BD79DDD
1ED799FB
1F97D5FE
20C845ED
1F7725C5
1FD741E1
1FE80E06
1FB75DFC
1FE7F617
2007E615
1EB7DA04
1E180205
1E180E11
1DB7CA08
1D8781E7
1E77BDDB
1E97C1E5
1DD7A5F2
1DF781EF
1FB7F9F7
1D977A09
213789F7
21274DF1
1F4689EA
1F7751F7
1DD765C4
1E0775DA
1DC77DE8
1E878DDB
1F3789F4
2007B204
208805FF
20C829ED
1E581608
1D784A2E
1C37EA08
1C07D5FD
1FC80DDE
20D741DD
2036F1EC
1E976E06
1DC79DF7
1E378E19
1F079A16
1F8855FB
1E88360B
1D87CA17
1EF7DA0C
2057FDFD
20C7BDFC
1F37C9E4
1E67CDCE
1F0791C7
1C9781C3
1C87D5CC
1E37B9CB
1E57FDEE
1FE7DDF4
1FE7B9CD
1F48ADF0
2208BE38
1E2779CA
1F27A1E3
1EA7C1F0
1E17A9F3
1EA759D7
1E9799E1
1D17FA0B
1D17C9FF
1EB7D1DB
1E07A1D7
1E2731EA
1EC72201
1DA7820A
1D57FE0B
1E180201
1E5789EA
1DF785DD
1BA795DD
1A8701DC
1CE75DFC
1D27F200
1D87E1F2
1C07B1E7
1B77BDEF
19B6DDE3
1896D9BC
18C6E1B1
1A5691A5
1A463970
1A966D70
1C06C9A1
1B96EDBD
1CC6FDD8
1C76B5E1
1E6715EF
1F773DE0
204741CE
1F8785C9
1E67F1E0
1E87B603
1D47921B
1C273202
1DA7BDEC
207791FD
1F97B607
1F880A08
2017FA10
1F07EA15
1E27E604
1D6825E3
1BC7B9DF
1D2771EC
202761F5
2127E1EF
1EA7D5DF
215765B7
205809D2
21583DFA
203799FE
20280E05
20A7A9FF
209731F0
20B6FDDE
1E380E10
1E680609
1DF7F9F7
1ED7D1DE
1F07ADF4
1DA7D21A
1FE78DEA
215835DF
21580204
1F47C613
1FD7A1FE
20279DF1
1F67FA00
1E67E5E0
1BC73DCD
1E9781F7
1EA791BE
209795B4
20F789FD
21F7520F
22F73E10
2077FE13
1E483E1D
1D181607
1E77E9EE
2077EDE1
21174DEC
2146CA02
1EF785D9
1D880DF6
1E47D62A
1E27461C
1E27A1E2
1EF7F1E9
1D884DFB
1DE84DD8
20A7E9EF
1F37D9EE
1F77DDD6
1F67F1C1
1ED7E1CB
1E37C9DD
1FC7D9D8
1D67D1F8
1EC7D9E6
1F1791DD
1E5815E3
1EA8A1E3
1ED865C2
1F87D9DC
1EA73DE0
1E6795EA
1D77E1F6
1FB775C2
208855E5
1F27EDE7
1E2765EB
1FB775E3
1E7781DB
1D775DEE
1D46F5E3
1E27B600
1E27D202
1D67BE09
20C7A61C
221771F9
1E18220D
1B7749EA
1CB6BDD6
1D7719C6
1AE6CDD2
18A68DA9
16C6818C
14461966
15662D89
178655C1
19064DCB
1885C178
17262970
16467594
181685AE
195635A6
19F641B8
1AD64DD5
1D36DDD4
1D57D1D0
1E27F9CE
1F4785F2
1ED775F8
1D370A0B
1C970DFB
1E378DEE
1FA7ADF6
1FE809EB
205869F4
1ED7FA18
1EE7D60E
1FA7F601
1D787DE8
1CF855DB
1F5721D4
21274DE6
217789E3
1E9795C9
200895F1
1FB855F3
1E280DE8
20883E07
2007F9FE
1F8781D3
20575DCF
1D97B9FB
1F87F5EB
1F481DEC
1DA7DDF3
1E1781DC
1EC755E6
1ED785F7
1FD7C5E3
20D7A1D6
20676DF1
1ED7DA0C
1E674DE9
1EC741EA
1D9771F4
1E77E1FB
2097E9FC
1E87BDC1
1CD7B5B2
1F57DDB1
202771D2
1FC6BE05
1BE82E0F
20579A0F
1EF7D1EE
1E87E5ED
1FA7E9E4
2087C1F7
1F779A03
1EC765EC
1E6759C8
1D57ADDC
1D57B20B
1D57C210
1E67F9F7
1EF7C9EE
1EA7FDE9
1DB805C6
207775D1
1FA79DD8
1F17CDF3
1F3809E7
1EF815E6
2087F5D3
1F7819FC
20184DEC
1E4811F8
1ED819F5
1F782DDF
1F0879E5
1EE819DC
1E7759E5
1DB6B5E2
1DF6EDE7
1DC77DF0
1EE7E1EE
1FA79DEF
200811E1
1F5705F1
2066F5EA
1E1755EA
1D87BE01
1C776DE7
1B9741BD
1DF7B5DD
1E7759FB
20876E15
2287DA14
211761FB
1CC739FE
1B26A9AA
1BD6917A
1A060D8B
1805E569
1575CD63
13D5A56F
15B5B187
1655CD9F
1705B5A8
1775898E
17D5FD84
17264D93
16B63DA4
1815E1A9
17F5BDC5
1A46D1B6
1CE73DD4
1DC791D9
1C680DD2
1EB745E7
1E6775DF
1F276DE1
1E3771E6
1D67A9F7
1DC7D1F9
1FA849CA
1E3801E3
1E7791E9
1EF7AE01
2057EA01
1FD7F9F6
1F778DD9
20873DCE
20D6F9D8
20A719E0
1F27ADD9
2087D1CC
1E8829F1
1F5865F5
21C83E0E
21D7DE0E
1FE741D0
1B97E9F5
1E0781D7
1EA7D9CF
1ED80DD8
1CC7A9D8
1D578DE0
1EE791E7
1E1765D8
1EA7B9CE
1EA7D1D5
1DC7B5E6
203779EB
1BF64E00
1D26A5E9
1D36FDED
1E278E07
1FC7A5DB
1E97A5D8
1D97E9CF
1FC7ADD9
1FF7A1DE
1EF781E9
1E47C9F3
1E57DDE7
1FB75DF0
1F3789E2
1DC7C5E5
1E27F1FC
1D27DDFD
1AB745F9
1C871DF3
1DF71DE9
1D877A00
1D8825FB
1EF84DF3
1FB785EF
2037B1E5
1F87D1DD
20B7B5D7
2007A9DA
1FD7A9E9
1FA809EB
1F882DE9
1E97E1FD
1A87C9EE
1DD7F20E
1E67F617
1F684608
209811D8
1FB7CDF4
1F878A01
2128821D
1D1709EC
1EF705DB
20C821F2
21E859F1
21C7E9ED
1FE78DF1
1F4709EE
1FF6FDF0
1DA78DFD
1D87F218
1CF81E29
1B979DDE
1D478DC3
1E2795B8
1D3791AA
1FA755DD
1D6651C9
1AB6C9C9
1535F582
15859574
17759170
18B58961
17850582
1545359E
17955198
1745ED9D
17458DA4
179561BA
1475918E
13759D98
18F5F182
17C5C5A8
18862596
18E645B7
1BD6D1D5
1DB71DD3
1FD6DDC8
1FF6D5DA
1EC731D6
1F175DDC
2127DDCE
1C67FDDE
1C480DED
1E081DEB
1D579DEF
1DE74DEF
1FB7BE00
1FB81A01
1F5809FB
1F67620C
1F973DEE
1ED74203
1F0759FF
1E87F210
1FA711CE
1FC841CC
1E5871E6
1E3865F3
1FE8160E
1EC7E21A
1EE78613
1DB79DEC
1D67D5DC
1BA7CE09
1CE7F5DF
1D7815DC
1DE7D5E1
1DA725E1
1D87BDC1
1D579DD0
1F1719E5
1EA779E6
1FA7D9E7
1D7761FE
1DE745F3
1E4721F1
1E7725ED
1F17C9E9
1D680DED
1EC821E8
1F0779EB
1FC75DE0
1EF779E2
1CF76DF0
1D9795E8
1E77E1DB
1E47F5F1
1EA831FB
1E07FDEB
1D877DDB
1E1721DA
1E2711F8
1E678600
1EF7EE03
1FF7CDE5
209765D9
20E771DF
2137ADEC
22376DFB
1F76E1F9
1F9725E7
2077F5E0
2007EDE5
1CF845E6
1DB871FF
20380606
20F7F1F0
1FE809E1
1E97F1E5
1F97D9F0
1F17D206
1D487A0D
1B283603
1EE799D0
1FA811DE
219809F8
21378DFF
1F56F1E9
1EA71DED
1E778E01
1D77C608
1D67E204
1D2801FF
1BA769F0
1DB715BE
1DA74DA3
1B671D9C
1A564DB4
18B5717F
1745D975
1465617B
14E50587
16051D82
17158559
1725E560
15968D75
189599A4
1865B9AF
1815F9A6
1735E999
197679C4
16C53D80
1875BD79
18965D89
18A66998
199655AD
1A6581F1
1DF651BE
20B731B5
20775DCE
1FB715F0
21A735DE
1F57C5E0
1C67C5C6
1CB84DDF
1D786DFB
1ED799FD
2057A207
21682A0C
2067E1F4
1D5831C6
1E67D5DF
1E4795F4
1EB7AE0C
1F87D60C
1EF8361F
1EC6B1EA
1E2745E5
1D07D1E6
1D1821F4
1FC805F9
2027D1FC
2137A211
1F07D213
1D680DFC
1E6891F1
1F5895F4
1E1819E3
1DD7C5EE
1DE745EE
1E976DD5
1F177DE1
1EF6F1D5
1E4799DB
1EB7E1F7
1DE7C1DC
1EB7D5E8
1EB725EA
202759E0
2007ADFB
1FE849FF
1D2805F3
1D9745F3
1F2725E0
1D573DA3
1B3765DF
1C17A1D9
1FD849DF
202849E7
1F6841D8
1EE7E9E0
1FF7D1D6
2067C1CD
1FE73DC9
1F6791E3
1F07AA06
1FF7D1ED
1FB7D9E3
1FA781E4
1FC7B9E0
2157F9F2
1E36861B
1FC73DDC
20376DD4
1F2751D9
1E07EDDB
1F4881D9
1F1839E4
1F37B1F2
1ED7B9E5
1E4819EA
1D8841EA
1DA7E5F5
1B586DF6
1DC8420A
1CB7FA08
1E77ADE0
201781EF
20375DFD
1F9711FA
1FC759F5
1DD781FF
1C77BE06
1D47A9CE
1D1771B4
1D56FDB7
1C1645A4
19C5E1AC
1995E590
17D50574
16251569
15054970
15E4F192
1664C598
16E4FD77
1645993F
16060D56
16067182
17F619A0
1805C1B6
191631A2
19461D87
1AA5B17D
1AA55179
1925857D
1866C9A5
18F6C1A6
189689A6
18B63DAB
1AE615B4
1F8789CA
1FF7D9E4
1EE7C1FC
1E97A5FB
1E6779E3
1D7795CC
1E5831E4
1E7871F5
1EC801EF
20B88E11
1F277A15
1C4731EC
1D97B1D6
1E77BDD1
1EB7D1E7
20F811EB
2067E5F4
1F77F211
1FB70E01
1F170DF1
1E6741EE
1DE755FB
20479DB4
20A7C1E6
2077F5EE
1EF82209
1E7855F5
1EC8F9E5
1C17EDDA
1D0801DA
1D6815E9
1E37B5F0
1FD799E5
1FB7D5C5
1F5735E2
2057E1FE
2087CDFD
1F67D5DE
1E5781D1
1F6789DD
20275DE2
206791FE
2047F606
1C6721EB
1CE739ED
1E0769CD
1D1761AE
1BE785D0
2007BDFF
208839C0
207805D6
1EF809F4
201805EB
209815E3
21C871E2
219801D7
20C7CDD4
1EA779F5
1F17B1EE
1FB82DE1
1E97C9E1
1E47BDD6
216819DC
1F975DF9
1FA789D5
1E7771CE
1D6739D9
1C0751E3
1BC7BDDF
1E8821DC
1E1781EB
1F27A1FC
207799DC
1F48720F
1D57A9F3
1D87A9F2
2067F9F2
20F7A1F6
1F6715F6
1E0765E7
1EB7A1E3
1EA76DEA
1CC711CF
1B26F1E2
192721F4
1856FDBF
1756C1A7
1A46699F
1AB581B0
17757DA5
18355159
17450947
1405516F
15555D64
15650980
16750D77
16F5115D
16C57D41
15E57D57
16A57974
1765C986
184671AE
19869197
1895AD72
1A15CD7B
19B5A995
1896219B
1876819A
1806C5A8
177699A2
17C67198
1B7709BB
1D4761D8
1E87BDEC
1E9831F1
1E07CDF4
1D9719E6
1F9779C1
1F57C5D6
1F77A9F1
1FC759F1
1F17A9EA
1EB7CDF9
1CC7F9F4
1CA7B200
1D775DF7
1ED79DEF
1FA7F5F4
1F27D5F4
1DE76613
20877A00
219721FA
21C71607
1F574A03
1E87AA07
1EE7DDFE
1FB831B5
1EB801DE
1E0849ED
1C280DE8
1B87B5E3
1D075DC9
1D77D5E7
1F7779EF
20479DE4
1F9799D8
1E273DE9
1F075611
20974DC1
20C7ADC4
1E1761E0
1F1789DE
1FF775E1
1F379DE8
1EB7BDFA
1C971605
1E47A5ED
1E1811E6
1C87E1DE
1D2795D2
1F1789F0
1F7789EB
1FD759E7
20479DF5
20F821F9
20A875F3
1FB81E04
1FC7DDF6
1FD7CDDD
1F87B9DA
1D8785C1
1E17C1C3
1DF771B7
1F1781DB
229789E9
214781E1
1E27C1D9
1D47B1D0
1C4755DD
1D77FA17
1CC8020E
1E583DF6
1FF811E0
20C711D5
21F6F1AB
1FC79DE8
1DD78E00
1DB76E00
20C7ADEA
21E739F6
1C36FE2A
1B578603
1C37C9DE
1D1751D3
1865B98F
17856D72
14C52572
1264CDA1
13B57990
17957DB3
1A0539BA
19153D89
1765454C
16254543
15A55158
1605295A
15F50D51
1474F555
15E4E955
16D52152
16F54164
1665C57E
1776119C
188679B0
187695A6
1765CD7E
19865DAE
19D5F1A1
19A6158B
19666D9E
1946A1C1
19568DAF
19D66DA2
1BE6FDC5
1EC7BDD7
1EC75DF9
1FA7D1F7
1F77E5FF
1EC7F210
20B791C7
1FC7B1E6
206771F1
2006F201
1F175DF8
1F67E9FB
1E285DFC
1CC7CE0B
1E2761F3
1F973DF6
1F475A0B
1E27CA0D
1DD82606
1F682202
22A7A207
22F76215
1D77B603
1E2849F2
1EA799E1
1DF791DE
1DF7B1DF
1DA7E1ED
1D77B1F6
1EC81A05
1CD78A03
1D8709EF
1EF74DEA
2017A5DE
1FD79DD3
1F1775E5
1F2791D4
20F7B9B6
202815D6
1FE881E6
1EF7F9ED
1EF7D1F3
1EA7E1E5
1E47CDE9
1C372200
1D9791F7
1E6861D2
1D77EDC4
2017C9B9
1E57A5F0
1D97D9F7
1C67A604
1FB76205
22681A01
20A859F9
20F7AA0E
1F0765ED
1F4795D0
1FC7C9BB
1E380DC2
1E2809CF
1E17C5D1
20D78603
20C75DE6
214795E0
1E77F9E5
1ED801E4
21482E09
1EE7E21F
1EC7D226
1ED821F9
1F783DDF
1D47B9EA
20074DC1
2007C9E1
1D478E08
1E073A0A
1FE76DFD
207741F3
1BB7161D
18D71613
19D741E0
17B50DBA
15E3FD78
1503F144
13838D1A
16C5AD6E
1675C576
14C54D90
16C55DA7
16355564
16A53146
16E52145
16F52D35
1805192D
19D51119
1624992E
1584CD40
1635453D
17C56162
15259199
1755ED9A
19D609A1
1965A989
1836459E
1A4675BF
1A55E5A0
1AB61594
1BE64DCB
1B7649CC
199679C3
1B16C1C7
1EE749D9
200795E3
1F57C1F5
2027A5FF
1FA7CE02
1F47EA08
1F87DDEA
1F579DEB
22C809AA
20D7BDE4
1ED765EB
1F97BDEE
1F082601
1F0821F2
1F97BDE3
1FD75DCE
1F275604
1F87A601
1FA81A03
1ED83203
21E7F9F8
21C7C1E7
1DF879F3
1FD7FDF5
1FB751DD
1E7775DC
1B47ADE7
1DB761EB
1E0761FC
1CE76605
1C9711FE
1C26ADEC
1D3799DA
1E27F9D5
2007C9D1
204779CC
1E87A1E1
201819E3
216859EB
20B8A9FB
1EB84DFE
1E67C9EF
1EE7E1E8
1EE789E4
1DE705EB
1E479DEA
1EA815D2
1F5835C4
235809E3
1FC7C9F2
1DC7C1FB
1F9789F3
202741FE
2167AE0F
21B7E606
2017C1EE
1FF759E2
210765D2
1EE769CB
1D27A9D7
1CE7D5E3
1DD801EE
1FB7CDF5
1D4765CB
1F27DDE2
2077F1F8
1F97C20A
20B7EE07
1F878610
1FD75600
21F75DF7
2087C1D0
1F4761E0
1EB74A11
1D97B20E
1CA7AA02
207749F2
20878DE5
1E1805D5
1B06D9DB
194691D4
16C5BDA3
15944585
1573E980
1553F561
1895AD5A
17E69179
1795BD58
14C52954
14450D35
1634D91B
1A74F12E
1665290D
16D4F903
175520F4
17F524E7
1A3490D6
17E51502
17055D1E
1555292A
14C56959
1825C985
1A3639A3
18D64DA6
1865C582
1905AD91
1AB5AD77
1AC5FD8A
1AC5D9BA
1A25E1C8
194651B7
1A36EDAB
1EB77DD2
1FD811D3
1DE8A5C5
1D9829D6
1D47D1D3
1ED781CC
1ED761C4
1E6775CE
20A791DF
1EF795D0
1DD73599
1D564D7F
203719C1
1FB765D4
1F3781E2
1E17AA02
1D47AE1A
2017CDF5
20C769DA
20B7E1EA
2107C1D3
1F3821BC
1ED7CDD9
20B77DFA
21A72609
1F87E5E5
1CF805CB
1E378DE2
1ED72DF3
1C573E01
1DD70DDD
1EA71DCF
1DF7D9D7
1DE82DE1
2297FE08
20B781F3
1EE7A5E0
1F280DCC
1F77DDE7
1F0805F3
1F17F9EB
1EC795CF
1E8775C5
1E0725D2
1D6779F1
1D87F600
1CD81E05
1E5809DA
1F8879F1
201759D8
1EB7C9F8
1F67C9EB
1E773DEC
1F67A5FE
20A7F5F6
1FF7E5D8
20078DD8
1FC715DD
1D9745D4
1C1769DE
1DC7C1EC
1DB7EA17
1E0815F5
20F7B9C7
20C7E9E8
2147B9ED
2207D1F5
1F87A9DD
1EF6EDD4
20070DDB
21D755DF
21579DE1
1DF7ADD8
1C878DEC
1DD785F7
1ED78DF3
1DB75DF6
1D36F5C7
187651C6
18E629CA
1894C9AD
17A29D62
1615B57E
16A54187
18A5C599
1A36056D
1A05D951
19A4F923
1914D8FD
15C50D05
19355CEC
199528DD
192528F5
17F544F2
17C5D8EF
1825A8EC
18A518C9
18F524B3
175514DF
16652D03
17351919
18455953
18F60590
18062D96
1855FD85
19F5D979
1A16698A
1AC65189
1A360994
1A4611B3
1B06C5B0
1FE73DD2
1DB79DD9
1E1811CC
1E08ADBF
1C88B5C7
1DB7A5EA
1E9729E9
1F376DC5
1D579DD9
1C178DDF
1B36D569
19F5BD45
19455154
1DB5AD93
1F4651AE
1F2781E6
1D57CDF6
1DA7C604
2007E5F5
1E96E1DC
2047F9D9
1FB7B1D7
1F07DDC1
1F67B5E4
20575E18
20C7422D
1EC8560A
1E3835C9
1D27D9C2
20E741F1
1FB745FC
1F37BDEA
20780DD8
1F8821DB
1F7835F4
20A7E62B
2047A21B
1EE7B1E4
1E67B5DB
1DD751F9
1ED789FD
1F87D5EF
1F97A9D9
1ED791CD
1D9775DB
1DA715DE
1DC7C5F8
1E67F1EA
1EA80DEE
1FE7FDFF
1FF7A5EC
1EB801EA
1D77C1EE
1E3779D9
1F77ADE3
2077E5F5
1FD835F5
205799E1
210761DF
1E9791D2
1E87D1D0
1F77B5F4
1F177E10
1F87D5CF
1F283DCE
205821DD
1E57D1C9
1D282DD2
1F77D9BF
20778DC1
20E7B1DC
20D7A9EF
20B831E9
1C97F5E8
1BC7A5E6
205725F0
1F7719FA
1C069A01
1905FDBD
1344E1BD
0FB519E1
15C435B9
15A591D3
1926B997
1BC66988
1BF61D75
1BD59947
1B353D33
1B55D92E
1AA5C910
18F5F508
19D6A925
18A6651D
1A66A92F
1FE60969
1E15ED36
1C25C521
18D55915
189504F4
17951CBE
16B524E9
1784FD12
18B5113B
1905AD83
1875C59D
18E601AA
190679AC
19269DB6
1986DDA7
17E62179
19A5E197
1AC699A5
210705D3
1DD745D2
1D0821DC
1F4825DD
1E67E5D9
1E679DFF
20877E12
1DC7E1E2
1BD80DB0
19874D6F
15A4E939
1504B914
15650935
1BD5A19C
1F0675BE
1ED7ADD4
1D27EDDF
1D479DE7
1F17A9F1
1FC7F5F9
1E47F1DE
1E579DE5
1FB805CD
1FC7E1ED
1F17D213
1ED7FA2D
1EE83210
1DA835C3
1E0819D9
1FC7E205
1F0785FC
1F07A5E5
2077DDDB
1F8805E7
20E8262C
2178322E
1EB78200
1E57D9F3
1FB785EE
1F277601
1EF79A08
1EC7A9E1
1EA78DDC
1F37C1EB
1F07B9F2
1FE7F1F4
1FC82DFB
1EE821E4
1FF7E5EF
20076604
1F9775F4
1DD7C1ED
1E07A1E7
1FA799CA
1F9781D1
20278DF2
1FC7C606
1FC7A207
23277E10
1F7815DF
1FA7F9DB
20C745F4
1F56EDFC
1EF795DE
1F07F1D3
2007C5DA
1E883DEC
1D083603
1F17EDCE
1F37F1B7
1EB7EDD2
1D4819F4
1DC841F9
1C4819E7
1AC7D1D6
1C0785D2
1D16FDE8
15559DD9
1134E1AB
1324C1B2
153461BA
175621C2
1A36D1C6
1AD651C4
1BF5C199
1945AD4E
1A15011B
1BD5810B
1CB63132
1D169937
1C472134
1B17695C
19F7658D
1C276573
1EB6AD6C
1E16A967
1CB70140
1BD6B52B
1B15C4F7
190590CC
176558F1
18350916
19E51936
1B058D74
19E5B1A7
1905FDBF
1895F9A9
18D5E5AF
18B5CD92
16C5F174
133561A5
15657596
15D54D7F
19D62DA4
1D67B1C8
1F07F1D8
1CD70E1B
1E475200
20C75211
1B87E5B5
18774D67
1325653F
13348525
15C51913
18E5D553
1BE67DB4
1DF6DDD4
1EF781D9
1F17F9CE
1D57C9E4
1E37D5EB
1F57BDE0
1DC7C5E2
1EE7A1D2
1DD7C9F0
1FD821E6
20681205
1F37EA14
1E37C9F0
1E5811D1
1E6861E6
1DD835F8
1E4779CF
1FE78DCD
20B791DB
1E77C1EA
1D77D1FF
2057FA16
1F482A11
1DD82DF9
1E2835EC
1DD819F9
1E57BA0B
1E97A5E1
1F07DDCE
1FD841D3
1EB7C9F2
1E47D9E8
1F08B1D3
1EC8B1D5
1F27B5F0
1D1809DC
202831DC
1E57F1ED
214765E0
20674DD3
1C87D5DB
1E67CDE3
1F7775F3
1F374DF6
20E79A0C
1E8805E7
1FB7C9EE
1FE72E08
1F073E0C
1EA7C1E7
1F6759D7
1FC781E7
1F27D223
1F57A22D
1FB719ED
1EF72212
1D3789D1
1C37E9EC
1C9805F6
1C67E9EC
1B67D1D1
1BC7BDD5
1B86DDC6
11F521C9
0F851DAB
15C5A9D6
1875E9CA
1BD6D9A7
1CB641A2
1CF5D1AE
1B654D7D
19E50D37
19F5A905
1A75E11A
1F66C993
1F074D7A
1BC7CD50
1BA7997C
1BC6F596
1DC75189
1ED71581
1DC73D76
1CD76D4D
1D66F12C
1CD63903
1955A0E9
188598E5
1915B0E4
19A55CED
1BB56543
19A60D79
180615A8
1445696E
10A45D1B
0CA358BE
0942A08D
0A31C4BA
0971FCB9
08F324FC
0E0440F6
1D95CDB6
1E4779D5
1CB831CD
1CC7D1F5
1CC7CDD4
17674985
12C55D0C
13B3C4F3
1484A916
17757D2B
1C567174
1D374DD3
1F574DF1
213735FF
1D6785E3
1CD7C9DB
1D37E1D6
1F37A5E3
1D477DF3
1E579DDA
1CD7D9EF
1D27FA08
1F77F205
1EC7BE02
1E47B1EA
1DE7ADC0
1D9869DC
1D383DE0
1D97D5C2
1FE7A9C0
217739E6
1F2705EE
1D17ADDB
2037B9FF
1DF81A0D
1BD80A0D
1D182DE0
1D77DDE2
1DE755FB
1E6721F0
1EB7BDDA
1E0805EF
1DB80DF2
1E97E1F0
1FA7DDF1
1E482DF8
1D37561A
1E779DF6
20B7FDE5
2137E1EF
1E8861D5
1EF815C7
1E67EDD7
1EC7EDF5
200791E4
20D6FDEC
1F56E9F9
1E7759FB
1F077DEF
1EB74211
1DA7A9E8
1E981DDA
1DF7C5D5
1FF735FB
20776E08
20276DFE
201731EE
205701E9
1F575DD3
1E7785D9
1DA7E9D9
1D37E5D3
1C57EDF2
1B973DC0
1B56E1B1
1585E5AA
0F15F98E
15A63DB0
193691A4
1986059B
1A855D7B
18857D1D
1C955D4C
1B05A90F
1AE6392C
1D66B1B2
1E96DDCD
1E47398E
1EA77D82
1CC7597D
1CB6F189
1DA6F987
1DF6ED84
1DB6D97F
1D67216B
1CB6894F
1BE62127
1A65D0FC
19E580CE
18F584D6
18B574E3
18C55101
18B53D37
1845C57F
1744C938
0FC338FC
0D121C78
07B2544D
0692004C
0651D463
0601A885
0B2334D9
10339D1D
19954DD2
1BF749B1
19C78DDE
17C7D5B4
10D4D13D
0ED33108
0FD394B5
16650124
1A168D8D
1C470DA2
1C5781E5
1E37B9FB
208719CF
1D7779F3
1C57B9D7
1CD7A5E8
2107A5D7
1CD72DFD
1C7759EF
1C87F5FA
1D181E0C
1D87D60A
1D87ADF9
1C384A0B
1E07EA04
1E67DDF3
1F181602
1DF7F5D5
1EC7C1E7
20273DF1
1EC711EC
1D7741E7
1D37CDE4
1D87C5F2
1D6831E7
1CF7E5D5
1CA7ADC8
1C477DE1
1C578A19
1D37B1F8
1D7821FB
1E5861F9
1ED7FA00
1F678E06
1EF7A607
1E478218
1DB76209
1E7741E7
20F845DD
1F081DEB
1DE88DB2
20B815E6
1E681DFD
20E72DCD
20C6D1D0
1DA7261C
1D9791FC
1D8795F2
1CB791FD
1F4809FD
1EA821D6
1EC7B9D1
1F3781DF
1F979DE2
1F1839CD
1F97B5D8
205799D5
203769D1
20F79DCC
1F57D9C8
1BC7E9D8
1D07D1D0
1DE76DBE
1CE711B1
1AF69D9D
1B45A96A
16F6217E
1785F56B
17056561
16F51138
17658126
1C15E95A
1E864950
1E570170
1D5719AF
1DC6D9C3
1E070979
1DC7296F
1B96BD83
1B965D73
1D26A16C
1C76D564
1D87317B
1CA6E973
1BE64571
1AF5C933
19F588F6
1984F4E0
17C4ACCF
18454CE8
18A530FC
19651114
19B55121
17D4E527
0F331503
0AB240C5
08A27085
07626470
05D21C72
0412186E
0551F87F
0A729503
0D430513
1A769D2A
17D771C0
10754130
10645966
0E33F930
16F52956
19C62973
1E7765BC
1FC775EE
1C9725FB
1E979DF0
1FB78DEA
1FD785E0
1EC7DDCE
1F2805E1
1E17D1DD
1EE6E9DF
1F6721F2
202779F5
1E77B1EF
1F081211
1EB78DF1
1F57B5FB
20578E1E
22F72A2A
1D77A1CA
1FA841F8
1FC801FC
1EB78DF9
1D874DF0
1DA781C7
1D0739ED
1EB751EF
20C811EC
1F17E9E1
1CA775D1
1C2785DF
1C577625
1D7825FF
1E2841F0
1D677A15
1CD77E1D
1D87BA0A
1E87A5FF
1EF7D206
1DF7BDFD
1E97B1D8
1EC7B5DD
1F4805DD
1EE859C0
201841C8
1FC7FDDE
1F87A1DD
1EB771ED
1C37AE1B
1DB871FF
1D284DF9
1CA83A09
1E97CDEC
1F6789D5
1F67B1DE
1FF759D7
1E9795E7
1F9811F2
209835FE
1EF7E9DF
1EF70DFF
1F7705F4
1DA719EB
1AE765E6
1D9771B7
1EA755C0
1C66E1C1
1AB671A2
1B260D69
1A65914F
16C4E11C
14C4B0E2
12248103
17952129
1B964D76
1DA78986
1EE7A976
1D67B96C
1D374161
1DB6E557
1CD6E581
18D62196
19158D5E
1C35A56B
1D769D5E
1CF6D167
1C96B587
1B063D9C
1A354948
18B48500
1903D4DD
17441CBF
17F480C9
1A851CF9
1C45211A
1A555503
18955527
1A45A19D
14C44D3A
0BC2D09B
0A42C8A5
07C2A892
080250A2
06822C85
07F1BC7C
119410A7
14C464AA
10A4F12D
12345150
0F549140
10551167
14357D8A
1C9701AB
1F976DC0
201759E1
1F3745F7
20A7F61C
1F9791EB
20A7C5DF
20B7E1D7
1F07FDEB
1E0819ED
219729C8
219739D9
21C729D8
206771E6
1F277608
1F777609
1FF77608
2197761B
22D7620E
2227D9EA
212801F2
2087E5F8
1F37CDF6
1E87A1DC
1C8719F6
1E7761FC
1E8761ED
1FA781E6
207795E7
2136E1C9
1DD7CDE4
1DA82600
1D882A04
1D67BDF9
1DF79E10
1C47EA1E
1C57E20D
1DF7C5EC
1E5805EB
1ED801EC
1ED801DB
1F97DDE0
1FB781F0
1F67F5E3
1ED815E3
1E57E9DF
1E77E1F1
1EC81206
1EF7E9E9
1EF829EA
1D5869F3
1BB83215
1DF7BDFA
1F3769EA
1FC705D8
1F0785EB
1E3799FC
1F378204
1F37D9EC
1DF7F1BC
1D4761C6
1AA72DB4
1D36AD99
1D667185
1BC67D87
1C16A5A9
1A763DAF
19361D9C
19B6016A
1AA5D52C
183558DF
0ED36494
0F43A4DA
13C55CFC
1B96C15A
1DF6E19F
1E174D88
1D37C94A
1E275D31
1BF68931
17846121
13A35533
13243992
1AC4E14B
20258D89
1DC64995
1C46A9BF
1B8695D4
1895998B
15141D42
182444F5
183444DC
1A548CE5
1B1548F2
1BD58D24
1D66AD72
1DC75DCF
1D7745D7
1BB6A5AB
17D59D89
14E51588
0DA3590F
0E034CFF
0D72DCF0
0F73A8FB
116414D0
12D450E3
14D35D44
15E4A158
19067199
11D59D72
13B5C180
1446358D
1BF6D9BC
1FB6EDD0
1FA719D9
1F876DD2
1D972DDF
1FA7D9DD
1F37DDF4
1EB7F607
1E786A1C
2117D1D8
20F795E0
217721D8
209721CE
1EA761E8
1FC7AE11
2167A21D
2257AE12
22C79E03
221779F5
20879DEB
20B761F4
1F67D1E7
1EE7BDE1
1EE759F6
2067A9FD
1E377E00
1F57C5F4
20880DFF
20B7CDFD
1F77C5ED
1E381DF2
1D97EE03
1D77B1FD
1E77A1FB
1ED791FE
1BC7E9D8
1C67A5E0
1DE821E0
1F283DDF
1E2805D9
1EF7D9E9
1FF781FD
1D478A01
1C47ADF5
1AC765E8
1B4771F1
1E77D5F6
20183A0D
1FB815F4
1E47E1F5
1CD7BE06
1D77BA02
1F57D5F0
1F7805DB
1DD7F5D6
1D87A5E4
1F96A1E2
1DA765AD
1B26FD73
1996F18C
1976C9A5
1C85C579
1BD5E57D
1A760567
19F6217A
1A760D89
19361583
18C6293F
1785F517
16F5BCDF
1193AC73
0C9260CA
10C3B8D5
1BB6E54D
1C067D55
1D26C983
1D771173
1E57194E
1CC64536
1914BD25
18C4552F
15A38962
19D5095F
1DD5957A
1F56659C
1D3661CB
1C16B9C7
1BD6A9A4
18A6157A
18C5D148
19150906
1B354D01
1AC5B8FD
1A960936
1B86D9C6
1C2751E1
1D9789DA
1C877DD6
1B1711FA
1A06B5E5
17864DF4
1435855E
13249D3A
14342130
15A44CFC
18F54560
19553567
1BF60182
1CF6CDB9
18A6557C
16753961
13653579
154541A3
1EA659B9
1CA679C7
1C26B1CF
1D770DD2
1F67D5D3
1FA835D6
1FA801F3
1F881608
1F377E13
1E87E216
20B721F0
204741DF
1E77D1D6
1FB88A06
21D7D9FF
2237DDF8
2227D602
21371DF1
1DA779F3
1FD811F0
2007FDFD
1EA7F9F0
1EF7B5F3
1DA795FC
1E079E10
1FB811FF
201879FE
1EF80DFF
1ED7CDF0
1E8809F5
1E97E61B
1EA7B60A
1ED7A1FD
1E678DF4
1AC745C4
1BC789D6
1D7841EC
1E1839D0
1EB7F9E0
20078215
1FB7620E
1DD795F0
1CF7D1FA
1BC795F8
1B9791EC
1DF7C1F4
2107F5F3
20D7DA07
1EA7CE02
1D87E1F6
1EB825E8
1F9851D6
1F97E9C6
1F1791C9
1DF751C3
1D76FDAD
1BE6DDB0
19369DA9
19A6519F
19C625BA
1865E9AE
19656578
1945B977
19369565
19B6896C
1956615D
18066123
1515B905
11D364CC
0E7274AD
0D02DCAB
11F440B8
1795F114
1A05D92D
1C268966
1DF67562
1E66A54C
1DD6853F
1CD6253B
1A959950
1B35C561
1CF6697D
1D866185
1E467DA0
1E661DC5
1CE6DDB3
1CF6F594
1B96CD90
1B666545
1A85D124
1B15DD0F
1B66310B
1BE66D32
1CE6FDB8
1D178DD9
1D37FDCC
1FC759ED
1D0745F9
1DB725E8
1ED735D4
1AE6ADA4
19C66573
1A665165
1B46916B
1BF71994
1DA769A8
1E7791BC
1E46FDBA
1AD6118A
17E5497D
13B4C96A
1595699B
17159D9D
1AF659C8
1BB6CDC5
1DD759C5
20078DD6
2177A1D8
1FA7A9CE
1F478E0A
1E37161C
1F673212
1EF791F5
2027A9E7
20084DE8
1E8861EA
2037E9E3
2117A9DF
2097A5F6
1E576DF2
1CC789F4
201801F7
2027E1EE
1FA819ED
1E37CDE5
1D37ADEA
1EA7ADF5
2007A606
20280DF8
1E07A9F9
1E578DF1
1DC805DE
1E780E0F
1ED7DA0C
1F47B20B
1FB77E0C
1DE731E5
1CF751D9
1DB7F9F1
1F0819F6
200805F3
2017EDF9
1F37B1FE
1EA7D5E5
1E582601
1DA7D1FC
1EB80DEB
1F47F1BD
1EE7CDD8
1ED80DDF
1E97F5EE
1CD81DC3
205819F5
201861F3
1E2761F7
1FF6B5DB
2006A9A2
1C16959C
19B695AB
189661B9
18B645AD
17A66191
16E6257F
17E5C969
19B61958
19F6C560
1A769962
1956CD58
18C61D14
1163C8E3
0FB2D0B5
0D72D4A7
0D1284B2
11F41CB3
16154CE2
19260911
1A561D34
1BB5F934
1C86051A
1C269931
1B664D6B
1B46718C
1BF6CD9C
1D0709A3
1CF7219F
1B16FDC0
1D1635D6
1C76E5BE
1D66F99E
1DD6E1AB
1AA69558
1AC60D30
1BA62129
1C063D2E
1CF6814B
1E170D9B
1E27A5BB
1DB809C2
202761F8
1D9741E4
1E46FDD5
1D9711CA
125625D9
16F5CD90
18B74D9D
196789DD
1AA795DB
1EE7BDE1
1F17DDEA
1F66C9DC
1CF685CB
1895B1A1
17256585
1805A587
189609A2
19C695B4
1CB745BE
1DB7D1C8
1F380DD3
200719D0
1F0709C3
205775F6
1C6795F4
1CB831D6
1E9771E9
1F77A9E0
2037EDC1
1DF7E5D7
1E37A9BE
20A755F4
1FE7B1FD
1C37C5F7
1C87C5EA
1F37D5F3
2047C1E2
1F3811D6
1DE7BDCB
1F0715D8
1F6731F7
1FF74A01
1F2785EB
1DA731E2
1D7701F5
1D7785EA
1DB7F5E4
1E27DDED
1EB76E01
20F75E07
20E751E9
1F272E00
1EF7D20C
1FB82212
1EE7CDFE
1FC7B9EC
1E87DDF9
1E37EA02
1DD7FA06
1E47CDFF
1FF7DDD7
1F682DE5
1D97BDDB
1E7755E3
1FD781E6
1F6849D0
2007BDE1
1FB7A5F5
1ED719EA
1B8695E4
1A7629C2
1A9609A8
19C629AD
190635AE
17C621A4
17262589
17360D72
1715CD49
18A5BD22
19A6052E
1BB63955
1BC6D55C
18F5BD11
10D278DB
0CF320C0
084368DA
0C02B8C4
12F430BE
17560CD9
19B63516
19864538
1AB5C52D
1BE5DD1D
1C269160
1BF66597
1D96DDB5
1D97B5B9
1D073DC7
1D9751B8
1DA735BC
1B86BDDC
1A06A9CF
1CF6DDA2
1BC6B596
19F5FD54
1B059534
1D15B93E
1BB59539
1BA5F941
1CF66562
1E172199
20381DD9
1E4795DF
1EB725CE
1F6671CA
1986ADA0
0F44314B
13B4654C
1856997A
1AA7F5E1
1BE7DDED
1E37ADF0
20A755FD
1E57A9FA
1D4735EF
1B0635BF
19A5B59B
19E5C19E
1AB69DC6
1B56E5D2
1CF759D5
1CB749E8
1DB72DF1
1FD6CDFB
1E0721EF
1ED77DF1
1FA7B9D9
1D27F9CA
1D0765E8
1F587DB2
1CC811FA
1F672DDF
1EC6EE1C
1E16F201
1E97B9DC
1C77D9F1
1C984204
1E5825F5
1EE7D5E6
1FC7CDDD
20077DD4
1FC7ADAF
1F7725F2
1EF731F4
1E6749CC
1D2715C3
1D06E9FA
1D075DFA
1D47ADE3
1D9761EF
1DE72603
1EB731EE
1F9771EF
1CD891FB
1E77DA1B
1D67DE22
1DB7A619
1D6769E7
1EB785F6
1DA7A5E7
1DC7B5F2
1EE79DEC
2017A9F0
1F97F9FB
1DB7D9EB
1E3769EF
20374205
20D799E2
205795CE
212789CB
210751B9
1DC68DA1
1A0605A7
1AB64DD8
1B062DC2
19561DBA
1685F1AB
1555E57B
1495D165
13B4F50F
15948CF5
1875110B
1A35D952
1A863D6F
1A461145
15D4A4EC
127334C5
0D1418E6
0A7294CA
128490D7
192584EC
1CE5D970
1AE62D56
19462531
1B55D131
1DC61172
1BF5F197
1B96F1A7
1D97C5C3
1D6761D4
1D26A1CF
1E06A5DE
1CF691F4
1926A5C7
19E691AE
19E6198A
17C4D50A
1BA5311F
1CC55928
1B95212B
1B557534
1B95B13C
1B856939
1DF7A5C1
1E3789D6
1D26C9CB
19367961
14F44511
16E33D2F
15240D2E
1A86EDA0
1C2761C8
1CC77DD3
1D478DDF
1DC77DE6
1DE79DE3
1C4761D6
1BC64DC4
199649B7
1986A1C4
1C672DD2
1CD74DD8
1CB761E5
1C174DEF
1CB72DE0
1DF7B5E8
1DB805E0
1EC7BDE1
2207D60B
1FB78DE6
1D57A9E4
1E9891CC
1E18A5C9
1EC76DF6
1FB70DFE
1E374DF1
1D8759DE
1DF785E7
1EA7FDF2
1E47F1D2
1F77B1DD
20A7B5DB
21E7C5D2
22F799E4
2087B9E9
1E776DF7
1ED711CE
1C9729D9
1C1739EB
1C2785F6
1D17E5D8
1C6771F0
1D075206
1D67FDF6
1DE81DEE
1EA76201
1D57961B
1DE7FA30
1E17C622
1DB789FE
1D3805D7
1E67E1DC
1E8809F2
1F779E05
2087AA1C
20E7EA23
1F87DA0D
1DD7DDF9
1F47B216
1F17EE13
1FF829E2
2077FDDF
214755D4
1EA6F5C1
1B26A9C4
1B96F9F0
1B56B5E9
191619D9
1785DDBE
1415E571
14F60560
1325614A
13751D40
17152D42
19461176
19163D77
18663956
171548DC
1584B4DD
11D3C0EE
0CB36CE9
13353104
1995C112
1D16017A
1AE5E177
19D5D92F
1875E900
1A96113C
18B53D57
17651142
1A269981
1BF6B5AA
1C26CDAC
1AB6B97F
18F60584
16A6C18E
16D69152
16653909
167544D9
1A0500FB
19C520F6
19D5110A
1B15512B
1B65C138
1C771592
1D8745DC
1BF679B2
1955CD90
14A4C120
12A398EF
17459173
189731BD
1CD6D5DB
1DB6B5DC
1CE70DC3
1E3791BF
1D96D5C7
1D8771DA
1C3721D2
1AD635B2
17B63DBD
18F6A5B7
1BB72DB4
1DB799B3
1D2781E6
1CF761ED
1C5799C3
1DE7E5D9
1F37A1ED
1F47BDEA
1FC80A12
1FB7A5F7
1F27C1EA
1F284DE6
1E4889E7
1DE7E5EC
1D47EDE0
1E57EDDB
1F7799E1
1FB76DEC
1FD7ADF4
2097D1DE
2107C1D2
1FB7A9DE
1E9769E0
221745E7
22079DFE
1FB7B5FF
1E576DF1
1CA791DF
1CF811E0
1DF865BB
1D2785DF
1DD75DF3
1F078DEC
1EA80A02
1EB7CDFC
1F5741F5
1E676209
1DD7E9F5
1FF7ADEE
1FC781E6
1EF789F3
1F47D200
1DF7D5FF
1ED76A07
1FC77613
2137C21E
20F7F219
1EF7EE06
204805F2
1FF811F8
1ED801FE
1E483A0B
1ED7F1F4
1D47DA01
1C17B5FB
1BA771F3
1AB701F2
1A0669E3
1985D9C8
1AA67580
1946657E
16560977
1766557D
19866D74
1AE61582
1CA68D5E
1B362D37
18F5A0F4
15F594DE
1293A0BA
0E43D0EB
1515E93B
1AF6912E
1D564D58
1A75ED64
18F60119
1675D0E5
12D51CDB
1354A0E3
11934CE3
11D384E6
10041901
0F53E0FD
1454011E
17E4E522
160484E5
15F43CDC
1634C8C6
163540AF
166528AC
1764B8D4
17F4D4FA
1A15411F
1B262147
1C77197F
19A635C8
1795FD8A
163480FC
12F48516
17B64974
1A4731D9
1C27AE0B
1E66FE08
1D46F5ED
1CE76DE2
1E57C9C2
1DD6F9C9
1EE77DEC
1D56C9EB
1CC6B5E2
195649BF
19B70DA2
1B374DA1
1C6725AE
20072DD7
208745E1
1C77C9D0
1F37B600
20372E0B
1F078DFA
1F6829FC
1E1829FA
1C489A0B
1C685DF0
20B7F1F0
1FE7D9E8
1C8815DA
200805F3
20F7D9E2
221795D8
21A74DE8
210781F2
2007DDF6
2097C1D7
20375DCF
20670DE8
20C74DED
212815EE
1EA7ADF2
1E47F5E4
1DA865DD
1CE821D3
1D7785EB
1F371DFC
1FB75DF3
1CE8861A
1FB7A9CC
1FA739D3
1EC77DFC
1D67A9EF
1E8799DF
1FF741DF
206709F1
1E5725F6
1B9725F8
1D7751E4
1F1771F1
2107B201
2077DE05
1EB7F207
1F87F1EE
208801DE
1DD7F5F1
1E180E13
1FA805F1
21A7FA03
1D77C5FD
1C87B9E4
1BC72DE4
1DD755CB
1D27099C
1DC6F17B
1C16A57F
1976958B
1B276DA1
1A572589
1B16B171
1D465168
1BC68D3B
19B60104
178534E1
13C458C4
1224DCEC
17763112
1CB6D920
1E46612C
1BB5D535
1855F12A
15E5E908
10049D08
0FB3C0E8
0BA290C2
07C314C1
09C1CC89
07219C82
0681889A
09A2907D
135410CA
1603E8B6
16F43079
14042062
15846893
16D410BB
1994AD19
19F50D32
19A74D97
18F6816B
14B56D57
1404ED6F
1314A51F
18768D80
18D67583
1BC711D4
1CF7BDEE
1CD799FC
1CA735F8
1CB7A200
1CC7E5EE
1C16B1D2
1F57B9F4
1E2711E7
1F5775EC
1DC771C8
1AA705B1
1A1705AD
1C46DDB7
1E46E5C1
1FB755D6
1EF7FDEC
1D8819F7
1F076E0D
1FB75A16
1FE831E7
1DB7A9DB
1AA7A9D2
1B17F9C9
1FB7C1C8
2177ADE0
2127C9F3
2077EDFA
1F17C1ED
1F2775E8
223715BC
1E07BDED
1D97C9F1
20D7B5D9
229765DC
205719E9
1F876DEF
1F0815E6
1DA871D6
1FD885CA
1E4859E2
1D4819E5
1C981601
1EF73DF9
1FC74DEB
2017A1CF
20C781A8
1F2715B6
1D4729E2
1B37B9FC
1D2785E1
1F86EDE3
1F26FDCF
1E2719C9
1C76F9D4
1E1729C0
1D87A1C9
1C472DD3
1D4749CD
1B1779F7
1E87B1F7
1FC7D5F7
1EF7E9F5
1F27E5D6
21081A05
2017F9FC
1EC7C1F7
1E9721EA
1EE71DE8
1DD765D2
1E9761B6
1D272D9F
1D87319B
1B7755E1
1BC74DA0
1A47C181
1E06D5B6
1B56D18F
19A6B952
17156CF4
14F454CA
15B494D1
14A4D4DF
19C65CF1
1C46E10D
1CA6791E
1A565528
17766130
13F54D42
0F23714D
0AE2D112
069298EC
07315493
07C0E06E
0760F46F
06216C81
0A02587E
0BB2345D
0C41CC4F
0C91EC3F
09415865
09717C37
0C51B85A
18640D20
1AB4BD5F
1956157F
18D60D70
135524FB
14045570
14D5697A
1946ADA5
1B46D1C4
1D1721CC
1B1745B9
1B5741D9
1AA73DEA
1A3755EF
1B27D60F
1C781A12
1F2779E7
1FB791EE
1F5771FD
1E8799DF
1B4701B6
186691B3
1B76A1A4
1D671DAF
1F3791D0
2057B9EB
1F17CDF2
1FB75A01
1DC7E9D3
1F4835F6
1EE7D1F0
1DC83DE9
1CB835CE
1F87D9DE
209799EC
20D771F2
2107EDD1
1FD7EDDD
1E37B1E7
1EA8F205
1DF849EC
1E87C1DF
207789CD
20C731E5
1F3709F9
1EF75DFD
1E7819F8
1D78ADF1
1D38B5FB
1E581DED
1EF80DE3
1EC7E9F2
1FB7A1EB
209771DA
1FB6FDBC
207735B2
1D8721BE
1D5785CE
1EC7EDD1
1D8721DB
1D96D1DD
1D96CDBD
1B36B1C1
1CA705B4
1F67299C
1B77E5B9
1A473DB5
1A56A5CA
1D2721E0
1E977604
20279200
1EC83622
1DE799CC
1D874DC3
1DE7BDEF
1D5791EA
1CD73DEB
1EB719EB
1FB74DE9
1FD77DDF
1C777DDE
1CF789D5
1D2705E4
1CF6E9B7
1C77A56F
1CD7D570
19A73989
13F4F91A
14B368AD
13842CD9
16F518F5
17657107
1875E8F9
1A267105
19C66D28
18265138
1506193B
1314E160
0EA32197
0812ED60
0752E15B
07627D4C
0440E498
04B1589D
06319886
07919871
08B19467
08C1906F
06F0EC7B
0400C429
0581602B
06C1A847
0BB26C86
15E3DCD7
12F60D89
15F5A58F
1555295B
14D55D78
16E68191
1846A5B3
1B26CDCD
1A76819F
1965D159
17A5294E
17957584
18A73DE3
1A075DE7
1B36ADC0
1FA709D1
205709E5
1F173A03
1D4779FC
1A56EDB7
1AD62593
1AC5FDA2
1B2701AE
1F370DE3
20176DE7
1F3705EC
1E6789E3
1E0839CA
1DF81E07
1FC80E15
20582619
1E985DE3
1EB81DF3
1EF7A9F8
1F6745F6
1E07A1F0
1CD7BE01
1DC7D20A
1D68A1EC
1F7835F5
2037BDEA
206769CF
1EC741F0
1CD6D1FA
1F172E00
1F97FE07
1EB83DFB
1C6875E1
1D87F9E8
1ED75207
2027CDEE
2027EDE9
2057B5DF
1FE741BF
1EB705B2
1E7729C0
1BB77DD2
1D06F5D1
1D26B1AC
1CD6C5B2
1A16E1DA
1B36A59A
1C46E58A
2057217F
1D471973
1B771578
1CF73D9E
1D3779F0
1EB739F7
1E576DFD
1A2729E3
1A4721D9
1B06DDC5
187609C1
18D6A9DF
1AC6ADD3
1D96E1E0
1ED71DF5
1EB779F4
1E57CDCE
1E77CDCF
1E7761DF
1D86CDC6
1D17618D
1B576568
16A6D173
14F464D1
16F394AA
17C480E7
17456D2E
17357127
17159918
1735CD39
19B5F54E
18E55581
15A5798F
11C46DC8
0F03DDDB
09D35DB4
09A365A2
08C30991
06832978
05D2C512
08E2BCE7
084218AE
0761CC87
07E22495
08720489
0450CC3B
04713842
06B1A44F
0861906B
1193DCFD
1145399B
148575A2
17A559AE
17C5F1A7
1976D1BE
19C6F9CA
14064DA4
1464D153
15D470FA
15E3F0E3
14F5F598
1766E5B7
1966EDCD
1C26E5C2
1DE6F5AD
1D8749BC
1DE729E3
1C2741FB
19B6E9DA
194691CE
18F5F5C7
18C685E7
1B06E604
1DF6D5F7
1F46B5F5
1E875DFC
1FB861E2
1CD7DA01
1F27FA0F
22783DDA
20E839F9
1F280E01
1DB7E9F7
1FB74DFC
1E2791EE
1C57C9F2
1C8781F9
1DD7A5ED
1F780DF5
1F97CE00
1F077E07
1F677204
1E6769E5
1D87C5EC
1EB7EA07
1ED7D5F6
1CB7EDCD
1DD785E6
1F06C5FE
1F2711F2
1F8829F3
1F1851EE
1EB775E6
1F2719B4
1EA6F1CB
1D86D9E2
1BD6A9A7
1BA6897F
1C26C975
1C76D553
1BF6A157
1C060D3B
1B460535
1A565136
1B96914B
2006C993
1DC745BD
1AF6A5A2
1434C565
10B4C568
0F94B584
0DD4358F
112419A8
11C4B5BB
15A4B194
19E53D9E
1C972A04
1CE75DF4
1D9785C3
1DF7A1C2
1EA7A1C0
1C973DB4
1AD72D94
19767D5B
17F57512
15A4D0C8
1814A0BB
1995A502
16C5412E
15046940
14848948
1846516F
1A56059A
1B15FDC3
191621D9
15159DCD
11F569DD
0D0485C6
0C4495B7
0B24859E
0A04959C
0C448D92
0CA4356D
0C83E53D
0B335CE8
0AA2E4D3
0C22B4EE
093244BA
086268C0
05E1306E
0871C0A9
0B42E522
0FD40950
15554950
1815697F
1AE645B8
1C26F9DC
1BF76DD1
1166917F
0D44CD4C
118328C8
1433C902
176731B1
18A765B3
1A1755BC
1BC6FDC4
1A876DC5
1AE785C4
1BD74DD4
1B56D1E9
1A164DEA
18C701CE
17F64DBC
18165DD7
19D6D611
21B775E7
222751E3
1E17520A
1E78B9B1
1CD7ADF7
1F07EA11
21979DD2
1FC77DEA
1F77CA04
1E87B1FD
1F3711FA
1F6775E0
1D67D1DC
1FC741E7
1FD739E5
1D27D1DF
1CF77DFC
1E276615
1E87320B
1DB731E6
1CB7C9E6
1D5809F9
1F0799F0
1EA75DD8
1D7791E2
1E4719FA
1D87A5FF
1DC7E1D6
1ED869DD
1EC74DCD
1EE72DC0
1C46D1A6
1A2685C4
17D58912
16D53CEC
17E5710C
1B35F92A
1B05890C
1A35950D
1795D525
1705D534
1AE63161
1E96AD8B
1F56C18B
1A86A97E
13553D2C
10543930
0FB36D44
0DE2E16B
0ED2F179
0E838188
10D3E56F
1233F97D
17E625ED
14455DA1
1515F5B1
16C6E1D9
17A6E9CE
1B771DA8
18E5F96E
18E54924
17F4E8ED
1624E0D1
168530CE
1775D0E2
114490FD
0F945927
14E5615B
1B6755B7
1B36FDBB
1C86E5E1
1B86B5E2
18A66DC1
1205F199
0F2579AB
0E4575C8
0C8561CF
0CB519B8
0E74E5AD
0F34999E
11556971
10042D45
0CB3D530
0F238942
0F433D3D
0D53F53E
0BE32917
093224CB
0AD27D00
0BA32538
13A4E536
16958170
1A4679B1
19D715D1
16E72997
1134413E
0B52AD02
115364E0
1555AD6C
182761C8
1A3791C2
19C75DBC
190735CF
182779DA
18976DD9
197729CF
1A16BDC1
19E645D7
18D6A1CB
192659B5
18F689B3
1A3701B8
20B799BC
20E751BE
205761DE
1DE74DF2
1D776608
1E47EA12
1E87DA11
1EA7ADFD
1E1809EE
1DB7D9E3
1E2779E4
1EB78DEC
1D77C5FF
1ED7A5F3
1EC7D1C5
1D97C5BE
1E57BDDC
1E471604
1F36FA01
1EC75DF1
1E27D9F4
1DB829F7
1F47B9ED
1F576DDF
1E1769DE
1D07D60A
1D9795F9
1D7741B9
1D5741CF
1CF6BDAD
1C467983
1A26195F
1705712D
1684E4F6
16750CCF
15A4CCE7
1714B0F1
1874D0F3
1754DCF7
155478FB
16250D25
1B861163
1DA63541
1DB6916D
18F63154
13F5811B
0DC2F8EE
0DA2E91C
0F53210E
0D62E117
0BA28556
0AF2ED69
0B84014E
10642567
1114997B
10D48D84
10A4A195
1204D1A2
12F46D80
1744E93E
1744950E
1824FCDD
1524E8D7
15C4D0EA
15D4B4F1
0EA454FC
0AE4693E
18E62DAC
1CD6F5D1
1CE781EE
1DB79DE4
1F6729ED
215701F5
1CB785CE
141635C7
10B5A9C2
0E2535BC
0D6539D4
10A585CA
1185A1C1
11A5219D
0FC4C18A
1004396C
1374255A
1954A553
10644D88
0E13395E
0DA28911
0B32F51F
0BB2F92D
11B45123
13A4C95F
12B4F560
11C6357B
11B4E152
0E232501
095298C3
0F12ECBD
12E46926
1976C598
1AC725A9
1A16D9B1
19B6E1D8
19A70DE5
18F729F2
199711E2
19D715D4
19F711DE
19E681D6
1976A5E2
186761E4
1A17BDCE
1DD7E9AF
20979DC5
205759EF
1D26F1F7
1DE7D608
1F38220A
1ED81210
1DA7E606
1E581DDF
1D87A5DC
1F374DE5
1E87EE06
1DB7FE19
1D57FDFD
1E5811CD
1F57E1BE
1F47C5D3
1DE795F9
20171A03
201789EC
1DC835F3
2017F5F6
2007BDE3
1FC791DF
1EC78DD5
1DC7ADD6
1DB741CB
1EE6EDBE
1E66CDBD
1D06999C
1A85D139
18054D0A
16A4F0F0
1774D4D9
16E4D8D2
15E4E4D4
1754B0D2
19E4F8EB
1A950919
1A852525
1A355D2D
1D15F12A
1B85E52D
1745A116
1354F4EF
0FB310B8
0CC27CBD
0C62ECC4
0E3380C5
0DC324AE
0B72ACD8
0B72E0C8
0C23ACDA
0E23D535
0EE40165
0D945598
0F648D93
10746992
1154197E
12E3F93A
14F4011E
15E48D02
12C4E0F8
120520D7
11844CE3
0F732D1D
0C44556D
15E68DFB
1C273E19
1C47A61B
1C77C5EE
1E7811D8
1E5771E1
1C6739EE
1806D9D6
1385CDA1
0E24B9BD
0D14DDC7
0FE4E9F5
109555ED
0ED549CF
0EF4CDA8
0FB49994
13A4817F
165521A9
15F541D1
1173C19E
10A33149
10834D2D
0DB3752A
0CE3592A
1043991D
1024814A
0E148D41
0C7200E9
0A82049E
0AE2107F
0A422070
0F837117
15954D66
1915F575
1CD66982
1EC6999D
1CD6EDB5
1C9769E1
1C5761E5
1D8795C5
1BF78DD8
19276DFD
1AA76203
1C27DE01
1C97E1DA
1D381DD4
1F3799F3
1F573201
20076E18
1DD855F9
1FF84DFE
1F38120C
1D9805FD
1C9819EE
1D17D5D9
1F177DE0
1F87D1EE
1EF819F6
1E0849E4
1E8829CE
20681DD9
203805E2
1F07E1EF
20673A03
20C749ED
1EF7DDEA
2007A9EC
20B771EC
1FB775BD
1F075DAB
1EF7E1A1
1E77D5A3
1E86F1D2
20F6EDB2
1CC68D54
1925A0FD
16E4F8ED
16F4C0D5
1614ACA0
1754A0EA
16B4E0FE
1DA63D67
1E464170
1E667985
1E1701B4
1BE6B9A5
1B870DAC
1A664D37
1314C935
11E3F10C
10F2B4B7
0DD308C6
0D3380B0
0E63B0A9
0D23647F
0F53B0EC
0A61D0D2
0CD418A8
118340F4
1063AD30
0EB48545
0F24C56B
0FF4858E
1094319F
10C3D166
1283FD42
10646542
0F24A12D
0BC42149
0E92B927
0F53513C
15850DCA
1706A9F9
1CA77207
1CA7920D
1AD729F4
1BD701EA
1AC725EA
19E749E2
18C719E0
155605AE
1215119A
0DF53D9E
0F1509C0
0E24F1D5
0D9505C9
0DE4D1BB
0E34E5C9
10B49DB1
15853DBE
161649D9
12650D8C
12044D59
10F41D55
0D442D47
0CC3B134
0FF39930
0EE3A939
0BF43943
09433525
08D18CB4
0721706A
06A19068
08B2A4B2
11137546
1945AD70
1C86C99F
1EA779B4
1E5785B4
1E57C9D0
1FD859BC
1E27B1EA
1D57F9C8
21575203
2057BE07
20E81E01
1F981DE7
1D5791CC
1D574DEF
1E96ADF0
1F577E1B
1DE881D9
1EE879C3
1FB7E5CD
1F47E1E1
1EC851F1
1DF7F9C5
1F3781D5
1F67A1E5
1ED80DF3
1D683DED
1EC7E1BB
211811E5
2127C1E5
200751E2
1FA755F1
20C71DEF
1FD739D9
1FE769CE
1F274DEA
1FC731AE
1D76F58F
1CC6C98C
1D36BDB0
1DB6D9AC
1F76E58A
1C363533
1975A8F2
1874C4F9
17548CD9
1784ACC5
19554D24
1E56418C
1D2709DD
1F1765D6
1FA741E2
1F0731E1
1D576DDB
1D8819C8
1F08318A
15C4B56C
181324F6
140364CB
0EF380E2
0EB3C0B6
1093FCCD
12743CEA
12B430EB
1053F8F7
10036CF7
0F0480E2
0EB4A8D2
0F2468EB
0E148D2C
0D048D7E
0D146DA0
08446576
0A245184
0D244161
0B73E94B
0EE44960
1223215B
15849D8D
19B699CA
1CB741C5
1C37DDF5
1BD79DF4
1B9741DF
1A964DFC
1956D9EA
1A56FDEA
1A2711E0
181651BA
16F5ADA5
1465419A
0DD501A2
0E750DBD
0CA501A6
0C24D9A2
0C54B5B6
0DC469C3
11F495DF
1395E9C8
11F59590
11051571
1024B56F
10842D51
0EE3D12A
0EC39138
0CC3353C
09E2D139
07F26D16
0791CCAF
05D1146F
06618474
099280D5
1624ED79
1A963D84
1DC81DEC
1E87C9B6
1F67D5B0
1F77F1D3
1FB87DE2
1E986DE4
1D37EDDB
1F679DF7
206781FA
2097F5FB
1DF7A5D1
1EF7DDD3
1F7785D8
1F6725CD
2007A9C2
2067CDD3
20E785E2
1F67D1CA
1FD86A00
1E078A05
1F6781E1
1F7775DA
1FC79DDF
1DF809FF
1E7845E6
1FA81DE0
1EA785DB
20E7B1DC
2067C5F0
1E884213
1C581A0B
1FB761BF
1F97A1A4
1C3801A6
1B6779A4
1B267D85
1BB68999
1BD6A9AF
1B86E9A0
1C271D7C
1B461940
1A95711F
1AF5110C
18D4E0F1
1945A4E2
1AD6313D
1B06C1BA
1CD739E1
1F2755F1
1F673DF5
1EC73E02
1E378E04
1C1821C8
1AD75DBB
1E27258C
1B24D52B
15A46104
10F3D0F6
120458EE
1354BD1C
15751D48
1504991D
12842930
10E42139
11242D26
10B4250A
0F23D114
0D23953D
0944115D
05542D50
07B3756A
07335974
09E3D96F
0EE55188
1375B1A1
182621C8
19C71DE9
1D2721E6
1E1761EB
1B1749E7
19F721CA
1956E1BD
19B669CF
1AB631EC
1B869DE7
1BF6A9C9
199609A9
173599B6
156551BD
12E539C5
1064E5CB
0C44B583
0B248970
09D4093F
0A440192
0A63F981
0C13F14E
1384B59C
1313E575
17A3F14A
16D3C115
14142523
0F343D46
0AA30530
08526D0A
070204BC
0811F099
09E274A0
0AD2D4B7
1064A118
1B268DAF
1D3731CE
1D0769D2
1D3751B5
20A7C9AF
1F37DDC5
1E383DD6
1D0819DC
1C37BDDB
1D8799DC
1D67A1D3
1DB7C5E6
1E87F9DF
1F1825E7
1FA7FDE8
1F17E1D2
1F5831CD
212775D0
1FC7ADD5
1F17C5E0
1DF799FE
1D875602
1F875DFC
202769ED
1F27D5FA
1E47E9F1
1F77C9D2
1D77B5DF
1D978DDC
1F876DC5
21180DFE
1D082E05
1BC7F1EA
1E07B5C5
1EF77198
1CA779AB
1B86A5A2
1AD5DD7A
1B068986
1B5761A5
1BD78D9E
1C274D8F
1BA6E575
1A55D94B
1C061932
1AB5A505
1A25F4F2
1A56AD41
1AD739BA
1DA771C9
1EB741D6
1C874DD1
1CE749F1
1D2785EE
1C1785AA
1C971199
1F372592
1E667D62
1CA65550
18B6516F
1695954A
16058561
12F50D57
1344CD58
12B44165
12240D77
11740978
1103D96C
0DE3B149
0922B14F
09828D64
07B3315C
06C3155C
07B2F14F
09937D47
0E458995
125575A4
16773DF6
187755FA
1F67A1FC
206799F4
1AB6C1CC
1A066DAA
18F689A2
17C619A6
17F5C1B6
1885E5D1
1B05BD7B
1B85DD98
19C605BD
16F5A5C5
137599B9
10E545A0
0BF3D973
09F29943
0972E152
07F39176
08C39142
0AE38120
1043ED69
0F33895E
14E3D538
15640127
11C5155D
0E94ED68
0AB3311D
07327CD8
07C20CB0
097230AC
0D32A0AF
10F430DB
1365CD27
189761A5
1CB709B6
1C66E1BD
1B8691A1
1D8709A4
1A07F5DD
1BB85DD3
1CE7F5D0
1C07A5DD
1D67C5B8
1E17A5BC
1DA7A1E6
1DB805EE
1EC84DCE
1EB7FDF3
1EA7ADF3
1D9751E7
1D579609
1EE821D4
1E87FDDE
1D379A08
1CC78E07
1F4799FC
1FF76E13
1F57EE03
1EE7D1D2
1E4751DA
1CE779ED
1CC789DF
1F7755CD
1F9739D7
1CF6EDD7
1DB5B1F2
1FC6B591
2096B581
1DF6ED94
1BF689AE
1BF67589
1C3711AD
1D6791C4
1ED7ADB9
1CB6E1D3
1B477DB0
1D06E59F
1D36297B
1B260D51
1B160D38
1C263D5A
1E070DBC
1DA76DB5
1BF72DA8
1B2709A5
1C171DAF
1D070D95
1D86F57B
1E16E166
1CF6916F
1CF67173
1DA6916F
1C75F15F
19F5691A
10D51D54
1014D55F
10E4E174
11A4E579
11B4D58B
1114759E
101485AB
0CB43991
09936186
07B32983
06C3897C
06B2E15C
0682B526
0802C506
0CB3592C
0EE2F4F2
1324411B
1636315B
1D279D85
1C37218D
1A2641AC
19B5F9B0
1756599D
1615E5A0
1775ADB2
16A595C3
167595B5
1B05FDBC
1CB6BDD3
1928BD7E
16C661A8
11250D65
08334D5C
08F27553
0932A969
07A3596D
08032142
0812B148
0B236551
0CA38D67
0F937D78
10C3E15A
10753D6F
0D14F16D
0C239125
084288D6
094248C6
0D8288CA
125390DF
1724B8FA
18A5DD3E
1BD66D40
1C166980
1C666D93
19256D50
16A4093C
18F54D76
1DA86591
1E27E5B2
1CC79DD6
1DD7A5C7
1F075DD8
1EB725F6
1DB74DF4
1CF7A1E9
1D67F5F6
1F377A07
1DD6FA10
1C17DE32
1E2811E0
1D382DD6
1C57C9FC
1C37A206
1EB76E08
1F273617
2007B5EA
1F9765DC
1EC721E9
1DD765FE
1C4789F1
1FC77DD6
1F5745CD
1AD64982
1B26C175
1D469D56
1E97054D
1DD6E167
1C470591
1C17B5B5
1CF831D6
1E579DD5
1F7791C7
1EF7BDCA
1C27A1D6
1ED7A9DC
1E0671A7
1B65BD66
1B45E52D
1D56194C
1E569589
1A16D18E
1A26B984
1B06416E
1C364D61
1C362549
1BF6694B
1C666942
19E5E55B
19962D5D
1C861D5B
1CB58D35
1794E51D
12C51956
1184F97B
10951983
10151576
1185459B
125539C5
1074C1C5
0D2469AE
0B6451A0
09341595
07837D7B
06C2A14C
074240EE
050228C3
06B190F9
0B41F8BB
1152DCD1
137388EF
1AA6FD76
1A66ED87
1955D195
18B555A4
17653599
17E56198
18C585B4
18358DBA
1765CDB6
17865DC2
1BE7A1DD
1B87C9BC
19867DA2
1013651D
09C27949
08621D48
0972F156
0983114F
08C2F943
08A29957
05E36D43
0DD371A8
0F936DB9
0F042D9B
0F349593
1094CD8A
10D3C554
0F02BD0B
0C4360E5
0FB3E0D6
15A454DC
1774B0EA
17A52CFC
17853D02
1A75992C
19B5812D
148484D3
144464D4
15D44932
1A569D8F
1DE799A6
1ED78DBD
1E37B9E0
1E77B1E9
1EF755F5
1E772DEA
1D7761E2
1DC7B9FF
1EC78A1C
1EA6FE14
1C47A620
1E37B1E5
1D7829C8
1EC7F5D8
20979DDF
1F273E01
1E8741FE
1F4781ED
1F7759FD
1F773A00
20376208
1F175E24
1E5739DD
1D96E9DE
1C270DBF
1B475D85
1D87458E
1D86ED85
1BD69571
1CD64D58
1C7861C1
1D2815DF
1DA741DB
1EB749CC
212795BC
2047BDC4
1E5749AF
1A45ED7A
1A664176
19E60139
1A061932
19168570
1966353D
19362D3A
1AD62575
1A460955
1AB5F130
1936290B
1995BCFA
19A52D1C
1A75552D
1B15B927
1AA55D09
16652945
14552157
13B5356F
12954186
0F24C58B
11152D90
1124F9BC
0E3449C2
0D8445B1
0D75019F
0C54D991
0AC40981
07C2DD45
06A2912E
0602692A
0611C10A
09A1A4CE
0D62049D
0F720CB1
12B4090A
18267171
16C4F943
1583E0F4
15C43513
15949123
17A57181
1945B1A4
18E5F1B2
1846B1CD
1BB74DE7
1B3741D2
1835B18B
0F134D2D
0A328944
0A42D13C
09E33D39
07630926
07D2E92B
0812DD42
07E3355E
0B93E18F
0E1425AE
0EC4A580
1084E1A5
14E525AF
14B49D70
1383F142
1253D501
12E46CC6
1554B8D2
1784C8DF
17E508E5
183568F6
18A59909
17E520F5
149468C0
13A43CD3
14A4790C
1805D15E
1C7785AD
1E0835E4
1E2809EE
1E0811F3
2057BDF6
2007ADFF
1EF7F201
1ED83A06
2197DDFF
1FC739E8
1D5749FF
1EA765EB
1DE7A1CB
1F27C1CE
2037ADE6
2027ADF9
1E27B5F2
1F474201
1EF76208
1E18B1E4
2057B5FE
1F572DF4
1DF735C7
1DC759C9
1D7779CA
1B27A5AB
1A7795B8
1B767181
1C064151
1B368D4C
1AC6C58E
1C9765CE
1CD739EB
1E0775CE
21671DA2
215705A5
1A95A948
1A663D3F
18E68160
19A6154B
19A5B138
19F5A925
1A961D1D
1A968939
1A566565
16C6216D
1755F924
17C5CCEE
187544E7
1A04E0E9
1924C8EE
1894F4F8
18A56907
16556539
14E5A948
15360D4F
16B62156
1415B563
10A51D60
10552DA1
0E14A9BA
0DC44DB2
0CD52D99
0C05058E
0A945987
0A13B573
0AA36D66
0A832959
08B20913
0A520CE7
0BD218B8
0F2294DE
130344F9
13A44D02
113448D4
10A32CAF
0D0278AF
1193E0EB
15355140
17F5E563
1935E1A5
197671D9
1C6721EB
1B8799F3
1946A5A9
10C45D61
09032927
0832DD20
07028127
04129920
05628523
0A42D529
0C73654A
0F84897C
0E747574
0FC4C578
12855199
15B54DC4
15355959
1363E52B
1333CCFB
12B480D7
1594D8C9
17E4E0CF
18D50CCE
19C58CF5
18B594F2
177540E9
16C488C9
16446CC3
14750906
1805E950
1A0701A5
1D87EDDF
1EC859EA
1F0841F6
20E7EA01
20B7DA0A
1FE82203
2078A1E9
21B805F2
202749EF
1C47E9CF
1D87ADF8
1D8739FA
1C1711FA
1EE7BDEA
20B7F9F3
1F07FDE0
1FD795E2
20B78DEA
1DB7E9FD
1E97BE06
1EB785F8
1ED741D5
1E67F9C6
1D17D5BB
1A7779B1
1A7739C3
1C966569
1E56BD49
1C36AD4D
1AE69971
1C56C1AA
1E3781B9
1DA7A9BC
1E8781A6
1EF72178
1DA65951
1BD67D33
1B06B52D
1BB60D3E
1C059D48
1A95D52F
18F6352C
1A464D3D
1A85712D
16D51915
16F4F51A
16A4B0FB
1724E4ED
1874DCF8
17F4F8ED
1744D0F4
1714BCF1
16C4F8F9
17C4A8F9
19F5590C
1AC59508
16B53917
14C4F928
10152D77
0F95399B
0E54C5AC
0D64A5A8
0B6531A3
0974F5B3
0BD3B59D
0D13A596
0CE3A99D
0A22AD51
0A723132
0D329D24
11D40162
16347557
0E83D8E8
0D33B0CF
0C12A0BC
0A41D8B7
0B2210C3
1284AD4E
17057977
17B601A9
183679E8
1B3715F1
19D735DA
18666599
0F940564
08C36930
0682D528
0651F51C
0481F934
05026D1D
0CA2D129
10235544
10C4757B
1204CD81
12152DBA
12758965
1205051C
138430F7
133380DF
12944D05
152430BF
16249CB1
1754E8C6
18E510C2
199524B5
194588EC
19462D29
1945B549
17655D41
15C57521
16F58134
18D5D974
1E27F1CB
20A871CA
207899E3
1EC821F8
2057CA02
2037B9F9
20A7E9F7
2167B5FE
207741E8
1BD775F0
1DA731D8
1CF76205
1E078601
20B7CDEA
2027F9EC
1F57F9F6
2017C9EC
2087B1E6
1E7795F1
1E67BE10
1DF84A0F
1E482202
1F17B1EF
1DE7C5CC
1BE7119E
1BA67191
1C769974
1E76CD4B
1D466543
1C86695A
1CF6998E
1D96CDAB
1D26F9B0
1D872DB5
1F17119E
1D36C962
1AE68146
1B365931
1D65F93C
1E663140
1AD65534
17660933
18958D1E
18751905
1574F0FC
18347CFE
18B4CCF6
16E508D3
16E50CED
16B524F8
16C4C900
17A48CF1
18B494D9
1904A8DF
1A0488DC
1A64C4D5
1854BCF6
1784D509
16158514
1245154F
0F34798C
0AD48DB6
0A04E9B8
0A84ADAE
0C73D9AE
0D03B5C1
0BA3A9B5
09D31D8B
0D02BDAE
122391B7
1BC5CDBF
1B45A98E
1865216A
1243F4ED
0B0290D7
0961D4C4
0A720CD5
0E44892A
11B56962
18D5458D
14E635BE
187699E4
1916A9C3
1716899F
13A50585
08C30938
08622D27
0771E521
04B22928
05C24915
0AD2D520
0E538961
1254A57A
14A53D84
12B5318F
11D56540
12F4D917
14C3F0DB
14F3F8B7
167494D8
1604F8E4
15A488E6
17347CEA
1884D8AC
18E4B49C
19250CDE
19562D75
19367D93
1956357B
1795C13D
18D5A921
1905916C
1D8765C4
1F07ADD3
1D680DEC
1FA88E06
1ED801F7
1FD73E00
20473A06
20C7A1EF
207775BC
1E3711F0
1D5785E9
1DE7A603
20376A2E
1F678A03
1EA7FDFC
1CC7F5F1
1F484E1C
1FC7E5E5
1EE7BDF3
1E083603
1E285202
1E57EDEE
1E77A5E6
1F278DCE
1EB749AF
1C5699A6
1DB69568
1C86253F
1C86453B
1C566949
1C768574
1DB69D79
1CF66D7D
1D06397C
1D467572
15B6D150
17259517
1995A12C
1C55ED38
1EE6ED37
1A268D26
1895D10B
185524DF
1764F4E8
1684C8F1
1844D4F5
1AE4C0DA
184490E1
16A4E8E5
170558EE
1754F100
17B4A4F5
1A9500CD
19B48CE4
189460DF
1844B4EF
1634E8F9
177508E8
1424F117
10B3E53A
0E834D55
0BD3616A
09B41586
0A84318F
0B33F591
0DA48DB5
0BA419A3
0B73619F
10734D96
1434DDCC
1B46A9CC
1CF695BB
18B57189
1303F183
0F22E91E
07F2DCEE
0931DCDC
06732104
0F349140
1684F17E
17E5A99C
1B06E9C4
1A0639B8
17B5C194
12445963
0A73454D
09626D45
0842313F
05222136
0662513B
0972B13D
0C73B541
1074896B
1575218A
16359169
13053D50
13B51532
15C47900
169444E6
1744B0ED
16D558F1
17D55922
1914C127
16F42CD6
167408A9
1894ECDC
19E57D1B
1A96115A
19C62D4C
1906092A
1A660D31
19761560
1DF725DA
1D7721DF
1F67D9CC
1E688DE3
1E47D1F7
1D87560F
1EC72202
1F27D1D1
1F5805AD
1E3821D5
1DC809E5
1D67A200
1C07621E
1DB7AA1F
1F17DE1E
1D081A09
1CF84A01
1F1801D6
1ED7C9F6
1F2805F9
1EB7D9E7
1D579DE5
1D4791E7
1FB7BDE9
20475DE4
1D76D5C0
1A8635C2
1DF68581
1C95E92F
1B46651E
1BD64932
1CA5F10C
1CA5CCFB
1BC480FC
1AA50CFB
1755BCF0
17C58CF7
18658920
1BA5BD2D
1C568133
1B161D2A
16A568E7
16950CD1
166474D0
174534D6
186514D9
1A04D8CF
19F4DCC8
1724BCE1
16C56CE0
14256CE0
1604B4D4
1754E100
1664AD0C
14542103
12B42115
11C4391A
13849506
12A42D0F
0FF38D24
0CB33946
0832F550
08D3DD6D
09343583
0BF4D9AA
0D94D1A3
0CA4457E
0EA359A0
0F64E99F
1B878DB1
1C4771C8
1CA725D5
19B5F1B5
1464BD98
0F34C189
0764152D
0592C8F9
08124CE7
0BE308FE
1154194F
1585BDA6
16E5E9A3
17659D9E
14046991
10D40570
0B63B573
0A33897D
09336963
0A936D43
06425D53
0AE2DD52
0E03BD3E
10543553
1444617D
1284C174
10D4BD72
1655011A
17B4F913
1684790A
1794F8F8
17E568F9
17C52927
19851D26
17F4F4F8
1644BCDC
17D534D6
191590DF
1AC5410B
19762D32
19D64531
1AA6093E
1A965571
1F075DC8
1ED781D6
2117B9D0
1FA859D9
1DB805F1
1C573E14
1E376DF9
1E67B1DC
1DC7C1DB
1DE80DDB
1E57C1E1
1E97F9FA
1D382E0D
1EB8420D
1DA7A206
1CE7C9F0
1DE859FD
1E57C9A7
1E07CDCC
1F5819E2
1F881DDC
1D67F1E7
1D2779F6
1D2771FF
1C9779EB
1BE72DC9
1D7711C6
20E75DB8
1B559122
1BC59515
19C5690D
19F57905
1C14C8DF
1B14BCE1
17B5A4DC
1735A0E9
18258CEC
18E590EC
1AA60D0B
1BC68D3A
1A169559
16959105
14A4E8E6
1714B0C8
1924F8B5
1834F8C2
186570D2
169528C4
15D4E8CA
14C530F0
12D53CEB
1234A0D9
10E398E0
1524510C
14145CFC
0F03810E
0E235911
0F03E925
0FD3C522
10341D33
0C13BD5F
06B3B582
06341982
0893E996
0A13F9A3
0D43F591
0EE38D5F
0CC3C561
1485FD9E
1D7741C1
1EC785C9
1E7739B3
1B46ED9E
18870572
12F6493A
08D3E10A
05B1CCC8
08E208F2
0B830520
0EE42165
10A4A967
1345456B
1404F58A
1224B58B
0F84D18E
0D04457F
0A93618B
09A3A172
07C33177
0922C179
0B12CD69
0E539D4B
1244B965
13E4A172
1195695B
1314E545
17A4E4EF
1864F4EE
19F560F4
18456CE3
18153CEE
1904F4F3
18A52907
182554FA
15E54501
1815C0E9
14F63CE0
186574F2
19662D32
1B361164
1EB6659C
218751A4
1E47ADDD
1F2819E0
20C7D9E9
1FC7D1F5
1CF791F9
1E674A03
20278DFB
1E57E9EE
1EE7CDF4
1FB7DDDC
1FE7A1E6
1F9811F8
1DE855F0
1F5739C9
1EA7A5FE
1F185E1A
1F1769CF
1EC769D3
20A801CF
20E831D4
1F2825DA
1F67BDE3
1DD741FE
1CA7760E
1C77B9F1
1DE84DB2
1F37B5B3
1DE7059B
1A85DD32
1A258D1D
1B158D12
1B9588EE
1B35A8F4
1995A0F8
17159CF1
185584F4
18A58CEE
17358CD8
18A5CCDF
1E66F93A
1EB6B953
19853D03
1864F4E3
18E4FCD1
16A5ACD3
186510E5
16E4D0E3
14552CDC
131504E4
125508FC
11352D06
0FC460F5
0D52E8F7
0931AD29
0941E536
07517119
07E1B524
0811AD44
0B82A56C
0984E954
09A4897A
07930D91
0632997F
09131598
0A134D92
09A40193
0F434573
11339D7A
1D8731F5
1FC75DEB
20F761E3
1E4709C7
17A6998B
1265E12F
0DD468F8
086350E0
09F25CD3
0B22C0ED
0D33CD2A
1014A958
12656D69
16661190
187629A5
16C5A9A0
12955991
1224E582
0D247D42
08A3E15A
0732F584
07F2D179
0B32A173
0CF3B147
0FA49D52
1264DD6B
13F599DF
1014A114
13449CEE
1764D8E9
19050CEA
18C550E9
180534CF
1884D0C1
18460504
1725DD0F
17259100
1666690E
1515C0F5
1855ED1F
1875F52B
1A66196A
1E86D1AF
20E799D8
216791E1
228835D3
1FF81DF1
1EF799FD
1C7781EF
1E3789DF
20D779DC
2107E5EB
1FD8460C
20A759CC
1F675DD7
1DE7D5EC
1E97D1F4
2176F9F3
1F370DD1
1CA78DC0
1CA771C8
2197920C
2187DDD9
20A7B1E1
1F373DF8
1F77C5F6
1DA7BE08
1DF7F604
1EB78E21
1DC819AA
1BB73150
1AC68958
1A05B932
18E59D4D
1A55CD4B
1B064126
1A95E903
18B55CF0
184550F8
1A75890C
19B5A102
180590EB
1A55D8E9
1D067505
1E86F525
1B55B0EC
1BA4E0D7
18F4E0E7
1435A4F2
1894F51D
15A44534
1444D950
0FF5593F
0EC5314F
0F04C943
0D446D22
08120538
05D1B93D
04419918
03211900
03911502
0581352B
05E19D26
08538D4B
09645D6C
0A52F580
0C127D5E
0932A972
08A3896A
0AB2F168
0E32E175
1A55318D
1B874201
1F8769FD
205739F1
1D2639D5
13B44968
0FE4BD14
0CB34CD3
0AF338FC
0C32D4F8
0EB4A569
12555D66
1325195C
14459980
17F61DB7
193689C0
185635C3
1765D1AE
16254D95
1004B559
08534113
07630918
07D2BD4A
0A031549
0D441538
0EC49143
0FA4C959
0FD4CD44
0D63ACEB
0FE3D4E0
13E4ACDF
19A46100
18F504F1
187520AF
182500B9
19160107
1AD63128
1A35CD13
18C5CD07
18A5AD10
1805C520
19462551
1D06A99E
200851D5
1FF7B5E2
1FA7D9E9
2147FDE4
211815E9
1F27D1FB
1B87B1DC
1DB72DDE
1EA731F3
2177D1E8
2148460A
1C379DC9
1D674DCE
1D67B5E7
1DA7C1F0
1F5731E0
21B735ED
200765ED
1E88A22E
20783213
21A755E7
1E9731D5
1DD7F5DE
1EC7E9F1
206811EA
1E0801EF
1DD815DB
1DB74556
1AB5D0F5
19A554F1
18557504
19F6117D
19A62592
1A55F953
19E54CF5
174544DE
17250CE2
18D55D09
187534FA
18D560EF
1BF60513
1E963128
1CF6C94A
1A16B115
18D5C0E3
0EC4912A
11C49534
0C631547
0EF3695A
0EB35174
0B12F575
0B747588
0882F97A
0833B53A
06122D3F
05415CFD
038168F8
02D11CEE
024100EE
0360ED01
05014118
0621A935
07E27D70
0A12D959
0AA2553A
0802F93C
0722B151
0A528D62
13E50987
1946F1D8
1B66E5D9
1DD721CC
1C168DD6
1945B5B4
14741D60
0F537D21
0D7320F4
0E331D18
10E4B174
13656D9B
1C46C9B2
1D2715CB
1BE66DD8
1CA649F1
187625D1
172629B7
1555A1A5
12348190
0CF3A545
0AF3712A
0802C91E
09930503
0CC33927
0E53552D
10247545
1074D133
0F84A112
0CC368CB
0DC36CC4
1344BCCB
167448DD
18A4C4E1
171548EC
15F580EC
17F5C0E6
1A660137
1AC5E52C
1985A117
18659917
18A5A938
1CA6D55E
1EE6FDB0
1FE779DE
1E1815F9
1DD821F3
1FF7FDDE
202831E1
1DB851FF
1B47F1DE
1C1785E1
1D077A0B
1D67C62B
21E839C8
1BA8461B
1CA765E4
1D7749D8
1E67DA07
1FF79A07
21A7AA17
1FB7EE22
1FD7B601
2087FA11
1F57C5E8
1E17D9D2
1C97E1DB
1E07B5E6
1F0785E3
1DA789D7
1C07E9F9
1DE76556
1AD59CF7
18A56500
19766122
1AF77D63
1AA6E1A8
1AA6596F
1A55C90D
17B550E0
174510D8
1714A8DE
1684A8E8
1494A4DD
1AB5E12F
1C46095E
1B967985
1A55C55C
15052108
0AD3854D
08311901
06E14117
0611753F
06818D4E
05E10D72
0401FD5A
03823567
06635526
04C17D10
049160F8
041168F5
02E164FF
03311CF9
02B16109
03A18513
06117130
0781953B
08D1E52E
08D28D28
0872DD35
0A72FD54
1164C985
15A67DC9
1A16B1DB
1BF6C1CB
1A76D5A2
18D62DAC
17C51D7B
13D3CD31
0E933110
0E527D09
1455A56C
16E6C1A6
1C8745BC
208841D0
20C749D4
1FB6C9F7
1C86BE05
144549AA
1324E18F
12C5559B
0C437173
09E2D149
0A03054D
0A02F94B
0B834D2C
0F534D4C
10F39964
1174D57E
1124B14C
0FF44D14
0DD41CDE
0B636895
0DD39C91
10B308BB
12A2C8D1
157528FC
15A598F7
16B5ED0E
1885DD34
1905893A
16B55D33
1675C131
18A62D51
1CF72D8A
1F9799BB
20D7B1F5
1E97E5FB
1CC835EA
1D97E9CF
1D1819DE
1C684DFF
1C281DF6
1C77B1E2
1D67A204
1E9785FA
1E4791D4
1D17CA40
1D36F1E0
1E4751D1
1E87B9ED
1F17C619
1F77D223
1EB7D605
1F77C5E5
1F7805EC
1E17B9E7
1D3759F5
1DE7CDEE
1DF77DEC
1DE71206
1E974A00
1D17BDF7
1DD7395D
1A55D520
18659562
1C76D1B0
1D47C5AF
1D4791CA
1D46FDA0
1AD60925
1774A104
17D4BCEA
16E508F0
125448D6
0C0444D3
1104F91B
1146593E
18560D76
1AB60149
13A4251B
0C1228F5
09E148E0
0581410C
04B14523
0401311B
02111532
02521D25
0472790A
05028D0E
06127525
04B1B11F
04B1E0FB
0431B90B
04A1B11D
04C1C929
04A1E918
0641D926
07C19D21
08620941
06A2352F
0C93414C
10644564
182665A8
1896D9DD
1C5701D4
1A7751B2
1886E5A9
156605BB
10D39900
1112E8AF
106390FB
12143938
1866E5AF
1AB721C4
1D8741CB
1FB765CF
1EC711DD
1B56C1EC
17262DE7
139495AB
0E04696F
0BC3F55D
08F3597D
0822E160
0832F954
0A133964
0CC3B967
0FE3CD69
11944D67
1014AD8A
10444153
0F13F935
08326CCB
0892D083
0B831C73
0E3290A3
10426CB6
1423CCE3
175564FC
17E5C516
1885B91F
19757126
16B59D21
16F62148
1B26FD92
1D7775B1
1F07C5D9
1F37C9FD
1DE7FA02
1CC80DF0
1CF78DCA
1D8779D7
1D77ADF6
1CE7BDFA
1D876206
1E6731EF
1EC759E3
1E2799DD
1EE79213
1DD779F6
1F1799DF
1F17B9E8
1DD7B5F4
1E17A9FD
1F97ADFB
1FF7D5F4
1F17F9D9
203715F2
1DE725EF
1EE7BDFE
1FE77DE5
1FC73A06
1F97560C
1EE7B5E3
1E47A193
1B36CD58
1A15E97E
1C6711C2
1C97B5DC
1E67E1EC
1F6771CC
1AF5F974
1714610B
16743CE4
11E3D0E7
0A641CF9
0613CCB6
0641F910
0EB5493F
15A5C54B
19259941
1784E157
0C42CD0E
090200E5
04025515
0501FD16
04317513
01F18D25
02120515
0471D4F7
0601E50F
05D1D927
04F1BD33
0512450D
06027116
06226534
06B28540
07B27148
0682F543
07224954
06829948
0C530144
10842559
15E59987
1B46C5CB
1CA759DF
1C5731C3
1A475DAD
17A6E59C
1565B5AD
1074E136
11948D3E
1354B949
19C75DBD
1B8781CF
1D0705CC
1D76C1CF
1E3695D6
1AD69DE1
171649CD
1324EDAF
1093E19A
0A33DD6D
0863A963
06D3258A
0772D966
06A32D62
0BC41147
1104413B
10342929
0EC3B0FC
0DC39CFA
0DA4212C
0A838534
08E1D89D
08222C94
09621C8D
0B6248AD
0C338CB3
13A4C0EA
18959507
1875991E
16D5A912
1A05452B
17563155
1AA6FDA1
1C7735AB
1D5715AF
1D7759AA
19D745DB
1CD81E01
1D97EE00
1D9761E6
1F9755E2
1E476204
1CC7061A
1C673616
1CC77DFF
1DE7B5EE
1F57B5EC
1E578A09
1E27C5E5
20677DEA
20C765E7
1FF761DA
1F8795DE
2047B9EC
1FD7B202
1F5799DF
1FE731D4
1EE749ED
1E77C1F7
1F6765D3
2127B5E4
1E37CDD5
1FB7ADC1
1F67A9B0
1CB76190
1DE6F1C3
1D176DD3
1D87A9DE
1E77C1FB
2007DDD6
19F60D7E
1925BD58
12C3BCDB
0ED2DCF5
09328905
05D1ECFD
054210FB
0421B8CE
0EE3A92B
12346527
0DF490E0
0D838143
09F3153F
04A2CD2F
0451A10F
05B1A92B
0331D929
0291BCF7
02B164D8
05720908
06923137
07624946
09734D22
0F84993C
0D14917D
0ED539A1
0B13F54D
0BA505A4
0C83499D
1314F180
12D50154
13551D64
1635A19E
1C16E9D9
1BE791F5
19D695AE
15C715BC
19968D6F
18C64182
15059191
164559AF
1B5685D8
197671DA
19C6F1FE
1C373DF4
1B3735F2
196629E4
13A60DDC
0FB549B2
0E74B99E
0B53B575
0923CD66
06E33157
04E2756A
04829973
08735D90
0D643158
1174E11F
1174BD1B
0F63B8EB
0F63A4C4
132468FA
0C12A4E9
0A81F4BB
08316874
0901B499
0BA224C2
0EA36CCD
14E5290F
1825D90B
1775612C
17353929
17956D35
1A567988
1CD751E8
1D4761B1
1B775588
1C964DAB
1C5735BF
1D37EDF7
1EA7A9FC
1F5735F4
1FF7C5F1
1EB7B5F8
1BF72DFD
1B4799FA
1CE7C1EE
1FB7BDE4
20A7BDE6
1D66EA2E
205771F3
1FC765E2
203759DE
20B761E1
204779E0
20B779EF
1EF755E7
1DE7A5EC
1F27D9E3
1F978DED
1E776DE5
1F3759D0
1E8719C8
1D774DBB
1CB74192
1E8785AC
1F0785CF
1C87A9E3
1F26F1F7
2006FDE6
1F7755DA
1F07A1B2
1A068D77
17D54D36
0FE3D90B
0862FD2C
0682592E
05922503
04F26101
06225907
08B2E110
08C3B0FC
0D2460DB
0F43F119
09E2CD6F
05021D4A
0681792C
0601792B
03D1E50D
03118108
0361850B
04D21D1D
04622D4B
09539D4F
11153959
16E57585
1675D1AC
131611BD
16B5399A
179569B5
16C56DB6
14657D7D
1725F995
16E5D593
1B16B9B6
1C96DDC4
19B6A1AD
19064594
18D64172
19265D6C
1A36518E
18E649B4
1D4785E3
1D2701CE
1CB6D9D8
19C68604
18770206
1D2799D4
10E65DDC
0C7589C5
0B24F5B6
0B947DA5
09841598
0783F98C
08A3B185
0882A575
0B134D83
0C843D8C
0FD4CD69
1294F93F
14F56560
14553140
1575412C
15F4AD0F
13335CF4
086250A1
07514067
07017859
0991B457
100344BB
14B52127
1815C52F
17D57D2E
17052155
19F56D85
1C96A1AC
1EC769DE
20072DC3
1C6725A0
1C4699B0
1D46B1C8
1DD779EB
1F577204
1FF78E12
2057B605
1F5831F7
1CC8821F
1C97F211
1DE7F5F3
1E77FDDC
1FF809D6
1D769DFC
1E3709FC
1D5765EE
1DD789EE
1DC799F4
1EF775ED
202729F0
1FF725EA
1F5785E5
1FA7D1E7
1FC79DFB
1E97ADEA
1E977DDB
1E5749D1
1C36CD98
1BF6DD77
1D5795A9
1DF7ADC1
1F2781DD
1C26FDF5
1D5679E8
20F6F1D3
1EA7198B
1A06153E
1814851B
0FE3C10B
06B2293C
0651E14A
06A1E147
06326929
08426131
0932A91D
09C390E8
0DD418C9
0F23A917
05B21957
05116934
04816D1F
04C18D17
0401D0FD
03719913
03A19127
0432112E
08A3217F
0E251D76
13556192
16C5C9A0
14D6A5C1
16B64DC9
17D5B5C4
17D591B8
1595459F
16358DB0
1715E9B7
186645A9
1BF6E5B6
1A66C1A9
19B741B6
19672998
18C6C56F
1AE615A4
1B6681C0
1AE73DE2
1C571DDB
1CD739D0
1C4799CD
1B36ADD7
17E601D0
14A5C9CB
0CF56DD8
0AB4F1C4
09C445C8
0A4429C3
09D3D9B8
09F40DB8
0A64159F
0B232174
0D035D57
0EE4915B
10E53D7E
16364DBD
1886C5CB
1A66BDC5
1B862DAB
17752538
11F3DCF6
089298AD
0731787A
0651BC59
09E1FC5A
0EF338AF
13748CF9
1975953E
19B5A54C
1875CD85
1B967DBC
1DD74DC6
1EF79DB5
1EC779AF
1C76E1AC
1A16BDA2
1D072DC9
193861C7
1EC7A60F
1DF76E16
1EA76622
1FD7661C
1D778A07
1D67620A
1D77F1EC
1D9849F2
1F7831D3
1FB6F20E
20375207
1F57A1F1
1F1799ED
1DD771F7
1DB75DE9
1F571DE3
20672DE2
20A781D7
1E36F1FF
1AE785EA
1DE7CDEE
1FB815E5
1D477DD1
1C66F58E
1CA6B561
1CD6C55F
1F26BD61
1DA6B5A1
1BB65D92
1B26716E
1C76A95F
1B464127
1A156CF6
19D49D08
13F478E8
07C23D47
0831CD6C
0631D958
0602C945
0AE23939
0F92D8FF
127424B0
0EF3C0D7
0D032CFC
05625538
04415526
03B13108
04616D06
04913CFA
0371D930
03C1C138
06D1FD50
0B832970
1134818A
1485899E
15C621BC
191695BF
19266DC5
15A5C1AB
143591A4
146565A9
16B5ADCA
17D5FDCF
1886B5AF
1B66CDB8
1BD6F1BC
1A67B9E0
1B9789FA
1CD6D9B7
1D7699D4
1D36F1E0
1D9745D9
1D7751D9
1BE795DE
1B3735D6
1915F5D6
1385C1C9
0C355DE0
0A04A9DC
0A4431BA
0A0479AE
0B1415CF
0C7455D5
0BA4A1C1
0B947596
0AA3D199
0F84415E
1134C156
184655CF
18A6A5C0
1B0705C3
1C268DB4
1A06D5B9
1895112C
0EF390F2
08F314D3
06720C81
0671F079
0801B047
09D1E45A
145428B1
163454DF
19860954
19B6C183
1BC73DBC
1DB75999
1EC77589
1D96B973
1E86A1B9
1A96B5A8
1B1745BB
1BF75DDF
1CF769F9
1D774E05
1E678E04
1FB78DF9
1F9789FA
1DB7C5F0
1D7841EC
1E4885F1
1D4815A5
1F87A624
1F076211
1DB7B5E5
1E27E5D6
1F173DF4
1E8711F8
1EF7CDE0
1ED815E0
20D7E9C2
1F47B9E1
1D37F9EB
1F07DDF4
1F878607
1F57D1E4
1D87699B
1C06B154
1BD60D09
1C95E924
1CA5F54F
1B95A93B
18F62D1A
19163D2A
19A5F919
1A8578E3
1A14F0D7
0EB44904
07D27D35
07422943
0662394D
07525941
0BE26521
0E331501
11B4D8D8
0D531CFF
09D2B510
04B2FD2A
04F13917
03E0F511
03A13D0F
03A1C52B
0431D542
0681E157
0C12C154
0EA3ED6D
19C63157
1956AD80
1966C1A6
194699C7
1B16E9AF
191661A7
1726ED9C
1746ADC2
18E6C9D5
1A26C1E0
1B5725E4
1B7779CD
1C47C5BB
1BD77DF2
1C06DE23
1D1779EC
1D078DF0
1E172DE8
1DA749E1
1D075DDE
1D8701B1
1A7609D2
16C569DD
102521D1
0AF485DC
09A471BF
0AD481A3
0B34B5A6
0D2499C5
0B9509C6
0C1509A0
0C949181
0D548D90
11F4CD9D
18C5E1EB
197669DE
1B36B9BC
1C0655B0
1B7689B7
1AD6C1A3
1896B994
0F63BD03
087310C1
07E28479
08C2B085
08922C6F
08315C59
0A91BC6E
0DE2A889
1676193F
1956CD4B
1A86DD85
1C26AD80
1E368D6A
1B662157
1C565582
1CE6799D
1EA741BD
1CD785E0
1C96DDF9
1D6789F8
1E87DDDC
209799D6
202779D7
1F0815E9
1F3885E7
1F7839D3
1F3819B8
1C87DDF0
2097FA17
20C801FF
2047D9E3
1D6765F5
1D7765F4
1F8899E9
1EF8ADE9
1E380DEA
2097A9ED
1FB7F9F6
1ED7DDF7
1F673E0D
2017BE00
1F380DCD
1BE7156E
1BF6A166
1C95A156
1715FD1C
19C5510E
1B14F91F
1B05B544
1AE67136
1B163D2D
19A51CFE
11A4310F
06D2E134
05826545
06822D49
08020D38
08928131
0A132135
0B730531
0A32412B
08025126
0552490F
051134FE
03E0F51C
02D14520
03A1911A
0521B918
0922011B
0F033906
16850D12
1A064D56
19B7217F
1A56F599
1BD6F9B1
1C76D5BB
1BE6A1BA
1BA6A1BF
1916F5C0
193735D8
1BE739E2
1CE769DF
1CC7B5D4
1BA799E6
1CE7DDE3
1CB879D7
1B679A0C
1D179A07
1DD75604
1D6735ED
1D96D9B5
1C663DAA
131535E5
0C9451B6
0B33E99E
0B2431B9
0C3451BE
0D1481B3
0C24F9C5
0B8521CA
0B0531B3
0C24B597
0F14918B
1174EDA6
17F5A1D6
19062DD6
19E6B1E3
1B16F5E2
1B76EDEF
1B164DF2
1B4685D4
1A76B9BA
13E55169
0BC374F0
09D348A3
0A830889
0922247D
08016873
0831947B
0911F090
130470FA
18A53913
1616E11D
19465969
17164550
18C5FD3A
1BD6415C
1DA66D67
1F16D19A
1DC72DAF
1E871DA1
1ED755C9
1F6779C5
205741C8
207765D7
1E17F9E3
1D37C9D3
2097ADD4
212799DC
223781CE
1F47C9F3
1E3885EE
1D9829F8
1D67D9DE
1C5761E3
1DC85E01
1EB82DE6
1E9791E0
1F572E10
21C709FB
1F277E0B
1E07E206
1F877E0B
2118BDDD
1E1875C7
1C17A5A5
19C7598D
15F5E10B
1954F10F
1D24CD2C
1E856D4F
1C264137
1A866558
17355931
1083E91C
09834D33
05225986
06F26152
07A1E936
04E29536
07130D5A
0BF30D66
09523950
08120935
0581C502
0280F4F6
0260FD0C
03615D0B
04A14D01
050210D8
08A1D4C6
0A7168A9
0E82E48A
0E2268B4
18558967
1957199B
1BC6D1B0
1C86C1B5
1BD6A9BB
1C96A5BD
1C86A5CB
18C7B5DE
1CD709D6
1D7751CF
1C9775D5
1EE74DE6
1EF795E2
1CC875EC
1D780203
1E179E06
1B778A13
1DC71A06
16A5B1A1
14358DAC
0C63FD96
0C23BDB5
0B93E9B7
0BB411C0
0D9465C9
0ED519C9
0E0545DB
0C64F9D3
0FB499BB
1374C9C2
150579A4
16D619B9
19F695DF
1BC691D5
1BD68DCC
1B3709E1
1996F1F4
19E5FA13
1B4629FD
1CB6C5D7
1B2681BD
0FA34124
0AF244B7
08327874
08F23091
0A12189E
0972348E
08F21C96
0E93B8D8
13156D16
12D6611D
15665540
19B61560
1AD69946
1D76454A
1E260551
1CF6616A
1D27058B
1DD7059E
1FD705A7
1F7705B1
20170DDE
206781F1
1CA831E8
1D4805DD
1FE7D1E1
201755FF
223769BC
1E778DD4
1DD779F8
1EC759F8
1B8855EE
1CC74DEE
2067A9E3
2067B1D6
1F57B1CC
1FF789DD
22F765FF
2147BE14
1E97EE08
2067E5E5
217805DF
1DF7FDEC
1DB7BDD1
1BC7319B
19A6896B
19462548
1C1789A6
1F66E58D
1F26557D
1A868D6A
18C6617A
10240557
09732D5E
07A2E15D
07E24D4F
06C1E942
0432A945
03A2C95B
05D1C958
06D1A936
0761A921
05B16D17
021168F9
02E130F9
03016D03
0331C4FE
05C210EE
0871F0D8
08917CB3
06D1788E
081134B3
0BA1B0D7
17158574
1A76C9B9
1BD6E198
1BE6C9B9
1B6701D3
184755E8
1DB69DD8
1D56A5C4
1CD725BC
1CE765C5
20B6F5DC
1FE761D6
1DF7CDDB
1DE821F4
1C6779DC
1A3751CA
182665D9
12E4BD9E
1014D59A
0EC4159A
0E93CDA8
0F044DC4
0FC489DB
0ED491D1
0EF521B9
0ED4F5BD
0F24C1C1
11C4EDC7
189645CA
1B0715D1
1A5745C2
1CA6E9E5
1E2661D3
1EB68DBF
1D46E9CD
1BB6DDE9
1BB695F4
1BC6B1E5
1CE6F9D1
196651D1
11B2E91E
0B61A8BF
0861F495
099258AC
0AB2B8B4
0A22C4A5
0B42BCB8
0CF33C9F
0F6414C8
1225B501
1635CD25
1B660550
1BD6CD78
1F85D986
1C86B9BA
1CE6D197
1B96FD95
1CE6E1A7
1E47B5AA
1D97EDAF
1F1769E6
1F77D5F6
1E27F5ED
204805E8
1FC7F9E5
1D8751F6
1FE7E5D0
1E17C5DC
1E971DE6
1F86C1F3
1CD821F3
1E4829E5
1EE7B1D7
1E6751E0
1E67ADD2
1E87D1E7
20B80A00
1FD8B608
1D7849F7
1F27B5CF
1FB791E1
1F37A1F7
1EA789F6
1E3751CE
1D57E1C7
1C6871D7
1DA815D2
1D97ADC1
1F3789A3
1C673178
17A6717F
10A4356A
09D2D166
07C2B97C
06223966
0612014F
03A2AD46
05322963
05D22D47
05D1D12B
04217D1D
03818123
0291BD0E
03119110
02D12120
0361C120
0451FD2E
05C1DD14
06E1ECE2
05B180AF
05F11488
0AE22CA2
0DB31CD2
192635A6
1B670197
1CB709B9
1AA711D1
19C741CA
1BC715C9
1CC6F5AF
1C4759A9
1B97D1AE
1EE6B1BD
1DB6ADB7
1D9779C7
1AD789CF
16767D9A
15F6518F
113541A4
10C4F195
12B53D94
1043D992
13C52191
1195159E
10D4DDCC
0F84B5CA
0E44A9B5
0F9499AB
13650DC2
18B645F5
1C771DD8
1CC705D1
1C26FDCE
1C06D9BD
1EE661CE
1EB695C2
1E46E5C8
1EA719F1
1D26EE08
1B26F9FD
1B7715E1
1AA699D8
17D5D99C
0CB2A8C4
0781A0C1
0A2298C2
0C1358CD
0C2348D4
0CA3A0EE
1162CCB1
122310B3
11F4CCB2
14B520FE
18E5954B
1AA63D7F
1B9765D6
1C9751DB
1E170DB5
1CE6ADD1
1CF6F5C3
1E7749C1
1C7845D7
1D8819E1
1EF7B1F0
1FC811E4
1FE815DA
1E07F9D5
1D76E5D2
1EE7D203
1E87B1D4
1EC769D5
1DA7A5FE
1EA7E5EF
1E482DE5
1DC841F4
1DE7B9DE
1EB795DA
1F87B9F2
1D782A17
1DA86601
1D380604
1E27AA03
1E97E1EC
1E67F9FA
1E87B5FF
1EA7ADF1
1EF7EDE3
1E9889DA
1E17D5D2
1C8785D8
1D376D8D
18F6F199
1656918E
13855575
09A2C58A
08329597
0792797F
05B24956
0671B973
07522574
07A27963
05A2013E
04D1C54A
0521C951
04A2054B
02F1D13A
03715942
04F24176
0401BD5B
0581DD28
05F20D05
05F1E4F7
0551B498
07021087
091270AB
18659575
1B46CD83
1AC735CF
1A96B5CA
1A26DDCC
1AE705B9
1AF6E5A7
1B06859E
1D6685C9
1D3691B7
1C76C5A1
1BD6B997
1896699C
1325AD7B
12B56592
11D535AD
10150D7C
13A47D78
171599A2
1635BD8E
138629BA
10E58998
0F2501A0
0E747DA0
118489A8
190655E6
1C1715DD
1EB74DC4
1CF6F1B6
1A5715B9
1AF6E5C2
1C0685B4
1C8709A8
1E1725D7
1F16BE0C
1CD6A60E
1AF74607
1CB761D8
1C86E5CE
1B1621B5
11A48948
0892CCEB
0B331CCE
0EA338BF
0F62FCD2
0E83FD12
11F4812D
1444F54A
12C55554
1185514A
17C4E972
1844DD91
1C1779DD
1DF7ADD3
1E2715E1
1DE725D3
1C273DE3
1BD7C5F1
1C6835F0
1DB7BDF3
1EE7B5E2
201811D8
1EB7FDDF
1E37E1C2
1E06D5C1
1DF79200
1F0779D4
1E273DDC
1E072205
1D67D5FE
1F082DF8
1E685611
1F778E2B
1EB77DF1
1F87A5FC
20A809E6
20A809F0
1ED7B1FD
1F67BA19
1F587DEF
1EA89DE7
1DC7E1FF
1A3649C9
17576DC4
121581E7
16C569D1
173601C9
1525FDBF
151625A0
12D5E595
0FD4F19F
0A6331A1
08929197
07724D84
06520963
06C19176
0831B58D
06E25D6B
04E24154
04F23947
0772395D
06922959
0381F13C
03A1653F
07E29974
05C18955
0661BD7C
03E1B92C
0641A135
0631D8CF
05F1EC93
0911DC8F
14439CD2
19C5ED53
1B96EDEF
1C4695E6
1B0675D3
19C6CDD4
1A169DA4
1976F1AB
19D6B5B1
1A36B5B3
1AA6E58D
1976757C
1885A986
1725A589
16D631A4
15A629AC
12159565
1325055B
1615E1A6
1735F1C6
130601AD
0C641951
0D94F169
11247187
14F55D87
1A06EDD9
1C0719DB
1EE771A8
1F477DAB
1DE765C0
1A96C5DE
18C5D9E5
1C3735CF
1CF74DE3
1D16FDF8
1BF6D5F9
1B475DDD
1D9791C1
1E4765BE
18B671D8
15F5FDC6
0A63210F
0C82C8CC
10527CB2
14D364EA
16F5A541
1695F151
1725ED4E
15456D6F
1635217C
16954998
15D4E99F
17E681C9
1AA705BA
1D17DDDD
1CA7CDDF
1CF799EB
1D47DE00
1E87B5F3
1DB785F7
1E5715F1
1FB725ED
1EC77DEC
1DE791D8
2117E9B6
1D078DE8
1D1785DF
1BF7E5D3
1E37E9EB
1CB825EA
1E1815F3
1F672A14
1CF7B606
1DB799FB
1E17D209
200845E2
2137D1F9
1F5799EE
1EB7F9D9
20B805F8
1E97B9DB
1CA7ADCA
15D569A9
0DA4C9BC
0D5421DB
0CF401D2
0D34F197
0E34F5AA
0F551DA4
0FB57196
0E94E18C
0E640D74
0892F193
07C26989
07323D6D
0641B56B
0601E16E
04822959
04C25551
05C27954
08125D61
08B2316C
04F20D3A
03B1F94E
0491F55A
0692014A
05724929
03A18505
04819D11
0491C0B1
0551A481
09316C5C
0CE1B05E
16D51D64
1D7669E0
1DE6A9F0
1AF699DC
1A75E9AD
1986258E
19369198
18F685B2
189655AD
1776098C
1865817F
18D57D7E
18E60D79
1A968D63
19668572
1675F95D
13160554
15F5DD7F
1805DD97
15F50583
0D44654A
0CE43D4D
10F5299B
16B5D9B4
1A2745FD
1A6771FF
1CD785C2
1E475DDD
1E5729FD
1C76C5F6
1A0641E1
1B968DDC
1D0701E8
1CE715E5
1C372DDD
1B8729D6
1CF709B5
1D5735B9
183741E4
16B6DDD9
1145193F
0ED370B9
0ED3ECD7
16E5195E
1725B176
17462163
17956536
18A49D2A
13C4655B
12E551A6
1185C5B3
14A6059D
17163191
1946A5AE
1D7749C7
1F0729DA
208769F5
21B771F6
1EF77A05
1E8735E2
20F741F4
217759EC
1CC7C1F7
1CB835D2
1ED791A9
1BE749FA
1C2821E8
1E8811CE
1CD805E0
1D07E5FB
1D17D9F3
1CF7A1ED
1E37860A
2027EE12
20C839FF
1FD7F9F6
20E7FDFB
1EA7B5CB
1FF7A5F6
1E8731DF
1CA711B1
14D57992
09E3518E
09D351B9
09531DB7
0943657F
0A03E178
0AE44990
0D250198
0D14819F
0AC425DB
0A8405B9
0AB37D7A
0A331169
07129569
05A1D95D
06019D63
05A21567
0532956C
0702A186
08F25579
0771F544
05E1E939
05A20D41
06F2553A
0722812E
05A1D8FE
04512099
0551CC9E
06F12856
08712047
0B014052
0C33593A
1A161DC0
1CE6CDCA
19D6A9D1
19757998
17955565
113521CB
1584E1B2
1835E5AC
17C5A182
1555614D
1465CD43
1705B15B
17857960
1795A55D
1B259155
19F4E1BF
1B964174
19A5D962
1424153A
0FF3B133
0E539157
14B4E5D4
18F631EB
1D2721EF
1B07C1F5
1BA7B9FA
1F270E01
1F677E19
1B96A9EB
19F61DCC
1B2629C5
1D46BDC5
1D66CDD0
1DC6A9D7
1D26D9E6
1C66C1C3
1C76C9AE
1B36F1D5
1AF6CDC4
1535F964
120534F1
1584C576
1544C58F
1605697F
13945D0E
0F221493
10027477
0C1308EF
0F64A9A3
10546985
12E53D6D
14E57166
16E60D95
1895C993
1D26ADCC
1F6735E7
20E79205
20F75E1F
1F073E14
1FC77DFC
1F27B20A
1D97A5FA
1BC815D3
1ED781BE
1DB71202
203785D5
1F57A9C3
1E678DDD
1F27C212
2027D9FA
2057E5DB
1F674E16
1F677DFF
1FC7B9F4
2047B9ED
1EE78DCD
1FA805D9
20883DF6
1F57A604
1D3725DB
13F51590
0A239987
09035596
08F36D82
08E3557C
07C36173
0913C588
0B63D99B
0B03D9AC
0BF401B2
0C840599
0C53A17C
0B530D6B
08A1F94B
04D25564
05324D70
04B2857F
0331E57C
05E325A5
0742D165
0801F140
0792513C
07025140
06A22D4B
06A24149
0692492F
062178CA
06F23C89
0831E073
08E15C58
08815062
07524D09
0DC41981
1BA61DC8
178661E3
18A52577
15F45946
0CC36979
0F12DD6F
10C2850E
1273A4EB
1464A508
1485451B
1574F139
15D49D42
1475393F
18354959
1B155D6F
1AC5A572
19056545
14643D1B
0E93953D
10733972
1664C1D6
1C8725D0
1CF779DC
1D7789E6
1DF7860D
1D77A61F
1E971213
17C661D3
15F631B0
18966584
1D06F59A
1D8721BC
1D0679E6
1D2669EA
1BB6A9D2
1A46EDC1
1BF6B5BF
1CC6BDAB
1AB6698A
1975ED65
1AC60576
1935E183
12A51D39
0B51FC88
0470B853
0150B03D
02721071
08337902
0D72E8E7
10B3750D
10738CF9
14350D39
1504552D
14643122
1AD701BD
1C47F9D2
2067760B
1F479E0A
2097C1F3
2147E9E3
1FF82DEA
1EB811F5
1F3761F4
1F576E01
20579DE0
1F5799C3
1DC795DE
1C27BE0A
1EF7D9F6
1FC799FD
1FD779EC
1F5735CC
1FB759D6
1FC7C1E9
1FA7A9ED
1FF7B9E9
215841E4
1F4801F1
1C67A9D6
188699B7
0C5349AC
0AC3A59C
08E30D7A
09334D83
08234987
0923A99C
08C37DAB
0923AD9D
0AA451A3
0A53717E
09E34987
0732C584
04E2857E
0412A16F
05E2C56E
0682A98B
08B3A5C6
07E41DBE
09A43592
09C37565
06F28941
07027D3B
0652453B
0532A14C
05C2ED2E
07036D05
0A73F0CE
0783249D
07F1906C
08015C5C
06D200CF
0D137D4E
1114FD9E
161599C3
1765695D
104424FF
0BC2C528
0B921531
099198EA
0E127086
10B2C0BF
1033A8FB
11D4610F
1284811B
1204C524
1365114F
1754D977
19057573
17751D58
0FC41941
0B93A978
10C3C97A
1C16C17E
1D26E9B1
1AE719FC
1D2745EE
1CC7260B
1B17120A
1966C9FA
171621D5
1334858E
1725A153
1D46B985
1DC6E9BA
1C1671DB
1C0631E0
1A16C1DF
1976C9D9
1AA6D9CF
1B372DCF
1BD6F5CB
1AA5E99C
19F5C980
13B4D936
0F657CFE
0721886B
0370904E
0150C04C
01716438
05C1B04D
0A51A058
0B61C47D
0A91C8AC
0BD200DE
0D61ECEB
14C4A50B
19263571
1E47E5CC
201781EE
21371E10
2147860E
1F1785D1
1F3841D6
1F5841E2
20484DD6
1F080A13
1F47E1F5
1FB7C9CE
1E47B1E8
1AF7AE05
1C78220B
1EA82206
2047E9FD
208739C5
1E879DEE
1F1809F6
21F849BE
20E7CDD6
20F79DDC
1FB7D1E1
1C97A1D6
1706EDC8
0E94F1D6
0CB459B3
0B43A18A
09E3458B
09936995
05A3A1B7
078375BA
07931D99
08B3A1A1
08834D9C
07E32581
0692D977
0632E16B
07F2DD4E
0B031149
0B13B99C
0C5465BB
0D24CDB6
0B34DDA3
0A039165
07E2A54E
06726534
04B2B111
0522BD1A
09F258CB
0BA364BD
0CB3D8B5
0882DC9A
08D18483
08F1ACB3
07A284E5
0A43412B
0DE4959F
144569A5
1775E172
1144D13F
0D23CD23
0AF2A8FF
07B204DB
066234E1
07B20106
08B23CE5
09A334D1
1003B0E0
1073C90B
0FE3BD1A
13A47543
1504AD5F
1504D156
0CE48547
0E441162
1464E987
199685A5
1D76F9AD
1CE6E5E6
1D3701F8
1B46D9BE
192671BF
18E69DC8
17F5D5BB
18350558
17D53942
1A865171
1C76F9B4
1AC699CE
1A2679DC
1A16C9E0
19A6E9E3
1A36E9E3
1B26D5DD
1C6645D6
1B4621BF
1945C98E
11E4A52C
031244A5
0320E047
03709441
02D09C40
02710037
04F12C47
0500C047
0610FC3B
0661486E
08D120C1
08227121
1415C983
1FB6C1AF
2007A5D8
1F6751F2
2016D211
1F27060C
1D47A5EA
1E181DCE
200821C4
20B801F1
1FC7A60D
1FE7B5DF
1F07B1D7
1D977A06
1E377A0F
1EA7B603
1F483E0B
20583E0C
1F47DDFB
1E0809EC
1E3845F9
1EE841E7
1ED811CC
1EA7D9CD
204765E9
1E37B1ED
1E1775F3
15569DB0
117541C1
0C9455AB
0AA3C987
09036D8E
05E361C0
086301A5
07F2ED9B
0692A5A7
05730193
06938978
0633157D
05433D76
07B3217C
0A834569
0CA40991
0E5469BF
10349DC6
0FE4E5BE
0BF4097B
09F2C554
08323D33
06C294F7
0632E4C6
09A1E081
0DB31C84
1243586A
0C1350CE
09B210CE
09C27CFE
09F38D52
0BD411AD
0CD41DB1
0FB48DB8
151595B2
11A56D92
0F741927
106304CD
0B22B0CA
09B3611E
0872E4F3
089238C7
097284C6
0D7330DB
0EF38106
10144113
12953538
11F5192F
1184912B
11742130
12543D59
1826498B
1AA73D9C
1C67B5AD
1CD785BD
1BF6EDE9
1B56BDAA
18D6799F
19868DBF
1875B1A8
17A4F960
1AE4FD1B
1A764D7F
1C26C1C0
1B0689CC
1A5635D9
1BB6E1D6
181765E1
1AE6D1D4
1D4651D1
1CF64DCB
1B1689C6
1825C18F
1133991B
035260AF
0230D42E
0290A437
0210D04B
0320DC40
0510F05A
0560F856
06716452
0C1288A4
115414FE
16362177
18F705C5
1E7745D0
1FF771D8
1F1735FB
21E71A0A
20373A11
1CF7B9EB
1D77EDD8
2017BDC7
1DF771F9
1F077DF4
204781E9
20673E05
1EA781E7
1E6751F8
1E7745FB
1F57E9FE
1F685601
1D681607
1C87D1FF
1C580E08
1C882E01
1DC7F5D3
1EC7E1E7
201779F2
21475203
20B7B5FE
1CC711D4
156635C3
0D8569BB
0964357E
0893717F
09A31195
07E371A3
0723D58F
07E3C1A7
03A271A8
05E36183
07033176
07235D74
07336983
08439192
0C045996
0F345DB5
0F84C1B7
0E74D5AE
0CD4458C
0A635538
0A12E90B
0952F0F3
08E2648D
09C2147D
0FF2C485
10F3C0A6
0CF3ED0A
0A02C8F8
08E3552C
09C41970
0CD439A2
0F6465A7
1284F9BA
13A54DB2
10D4C97A
10E3E544
10145D72
0E24AD72
0C24413A
0992F8E5
092298C4
09F29CD8
0CB34545
0D64C94D
11A58557
12D57553
11F4E546
11F43932
12E45D2F
1365393A
19271184
1AD7D196
1B87BDA7
1B170DCE
1CA711D2
1B46FDB2
1A76DDAD
18A67DBB
18E671BC
1765113F
19B474FD
1805B547
1AF655AE
1C0639BF
1B55FDBA
19F705AF
18B751BD
1996D5CB
1CB6A18A
1C36E57B
191679AF
1103A0FF
0B92C4C0
05C1087B
0330F825
0310E829
02D12455
03618481
058210AF
05C1BC93
14D5715E
1705452D
1B163933
1C276DAC
1D67DDDE
1EB789F7
1F379DD8
1E46F9F3
20B705FB
208731F1
1E2791E0
1E47C9C0
1EE7C1D3
1CC7DA0A
1DD7E9F5
1FA795EF
20973A05
203789F0
1E6781D2
1DF745E5
1F077DEF
1E77F1FA
1E27ADF5
1D77B1E9
1C884DE9
1D47EDE9
1D87C1EE
1EA7EDF7
1F47C5F9
1F877DF1
1F37B9F7
219769CE
1946BDCA
10557D94
0C44D195
0A93B98B
09C3597D
07B37582
06B37D85
07838D91
06234194
0712C5B0
08D36198
09E3BD6E
09C3D983
09D4619A
0A147DB0
0E24F1B2
0F2515AD
0F44E5A4
0E142D94
0CB43522
0B53F502
0CD344D4
0BD2CC97
0C42347C
1072A095
12A430DD
12542101
0B233529
07D41168
09745D85
0CB40187
1204759B
138569DA
13E545AD
10041D73
0FB3F97E
0F74918E
0F052986
0E45317C
0942A0E2
09B28CC4
0AD33521
0E937587
0F63F592
11151179
1144D973
12855D48
1645B519
1394B50A
16A5D160
193719AA
1C26DDCC
1CF699DA
19F6EDC1
1A26E9B7
1866E989
1A46A5B2
17E675BB
171685AA
17A57D3A
1675A907
1745BD2F
19862197
1B06799E
1B2625A4
1946759D
1996C59F
1C5669A6
1B0691A5
1B072967
11F4F574
0FA41CFD
0C62507A
08C16060
07913C3B
0D116848
0912909A
0B43DD01
0873410B
0F761180
128689A6
188761A4
1D983DE2
1F1809EA
1F97D5F9
1F07A5F1
1E6785E1
1D97D1F8
208719F1
1FD735DB
1F476DBD
1F87C1A5
1FC7D9DA
1F27B9CD
21074E0F
20B6E5F2
205709FC
1F97A9D8
1D97A1DE
1D47C1F3
1F779DEF
1ED789F4
1F2779FC
1F1791E5
1F3785E2
1F6791ED
1FD7B9F9
2027E5FB
1F47FDF0
1DD7F5FB
1E17BE00
1F07D5FE
1DC79601
19A661DE
1055459B
0CD42981
0A53E59C
0853CDA4
0863B98F
08E34995
09E335C1
0A6379BB
0C23F1A4
0C443164
0EB43958
0B54D1C8
0A54E9D4
0D953DC9
10D555B9
11B495A5
1294A9A0
1025995B
0FD5A13C
0D648513
0FE348B1
123388A8
1263C0B5
137420D1
13B45CF5
0E23A141
07E4619A
09B46191
0DB3FDA4
112485CB
11B5BA02
13B5A5EA
0EB38D7B
0C53D585
1205598B
13C5598B
0E24817A
0962FD01
0BC37D07
0D03C93F
0F43F59D
0FC439A3
0FC49198
1014C175
14063140
1535E924
16957939
1A25F9AF
1976E1BD
1C36A5D2
1C26A9CE
18E6D9B7
17F6CDA2
18D6E187
19567D9B
18668DA4
1776BDA2
17F5594A
1735412A
17C5B16A
18962191
1BF6898F
1D36598B
19E62D93
1AA6158E
1DF6C56D
1C475946
1164751D
0F244D1C
0BD3609F
0B023863
0A62006A
0D62385B
10827468
103430E9
0FB40104
0F343920
11754548
15C6EDA6
1AD7C1A2
1DB801C8
1FE7F1E9
2057D1FD
20678DE7
1F2795EA
1DA7F9FB
1E48560B
1D97DDEE
1F5791C0
2127A5B4
2157DDE6
1E9751CB
20973E04
1EC70DC0
1FE761DD
1EE7BDDE
1DC781F6
1F98720F
1E57BDC8
1F8755C2
202751E0
205771E3
20A75DD8
2207C5D2
2117C5EF
21E7BDF1
20F78DDD
1E37CA02
1EF7A9FD
1F5809FA
201869FE
1B174222
15F661CB
113521A7
0E44B9C8
0B041DBA
0C8441C0
0D5455C7
0CE3F1C7
0D8449B4
0C652D8D
0BA4A16A
0C44B59A
0C44ADC5
0BB4B1E1
0E1539DC
113565C3
140545AC
16A5B9B5
14B69DB3
0FF54174
10953968
12557D4C
14642CDC
13E404CC
142480E2
14248D0B
10B40D51
0B24058B
0C73A971
0CD43173
0E9499C6
0F44DDCB
1024D5B9
0E543DB2
0D1435BE
0F2505F8
137535B4
10548984
0D14554E
0C544D23
10657556
0FF4C5A2
10449DC2
11A4E1CE
13A581C2
10B54193
1015297B
12354D80
19158193
1BE631A2
1BF6A1BF
1A7661B6
18D669A2
18A66D90
19B6E18F
1936B986
19068D88
19369595
18754974
1854F14F
1775E17C
18966D8C
1B967D89
1CC6DD7C
1A468986
1BB5F191
1D46E15E
1184CD0A
0C62BCCE
0A830C95
0C731099
0D82A8A2
0BF2CCBE
0E836CC0
1492E0A8
154334CE
142320FD
156480F3
1595A13A
18674192
1C47B1BF
1EA7BDC2
20A7ADEA
219801FF
1EC7E5F9
1EF7C9D9
1E6809E5
1CD83DF9
1CB839F6
1E27D1D6
20E7F9C8
1D8891C7
1D67CDE1
1DF781E9
1EA771E8
1ED7F9F0
1DC7A1E2
1EE799E4
1E07BDE3
1DF7B9D7
1F9799C8
2027A5D5
201791E6
206761D2
203791C5
1FB7CDCC
205761D2
209721D6
1FD76DE5
1F77C5E3
2017FDD9
1F8889EC
1D578A19
1E6795FC
1825F1DA
1084D1E3
0D34F1C5
0D357DAA
0ED525C8
0F35C1CC
0FC611CC
1155B9A8
1124A9B9
0C44FDA1
0CB5799F
0C8479F5
0DC529EC
11A581C1
15C5CDA1
16961D88
112505A2
0C13E5B0
0FD551A0
14560D7A
16F5C131
16450105
14B490FF
1644C90F
15248934
1023995F
0C63D57D
0BD3ED77
0DC409A9
0E5475B4
0E348D9F
0DD46593
0F1415F1
0EC54A14
11C4B1B7
0FA4757C
0E64994D
11B50928
14556961
1284DDB2
1264D1C9
136529C3
15F5E9B2
1195098D
0E34F986
13C56566
18F5956D
1B65C587
19C5F59A
183669A2
1905E17D
1A162986
1A967999
1856557A
18062977
18B63576
1675E560
16D5D548
1535D1D9
16E679B1
19F6A197
1BA6D574
1A165570
1845F158
17360D42
0F2444FA
0B42F8AA
0C32D880
0DA31485
0D82ACC2
0E4388F3
10D4591B
16C4AD4F
18A67D77
1A460970
1DC5C945
1AF70D85
1C17A1C0
1CD7D9E3
1D47E9DF
2057A9E9
21579DFE
1E77D9F5
1EF775DB
20D791E7
1F184DF2
1D1849F2
1EB825E6
1FF831EA
1CC7F1FA
1E97A1D7
1E877DE2
1F07EDF0
1EA7FDF7
1EE7C1F0
1F1795E7
1D87CDF0
1E076E00
1EC7B5ED
1EE809F2
1EA7FDE5
2027BDF1
2067A9DC
1EE7A5D2
1F6765D8
201749DE
2097BDEF
204785F1
1FB781E6
1EB7F5F4
1FA82A0C
1E773DF2
201769F9
1AE695D3
1275F9C8
0F6625BD
0FF5E5B4
0E5585AA
0F05F1BA
1105F9AE
0F6565B6
0D053DA6
0DA539B0
0EB5A5DD
0EA571DC
12B595BA
16C63D80
11857979
0C2421A0
0B2435BF
0DA50DD2
1506D1B4
1D274D9B
1C76F999
18250547
1834E925
1985912E
14F50D7B
11D48555
0BF3FD6A
0B83D189
0BF41591
0BE43990
0BF449B0
0C94B9ED
0E5545F5
11047190
0FF45D74
0F045D44
1254F10C
1575597E
1444FDC0
1384E9BF
14A589A7
19E5FDB6
14B56DA0
0D142558
14259D58
1805E563
19B60190
188611A1
1755F986
17C5F57D
1A85D18E
1995959B
17D5816F
1775AD5E
1715D560
16A6094C
1935717A
1935A58E
1935F5AE
18F685A5
1AA63965
18B59D4A
17558925
16E53909
14C4C904
0E51E0DC
1013207B
0FC3108A
113380CD
15C6354C
17664585
18E6CD9B
1A4715B0
1E66B5EB
1CC6C1E7
1BC799AF
1E6781C5
1E57F9D8
1DF831E3
1FD795EB
20373200
2007B602
1FB7B9F9
2117CDFB
2117E5EA
1F1805EA
1E6819FF
1DF7E9F9
1D47FA15
209725FA
1EF771EF
1FA7D9EC
1F17C1E7
1EE75DC2
1B186614
1DC80600
1EA801D9
1E17D1E6
1EA81DE9
1E5831EB
1E9809F2
1FD7DDF9
1F97D5E8
1EE7F5DB
1E87E5F6
1CD7A62F
1FF765F5
1D4735D6
1DE78DF5
1FF75A03
1FA72DF9
1DB719F7
1C66F5D5
1AD70DCF
1736E9EB
0F45A9D1
0EE59598
0FC62DB6
0F65F9E3
0AF6359F
0DF519B5
1024BDD1
12B535C4
1275B5A9
13E5D999
11841167
0B03F18D
0943E986
09E39D84
0ED555AB
15A709A1
1F07D9B5
1E778DBC
1D263196
19855934
1B463D49
1C067979
1985AD62
11A44D46
0AA4017A
08A41996
0954219A
09D41DB8
0C1465A6
0E04B190
10649570
11548D76
1224C55A
13E4D521
16455D72
144589C5
1405C5B4
16E645A8
18D649B7
160669BC
13660D96
14760D8A
16F65D84
18669193
184649A0
17060D84
16D6017F
17F5B1A6
17859994
17454165
16B53549
16D55D58
19354569
1B556D5D
1AE5A169
19F6498A
1AC625A2
17F54945
18659943
18958D3D
17C5312B
15350124
12F54D6D
1904D966
1B25297A
1BA5E963
1AC74192
1A2785A3
1BF7BDC8
1CB7A5CF
1E5775CD
1F6751B6
1D672DA2
1FA77DCB
2157D1DE
212815E4
1E8769ED
1DF719FB
1FB7C5F2
20281DF1
207821E8
1FF7A1E9
1E37BDFD
1CE80220
1D27CA12
1F8725E7
21A70204
200775F6
1FC789EE
1FD729D3
1E07C5DA
1CC89201
1CF7F5E7
1E6805D5
1DA801DF
1F9871CA
1E2851EA
1CE809F2
1E380DF7
1E581DDB
1DB801DA
1C278DFE
1D66F207
1E86F5DC
1C9761C5
1C8789CA
1EF74DE8
200735FB
1DB79DEB
1D477DE6
1FC741F3
1F274E13
1AC675E7
18061999
189685A9
17868DC7
1225A9CB
12F569A6
108481DA
1254FDD3
1395E5A1
13661D98
0EA3F585
0983B174
06D37D8A
08F379A6
0F65ADD2
15F719B4
1F47C9AF
1F67B1BF
1EA72DAD
1A760543
1B568558
1D767569
1D364159
10D41D51
0D343972
093415A5
07E3EDB6
0A93C594
0C43CD93
0CA439A9
0E949D97
11C51D8F
1684E957
1965A165
1825C181
1705C583
1775AD85
17666DA6
1836D1D1
1666F1CD
15D691B5
15B669B7
16B691B5
17C6719E
17A60D86
17761190
1825F595
18A6019D
1805A98B
17253D7A
1614F56F
16F52558
1955855E
1A25B164
19A62970
19466984
19E5E992
1995C576
19D5D969
19359164
16058D72
14258562
114629C0
159639BF
197711D9
1C371DAB
1D7779AE
1ED769CC
1E07A9DF
1E47E1E9
2007C9DC
20A845F2
1E4821D7
20D7D9EC
20A781DC
1FE7B1D9
1C772DEA
1C276DE4
1F97A9DA
2057E208
1EF7E1ED
1E276DEA
1EA74E0E
1CB7AA11
1CF769FD
1FB74DD4
209731DA
211789F2
20478DF0
1F5741D3
1F3781E7
1E17D606
201869C3
1EE845C0
1BB7B1E9
1CF80DD4
1EE839EB
1EC7DDED
1F37C1E7
1FC7EDE0
1D87B5EB
1E7769FD
1E3701F8
1E0711E1
1D4795D4
1D17A5C8
1F1749DE
20D75DF5
20B7B5D7
21074DD0
20B739F3
204771FE
1FE751D6
1C667DD1
1BD6D1D1
18B67DD7
1555A197
12F4F14F
15656524
1345B588
13C5E592
114675B5
0CA431A3
08E381A5
06739D9B
090399CD
0B6449D3
161705F1
1CE7A9CF
1ED7B5D4
1E273DD7
1D36D97C
1B76F584
1B668D46
1B664548
12248D51
0E143182
0AA3DDA1
0A83ED81
0AE3C595
0A343DA6
0A9415A0
0C73A18D
10B45582
1766659F
1946FD82
1B8665B6
18E5C592
15359186
1755D1AE
194679B8
1AE699B3
19A68DC3
179695D8
15E68DBE
15B5B176
1775A167
1785E98B
18C6A9C5
18A605BA
1845899E
1895618B
16E4F186
17F51D45
1975E15F
18B65984
17F6198E
1835F59A
19D5DD86
1A35C97B
1A95D180
1A16257E
1776357C
1245D5B9
1135A5BB
17C75DE3
1C477DE8
1E97A9E1
1E77E1DC
1DB741D2
1DB761EB
20175DDD
1F67A9D9
1DA7FDE6
1E686606
1ED7CDEF
1E9735DE
1E87B5EA
1C9765F6
1C6759E6
1EC75DEE
1F7731E3
1EF775E7
1BD761E3
1ED76E10
1EA7F1EF
2067B5D8
2067A1D9
1F274DCC
1DF7A1CF
1EF7D1D6
20C7C9CC
2047B5D2
1F47CDEB
1FE839DB
1C976DD7
1A7709DA
1BC751D0
1E7795D4
1FD7E5E2
1F77D1E0
1D574DDB
22A7B5EA
21E77DE8
1F5775E7
1DB789EB
1E477DE6
1F2785EF
20579611
2207720E
229779E5
222785CD
21077DEC
1FF791FA
1EF76DF0
1D572DE3
1D7775FD
19F731EF
16373554
0FC3E4ED
0CA35CF1
1214F537
12A55D6D
0F0519A3
0B0459B3
0A13B5A3
0963C1A7
09C479BB
0CB4CDE3
16572603
1D374DF9
1DF7A5E7
1C7705F1
1B76C1B5
1A36ED8B
19D62978
18D5F13E
12E56953
0D544985
0A942182
0953ED85
0AC42183
0A843596
083481AC
0D236D83
0F74499E
17F6B1C9
1B0681C5
1C2651CA
1A15DDAC
16A585A4
15A5D1A2
16F5897E
19A5F989
1A7661BD
183661D4
16E66DB8
1695E180
1745A964
1936057D
1A26E9D4
1A364DCC
1AA5A592
1AF60593
19B6057F
19556142
1996399E
19D6398E
1A661D82
1955FD90
1A462D7F
19E5D583
1AF5E194
1B467198
19F6ADA3
1295458B
0F9529B2
1395CDC9
1E27C5C5
2077C1DD
20C7F1D6
1E6765D0
1E5789E0
1F8799F1
1FA74DE5
1EC75DFA
1D77C5F8
1C674DE5
1DE735DB
1E47E1F5
1D87E9EC
1C479DD9
1C173DC9
1FA735E0
207751DF
1EA769FF
1F87D213
22280A04
1FA80DF1
21172DED
2087E5E6
2037FDE8
2047D1D3
2167E1DB
2017D5E4
1E47C1F7
21A885DB
1F37B9DC
1D5725DA
1DE749D6
1E87B1E1
20183DE5
20581DEC
20E7B5F4
200739F0
20F765D4
1D27ADEB
1D37CDF4
1E6785F0
1FF775FB
2197CE0F
21B799F9
21474A00
1DF7AE16
2127B9EC
1FF7B1F3
1E0799F5
1DE7BDEB
1DC7E9D3
18F7B57D
14C57D12
08D248DC
0B0308F9
0CB3C527
10152575
0C64C19F
08745DB4
09536596
07C3FDA9
086485C5
0A1471D1
14D729BD
1A9771BC
1B96FDB6
18C6219C
1AF5B94F
1925394A
1C36197F
17A5B148
1215C554
0DF53558
0A64716B
08144D68
08E47165
09449187
086475A1
08C441AA
0FB44190
173625CC
1A86B1C2
1C2661AE
1D26C1AA
1AF6D1AF
14D5D985
15A5F172
17E5F56A
1986299B
1825EDA9
17D601A6
1856019A
18D62185
1A06C590
1C46A9C0
1B1731DC
1B76AD9D
1AE69D97
19A6B18F
1A554540
19B5B579
1C75F989
1BA6397B
19A6497E
1906197E
19B5B98B
1B15BD97
1BC5F1A3
1AD631B5
10D4C577
0D1509A4
0F3511AE
127581BD
1D1741E4
2017D9D8
2067CDC6
1F1835D3
1E07E9FC
1F470623
1FF6E216
1DC775DF
1CA741CF
1E0735C4
1CD779D9
1C97ADD5
1C3775BB
1BA735C3
1FF779E3
215751EF
1F076607
2027CE06
1F98BE07
1F187DFB
211755F8
1FF7E5EA
2007D5FC
20878DF6
202765CE
1F67C5DC
1F37EDE7
20C82DDF
1FA781D8
1FE745C2
1EB7ADDF
1F383E09
1FD86DFC
21A7C9EA
200775F8
1FA779FD
1E976DEC
1D67B1EC
1DC7D1EB
1EA799EF
1F275DF3
20A785E5
20B7A9DD
1E87A1FA
1D177E18
2227EDE8
1F880DD6
1D27D9C0
194739BE
14666590
13549113
08D244C5
101384D8
12840129
1595E9B6
14D65DCB
0B44BD89
078435AC
0503E5B4
042465B7
075459B0
0B2481A6
1486499F
1936ED73
1A867556
1D650122
1B84E92B
18C56147
1976A17E
18068181
13A62D82
0F954D72
0C845977
08F4F17B
07748977
0874B17B
07650589
090481A6
0DC4ADA0
11B58DB9
1967398F
1B56F5AB
1B6745CC
1FD819A7
1A27118C
17465580
17E695AE
1AB6D9CD
189611B3
1825F9AB
19E641AE
1A5685A9
1AE741C5
1C0781E2
1CC769EC
1B8705BF
18466994
18363D83
18A6295D
19D61157
1BD66165
1AC67964
1876557A
18E5DD7F
1935A982
1A15B18E
1B05B597
1A85BD9F
1134C966
0C544959
0CF47190
0F44F1C1
174621F2
1D3731E3
2047E1DD
1D5839D0
1D17CA01
1FC7121D
1FD70600
1F2745DC
1EA795D6
1DA765D8
1B9781E6
1A4755E0
1B3725C0
1CC75DDB
1F57C1F3
2097460A
20672A0A
20176E09
1F387606
1E7861EF
20479DE2
1EF80600
1D37B600
1F47CA09
1F77EDF3
1DF7D9E2
1D779DDF
1F87E1E7
20E7B1D2
1FE73DBA
1EE709E7
20B86221
1F68A614
1D1819DA
1EA75DE6
1FA749F4
1F5761F4
1E17A211
1D77C613
1D87CA0A
1DD78A0B
1E4751E3
1DB7A5D9
1F27E1E7
1D07860D
1F0845E9
1FA869B6
1C16D5B2
1796658B
0E0320CC
091258BF
092244C3
13F43D4C
18E57187
1C0845D6
179669E3
0B941D85
07942DA0
05C459B4
0713A9D0
065439A6
08F46D95
14B66DAB
1B46B15C
19B67151
1985C960
1A055556
19A6E58A
1B2765B0
1CC71DBE
1916BDB7
16E645B9
0FA43D85
0B84C58D
09C45DA6
0C343191
0BA48994
0AE445B0
0B8495B3
0D1539A8
1646C1A0
1B5705CD
1CB789D8
1F482DD0
1D47D9D8
18E711DB
18E6C9C4
1B7709DB
1A96D9DA
19A6A1C6
1AB6CDC6
1B46D5C9
1B4719D2
1AD7CDC3
1E5791D8
1ED6F1D2
1B15EDA1
1A25A589
18861155
19E60151
1B26515B
1AB6994E
1BF6357C
1965D596
19062D89
19262588
19D5D986
17B5A978
13B53D68
0EB49D58
09C4019D
0B442DB7
14464DF7
1936D9E6
1B872DDA
1E5795EC
1C77C5EA
1CA7CDF0
1E876DE6
1F6781D3
20B77601
1E57F207
1BC815EE
1A9791D5
1BE775D2
1EE791EC
1F9725FF
1FE711FB
20C76E04
1F773208
1F27AA04
1F17FDEF
1FA7D1CC
1CB77DFE
1DD7DA0B
1EA7EE0D
1FE7C610
1EF7EA05
1DC7BDEF
1CC7C1F3
1CF7E1D0
20F799CE
20775A0B
1E774A01
1F78620C
1ED7C9EB
1E2745EA
1EE721F8
1F6779F0
1E47E60C
1D37EE06
1DC835E8
1CD7E5DE
207795E2
2137ADD8
2007F5E8
1ED7CDF8
1BD7C5FA
19874DE4
16364D8D
0ED364A6
0C82A0B4
0C8314C9
1234190F
1A16D9C5
1D3791D1
1ED815CD
1B8765CB
13254D8D
0894558B
06741DA4
069411B7
07045DB5
0804E5B4
141679AA
1A7745B2
1B769199
1A464DA1
1CC6C99F
1E07B5C4
1E6755E1
1DD6F1D9
1C675207
18261DC8
133489A5
0BC4718D
0BC47997
0D6501A7
0C64E5B6
0C24CDC1
0D046DAD
0C74C1B1
10E5F9A1
14B6C19F
1B8729CD
1D6741FB
1C070A0F
1D2755E0
1C2705C3
1C8721C2
1C175DE0
1BF789F3
1B0731DD
1CA729E9
1D3731EC
1B97A1C8
1D9795C4
1F66D5CB
1D765DAF
1A75DD7E
1955D962
19B6014D
1A861D55
1B863162
1BB64170
18F5D99E
17460195
1816297E
18C5ED73
18D5916E
1695757D
13D535AA
0BF4C19F
0CF4BDBB
1105F5C4
1456A1C8
1A672DCF
1D978DD7
1D57CDE2
1D77A5F4
1F1769E5
1EC77DD6
1F37D619
1E87760C
1EA80DCA
1D17EDB5
1FA7D9AC
2087A1CD
1ED715EB
1E06E9ED
1F577DDB
1F3789ED
1F0785FD
1F97E1F3
20B821CD
1D175DE7
1E276DEF
1FE7BA12
1FE6C9E1
1DF7E202
1E277DEA
1B3755D5
1AC735D7
20C7DDE3
1FF7B1E7
1E87F204
20A80609
22578600
1F4741F0
1DC6D5EE
1E279DEA
1F07C5E5
1E27C5E3
1CA801BE
1BF7EDB6
1E87F1D7
2207B1E7
21B7B5F2
1F6789DE
1CE705D5
1335996C
0DB55D1B
0AF3C4B6
06A370FB
0EC4D8F5
1E969582
1D8785EB
1F57A1DF
213799CC
215751B7
12E5A58C
0A549196
083421A1
06E3F1A5
07F4219B
07C4A59B
10D58999
187649B3
1E16BDEF
1F26F1D4
21E7BDC4
2137A5C9
1F9709ED
1D16C9E6
1B8751F0
17D631C6
10E459A0
0B940991
0C74859E
0CE4E9B0
0BF521C0
0E2521D2
0E7505CF
0E14E5B2
0F4575BA
1155E5BF
12C595A6
1B769E05
1946B203
1C46E9C1
1BE6CDB2
1B16E5BB
1C5771B4
1C674DBF
1C470DE4
1ED769EE
1F3779FF
1E1791F4
1D778DDA
1DE715BE
1D266D96
1B85ED75
1A45C954
19D5DD59
1975C161
1985B965
18D55D6C
1865598E
1935ED88
1966197A
1955C17A
19956978
1A25A582
1905B1BF
1425B1DF
1125E1D4
0F2555B5
0FE5BDBC
16F6C1B3
1DF791D3
1D47B1F3
1EB76E0B
1FB7820E
1D6789F4
1D7769F5
201779D5
1FE791C5
1DC7D5C8
1D37F9B7
1DF7FDC8
1DC7A5D9
1D2791E1
1E476DE2
1EF781E7
1EA77E03
1F3861E2
20A861E6
1E87D9CD
1DD7A1DE
1EA7D9F6
1DE7BDE7
1CA78DDC
1C7789B5
1B87A9C4
1C9791EE
1E87D1ED
1E0829CD
1FF84DE3
21E7F9FA
2326F609
209755ED
1E576DDC
1DE75DD2
1F674DD4
1EF791F1
1CF7F1E3
1E1825E7
1DA82E1E
1F17CE16
200711F2
1E3655DD
1A75E9A3
11750530
0EB3E4BC
101448BB
12A4E92E
191675AA
1CF701DF
1F2779ED
1EA7D602
1FA78DEA
1DB7D9A5
1B4735BA
11A559BD
0CB525B1
099475A1
08146D9E
07748597
0DD4F9A1
1AB699E6
1D971204
1FB755EB
223799DA
229769ED
20C75A0A
1E17C20F
1BC7D5F1
1AB73996
13C4992D
0E93E578
0C947986
0CD4FDA0
0DB55DB6
0D05DDB6
0E9561C4
0D6549C5
0D6561D1
0EB579C4
0F4541A3
12D509BF
13F5F9D4
16963DBD
17C655B4
18D699B2
1B4721B1
1DB739BD
1DC6EDE2
1DE73DDE
1E9779E1
1DE785F2
1DC765F1
1E371DC7
1DB66D96
1AC5AD68
1965A544
19F5BD4B
18D5AD6B
18759971
1865216E
1AA58958
1BB61556
1BD64570
1A45C17D
1A457D71
1BB60D7F
1AD695AF
1546A5EB
140689EF
139675C7
1556ADB7
1906F1B7
1B073DD7
1C97B60D
1ED7C628
1FB7CE10
1F57E9FC
1DA80E00
1CA805EA
1F17B1C8
1D07DDF2
1C57BDC8
1C97DDDD
1C379216
1E17E1DB
1EF771E8
1EE739F0
1D4741FC
1BF7E5F6
1E389DEF
1E1805CE
1EE845E4
1D57DDF6
1C67B5E1
1BE75DDB
1F87D1FE
1EF7FDF0
2027B600
1CF7A1CE
1C87F1D7
1E2849E2
202825EE
20E7B1FA
1EB7A1E1
1D7759CB
1E1731C5
1ED75DD4
1F37ADF6
1ED7FE05
1F77D1EB
1EE7B5E1
1DD781CC
1E85F5CB
16E4F134
150484FA
0E438CB3
10F3CCCB
12A49D26
185631B7
1C1711D9
1D9771DB
1DB751E0
1F181208
1FD79DFB
1F6815D4
1CF7D5DB
19E669BB
12F545B1
0AA52D9C
08C4C59A
086499B4
08B479C1
15558DC7
19977DEE
1B77F5F3
205769EF
20F751F2
1FF79606
1F27FE0C
1BE805EF
1B358D46
13E44943
0F33DD41
0CF53166
0D85317C
0F2549B1
0FE599C0
0E6599BE
0D7581CB
0CE5C9E0
0C95B1C5
0C65C1B1
0CB4ADCF
0DE4D9D8
0B6519EB
100539BD
13F5A9B6
1B3725C3
1D673DC7
1CF721C4
1B4765BF
1CA7B5CD
1E77C1EE
1E1749E3
1E46C5B0
1DD645A1
1B45A96F
1A354D3C
19352545
18655956
18A58979
18A57177
1985A166
1AE5F154
1AA62D77
1A05F185
1A15A574
1C161D6B
1C26CDAA
1A677DCC
2188C9E7
1E5809F2
1DA7DDC2
1AF74DC3
1A172DD0
1E07D21E
1F980E1F
206811F5
211835DC
1F0835E3
1DA7E1C7
1FB7E5D4
1EE7A1DD
1D0719D2
1B274E02
1C97B1F5
1EC7ADFA
1FF751F2
1FA6EDEB
1D5731F2
1C0799DC
1CE805CC
21074220
1F77C603
1E67ADFD
1D57C9DC
1DB7F9E8
1EF7C218
1F180E21
1EF7E5FD
1E3789E0
1A77A5EA
1AE7A1E4
1CE7A1FC
1C5791F3
1A46C9B6
1CA711B5
1E675DCB
1EE7B1DF
214891D3
21981DF8
20876DCF
2117C1DF
1B461162
16E47D3C
13647118
0FE434D1
10B370B2
1524F155
15A5B18D
1986A1F3
1DB7FA1B
1EF7A5EF
1FD7D9F0
1FE789E9
2087A5ED
20080DED
1EC889D7
1C0751D5
1AE6B1DE
1385C1A1
0E6531B7
0A3541C0
095485CE
0FE545D4
13F699E4
1D07E208
1EC7B608
1FF759F0
1FA76DF0
1EA7B9F2
1BB721B6
1A04F550
1713BD2F
0EF45945
1094DD37
12156180
1095B9C6
0F95A5C7
0EF5CDC7
10F585B7
0D95F9E6
0D65E9ED
0BB5C5DD
0D354DDC
0D7541CA
0B94E9AA
0BD499D4
0ED4A1D4
18763DCC
1E26EDD1
1D2719C8
1B677DBE
1BE7D5C3
1E77F1D9
1E1779C6
1E06D5C0
1CE62DAA
1AD5D165
1A359158
19656563
19656978
1975AD85
18B59180
1935FD63
19863573
1996017D
18C5E982
1915C56A
1B161177
1CA715BF
1D77D9DC
1E67F5E4
1DA7A20F
1DC7D5C8
1D07E1B5
1CC7A9C9
1FD7E5F6
2097F9FC
2117F9DF
213839C0
20B7A98B
1F8709DF
1F3765E5
1EB6F1EA
1D26C5EC
1B973DFA
1D3781F4
1F0775F8
1EB741F1
1F0765F6
1E8791EF
1DD7C5DA
1E47DE05
1F87AE2A
2137D9FE
2067DDDE
1EF7C1ED
1DB7F1F1
1DF7B60A
1EB7AA0B
1E4799E9
1C372DD9
18B6A5C4
17E68DB0
162575A7
1535D59A
17E69D60
1B66D575
1C8755C6
1D7785C1
210845BB
1F8741A6
202735B9
1BC5A14B
15C474F5
11B424CD
0F93ECB2
1083A4DC
14D3F124
1765657B
18E729D3
1CD72DFE
1EC7A600
1FB7C1F5
1FC77600
1EE7BDE5
2067CDE1
1FA7F9E5
1EA841E2
2197E602
1EF765F3
1CC799E0
15E70DDB
0C3595C6
0C3501C1
0E859DE5
15B5EDD0
20276DFC
2057EE00
20D79E02
1FB7520E
1DC77DE6
1CC731B2
19B6156F
15A3ED36
11D3F520
1344C925
17558169
1045F9BA
0E45E9CA
1045D5B7
11362DD4
10E621DE
0F060DED
0F6619E6
1245D5C0
0FC5F5B1
0B75A1A8
0BC4B5D6
0D147DDC
1715D9B2
1DF6EDD2
1D5739D5
1CC78DD4
1C97BDD5
1C1759B9
1D9799C1
1FD765E4
1D1681BB
1B25FD7F
1A35C96A
1875CD77
18B5ED9A
1A063181
1946A163
18B66173
19A62D77
18E5E582
17B59973
17D5398E
19C5F59A
1E1741A4
1CD80DDB
1E27A1F5
1FA6EDF9
1EE75DC8
1E77F9BB
1F77C5D8
1F37A5D2
2017C1D0
2177BDCC
202791CA
1D7709F4
1E7725E5
1E872DF0
1E96E9EC
1E46C1E5
1D9729EC
1EC79DFC
1F8795FD
1E07CDFA
1DE81A07
1EA7DDFD
1E37E5E6
1F779A0A
20875610
1F07BA04
1FA805F0
1EA7B1D2
1DC795E3
1E6789F1
1F374DEB
1D86F9E0
1A9625E5
15F5B15B
1665C15A
14F55584
14355D67
155500F2
15C50CFC
15E5D162
15960590
18458572
1685455B
1574F146
14D4C0EB
14D3E0B5
11D414BC
110440B6
18B4E93E
1BD5FDB9
1A77A5CD
1CC761F7
1EB781FC
1E577A00
1DB815E6
1F679201
1F67B1F1
211821DF
210801E6
1CF75DB9
2097E5F5
1ED799EA
1C17E5D6
1626F9F0
0D7591D2
0D357DC6
0DB585BE
17C62DB1
1FE745F5
1E7809D7
1F87F9ED
1F27920F
1EB78A02
1E8791D2
1CC72197
13147540
0F43ED24
10C400E9
14862575
1126B1AC
11C5B5B8
1145C5BD
12763DC9
11A639DD
116661E7
160731EF
17C6B9E7
16D685DE
15A651CA
12454DCB
12856DB0
19A6B99C
1B8735B5
1DF829DB
1E77D9D0
1D5791D2
1DC72DE6
1F475DE3
1EC7D5C2
1B8701C4
1B661D8C
19E5A567
1715B97A
1785E18E
1AC6415C
1A164568
1A362589
19E60983
18C60187
1845A998
1944ED9C
1C95ED83
1DE6E9A3
1D57CDFA
1FB78208
20976207
21A7F600
214811ED
1F4781E2
1D871DE6
1F07C1D5
21F7C1CB
20F759DC
1DB769F6
1D9781F2
1EC7D215
1E2769D7
1E9751D7
1F0771E7
1EB7A5F9
21084E08
1F3815F4
1D8859FE
1BA82E0E
1DC7DDE9
1EB799EE
2017CDF3
1DB7EE05
1E27C1FF
1DB73DD7
1DE749DA
1EC779EF
1EE721EC
1C66B5FE
1B25D1CF
19C5A58B
1A363966
1AC68172
18055D25
15B394BA
12A35CE6
10A3952C
0FB38139
11D4513E
1424F132
13D4D91C
126458F3
113384B7
11E414F6
14753D20
1E26FD7B
1D2729CF
1D6789EE
1DF765F7
1B475615
1D3775F9
2047C5F1
1E276DD2
1EA72DF7
22480DE7
2157D1E3
1EE771F9
1E17DA09
1ED7C5F2
1E3775E7
18A6F9E6
11C615FE
0DE5B1CC
0E45E1AA
1546A5B6
1D975207
1C7811E8
1CC805E5
1FB79DC9
1EB78DF8
1FA7B1F9
1E87299E
16653D30
0E53A51F
1102F8E7
12C4C534
1446ED9B
13D5F1B2
12B5C9C1
0E7561EA
11C5D9E0
150695E4
18F709F7
1F470A05
1D3715EB
1D3749E3
1BF6FDC7
1B273598
1B2785A6
1D67E5D3
1C67B9D8
1F06F1D0
1D7745CC
1DA781CC
1E7785C4
1CA7A1C1
19572DB6
1816519C
1655A96A
14757D86
18C5BD84
18D56188
1AD5DD75
1B95E98B
1A25D987
18C61D7B
1825B585
18455982
1C45A587
1E06E1B8
1FE78A09
209759FA
209789FC
21382217
21984E45
2147FA4E
1DB7121F
1E27D1EF
20C819C7
1FB791DF
1ED7BE04
1E77BDFD
1F57ADED
1EB7F9FE
1E0811FD
1E380A01
1D17C5F7
1DA799D9
1FF84DDB
1D7885F2
1D4825E4
1EA7B1C8
1C67B1CF
1E07EDDD
1E57D1E3
1F977DED
1DF795F2
1E4745D8
1DA771E5
1BF74DDD
1AC6EDE7
1B2685BD
1B36359A
1BD6F1AA
1CA711A2
1BD6B162
181498D6
1152DCD5
109360F5
10133909
12042D04
14052112
1394A8E0
103430D2
11031CAD
1183BCF9
16B5E19C
1EC749DD
205775F0
2157ADEE
1FB7ADF0
1C97C5F6
1EB7A1EB
2187A5E4
20E7D9D8
1ED7F5D9
20D819DE
2087B5DA
1E5719F0
1ED7A21F
219775FA
2077D204
19C6A1D1
11C5ADFD
1125FDF9
131629EB
1916C9E3
1F17BA01
1F38060C
1F17C9FC
1FE795D3
1FA7A9DB
1F9769ED
1E76B9AF
1A656D72
1093A92E
0F133111
11538D2A
1796197C
18E705A0
15B679C7
17A681CE
1996E5D2
1AC785E9
1CE74A06
208745F6
20676DF5
1FA80204
1EB7C9EF
1A5789D6
1AE739D7
1DB741F1
1E56FDEE
1FA64DE5
1EF741C4
1E778DBA
1F3739AB
1DE6F1B1
1C26A5BD
19C60977
17459958
17159154
18358972
1995A190
1A65C994
1B560187
1B25DD81
18A63167
1735D167
1785956C
1DD62D93
202731C8
21878DF7
202721F6
1E279DD8
20A81E15
20B7CA25
1F278A22
1DF6EE20
1F2775F9
200835DA
1F5845E1
1F0811F1
1FA7BDFC
1F77B5EE
2157EE13
1DD7DA04
1D77D9FE
1E67E9F5
207809D0
1EC825E6
1DB8260D
1DD7DDE1
1E47A5D2
1D37A9D1
1D2719C0
1D078DCC
222725CE
1E27B5D8
1DC771A9
1D1761AA
1B5765AF
197735C7
1BC741B4
1B36B5B4
1B969DC7
1CA70DB4
1A06A179
15A47927
15041D0D
120444D6
1253F0D7
136450D8
162424C1
14D3F89C
0F63ECAE
1112EC9B
12143CFD
19061D65
1CB68198
214721E5
2357A5E2
2177BDEA
1EE7DDEA
2097DDDC
21A781EA
21F7BDF1
215851E8
20F82DE2
2077B5F7
1FF775FE
1FE779FC
21178A02
20D721DC
1CE745D4
14F4E1F5
1445B9E9
193695F9
1D9769FB
2027C9F8
221839EB
213801E1
2197E1E6
219799E3
1F46FA00
1CF6E1F0
1B1631D0
16D4C584
1074614D
10143D3F
1433E11D
1A963580
1C9735A4
1E7791C2
1CE781D8
1C7795E0
1D6799E7
1E8771EC
1E0795FB
2017DA04
1F77B607
1EC75E05
1CA731E3
1E0709F2
1D4699FC
1C4631FB
1E2739C2
1F5709B9
1F16C9B3
1D7735BE
1D869DB4
19457D66
17755953
1735713E
17D51531
1AC6058B
1A760993
1A865981
1BB67174
19E61177
1766257C
17A5C16B
1D75C17C
204699B0
20C761F9
1F273DF9
1E07B5D8
1FD7BDEF
1F383210
1D47EDE6
1E5761E8
1ED771E8
1E6811F0
1E38C1E7
1F0835DC
211781D7
2057BE08
20E7BE03
2127A5DA
1F87B1E0
2087D5DD
1DC791E5
1D1795FF
1CD7A604
1D879208
1EA78A05
1F47A5E7
19A685BC
1AC709D2
1B2709BC
1C573D9E
1BE6F989
1C67197B
1C877197
1C675999
1BF71190
1B16F9A8
1C168D9F
1DE6C98A
1B56EDAF
16F5456C
1524C939
15548CDA
138444C7
124400CB
1353CCA7
1003B8B6
106350A1
10634CB1
0EC47504
18158954
1B26117C
20175DDE
2387C1D0
21C7A5EE
2017BDE8
1E87C1E0
20A7B9F2
21775614
1FB7960B
1F477A1B
20278DF3
212799E9
209741F1
206701F3
206725E4
1E96EDCD
197611D4
178659C4
1AB6D1E8
1E47EA0F
1DC81DF8
1ED701FF
1F8781F5
2007CA02
2227FE05
1E376201
1B770DF8
196671EC
16F52993
12A49D6B
0F342550
0FB358E9
11F3D10A
18963562
1BE775B9
1C7769D2
1BA70DC0
1BD7A1AA
1BB725DA
1C16D5EA
1C4751FD
1CD7A9FF
1CA7A9F2
1D1781E3
1DE789D4
1F8755CD
1D56D5ED
1EC789A4
1D6729D5
1BA7CDC5
1CE78DBD
1A76358D
19759560
1775914C
17759D51
1945995C
18A57D6A
1875D17E
19466189
1AC6AD6C
19765174
18361D72
1805E57A
1B258964
1E071DC8
1FC729F3
1FC75212
20179DD9
20B799E5
2027D608
1DE84DEB
1F0871D6
1C17A602
1D07D9FB
1B57BDFA
1E17F1F6
204781E1
205779F4
20D761F2
213765D8
1FF7C9DC
1E67D9DA
1DB791E1
1D2771F0
1D179DE7
1EE7B5FB
1F27A60C
213801FD
1956A9C7
17D691EE
18B6B5CC
1AC6ED9C
1BF6B590
1D36D172
1E371D7B
1D66F579
1C571579
1BB73593
1C869D7A
1DA67D74
1B66359A
1915E18C
16A53D1A
16351CDC
1394B4CE
0EE3E8E1
0FB420DD
105420ED
1323A0D9
136368B9
1204110B
15E5AD67
1C8751C7
1FC811EC
215819E8
20E7DDEB
1FD7E1ED
1E17A5F6
1E378A14
1F07B9F2
1F279DF3
1F27AA0A
1E5779F0
1FE755E4
20D711FF
1F86D208
1FB791E7
1BE75DE5
1C16EDEC
1D4709F0
1FE739E8
1E7765E9
1D5779F3
1E17120A
1D17A5FC
1DD80E02
1F981E0D
2057F601
1DB76A01
1C9761EE
19A6CDB2
14450979
11F47D5B
0F43A50B
0EB3D0E7
10A39914
1414FD4D
19464986
1C06818B
1B97118D
1BC6CDA4
1B058DA5
19D709D6
1A67C5E7
1B97E9ED
1C47DDEA
1D67A5DB
1ED709DB
1E76F9FA
1E077DE9
1D679DC5
1DC799BF
1D9705A3
1B460D83
1A85A560
19C5B540
18B5C158
1945AD5F
1925795E
1925A980
18962193
18B66983
16B67161
1875F13A
1955C145
1AC5F96C
1EA751D7
1FD7C209
1FB7D5F2
1F47C9D3
206775EC
1FA7EDFB
1E1865EB
1DD831E8
1D87CE05
1C076209
1EE76E11
1ED7A9F5
1EA759EC
1F3761F9
203765FC
1C87C9F3
1D77B5EC
20280DE1
20C875DE
1E2799E4
1CD765E2
1E57A5EF
2027C9E8
222841F8
1B1695E3
1976D5C4
1A66F5BC
1C377DB9
1E574592
1E66FD91
1FC6ADB1
1B871966
1B57597F
1B27419E
1B87119E
1B167976
1AF5ED7A
1876096A
1685911B
144510DB
12A4D8D8
11341CDC
12740D07
1453FD16
1503C0E7
160408CE
16D488F6
1956B98B
1C1751B4
1DA7DDDE
1EE841CF
1FD809DB
1F57C9EB
1F177DFA
1ED761FF
1F983DE9
20489DDB
207835EA
1F982DFD
1E6861D9
1EE7D9CA
1F07AE04
1FC781F7
1E47C1F5
1E57DDFE
1D479A1D
1DD731ED
1E4709D8
1DE739D8
1DC769FE
1D97B1FE
1E4809F4
1F580DF0
1FE7E1EF
1FD7E9F6
1EB805E9
1B87A1B2
1916E58E
1625A961
1034A91D
0E63CCD9
1053D4BC
1193ACE4
130438F5
12443901
14A4D549
0F439D23
1093E92B
1586B57E
1856D5CC
1A8741DC
1CE779ED
1E5779EC
1F26E1DD
1E06B1D8
1F96F5AD
1EF6F5CE
1E66B5B1
1DD6B5AE
1C45957C
1B258172
19257D54
18C5855B
1745F179
1905A560
1975B579
19E5F992
1986357C
1885E550
15F5B149
1935954A
1D76B9B1
1EB795E0
1FE7A5E6
1E1829F4
1E47DDF3
1E9765F7
1DC771FD
1E57BDFA
1F5781F4
1DB7FE01
1E17B5FA
1EB7C5E8
1EA7D5DA
1E3791E6
1E77660A
1F27A9F3
1E2799E2
1F474DEC
215799F0
1FF799FA
1D974E07
1E773206
1E1765EC
1FF779DA
2157B9E6
1BF735E6
1AF6F5C2
1B4755C6
1BE779CC
1DE77DDB
1C67A9BA
1E7755D6
1F7751D1
1B4769AF
1A8715BE
1A86EDBD
1736B578
16E67552
1726393B
15F4F0E7
12D418C1
116464F3
12A468FE
1734BD31
1864D53E
14D4450E
159460FD
19155547
1AD701A3
1D5775BD
1D47EDC7
1F276DCF
20C731D1
1FC725D1
1F2745E6
1F977DF7
201809FB
221811FA
21E7C1EF
2047B5F0
1E781DB5
2097B1C2
20E7EDD3
1E67CA14
1E778E06
1E876200
1F07BDFF
2097D9EC
20478DD9
1EC795C5
1D77A5EC
1F57B1F9
2017A5E7
2057C5D9
21876DC5
20E7E5CA
20585DE5
1FA821EB
1E276DBB
1975F56E
1756156E
0FD4CD16
116368EF
122358E9
0E12ECC9
0CD338C7
0CC32CBB
0CB364DD
1142A51A
1394ED2D
17660959
1C15F186
1E05E17B
1E76A592
1E66F1AF
1D46C5B6
1DA6BDDA
1C9675A1
1BA60D92
1BD60196
1885355E
1A34C98B
16E53574
15B57560
1655B175
19260D7C
1AB5E16E
1BE5B17B
1AD5F176
1865C158
17C55D48
16C5D15D
1C3705C2
1EF729D0
1D87FDE8
1EC829F3
1E9805FA
1E677A00
1EB72611
20E71202
21F7ADE7
1D67EA03
1DA785FB
1E1805D5
1E87D1D0
1F077DEB
20175E03
1FD79DD6
20374DEA
2136EE01
1FF791EF
1F5785F1
1C36E622
1C76FE2B
1DA73612
1E6789DF
1EF785E3
1D682226
1BC78DFF
1CB72DF3
1DE72602
1D877DFF
1C97F5D9
1CB7FDD2
1C97E5DD
1D6759E5
1B4725D1
1A16D1C0
18B66DC3
14661D3C
13E5810E
14733891
136354B3
11E3ACF9
14B4C529
1C65C516
19E55920
1464B91D
15550941
1B36958F
1BA7D5E2
1F377DE4
1F779DDD
1F2741E2
20979DFA
1E87A9EB
1EC75DDF
1EE785EB
1E87C5EF
20C785F3
21972E03
2016FE0D
20E68A19
21176DF5
208801D7
1EE7D5EC
1E3751FE
1ED721F7
20A7B1E7
21685DDC
20D839DB
1ED7C5ED
1C77C1FB
1ED7DDDC
1F97D9D0
204785DF
21772DDC
206769D7
1EF825F1
1E87BE04
1D17A20D
1D37C1F5
1A8791E8
1AD709C4
18A5C58A
13339CD2
11D370D0
0D2314BF
0CC320B9
0D92F4D4
0EE2D905
0EE35CF6
10E3C501
15F39D15
1C757534
1CF6CD67
1DC6F595
1D66CDBD
1CD6B9CF
1C46B5BB
1AF655AA
18C5957D
18558564
18C54584
17553195
1595757F
15F59969
1845A976
1955E567
18F6116A
19E5CD72
17856968
18F55D5F
19F63D8B
1C275DD6
1DA7D9F7
1E37F9F8
1F085205
20485E0A
1F5799FC
1FD71E16
207775F4
205815D3
1E9801E5
1E27C1EA
1F67EDE5
205765DA
20C729E9
21378DE3
209855CE
2097A1F6
1F773A03
1EB7CDE2
1FB7D5DC
1F973603
1D86F61E
1DC72A34
1D67BE03
1D47D5DF
1DD86A13
1DA7FE06
1F8739F3
1FA771EA
1E380DE8
1D985DD3
1D2835E8
1D57C203
1E3761FA
1B675DE3
1956358B
13D5D926
0B74E4DC
0E12586A
12A3A0F7
14939914
1594693F
17B5DD9E
1A063978
18E5F952
16C56560
19D5E195
1D56C5C3
21873A07
1EE799E0
1F07C9F0
1F0831F5
2007F1FF
1FF7AA0C
1F175DEA
1FA7A9E3
1E3781E8
1EE745F3
20671A0C
20D6F20B
2146F618
2017A1F9
1FC7CDDA
1FE795E6
1F7789F4
1FB775EB
2167C9D7
20F83DDA
1E8829F9
1CA7B61F
1C775A1D
2037F1DD
1E57F5D3
1DE7C1DB
213739E1
1D47B1EC
1B2811EA
1C97B1E6
1D578E00
1E5795E9
1EE749E3
1ED771EE
1D8751DC
1945A970
15C4C51F
0F03E514
0E639CFE
0C82D8E3
0AF2E8EB
0C12F4C7
0B6324D2
0B53D910
1596596E
1B571D7E
1D86EDA9
1DC6F1C1
1DA6C5C5
1BB6C1B8
1A5625A4
1955F9AC
19564D70
1965A164
18A55983
16757979
16459947
1795596F
16C5B56F
1825FD77
18B6017B
17D5A589
19F5B998
1BD695D1
1E876DE5
1FA7D606
1FD8020A
1E780A13
1EE7EE02
1EE77DE9
202751DF
1F3785FD
1EC7F9E4
1EF7D9D1
1F2819E8
20987E06
1FF80605
2046D9D6
1F5749D5
1E77F9EC
1E67B9FC
1F7765F8
2057A5DA
2077E1C7
1F27B5F1
20A761F4
1EE759F9
1D77C9FB
1EC7CDD7
1C589A01
1D682210
204761F3
20379DE1
1E980DED
1E1829F7
1F37DDFC
1E87CE0E
1D576DF1
1AA6D9C5
17354529
146464DF
1183ECBA
0FD3B091
1494BD09
1C06099E
1C7755B7
1BA78DE4
1AA749C3
1AA775A3
1AF739A5
1D06C1C1
1E7745D5
1F6775EE
1D579DBF
1ED799ED
1FA839FA
2077DDFF
2107D206
20173DE7
1F9799EA
1FF7EE00
1FF7860D
1FB729F6
216735EA
20C79E0D
1FB801E9
1F67F1E5
1F180202
1E2865F7
1F17E1CB
1F77A1C6
209801E9
1DC82DFD
1D5805FE
1DC74219
20574207
1E5785F1
1D57FDCD
1E57C5D3
1DA7DDEF
1D47EDE5
1F3795E1
1F578DED
1F3709EF
1FF6E5EF
20674E02
1F075201
1CB6ADF1
18D5D5DE
1726258A
1515511E
0D72E0E5
0DA308EA
0C9338E9
0BD314E8
10F3BD5B
157699B8
19F749E4
1C4761C1
1CA751D3
1C873DD7
1AE73DD2
1AE6B9D3
1BC69DCF
19C66981
18159D59
1735015C
16852167
18353153
1925654A
17357188
1B1519A2
1D85798A
1D05F175
1CB6D991
1D479DDD
1F175E01
1FA75DF7
1F47D5FE
1EB7EE01
1E8791F2
1D9755DF
1D8769DE
2187CDCB
1DC7D9DD
1D27A9DE
1E77B9E1
1F782E06
200849FA
1ED781E2
1EC799E9
1E47F1F7
1CE7E600
20777DE6
20D7D9D0
20D821BB
209769EA
201721F2
1CC745DA
1DC771E7
2067E1D1
1B8835F8
1D56D1FC
1EE76DEA
1ED791DC
1DA7A1E8
1DA7D5EB
1ED7E9F3
1ED81203
1DA7A5C6
18E6D582
14C58112
12D46CE5
11148CF2
16B68964
1796395B
1F97E5CA
1E9805BE
1D47BDFF
1E77B1F2
1DE7B1CF
1EB73DB5
1F97B9B7
1E9771DD
1DE74DED
1E9725CB
1FD719DE
20278DF6
1FB7C603
1F67E5FE
1E1761E8
1ED825E4
1FE84DE4
20B7C5FD
201741EF
1FE759E0
1FD7B1E9
2017F9EE
20E8020E
1F27CA18
1D180DE4
1C8805BA
1D07B9BB
1ED7ADEA
204821EC
1EE7C9ED
1FE7560A
20777A06
202789DF
1EE7B5DB
1DE7D9D4
1E57C5EE
1ED7ADEA
1E17FDC8
1DF7E9D3
1F86F9F7
1F8711FD
2057760B
1FA7460C
20477DE4
2057ADC4
1DB79DC1
1997A5BD
19961170
1144CD5B
0E13D125
1134395E
15E669BA
183765DF
1A177DF4
1B4775EC
1BA759EA
1C174DE5
1C76F5DE
1BA6D9EC
1BE6F1F1
1AA6A9C6
18564D89
1745957E
16E5357E
17754161
1C251533
19458571
1A958DA0
1E0591A3
1E9669A1
1D97EDEF
1E480DE4
1EA77202
1E476DEF
1EE821DD
1E7839FC
1DC7B1F5
1CA77DDE
1BE785D7
1CF7ADD5
1FB7CDD6
1E0785E1
1EC779E2
1CF74E14
1D779E00
1DC7D1F8
203801F3
213819FD
1EB7EE02
1EC7C5F7
1F07FDE8
202799C7
1FD745F9
1F7731F4
1D8729DC
1C9739ED
1D67CE00
1E3745F7
1E572DE8
1F4789D0
1CB705C2
1C6739DC
1CF7E9D4
1D8859F3
1EC855EF
208819BE
17B6253A
1524F104
1495C517
17675985
1B2771E2
1DA865FB
1F5835E9
1E57EDF6
1F0805E4
1FD775FA
20D6EDBE
1EC799A9
1F47E5D1
1ED78DFE
1D9731FF
1E6715DE
206785D1
206795DA
1E37D9F9
1DF7ADF9
1CB77DD9
1C8839C8
1FB8BE04
2117FE18
1FE76E08
1FC771E6
1E37B1C1
1F2795E5
1F97C1FA
1ED799EE
1DD78DDD
1D27F1C4
1D97C9C6
1F07C1DD
20080DF0
1EE811F5
1F87D5FF
1F382A05
1F384A02
1DF835ED
1DC7E1FB
1E07C611
1F47A9F3
1E4761C8
1E7795D1
205749FA
1EF749E2
1EB7F1EE
1FE77E01
2187DDD1
20C7D9CD
1E8839D1
1BB869D7
18F855E6
18F7C1E0
18A755E7
19C725EE
1A9765DE
1BC799E7
1E07DDC5
1E07B5D0
1D8759D8
1D5739E7
1F2705C7
1DE6C1E2
1D3745F3
1A96E1BF
1A169599
18861D9A
17758D92
1635B951
1814CD6E
15F4DD82
1636257B
1CB64DC3
1FC6E5B0
1F37CDD3
1E27DA04
1C2771FE
1C67B1E6
1CD7F5DA
1ED84611
1CF80DF3
1C87EDDA
1C27E5D9
1CD815E3
1E27A1E3
1EA75DE0
1D8761ED
1CF75604
1E2779FD
1EC7DE10
1FB7E9EE
2107D1EB
2057D202
1EA7D207
1EF7A210
1EC779DE
1DC785EA
1E98020D
1E0809E4
1C7875F1
1D78CDFE
1EB719F7
1F2735D8
204759C6
1FA749D7
1EA7B1CD
1EB8A1AD
1FB895FB
1F6749D9
1F4719BC
1704D50B
18355D46
1976DD88
1DA745D6
1ED745FE
1F37D1EE
1E57D9DF
1E0861B7
1E1829DB
1F2785E9
1EF7A5E2
1DA81DE3
1F683DFA
1FD78219
1E076E10
1E27C1DC
1F2841C0
1F37F5D5
1F57FDEF
1FD78DEE
1DF7A5C1
1C9811C0
21282E23
21E7F632
20E7C612
2067B5DC
204769C3
1F471DF2
1E37B214
1CD801E9
1D17D5D2
1EA7F5CC
2197E9EA
2227AE00
20E7FE07
1F28320A
21A82A00
2017DE1D
1FA79228
1FB78DFF
1F07A1F1
1EA765F4
1F272DF9
1FF771CD
1E0795C6
1FB79E06
1D1735C1
1F9831CA
2027E1E9
1FD7620B
202781EE
1EF7FDD4
1C588DD9
1AE8B5E0
1B2851D4
1A87B20D
1C27AA12
1F17E1F9
1EE7ADD3
1C1755C0
1D5755C5
1EE741D7
1E9775DB
1E7761D5
1F1709FC
1CF705D6
1CA701CA
1DD715D9
1C16CDA0
14660D99
17C4E91A
17558936
14550194
14C56199
1BD731EC
212719B3
1F3895A2
1E1785F7
1E879E1C
1BC79DF7
1D3799F5
1E87DE0F
1BE835CF
1B7849C2
1C2841E8
1C6815FF
1E3761D3
1EA751C7
1D876DEF
1C47E1D5
1F479DF8
229755F5
1F7769FF
1D977609
1E6835E0
1D7889DE
1DD83A09
1EE7E9EE
1EC775A5
16A6A1FD
1C987A0D
1C890E19
1DC941FC
