1F2765E3
1F5791F0
1FC7DA06
1F17A207
1DD75613
1E276A13
1DF7AA05
1E97DDF7
1FB821FB
1ED7D200
1E2755DE
1E375DC4
1E4785DF
1EA79E00
1DB765F0
1C8761E3
1DD7A1F5
1F17B9F7
1F97CE00
20D7DE0A
2027BDF7
1F57A5EB
1F77A1DF
1E3791C6
1E0779D7
1FB759F3
1F7779FB
1D77F9FE
1D4821D6
1DF805DE
1E980215
1D77F205
1D0821E4
1F985DDE
1FA811D5
1F0761D7
1E972DED
1C3745F7
1CB729EE
1EB731F4
1ED7A608
1E97FA0C
1F37A5FE
1FA759FA
1F171E08
1E16F604
1D3771E2
1E57C1C7
1FB799C4
1D67C5C6
1C780DB3
1DC7F1A5
1DD81DD5
1F987206
214881F3
200855E1
1EF7B5DF
1EF769DB
1F67ADEE
1F07F20B
1E57D204
1DE77DE0
1D4791DB
1C3785F9
1C177611
1D67F600
1D9811D6
1E1769E2
1EA7360A
1D67C604
1C9819FB
1D37DDFB
1D27E5E2
1B97F9CE
1B67E9E7
1D17EA0E
1DA7E21A
1D786604
1E485DE4
1EA7C9E8
1EA80A02
1E48020B
1D27D5F0
1C57DDB8
1CA79194
1E274D85
20175180
20E7CD98
203811BD
1E579DD8
1D1741F1
1EA72DFA
206709F6
1FD6F5F8
1E172A01
1CC7A9F9
1D27B5D4
1E3781E4
1E47C206
1EC7F1F6
2027C1FC
20476A0A
209731FB
20D77DFF
1F17B21A
1E17B612
1F67D1F4
1E97BDE5
1CD799E4
1E6799F6
1FE7E1FC
206839EE
1FA721C6
1FE781E2
2017CDFF
1FC7A204
1FA7C212
1FD7D614
1F07B201
1E87C9FC
1E77FA0A
1DD7CA07
1DA795E9
1E67B5DA
1E87C5EA
1DF7ADFB
1E579DF1
1EB7C9F3
1F17BA02
203789FE
20A755F5
204729F9
1F7761F0
1E4781D3
1DB769D7
1DC779E4
1E9789DD
1FA785EA
2017AE01
2077F202
206805F0
1EE81A04
1D883621
1C67FA0E
1CC7EDF4
1F77FDE2
20A769DD
201701F2
1ED759FC
1D97A9FF
1E078613
1EE78E0F
1F1801FC
1E882206
1DD7E20F
1EE7E604
2027DE00
2017ADFB
1EF7C1E2
1EB7C9CA
1EA791C6
1D0795C8
1CD7C5C9
1DD7C9D0
1E67E5E9
1FA7DDF0
1FD805DF
1FA87DED
1FE845F7
1F47B9E2
1F079DE1
1EA7C9F3
1E37ADF1
1EC779D9
1EB7BDE4
1D67E202
1D27BDFD
1E57C9E3
1E17ADD7
1E1739E9
1E971A00
1DC78E09
1D57FE0A
1DD7F202
1E97A5EF
1E079DE0
1C07B1E3
1B8765EE
1CB759FA
1D57D9FC
1D27D1EE
1C0791E2
1AC775DF
19B709D4
18F6EDC1
196701B7
1A76B1A4
1AE66D7A
1B269174
1BA6E59B
1C3719BD
1C76EDCD
1C96C5DF
1DB6E9EB
1F471DE1
1FB749D3
1F178DD4
1E87CDE8
1E47B9FA
1D47660C
1C876605
1E17A9F0
2007A5FA
1FD7B205
1FC7EE06
2007F611
1EF7E616
1E27EE02
1D6819E7
1C77D9E0
1D4765EA
1FE775F3
20B7CDEF
1EF7E1DF
20E7A5C5
2087F5D9
206801F2
2037D200
2017F203
2087B9FB
20674DEE
1F5771F4
1EA7E206
1E480208
1DE7EDF4
1EB7D1E1
1ED7B1F6
1E37A60B
1F77BDF2
20F7F1E7
2097DE02
1FC7B60D
1FD785F7
1FD771F2
1F07BDF6
1DF7C1DE
1D877DDF
1DD775E6
1EA791C4
1FF7A1C2
20E781F1
21575A0C
2147920E
2027F215
1E383216
1D281205
1E67EDF0
2057D5E7
212749F0
20D6F5F6
1F1775E5
1DC7F9F4
1E17C622
1E377A19
1E87BDEC
1EA805EF
1DA831F7
1E582DE6
2017E9E7
1FB7CDEC
1F47DDDC
1F37EDCB
1EB7D9CC
1E97C5D5
1EE7D9E1
1E87E9EC
1E97D9EA
1F07A9E2
1E97FDDE
1ED895E3
1F8875DD
1F27C1DB
1EB749E0
1E3785EA
1DE7B9E8
1F27B1D7
2017FDE1
1EF7F5EE
1E7781EC
1F6769E1
1E777DDF
1D774DEB
1D7725EB
1DA779F1
1DD7C9FF
1E07B60C
20378E12
2187AA04
1E97CDFB
1BE745EF
1CA6E1D3
1D2709C8
1B56DDC8
1906B1AE
16C69590
15463D80
15A62D90
17464DBB
18A61DB8
1895E582
17962173
17267997
181681AD
199649B1
1A263DC2
1B668DD3
1D4705D5
1DE7A9CD
1E37EDD1
1ED7B1E9
1EC775FD
1D872A07
1CC721FA
1E0781F1
1F97B5F3
1FE811EA
1FE84DF8
1F48060F
1F07D60D
1F5805FF
1DE851E8
1D3805D7
1F0755D8
21273DE4
213781E0
1EE799CC
20A849E0
1F8841EB
1F6829F2
20682204
2057E1FB
1FB785D9
1F4769D9
1EB785EB
1F47E9EC
1F2819EE
1DC7DDED
1E2789E1
1ED765EC
1EB789F9
1FC7BDE4
20B7B9D9
2017A9F3
1ED79E04
1E3741F3
1E6729EB
1DE78DF6
1E47D5F9
1F77C5E9
1E77A9CF
1DB7B5B6
1F77C1B7
20575DDB
1F272202
1E779A0F
1F57D205
1F47C5F7
1EA7DDEC
1F77E1E6
2027D1F3
1F479202
1E6745F2
1E0755D5
1D87A5E0
1D57B20A
1D67C60E
1E37E5F4
1F07D5EF
1E6801E5
1E77F1CE
1FC79DCE
1F97A1DE
1F37CDE9
1F3805E5
1F4811E0
1F97EDE3
1F1801EE
1E981DF7
1E680DFB
1EE809F2
1F6839E3
1F185DE1
1F381DE2
1F278DEA
1E56F1E9
1E270DE9
1E77ADEF
1F77E5E8
2067EDE6
1FB7C9E8
1F972DED
2006FDEA
1E7765EC
1D57A5FE
1CA785F1
1C6785D5
1D979DDA
1E4771F4
20178206
2217A604
20477600
1C6715EF
1AC6A5AF
1AD66586
19E61D85
1845D973
15C5AD6C
14559176
1585B189
16A5E1A6
1745BDAE
17B59597
16F5E587
16463D94
171631A0
1815E1AA
1865F9B6
19E691C0
1C7721D2
1D57A1D7
1D87ADD9
1E6761E4
1E975DE3
1EC75DE4
1E9779E5
1D97B1F2
1E07E5EF
1F182DD8
1EA80DDF
1E37A1F2
1F17A9FE
2017F602
1F9805F6
1F47ADE2
204741D6
20C709DE
20672DE3
1F37A1DB
2027F1D6
1EF835E8
1F285DF3
20D84206
2117D602
1F178DE9
1D579DE7
1D77A1DF
1E77D5D7
1E17F5E0
1CD7B5DF
1D679DDF
1E8789E3
1E5771DA
1E97B9CD
1E97C1D4
1EA789E8
1EF755F2
1DF6E5F3
1D36B9EF
1D4711F4
1E3779FC
1F979DE9
1E97B5D4
1DA7D9D0
1F37D1D3
1FD789DD
1EC775EC
1E07C5F6
1E77BDF3
1F577DE9
1EF795E0
1E37C9E8
1E57F1FD
1D17D1FF
1BB75DF2
1CB719E9
1DC725EE
1D8781FE
1DB81DFE
1EE825F3
1FE7A1ED
1FF7A9E5
1FF7C5DE
20A79DD9
203789DE
1FB7A5EB
1FB809EC
1F8825EA
1E07F1F0
1CA7F9FA
1E17FA06
1F280E0D
1F9835FC
20281DE5
1FE7D9F0
1FF7CE05
1F47E20B
1DE759F3
1EB729DF
2047EDED
21482DF3
2157D1EF
1FC779EC
1F5719EE
1F7711F2
1E0781FD
1D67EE17
1C87F614
1B97A1E7
1D3781C7
1E2789BC
1DF789C3
1EB721D4
1DC695CF
1A0689BA
16A6358E
1665B172
17B59970
18757566
16E55576
15A5598F
16F58197
1775C59C
1735A1A5
172585AB
15E5C1A3
15A5CD94
1775D990
1845E59B
183609A2
196659B9
1BB6A1DB
1DD6F5D4
1F4715C7
1F7709D4
1F0725DA
200769D7
1FD7C9D4
1CF7F5DC
1C8815E8
1DE821EA
1DC7A1EB
1E6761F0
1FC7C1FF
1FF815FD
1F37FDF8
1F2785F9
1F6741F5
1F2735FB
1F076201
1EA7E20B
1FB72DCC
1F27F9D6
1E786DE6
1F0859FA
1FF80A09
1F47BE0E
1E77920C
1DE799F0
1D17D1E6
1CD7FDF5
1D2801E9
1DA809DF
1DF7B9E5
1DC751DA
1D9799C9
1DC799D4
1E573DE2
1EC765E6
1E5779F2
1DA759F5
1DE74DF4
1E572DF2
1EE745E7
1ED7B5EA
1E2819EC
1E7801EA
1F178DEB
1F975DDF
1EA779DA
1D0779E9
1DA795E6
1E97D1E0
1E7801EE
1E7829F5
1DC7F5EB
1D377DDF
1DD725E0
1E5711EF
1E6779FE
1EE7F1FF
1FC7DDE9
206779DB
20B771E1
2147A9EC
216779F8
1FD705F7
1F973DE7
2077D1DF
1FA7F1E4
1D9825EB
1D6855F7
1F780E02
2067E5F9
1FA7FDE7
1EF801E3
1F27D9F1
1EF7F204
1D68660D
1C9819FE
1DD7B9E2
1FD809E1
21780DF6
213785FA
1FA715EE
1F0725EF
1EA77DFF
1DA7BE06
1D97E602
1D17E9FC
1C6771E6
1D370DC0
1D271DA4
1B66F5A2
1A662DA7
1955AD90
1725CD7E
15057582
14F50588
1625297C
1735755E
16D5DD67
16761985
17D5D19E
1865C1AD
17F5E5A8
17D5FDA7
1795E9A5
1775858B
1825B57E
18864D8E
18B66D9A
19862DB8
1AA5E5D9
1D7645C7
205711B8
20874DD3
1FE71DEB
20A74DE8
1F97B1D8
1CE7DDCC
1CC845E0
1DB855FA
1E97CDFE
2017C208
2097E20D
1F37D9EF
1E1801D7
1E47CDE2
1E9799F7
1F27B206
1F87D60C
1F082A1D
1EF6D5E9
1E6765E1
1D27E1E5
1D780DED
1F67FDED
2077CDFA
20A7B211
1F17D210
1D9821FC
1DE879F7
1E5861F0
1E2825E4
1DC7CDEC
1DE75DEA
1E8781D7
1EF775D6
1F0729D8
1EE799E2
1ED7EDF0
1E57DDE6
1E67ADE4
1F0749E6
1FB741E6
2017B9F9
1F2825FC
1D57EDF0
1D8755F1
1ED729D3
1D8745B9
1BB761D6
1D27C1E2
1F7835D9
1FF84DE2
1F2835E3
1F07F5DF
1FE7D1D5
2067B5CF
20276DD0
1F6789E6
1F37ADFF
1FC7CDF0
1FF7D1E1
1F9791E4
2027BDE3
20A7A5FA
1F870206
1F8721E6
203775D4
1F176DDA
1DD7DDDB
1E6859DD
1F5825E7
1F47BDED
1ED7C1E9
1E681DEA
1E283DF2
1D3811F5
1C4841FB
1D184605
1DC7E1F9
1E879DE5
1FF789ED
202755FB
1F971DF6
1F3745F0
1DB78600
1C77AE00
1C97A9D7
1C7779BD
1C96F5B7
1BE64DB0
1A4619A6
1955D98E
17F5417C
16152D6F
1575556F
15B50D8B
1674D194
16C50D70
16759147
15E60956
16663D7D
17A5FD9B
1875E9B0
18E621A0
19561988
1A55CD86
1A357182
18E5C988
1896959D
18C6C1A5
189675AB
18F619B6
1BC661B9
1EF751C6
1FC7D1E4
1F37C1F9
1F078DF6
1E5765E1
1DA795CE
1E2829DF
1E7851F4
1F3819F5
20482207
1F57C20D
1D5771F0
1D57B1D6
1E27BDD5
1EF7D5E6
206805EF
2057E9F7
1F57DE12
1FA701FF
1F370DF1
1E873DF0
1E776DEB
1F9799DB
2097CDDE
2077FDED
1F3819FF
1E6865F7
1DE8A5E6
1D182DDE
1D37EDD8
1D77FDE7
1E67A5F0
1FB7A5E0
1FB7A1D0
1F3761DE
1F9799F8
2027BDF2
1F67B5D9
1E8799D6
1F4771DD
20375DE3
207795FB
1F97C601
1D5765F2
1D2741EB
1E1771D3
1CD779BB
1C8781D5
1EE7C1E7
20A805D3
205801D7
1F7801EA
1FD801EB
20B829E5
213841E3
2157F1D7
2057B5DA
1F0789F0
1EE7B1E9
1F47FDDC
1E87BDD9
1EF7C9D6
2097D9E7
202775F4
1F3775DD
1E876DCE
1D573DDA
1C877DE7
1CC7F1E2
1E0805DE
1E97A5EC
1F876DED
2037C1E6
1F2815F6
1D67D5F9
1D87C5F1
1FC7F9F5
204799FD
1E9729FB
1E1761EA
1E979DE5
1E4761E3
1CE705D0
1AC6D5D3
18A6C9DB
1786A9BF
17B699A4
1A1645A4
1A75A1AD
1865719B
17F55564
16C51951
14C53D64
14F5496D
1595157A
1625017A
16F51D5C
16B56545
15F58D58
1675A977
1765F190
18465DA9
18F65D99
18F5ED7A
19C5C580
19E5B590
18E5F994
1866899D
1816C1AA
17A695A1
1846799B
1AE6E5B5
1D876DD6
1E97C9EC
1E9819F3
1DF7CDF5
1E274DE5
1F2771CA
1F67C9D8
1F77ADF2
1F9781F2
1F67B9F5
1E87D1FA
1CD7D5F9
1CA7A9FB
1DA765F3
1EF799F1
1FC7E5F6
1F07CDF9
1E17920C
20777DFF
21972DFD
21471605
1F2755FF
1E87B5F4
1F37EDE6
1F4809CF
1ED819DB
1DF845EC
1CD841E9
1C67D9E1
1CE7A9D8
1DB7ADE3
1F4789EF
2057A1E3
1F879DD5
1E8761ED
1F5765F8
20A779D4
20279DCA
1EB79DDA
1F1789DF
1FD77DE2
1F57A5EB
1E579DF9
1D1739FF
1DB789F1
1DF805E1
1CD7D5D1
1D8799D4
1F179DE9
1F67A9E6
1F0785E8
1FD7A5FA
20F825F8
20B865F6
20382E01
1FF7E1F4
1FC7C9DC
1F27ADD3
1E47B5CA
1E57CDC3
1E5799C8
1F9785DE
22078DE8
212789E2
1E87BDD9
1D97B5D2
1D7799E9
1CE7C20B
1CC7FA0E
1E382DF2
1F67F5E5
200751D9
210741C7
2037ADE3
1DF79A01
1DE779FD
208795F0
21173DFE
1D87021C
1B277207
1C079DE2
1B96D1C9
1945DD9B
17256179
15052D82
13F54995
1475A198
172591AB
194551B6
18555189
17254950
16454146
15A55157
16653957
16451950
1534F553
15A4F553
16D52950
16D55965
1675A583
17560598
18B65DA8
18864999
18161D8D
19362DA3
19E605A3
19B61D92
19B671A6
19669DBD
19268DB1
1A0689AC
1C5715C3
1E4785DD
1EE78DF4
1F97C9F8
1F47E202
1F17B9FD
2007A9DE
2027B1DB
20A77DE7
20472DF4
1F3759F9
1F37F1F9
1E084A01
1D17EE05
1E4769F3
1F8749EF
1F476E05
1E47BE0A
1DD8060A
1F981202
2267A607
21F7720F
1E97DE07
1E0811F8
1EB7BDE3
1E27A1D5
1D97C5DE
1D77CDED
1DA7CDF7
1DD7D1FE
1D3775FA
1D3719F0
1EC755E9
1FE7A9DD
1FC799D4
1EF771E1
1F1789DD
2057B9C8
20A815D3
1FA84DE9
1F0809F0
1EF7C9F1
1EC7E5E7
1DE7ADEC
1CE731FC
1DB7A1F1
1E383DD8
1E680DC5
1FB7BDC9
1EF7B5E8
1D87C5F9
1DC785FC
20077604
21E80202
21483E01
2037C606
1F6771F2
1F9795D0
1F87C9BD
1E47F1C2
1DC7F1CA
1E87BDD7
1FD77DEF
20B75DE8
2067A1DF
1EC7EDE6
1EC7F5EA
1FD7F202
1F27E61F
1EA7D621
1F780DFE
1F7819E2
1EE781DB
1FC74DD5
1F77ADE9
1DC78E04
1E674606
204775F7
1FD769F8
1C272212
19372E07
18F6CDDA
185569B5
16A44D81
15641545
15047941
15B54D6A
15A59D7E
15756191
16454993
16F53D68
17252949
16B52D3F
16D52135
18151129
1884F51C
1714A525
15E4D139
16A53942
16A55D61
15A5998B
1755F19D
19B611A3
1915FD99
1866219A
199631AF
1A85F19E
1AC60D98
1B6639BF
1B0645CE
19D66DBF
1AF6B9BF
1E4739D1
1FC7B1E1
1F67CDF1
1F97B9F7
1F67D1FD
1F47E5FA
1F77C9E7
2007B5D7
2197C1CF
20B7A1E1
1F076DE5
1F5799E2
1F3801F4
1ED805F4
1F77ADE0
1F8761E3
1EF75A01
1F47AE05
1FC80DFD
1F382601
21C7F5F4
20F7F1EA
1E982DF1
1F47F5F0
200769E3
1E1779DE
1C47A9E1
1D4775EC
1E0769FC
1D377E05
1CA711FC
1C96CDE9
1D3771DD
1EA7F9D9
2087CDD5
204785D5
1EF7ADD8
20080DDB
213859E7
204895F7
1ED841F8
1E57D1EF
1EC7CDE3
1E9779E4
1DB72DEF
1DE7A9F0
1E381DDB
1F9825CB
218801D7
1FE7BDED
1E17C1F7
1ED795F6
1FF755FF
2137AE0B
2167F201
2057B5F0
202761E3
207751D3
1F0775CB
1D47ADD5
1D17DDE3
1E07FDF4
1EF7C1F1
1ED785D9
1F87C5E0
2047E5F9
2077DE03
2067D207
1F877609
1FE74E02
214781EE
2087B5D9
1EC77DE1
1E5769FC
1DD7B605
1D87A1FE
1F4759F6
1FC789E4
1D9799D9
1B26F5DF
191625CC
174555A2
1604898D
15741583
15E45567
17454D57
18160960
1775A956
15B51D49
14F5113C
1724FD24
18D5011C
17950D16
16D50905
179538F8
18951CE9
1924BCE2
1834FCF8
17054D17
15D53D34
1565595A
17D5C181
19F6219F
1906219B
1875E98D
1985C18D
1A95CD82
1AE5F98E
1B05EDB8
1A65F5C8
19D669BA
1B76FDBA
1E6779CE
1F7811D2
1E7879CE
1D9839D6
1DB7BDDD
1EB779D4
1EE76DCA
1EE781D0
1FD79DD3
1F0789BB
1D870597
1DF6A197
1F46EDBA
1FA755D2
1F4789E0
1E37A1F8
1DF7BA0B
1F97B9F9
207769E0
2087E5EA
20D7D9D4
1F87FDC3
1EF7EDDC
20A779FE
21474604
1F27CDEB
1CF7FDD3
1DD78DDC
1E7735F3
1D372DFA
1D9725E4
1E773DD4
1DE7C9D6
1EA82DE7
2137F1FD
20F78DF7
1EF7B1DE
1EF7F5D5
1F67E5E7
1F4809F6
1F0801EE
1ED7ADD6
1EA781C9
1E0741D6
1D9749EB
1D97D1FB
1D8805F3
1E8825E6
204825E8
2007B5E8
1F07C1EF
1F17ADEE
1EC755EE
1F779DFE
2097F9F6
1FF7F5DC
201789D8
20272DDA
1DC73DD6
1C8779DA
1D77B5F4
1E07EE0B
1EC7F1EB
1FB7DDCF
2057D9DF
20C7C1EC
2087D1ED
1FC79DE2
1F6721DC
20571DE0
21E75DE2
2147A5DD
1E57A1DF
1D2775F4
1E4779FB
1EA779F8
1E4741EF
1C96E9CF
18F691C8
1755F1CD
17B4C1AF
16C46189
1675217B
17756D88
18D58D8A
19F5E96E
19C5D153
19755130
1815010D
16C52901
187554F6
19B554F2
19655500
19656D07
1925B4FD
18D580EB
18F50CD3
18C50CCA
177520E0
164520FF
16C52920
18656D57
18F5FD8E
18262997
1865F988
19760184
1A365189
1A76658C
1A260D98
1A3615AE
1BD6B5B5
1E2731C4
1E3791D5
1E1825CF
1E28A1C3
1D087DCC
1D77C5E5
1F0749E4
1EE76DCE
1D67A5D1
1C275DC1
1B06997C
19A5D148
1A05795B
1D45BD8F
1F8681B8
1EF769DD
1D57C9F9
1DA7CA02
1F67B5F5
1F5745E4
2037F1DB
1FA7C1D4
1F27DDC4
1F57BDE2
20276215
20477E29
1F481E04
1DD83DCB
1E27C9CC
1FD75DF0
1F3751FC
1F17A5E7
2047EDD6
1FB815DF
1FE83202
2107F223
20479A14
1F07A9E8
1E87A5DC
1E3765F2
1EB78DFB
1F67C5EB
1F67A1D7
1EB78DD0
1DD769D9
1DF765EA
1E17C5F9
1E07F9F2
1EB809F1
1FB7E1FA
1FE7A9ED
1E97E1EB
1DC7D1EA
1E4785DA
1F77A1E2
2067E9F4
1FF815F1
2067ADE9
20F755E5
1EF78DD6
1E57C5D3
1F67A1F5
1F377A06
1F17CDDE
1FC821CD
203805D7
1F07F1D5
1E3819D5
1F37DDC5
20378DC0
207795D9
20B7C1ED
201811EC
1D1809E5
1C3799E5
1ED745E9
1EB709F9
1B2689F1
17B5C9C2
14352DBD
1314DDCD
1524ADC3
16D545B4
18A6319E
1AB64D8B
1B260175
1B55914B
1B555D31
1B45A126
1A95BD10
19960D0C
19666D1D
19167D26
1AF66135
1D761D43
1D560535
1B55ED1E
1965850C
18C528E3
17C520C7
16D528E8
1794FD14
18D52943
19059D7D
1885C99F
18E605A7
196659A7
19868DAF
1956999C
18862D86
1895F998
1B066DAC
1DD6B5BE
1D4731CF
1D37FDD7
1EA829DD
1DF7DDE7
1E878A01
1FD77609
1E37C9DE
1B27D5A9
1846D17B
16757141
15D4F11E
16E52D48
1B159D93
1EC67DBD
1EE795D2
1D87EDDD
1D97B1E8
1F07A9F2
1F67B1F2
1E57EDDE
1EA7B5DE
1F47E5D7
1FC7EDEA
1F67CA14
1EF7E62C
1EA82A06
1DF839CE
1E4815D9
1F97C9FD
1F377DF9
1F47A5E5
2047E5DB
1FB805EF
1FF8221A
20B7FE26
1F57BE0B
1EA7C1F2
1F17ADEE
1ED78601
1EC7A205
1ED7ADE7
1EF7ADD9
1F47CDE5
1F17BDED
1F67C9EE
1F3825ED
1F2831E4
1F87E9ED
1F879DFA
1F47A5EF
1E47C9EB
1E87A1E3
1F5785D0
1F2791D4
1FC7A9F1
1FA7C602
20479A06
21A7A201
2027FDE6
1FC7EDDB
20874DF6
1F970DFE
1EE789E0
1F37D5D2
1FB7DDDB
1E581DF2
1D881DFA
1EE7D9DC
1F77CDCB
1E87E1D9
1DC811F1
1DD841F8
1C5819E9
1B47C5D8
1CF775D8
1C16C9E8
1695C1DC
12F51DB9
1344D1B9
14C4F5C4
1745D9C0
19967DC5
1B1651BE
1B45E192
1A358953
1A553D1C
1BC57D18
1D063939
1D06B13A
1BD71D34
1A97495C
19F7417D
1C373573
1EB6C96E
1E36A562
1C96D542
1BA67528
1AD5C8F8
18D57CD3
17855CEC
1845250F
19E52D31
1AD5816B
19E5C5A2
18B5FDB6
17C5F9A4
16E5AD8E
15B57D68
13951D52
1294B568
13C4D172
15953977
1846158F
1C7745B9
1E97BDE3
1D8789F9
1E676605
1F4781FA
1BC7A1B6
17B6FD61
14E58D3A
13F4B924
15D50D1A
18B5CD55
1BA665AC
1E66E1D7
1F777DDC
1E87D9D7
1D97D1DF
1E27D1E7
1F47CDE4
1DD7C1E0
1E97A9D9
1E77D9E4
1F480DEF
20180A05
1F47EA13
1E67D5F0
1E3809CC
1E3859E0
1DE81DF1
1E279DD8
1FD789CD
20A78DDC
1EC7A9EF
1E67DA05
2027F213
1F280A0E
1DB819FE
1E381DEF
1E37F5FC
1E47B206
1E978DE4
1F07D5CF
1F6811DF
1EC7DDEE
1EC7F5E9
1F187DDE
1EE869E2
1E57CDEF
1E57C9E9
1F6805E3
1F67E1EA
20079DDF
1F9785D1
1DA7ADD7
1E77BDE7
1F6785F3
1FE759FE
20578604
1F47E5F1
1F97C1EE
1FE73204
1EE74202
1EA7A5E7
1F277DD8
1FB779ED
1F77CA1A
1F47A21D
1F8741FF
1EE73DEF
1D6785E0
1C67D9E8
1CA805F6
1C77EDE8
1B67D5D9
1B9799CF
1A26A9CD
13C589C1
105545B5
144585C2
18A5F1C3
1AC675AC
1C06499E
1C15C194
1B255572
19D53D32
19D59512
1BD60940
1E56A179
1E874172
1CD7B55E
1BB7897A
1BD72995
1D87318C
1EA71581
1DC72574
1CF75952
1D56E92C
1C763105
19D5B4E7
18B598E3
191590E8
1A155CFE
1B057536
19D5DD7B
17D5F19A
15655973
1294612B
0FB3B0E1
0CA33CC4
0B62C4D6
0B52C4E9
0BF36500
1164712C
1965A982
1CE6EDCC
1C77A9E6
1CA7BDF0
1BA789CE
1726B978
1375411D
12F440FB
14649D14
17F5993B
1B867D77
1D072DC7
1F174DF1
204745EF
1E6789E3
1CC7C9DB
1D67D1DC
1F67A5DE
1D677DF0
1DD799DE
1CF7DDEE
1D980A03
1F27EA07
1EA7CA03
1DB7C5EB
1DB7E9D1
1DC849DC
1D6835E3
1DC7D1C7
1FE79DC6
212749E3
1EE72DE9
1DB785E5
1F37DDF8
1E18120B
1C582A01
1CE821E5
1D67E1E2
1DA771F9
1E2755F4
1E87B9E1
1E5819E9
1DE819F0
1E97E9EE
1F6809ED
1E8809FA
1D67960A
1E179DF7
2027E9E5
20A805EA
1FA815DE
1EF801CC
1E57F1DE
1E97E9F1
20077DE4
209701E9
1F5709FF
1E7765F7
1EC775F5
1E775206
1E57B5F8
1E7809DA
1E67A1D9
1F7755F4
20378608
1FE78DFB
1FF735EF
201715EA
1F4751D8
1E979DD6
1DD7E1D8
1CF7EDDC
1C27CDE3
1BE769CC
1A96BDB6
15C5FDA4
1295C999
15662DA7
18D671A8
19E61196
1A05856C
1A557548
1B95713E
1BD59D24
1B66393A
1CA69994
1E36D5BC
1E673D93
1DC78976
1CB74D7F
1CB6ED87
1DA6F585
1DD6F182
1DA7057D
1D37156A
1CD6994D
1BD61D24
1A65C8F6
19A584D6
19057CD3
18E574E6
19255109
18D57144
18659168
15A4C545
109354F5
0C127899
08924062
07320061
0691D877
06A22899
0B32F4D6
1223E543
17955192
1A86E9AE
19A799C1
1677119B
12656957
1053ED10
12A3FCEC
16552D29
1A265D7C
1C9705AF
1CC771E0
1E978DF0
1FE74DE8
1E0765E6
1C87B5DD
1DA7BDE0
1FE7A5DF
1CE72DF9
1CF765F1
1CE7DDF8
1D281208
1DC7DE09
1D97D1FB
1D5801FB
1E37DDFD
1EE7C9FA
1E57F9EE
1E0801DE
1F27BDE3
1FF741F1
1EB711EA
1D9765DD
1DD7A9E6
1DC7D5F4
1D9819EF
1D47F9DA
1CB7A5CC
1C676DEB
1CA7620C
1D37B9FD
1DA821F7
1E0829FF
1EB7DA03
1F47A205
1ED79E09
1E278A17
1DE76206
1F2781E4
2027F1E3
1ED855DD
1EB865C4
1FB835D9
1F67EDF0
202765D7
2006EDE3
1DF7260D
1D979E02
1D97A5F4
1D57A201
1E87EDF2
1ED811D6
1EB7C9D5
1F6775E2
1F87ADE0
1F7805D9
1FF7D5DD
202781DC
203759D8
208771D8
1EA7B9D5
1C37E1D8
1CC7CDD4
1DB76DC1
1C8701B2
1A267196
1855F978
17A5F174
1765D966
16E55D52
16851538
18356531
1B95E94B
1DC67D4F
1DD6FD68
1D5719A8
1D86F1B2
1E270183
1D972178
1BB6C581
1BA66575
1CC6896D
1CD6D96D
1D170D72
1CC6E578
1BD6456D
1AE5C935
1A1564F7
1964D4DA
1824C0D2
17F524E0
18D528FD
1995191A
19A54927
16F4C12A
11F38118
0D32A4CF
09927886
0772606F
05D22470
04F20C78
06E2309D
0B42A8E9
11F3FD16
1725D13D
16069571
1295CD6A
10049150
0FD41D3D
1464D13B
19B6216C
1D972DB0
1E9759E1
1D8759FC
1E8799F9
1FD78DEA
1F9791DE
1EF7D9D5
1EB7F1DF
1EA7D1DC
1EE6EDE1
1F4725EF
1F8781F1
1EE7D5F9
1E97DA06
1E97B5F8
1EC7C9FE
2067921E
21475611
1FC7B9EE
1F3825EE
1F97FDFB
1ED795FA
1DC75DE8
1CF75DDA
1D2755E7
1EB77DED
2007E9E7
1F17C9DC
1D5765CC
1C6775E7
1C87AA15
1D480206
1DF815F6
1DB7C20D
1D07AA1A
1D87AE0C
1EA7ADFF
1EC7CE06
1E17B5FA
1E77ADDB
1F47D1DD
1F27FDDF
1F3841C9
1FF849CF
1FA801DF
1F87A5DF
1E9771F1
1D27BA0A
1D883600
1D084DFA
1CA82607
1E67E1F3
1F57A1D9
1FA77DD6
1FA769DD
1EC7A5E5
1F6809F1
1FF829F3
1F37D5E7
1EF74DEA
1F1725E7
1DB73DDB
1C074DCD
1D1761BA
1E3741BD
1C66D9BF
1AE6699D
1B06016E
19E5914B
16E50115
13A48CEE
131498FE
16B54D29
1B265967
1E173187
1EB79D7A
1D97A170
1D673965
1D66C558
1B36416A
17F5A17B
1825656E
1BE5B565
1DD66167
1D56CD71
1C66BD8E
1B563195
19955555
18747D0A
187400DF
17D41CC8
1874A0D1
1A7504F7
1BD53911
1B65A11D
19A5BD4F
17752573
13A44531
0F638CE2
0BF324C6
0942C8B3
07F274A2
07F240A0
0A628CAF
1013ACB8
13F4BCE1
1354ED31
1244C153
1114D956
10C51167
14D59D85
1A46A99E
1E875DBC
1FE751E3
1F8761FE
1FB7AA02
1FC7A9F3
2067B9E0
2067DDDC
1F17FDEC
1DF825F4
218735C9
219735D9
21A731DA
205765E5
1F478603
1F777A09
20277E0C
21976E1B
22976609
2197BDEB
20E7F9EE
2087D5F9
1F47BDF3
1E078DE3
1DA751E8
1E475DF8
1EE769F0
1FE795E9
20B785E6
201741D9
1E7791E4
1D880603
1D781604
1DA7D1FB
1DC79A0E
1CD7CA1A
1C97DE06
1DB7CDEE
1E77F9ED
1EC809EB
1ED7FDDC
1F57D1E1
1FA7A1EC
1F07E1E7
1E8809E0
1E07D9DF
1E27D5F0
1E87F1FE
1E9809F9
1EA841EF
1D485DF8
1C38260C
1DB7BDFF
1F4765E8
1FA755E0
1EF785E6
1E7785F8
1F6779FF
1F37C5E1
1DD7C1BB
1C9755C0
1BE6FDBD
1CD6ADA5
1CD68595
1C169D8F
1C0695A3
1AC64DB0
19661D98
19F60565
1A15BD2A
16C504D7
1173F0A8
0FD3C0D0
14A50D0C
1AA67955
1DA7098C
1DD7617F
1D87A954
1DA75D38
1C065D33
18A5013B
15542556
15343D6A
1A64DD67
1EC5A175
1E364D93
1C76A1BA
1B4671C5
18E5898B
17149942
17945506
188454E3
19F4A0E0
1B3530F7
1BE5AD2B
1C66656A
1C86EDA9
1C66D9BF
1A163994
1655616E
1294AD5D
0F640D39
0DF38508
0D731CED
0E9344E0
11A3F0D4
13D428FA
14D40D38
1684D164
1615D17D
13E5D97C
1425C57F
16563D95
1AF6A1B4
1F16D1CE
1F9721DA
1ED751E0
1E7765E0
1F57C9DF
1F87F1EB
1ED7FE03
1EB85A12
20E7C9DE
20C79DE5
214731DB
206725D3
1ED779EB
1F97B60E
2147AE19
2237AE11
22D7A204
220781F3
209789EC
204795F1
1FA7C1EC
1EA7B1E5
1F0771F3
1F478201
1EA78DFE
1F47C5F7
20A7F5F9
20B7B5F5
1F77C5EA
1E4815F5
1DA7F205
1D97B1FF
1E67A1FD
1DD7BDF7
1C27B9E0
1C67BDDE
1DF81DE2
1EC839DB
1E7801DE
1F47BDF2
1FA779FF
1DC795FE
1C57B1F5
1B5781EC
1BC789F1
1E57E1FD
20381E01
1FE80DF8
1E17E9F9
1CC7CE06
1D97C9FF
1F47CDEA
1F77D5D6
1E17E1D7
1DE779E4
1EE6FDDC
1DC729B2
1B972D88
1A46ED90
1A2695A0
1B86098E
1BD5D178
1A66016F
1A062D79
1A361D8A
1966197A
18962546
17A5E113
1544F4CB
10A37C9A
0E4304B6
12E488EE
19662D2F
1C568563
1CF6BD7A
1DA71D6B
1E37114B
1C963935
19C50127
17A4293A
1734395C
1A34F967
1E15B17B
1F0639A1
1D767DC6
1C26A9C5
1AB6659E
18C5E572
18958D39
1995290E
1AD538FE
1AE5B0FF
1AD62142
1BB6C9AB
1C875DDD
1D6795D7
1CD751D7
1AD6D5E1
19065DDA
16F5E5B6
14D55D6C
1414BD3E
14F4712A
16A4C91D
18152945
19955969
1BB5FD88
1B6699A2
18863183
15C56966
1405417D
171595A3
1C2611B8
1D0681C4
1C96C5CB
1DA71DD0
1F57B9D7
1FE811DF
1F7809F4
1F38160F
1F47920F
1F57A20D
20374DF5
202751DC
1EF7F9E1
1F9851FE
2187FA02
2227D9F9
2217B5FC
208741F6
1EA779F0
1F87E1F5
1FC7F9F7
1EF7EDF3
1ED7B9F2
1E279DFD
1E37AE08
1FA80A03
20086600
1F3811FF
1ED7D1EF
1E8805F6
1E77EE13
1E97B60B
1EE7A1FE
1DF781EE
1BB759CF
1BB795D6
1D6829E5
1E683DD8
1ED7EDE5
1FA7A608
1F876E07
1DF79DF3
1CD7C5F6
1BC79DF7
1BE79DEB
1E57C9E9
2097FDF5
2067FDFF
1E77D9FB
1D77DDF1
1EA819EA
1FA841DE
1F87F1D0
1F3785CA
1EA731BE
1DC6E5B1
1BC6D9AC
1996A1A1
196661A0
19463DAC
18D5D19E
1955817F
1975E16F
19767569
19C6816D
1956695B
17963D27
14B550FD
1263E4CC
0F52E0A5
0DC2E4A8
11D444CE
1735A106
1A361536
1C065D5C
1D967D60
1E369147
1D766D3A
1BF5F13E
1A857D51
1AA5916A
1C26157A
1D367189
1DE669A7
1DD651C4
1D36BDB4
1CC6F59A
1BF6C589
1AE66552
1A95D922
1B15DD10
1B762D0E
1BF67946
1CC6F1AB
1CE791D6
1DE7D1D4
1E9785E9
1D573DF8
1D3721EC
1C36F5D8
18F681AA
18161579
19361168
1A265171
1B56C18F
1D072DA5
1E5749B7
1DF6E9B5
1B662595
17654979
14A4F979
15C55990
18B5C9A6
1A7649BD
1BD6D5C4
1DC761C6
1FF7B5D3
20D7B9CF
1FE7A1D4
1F9799FF
1DE73E18
1E978A0B
1F3781F8
2027A9E6
1FB835E0
1ED85DE5
2007F1DD
2137B1E3
20B7A9F8
1E676DF4
1D7795F1
1F87E9F5
2057F5F1
1F680DEA
1E37D1E5
1D8795EB
1E979DFB
2027C202
1FD7F9FA
1E57B5F8
1E1791ED
1E07F1EB
1E581206
1EC7E20A
1F37B20A
1F577A04
1E0731E3
1D2759DF
1DE7EDF3
1F0825F4
1FE7FDF2
2017D9FE
1F47B5FB
1EA7E5EE
1E3811FB
1DD7E5FF
1E77F9E3
1F27FDD0
1F27D9D6
1F47DDE8
1E67FDE6
1DE81DD7
1F9839E5
1FC82DF3
1ED779EF
1F26CDDC
1E86A5B2
1C36959D
19C691AC
18B665B7
18B645AC
1816519B
17361585
1815C56A
19761D5B
1A069D5C
1A46B163
19D6AD4F
1755D118
12C418E6
0F0314C0
0CC2C4B1
0D62E8B0
11C420BC
163578E4
19060514
1A762939
1BF5FD37
1CB62923
1C368938
1BC66567
1BB66D88
1C36CD98
1D0701A0
1CC721A2
1C46D9B8
1C7679D2
1C86C5BC
1D46FDA3
1D16E597
1B468961
1AE61131
1BB6112A
1C06392D
1CD67D4C
1DF6FD8F
1E37A9BA
1EC7EDD1
1F2789EA
1E5729E6
1E56FDD5
1AE6C9C8
159615B1
1605F18E
18D6E595
19C77DC3
1B6799D6
1E67C1DE
1FA7A1E9
1EE711DE
1C8671C7
18D5BDA3
17055983
17B59589
189609A5
1A1695B9
1C6735C0
1DB7B9CB
1F57B5DC
20372DD5
1F6711D2
1FD765F4
1CE799F0
1D67D5E4
1E57A1E3
1F87C1DA
1F57F9D4
1E47D1D7
1EA781DB
201761EA
1F77A9F8
1CA7C9F5
1CA7DDF2
1F27D9F2
2017D5E4
1F47FDD8
1E47ADCE
1E8749D1
1F6739F0
1FF755FE
1F2781E8
1DC73DE3
1D8715F0
1D7789EB
1DC7EDE7
1E37CDF1
1EF77A03
20874E01
204755EF
1EA781F6
1EB7E20A
1F281210
1F37D5FD
1F67B9EC
1EC7C9F6
1E27E1FC
1DE7EE01
1E77CDF8
1FD7E9E0
1F5815DA
1DC7CDDA
1E6771E1
1F87ADE1
1F8801D2
1FE7D9DE
1FF7A9F0
1EC735E8
1CE691D1
1B8631B7
1AB615AD
19D62DAD
18E631AF
17B621A4
17162589
16B6016A
16E5A93E
1845A91F
19D5F52D
1B465553
1B569D53
1855751C
12E380E3
0DB310C6
0AA334C8
0C6300C5
12241CC0
1765ACE2
19D6311D
19E6313B
1A65E52C
1BE5FD27
1C566558
1C266D95
1D06E9B0
1D7789BC
1D375DC5
1D472DBE
1D3705C8
1BE6B1DF
1AF6B1CB
1C26CDAC
1BB68990
1A05E955
1B25A134
1CB5AD3B
1BF5A93B
1BD5FD44
1CF66163
1E26F58F
1F07B9C4
1EC7A9E1
1E7715D0
1D4691AB
17E5D189
12D4B96D
1444E55F
1846A189
1A47C5D2
1BD7D1EC
1E57A5F1
1FB781FB
1ED775F8
1CF711E8
1B0641C2
19A5C59F
19F5F9A4
1AB685C2
1B86F5D0
1CB749D6
1CE76DE4
1E1749EF
1F2715EF
1E5739E8
1ED781ED
1F67CDDF
1DA7D9D4
1D67B9D8
1E4821D1
1E3811D5
1EA75DEB
1ED6FA00
1EA71DFA
1E2791E6
1CC7E1EF
1CD825F9
1E2815EF
1F17D5E4
1FB7CDDC
2017A1CA
204771C5
1F9745E7
1EF735F1
1E7741CF
1D570DCD
1CE6F1F3
1CF761F9
1D47B5E3
1D7775ED
1DC73600
1EE755F3
1F17B5EC
1E37F201
1E07F619
1DE7F226
1DA7A613
1DD779F2
1E17A9EB
1DD7B5EC
1DC7BDF1
1ED7A5F2
2027B5F5
1FA7FDFD
1DF7D5F0
1E3769F1
1FE76DFF
2047B9EA
2037B9D2
20F78DCF
209739C1
1D5691AB
1A6629B4
1AA635CD
1B0639C7
19361DBB
16A5F5A7
1545E57F
14B5C159
14453125
1574D104
18252D19
1A25E551
1A864D69
18E5BD37
156454EC
1153ACD3
0D138CDF
0C635CD9
120458D2
190594FF
1BF5F94E
1AE6215B
19C5F934
1B55ED32
1CD61167
1BF60993
1BA6B59F
1CE781B5
1D3741CD
1D46D9C9
1D86C5CB
1BA6A1D9
1966B1C4
19A69D9D
1915E967
18952D27
1B15291A
1C854D26
1BA5352A
1B557534
1BA5C941
1CA66172
1E1759B6
1DF75DD2
1C76B1B5
1985E167
1644AD32
15140D39
1654F555
19B67D8F
1C374DC6
1CD77DD4
1D8779DC
1E375DE5
1DC795E3
1C8741D7
1B5669C1
19A635B7
19C685C2
1C0705CF
1CF755D4
1CA765E5
1C2745ED
1CF73DE2
1E0795E7
1DF7D1E8
1E97BDE4
2187D200
1F5795E8
1DE7BDDE
1E2875D3
1DF871D7
1E978DF2
1F372A00
1E3751F0
1DB769DD
1DF795EB
1E47FDF1
1E8801DB
1F77B5D8
2057A9DE
2127ADD6
2227A5D8
20A7A5EE
1ED769F1
1E4729D6
1CE725D4
1C4755E9
1CB7B5E7
1CC7C9DF
1CB771F0
1D2765FE
1DB7CDF7
1E17F5F2
1E17A600
1D77AA18
1DA7EE25
1E37BA17
1DC799F7
1DC7D9E2
1E67F5E1
1EA7EDF0
1F67A604
20679E17
20A7DE1E
1F47E60A
1E57C9FF
1F47BE0E
1FA7E205
1FB811E8
2097F1DF
20A77DD6
1E1701C6
1B56D1CD
1B66DDE8
1B36A5E8
194625D9
16F5D5B5
1575F57E
14B5F15F
13B56D4A
14651D39
17755D47
1965E96C
19A64976
18E6113F
173558F0
150490D6
10E3C0E2
0E13B0F0
1254E100
19B5D124
1CA5F968
1B15F96E
1965ED2C
1915E90C
1945C52A
18554947
17B5554E
18F5FD68
19963588
19762588
1A061184
19660188
17663572
16F6054D
16D56D1A
172528EC
192528EB
19D51CF9
19E5110D
1AD54D28
1B85ED40
1C46A983
1CD6FDC2
1BE681B0
1905AD74
1574FD31
1504A526
1705516C
191665AC
1C16BDD0
1D66C5D7
1D372DC7
1DB75DC0
1DE725CB
1D774DD9
1C6709D1
1A9655BF
186645BA
1916B9B8
1BE73DB2
1D5785B9
1DB77DE0
1D3761E7
1CC795CD
1E17CDDC
1F37ADEC
1F47B9E9
2007FE11
1F67C9FC
1E97F1F2
1EB869E9
1EC869E9
1DF7F1EB
1DB7D5E2
1E97DDDE
1F879DE0
1FF77DEA
2017A9F0
2077C9DF
20D7C1D9
1FD7ADDB
1FA775DA
21A74DE9
21C799FA
2007B5FC
1E776DED
1CF78DE3
1CD805DB
1D4819CB
1D57ADD9
1DD75DF0
1E67A1F7
1E381A02
1EA7DDF9
1F374DF7
1E577606
1E37DE00
1F87BDF2
1F7789EB
1F1799F0
1EC7C9FB
1DE7C5FF
1E877A06
1FE77E15
2137C61E
20B7F218
1F37F205
1FE801F9
1FF811F6
1EB819FE
1E881E04
1F37E5F8
1E57B1F7
1C67A1F5
1B8775F0
1B0711EF
1A8681DF
1A2625B4
19C64D85
18964D78
16B6217B
1736497A
19264D76
1AE63D76
1BE66566
1AE63534
18B5C8FA
162524D7
124414CF
101430F6
14159525
1AA67135
1CF64554
1AF5E95B
18E5E920
1665D0EE
14055CED
135478F2
1243CCF0
11B3FCFD
1144450A
10C4310C
1244250F
14548509
1544E0FD
1614C0EA
1654D4C3
16351CA9
16D504B4
1784C0D4
1864D8FC
19D56D28
1B166555
1B46D58A
19B661AF
17D5AD7C
16250531
14C5052B
1645B55E
1946C9B8
1BD779FB
1DA72E02
1D86EDF1
1D3775DD
1DD789C6
1E2721CA
1E3725E5
1D96F1E9
1C4699D8
1A2691BF
1996E9A7
1B2741A1
1CF735B1
1F3725D3
1F5751DE
1DA7C5DA
1E67C1F4
1FB75605
1F577A00
1F5825FA
1E180DF7
1C7829F8
1D1841EE
1FB809EA
1F57E5E5
1DE809E4
1F3809EC
20A7D1E6
215781E0
21A751E5
20B789F0
2017D5F1
2047C1DB
20575DD3
208711E6
211769EF
2077EDEF
1EE7DDE8
1E5805DE
1DD861D8
1CF831D4
1D67A1EB
1EF735FB
1F3789FA
1E7821F9
1F27CDD9
1FC745D6
1E6769F6
1D27B1F2
1E7799DF
201739E1
203715EE
1E6731F7
1C6739F3
1D5745E7
1F1771EF
206799FA
1FF7D200
1E47EA02
1F77F5EE
2017F9E1
1E47F1F5
1E280A05
201811FE
2057F602
1E27CDFC
1CA789E8
1C6745E2
1CB721CF
1D16EDA4
1D46D183
1BE6B986
1A16D19A
1A47399B
1AA7258D
1BD69582
1CF66D6C
1BB6713A
1955ED02
16D510D8
13C468C8
12B4C8E7
16D60D11
1C46C523
1DE65D2F
1B85F137
18660527
14C5A511
10F4A503
0EC398E6
0BD2DCC7
0A0294B3
0A32509F
0962009F
09F22CAF
0D7310AC
11639CA9
1423889A
1463AC78
12E3D46F
1333BC7F
15A3C8B4
18745905
19F5654A
1A468974
18D6856B
15D58D61
1434E55A
14B51542
1695E95B
19468194
1BA719CC
1CC7A9F1
1CF785FB
1C9741FA
1C7799FA
1C77B5EE
1D1765E7
1E675DEB
1EB749ED
1EB745E8
1D6745CA
1AB715B0
19F6FDAF
1C16E1B6
1EA6F1C3
1F975DD6
1EC7EDEA
1E57EDFE
1F17720B
1F576E09
1FD825E7
1DC7D9E2
1B37FDDF
1BD80DD2
1FA7CDCF
2127B1DE
2087D1EE
2057F1F1
1FB7D1E8
202789DD
20D789D8
1EE7B5E8
1E07CDEF
20B7B1DB
222761DA
209721EA
1FA775EE
1EF815E6
1E3861DC
1EF875DC
1E9855DF
1D3829E6
1D27E1FA
1EC75DFC
1F8759EE
1F87B1D6
200785B3
1F3721BB
1D7751E5
1C67BDF1
1D477DE6
1F2701DF
1F46F1D2
1D8701D0
1CA6F9D2
1DA73DC5
1D8791CB
1D0755D4
1CA735D9
1C2779F0
1E47ADF8
1FF7D9F7
1F07F9F7
1F27F5EA
2077F1F0
2057F5FC
1EC7B5F5
1E2745EA
1E572DE5
1E7765D4
1E4761B8
1D7735A2
1CB72DAC
1BF72DC4
1B6761A9
1B678D8C
1C672995
1B66B587
18B6353E
16A538F0
158488D0
154494D4
159514E3
18C620F3
1C26C90A
1C76811E
1A464D28
17263D31
13D53D42
0F83BD42
0AF2ED19
078284E9
06B1D8B6
07312881
06C10C75
06B18082
0962307C
0CA27071
0E323866
0D520459
0B51F04F
0BD2044D
0F527887
14D378F1
18A4D945
18C60D76
1756095A
14D51131
13B4AD52
15458175
18667996
1B36C9BC
1C5701BE
1B7721B5
1AA6EDC3
1A76E5D9
1A8759F3
1AF7A601
1C4785F7
1EA775E8
1FA771EE
1F677DF9
1E3785DF
1B1705B8
196685A9
1B2699A6
1D670DB0
1F5779D1
2017C9EA
1F47B9F4
1EF789F5
1E77C9E3
1F4829F4
1EF7DDF3
1D780DE9
1D1829D5
1F17E5D9
209795EC
20D781ED
2057D1E1
1F27D9E5
1EB7E5EE
1EE865EB
1E5841EA
1E87C1DE
206781D0
209735E4
1F16FDF9
1EE755FD
1E8815F7
1DB8A1EE
1DD8A1EF
1E6831EC
1EA801EE
1EA7F9F4
1F87ADED
205759D8
204725BE
1FE721B1
1E072DBB
1CE781D2
1D67ADDC
1DA731D9
1DA6D1D8
1CD6C9CA
1BB6CDBD
1CF6F9B1
1EA755A4
1CA7A1AC
1A773DB4
1B06E5C1
1C7729E8
1EB76E01
1FB7B60B
1E77EE05
1DE7B5DE
1DF771D3
1D7781E6
1CE779EA
1D3731E9
1E771DEB
1F974DE8
1F1771E1
1D478DD3
1CE785D6
1D2721E2
1CA705B6
1CC7857F
1C77A181
18E6D579
15954520
149404CF
14B438D4
1624FCF7
17456500
1865ECFB
19C6650B
19E6552A
1826353C
1535E94A
1294B171
0E635588
0932E96B
0742C14C
06C20D1D
05516CD8
054178A9
06B1B891
0821BC7A
08D1A86A
08D1906E
07712C64
0560F03D
05A14C2F
0871D459
0E72ACA6
13F43108
14E5896C
1585A981
15A52965
15256575
16964194
1896ADB4
19D68DC2
1A264594
1945D55A
1815795F
1795F19A
1866EDD5
19D745E6
1BF711D6
1EE70DCD
1FF721E0
1F0745FE
1D0769F2
1AA6FDBE
19F63DA3
1A762DA6
1BB6CDB9
1E4735DA
1FB73DE9
1F471DEC
1EC775E7
1E7829D1
1E081A07
1FC81210
20384604
1F2859EE
1EA81DF2
1EE7ADF8
1F575DF1
1E87A5EB
1D87C9F8
1D67F601
1DD875F5
1F4851F4
2047BDE7
203771D9
1EE735EC
1DB6FDF8
1EB74DFE
1F87F207
1E4851F9
1CD861E5
1D97E5ED
1F2771FC
1FE7A5F3
2037EDEA
2027B5E0
1F8741C6
1F0709B5
1DF72DC2
1CD761D6
1D1729CB
1D56C9B3
1C76D1B6
1B56DDB7
1AE6B9A0
1CC6C584
1EC6F976
1CF72174
1B87117C
1CD719A8
1D9749E0
1DB709EC
1C16D5E2
1926E5DE
1806C1CD
18265DBB
18162DC8
184661D8
1A2679D0
1D16A5D6
1EC715F2
1EC77DF1
1E27C1D4
1E57C1D1
1E774DDB
1D86FDC0
1CD7558B
1AF75D6D
1716694C
1524C8F1
1693E4BC
17648CEC
17354D25
1715492A
16C56D21
17C5E134
1985D557
18D59D7A
15A57194
1294C1B7
0ED3F1CF
0AB395BB
0983659D
08831580
0642ED54
06D2F51B
08B2C4EA
08B254C0
08021C9B
08422098
07E1B484
05C13C5A
04E1604D
06719055
0A821489
0F338D00
11B4F970
14A56598
17455D9C
1805F1A8
1966C5BC
18F6F5C3
15964DA6
1425395A
15446D05
15B47D16
15F5B178
1766D9B9
199701CA
1C06D5C0
1DA701B4
1E0731C2
1DC735E6
1C0729F6
1A06E5DB
199675C3
18F621C3
191675E1
1BB6F1FF
1EC6FDF6
1F86E1F4
1EB775F6
1F2869DA
1CF7E202
1FC7FE05
21B819ED
20B819EF
1EE809FE
1E67BDFD
1F3755F9
1E4789EF
1CA7C1F2
1D0785F8
1E17B1EE
1F07FDF3
1F57BDFE
1F377E02
1EE759FF
1DE749E9
1DA7A1EE
1EB7EA05
1E97D5F1
1D37DDD2
1D9789E4
1EC6F9FD
1F2741F6
1F5811EE
1F482DEC
1F078DDA
1F0719BD
1E3701C8
1C86DDD0
1B468999
1AF6596A
1B669969
1BC6C568
1BE68154
1C363944
1BF63D40
1AE6653D
1C369556
1ED6ED93
1E4729B9
1AF689A7
16759D84
12F53980
1174FD90
11148D9A
11B469AB
12D4C9B5
15E4F99F
19A589B2
1B5695EA
1BB715E6
1C274DC6
1D0791C7
1D7785C8
1C873DB5
1AE7018F
19866D59
1755951A
1604D8D4
1804CCC0
18D554F2
16652925
14C49539
1585214C
17F62170
1A562597
1AC5F1BE
1875EDD1
14E599D1
10E51DD1
0D64A9C7
0C147DB7
0AD471A7
09E46998
0B14457E
0C44095B
0C53CD27
0B6358EB
0AC2FCDC
0B229CDB
09D248C7
07F234B1
0791D896
08F1E8B1
0BF2E111
0FD42152
14651163
18458985
1A9631B7
1BC701D6
197725BC
12B6017D
0EE45D2F
1163ACF1
1494A129
16966D92
187755B6
1A273DBE
1B3719C4
1AE759C1
1AF781C3
1BC749D3
1B56C5E3
19F68DE4
18C6B5CF
181669BF
183661DA
1B06F1FB
1FD739EE
21072DEA
1F1789F2
1E984DD4
1D07A1FD
1F47DA03
20D7C1E8
2027A5ED
1F07D9FF
1E67B5FC
1F0741F3
1EF775E2
1DE7B9DE
1EF761E5
1F2761DF
1DA7C1E1
1D77A5FB
1E375E13
1EA73208
1DF745EA
1CE7C5E8
1D7801FA
1EC7A1EF
1E6771D7
1DB76DE2
1DE74DFF
1DC775F7
1DF7FDDD
1E5811DB
1E9771D2
1E570DB5
1C56CDAE
19E64998
1875C541
17B5890A
1885A91A
1A65C522
1AE5A513
1995850E
17758D1B
1755C535
1AD62D5E
1EC69980
1EA6D18C
19E66971
13E5493B
10542D30
0F03814E
0E831963
0E731977
0E937585
1013C97B
13148592
15C57DBF
1645D9B8
16260DAF
16D67DC1
1836B1BF
198681A0
19260D6F
18C56D2C
17F500EF
1644E4D0
170530D3
16E578E7
1284D905
10C47933
15758D6C
1A26CD9F
1BA701C1
1C66DDDD
1C06ADE4
19967DC8
14D639AE
1055B1B4
0E3569C4
0CA54DC3
0CC529BA
0E84F5AE
0FA4E998
1064E56E
0F344D40
0D83C131
0F537D33
1013792F
0D137D25
0A82C8FB
09E244DF
0A729D0A
0D737D2E
1284A93D
16C57D6B
18D631A3
18A6DDBA
16767D90
10C4C947
0CC35106
10037CF3
14A51D49
17E6E5AC
1A078DC1
19E755BF
19372DD0
188765DD
18A769DB
199725CF
1A16B5CB
19C671D4
192689CB
18D679BA
18A6A1BF
1AF72DC8
1F8781BF
212765C5
1FA761E1
1DC785E4
1D877A06
1E87DE0D
1EF7CA05
1EB7B1FA
1E77F9EF
1E07C1E6
1E775DE7
1E8791F1
1DD7C1FD
1EC7A9F1
1EE7B5CC
1DE7C5C1
1DE799E0
1E473202
1F070601
1EB759F0
1DB7E1F2
1E1815F6
1F37BDEC
1F476DDF
1DF781E5
1D37A5FF
1D7781ED
1DB765C6
1D974DC7
1D36E5B3
1C667D83
19F61D61
1755893E
16C510FF
1654F8D6
1604E8E5
17A4CCF3
18B4E0F2
17D4E4F9
1684D508
1765392E
1B05E54F
1D864551
1C665D55
1825FD3D
12B4CD07
0EA364F8
0DE2ED0F
0EB30114
0DB2D11B
0C12AD3C
0BB32547
0D53E953
10546972
1124A184
10C4C594
115509A6
12B51DA7
14E4F983
1674D545
1794B50D
1784D0E4
1584E8D8
1554FCE1
14B4C8E8
0F844D04
0E04A54D
1565F1A0
1BD709D8
1CD77DEB
1D8795E7
1F0755E7
1EC725DB
1A76FDC7
14D661C1
10D5A9BF
0DF539C4
0DC529D0
102551D2
117571C3
114545A2
0FE4B582
0FA44169
1384315B
15C4716A
12244D83
0E734D5E
0D22A91B
0C22D116
0CE33D25
1033FD2F
1344A551
13A55D70
1265AD72
1134AD44
0DE34CFC
0B82A0C5
0E8314CC
1354A52D
17A6558C
1A36FDA3
1A96D9AD
1A86D1C9
19D70DDF
19572DEC
19C719DF
1A5715CE
1A06FDD8
1956B1DF
1926C1E2
18F73DDD
1A77B1C6
1DE7DDB6
2057A5C8
20074DEB
1E170DFB
1DE7CE08
1F281A0C
1EC80E13
1DF7F602
1DB809E6
1DC7ADDC
1EB775E7
1EC7CE01
1DC7FE12
1D9809F9
1E480DCD
1F57E5C0
1F07CDD6
1E6785FA
1FD73601
1FC791EF
1E9815F1
1F8805F4
2027BDE6
1FA791DA
1EC795D5
1DD7BDD6
1DE775CC
1EA701C5
1E76D9BE
1CC6858D
1A95E140
18355911
16C500F1
1704D0D4
16A4D4D0
1644E4DD
1854F0EA
1A551501
1A953520
1A254532
1A559543
1BF60148
1B55FD34
1775A524
13F4E100
10B398D1
0D52C4C7
0CB308CE
0E0364C1
0D7320C0
0BC2A8E5
0AE2D0EC
0C1388EE
0EB3C926
0F23F163
0E645188
0F448993
10946993
11B4257A
13440542
1534211B
15448D07
12B4E8FA
1144BCF4
1113FCF5
0F439926
0F449589
154621E0
1B97260E
1C979210
1C87C1F0
1E57B5E0
1EA775E6
1C1741E8
17D6C5D2
1345BDB0
0EF4F1B0
0D84E9C9
0FB51DE5
10754DE8
0F5535CA
0EE4DDAC
0FF49995
13B49984
16C5159D
15350DC0
11D3F598
10A3414D
0FA35930
0DA3812D
0E038D27
1063C930
10246D44
0E246D3F
0CC32509
0B223CBD
0A121886
0B226495
0EF38CFA
1484FD58
1935F577
1C66758F
1DD6B5AB
1CF6FDC1
1C5761DA
1CC77DDB
1CE77DCF
1C0781DB
1B1749F3
1B576603
1C27D1FD
1CA7F9DF
1D67FDD3
1EC799EB
1F573201
1F474A13
1DE85DF6
1FA859F7
1F481200
1DE7FDFB
1D381DE8
1D87D1D8
1EF789DE
1F87CDF1
1EC81DFA
1DC835E7
1E8825CE
205811D5
2027F9E1
1F17B5F2
20274DFD
20775DEF
1F47C5E8
1FE7ADEE
208779E6
1FF769C6
1F1765AB
1E77A1A0
1E1785AE
1F1715C4
1FF6E1AA
1D468557
1955B90A
173500EE
16A4B8CE
16D4A8B9
1784C4E7
19154D22
1BB5ED4A
1DA63966
1E366D81
1D869594
1C36B199
1C56E984
1A466D53
1565152F
12E3C4F9
1112F4C6
0E02FCBE
0D4374B3
0E33A4A2
0E8398A8
0DC334CD
0C72E8CE
0D735CC2
0FB3B8EE
0F93F121
0E947945
0EF4BD66
0FD4898D
0FE43194
0FD4016A
11041D4E
10E4593D
0E94892E
0D94212A
0EF35126
11239D55
13E515AE
17E695E8
1BE77609
1C67920C
1B7751F4
1BB721EA
1B072DE8
1A173DE6
1866FDD9
15760DB5
1235359E
0F6515A4
0EA4FDC0
0E54FDD5
0DB505C9
0DD4E1BE
0E74CDBF
1124ADB6
15053DC5
1555D5CF
12E53198
11B45D60
10A42D53
0DD40D46
0D43B532
0F63892F
0ED3C93B
0BE3C93E
09C2D111
0891C0B7
0771686F
0771C879
0B02D0DC
12141542
18C59D78
1CE6E9A3
1EA75DAF
1E677DB3
1E77D5C9
1F2819D3
1E87F1D5
1E07C5DC
1EF791F7
1FF7AE07
203801FD
1EF7F1DF
1DA7B9D4
1DC73DE9
1EA6E5F6
1F975A08
1E486DDD
1F9845D6
1FC801D8
1F280DEE
1E582DED
1E37E9D1
1F0791D0
1F87A5E4
1EB80DF3
1DD839E3
1EE809CD
20A7EDDC
20F7BDE5
20077DE8
1FB76DF9
1FF74DF7
1FD74DDB
1F9771D2
1F1779D5
1EB74DB3
1DA7018F
1D46F591
1D46E9AA
1DD6E1AF
1EC6D587
1CA65538
19C590FD
1864D8F4
177498D8
1794D8CE
19A54D1C
1BD60181
1D66D5BE
1EE739D2
1F9735DA
1EE72DE0
1D7775DD
1D07E5BF
1B97458C
1895595C
16D3C510
13B358DC
0FA380D4
0F03C8C3
10840CCD
120438E2
11E404EC
0FC39CF3
0F33B4ED
0FE428E8
0FB45CE6
0F3460FA
0E347D34
0CC48D77
0B64698D
0A64357E
0B242578
0C642D65
0D045D57
0F743563
12E3F170
1594DD91
18E635BD
1B8729D5
1C27ADED
1BA799F1
1B070DE6
1A7691F0
19D6ADF1
1A4705E9
19F6F9DC
18064DBC
162595A2
1305499B
0F9511AB
0E14FDBB
0CE4F9AB
0C14DD9E
0C34B1A6
0E046DBB
10F4B9C9
125579B9
12356D91
1204D572
12047565
11041D45
0FC3DD2C
0F03A135
0CD3453C
09E2F134
08027107
0751C0B4
06A1687C
0761DC8C
0C6310F3
1474A55F
1A96619F
1D0795C8
1E87D9BD
1F77D1B4
1FA801CD
1F9861DE
1E484DE1
1DC7E5E2
1F5791F1
204795FA
1FE7D5F3
1ED7D5DC
1E97C9D4
1F177DDA
1F4741D2
1FB7ADD2
2067D5D2
2037BDD4
1FC7E5D5
1F3809F4
1EA7C5FE
1F1785E3
1FA775D7
1F57A5E7
1E7801F6
1E8831E5
1EF7F5D8
1F47A9DB
20979DDB
2077CDF0
1E68120A
1D87D9FD
1F0781CB
1F07A1AA
1D07C5B0
1BF73DA3
1B768988
1B868193
1BB6BDAA
1BB6F99E
1C56FD79
1B864546
1AA58D1D
1A85290A
194508ED
192588E7
1A86313D
1B76B9AA
1D2735DE
1EF761ED
1F3749F3
1EA74200
1DC7A9F9
1C57FDCF
1BF781AE
1CA65981
1B752534
16C4990C
12B47508
12648501
13B4CD1F
14E4E933
14B49D22
1294252C
11040139
10E43126
1084290C
0EE3D110
0C639D38
0983D55C
0773F562
0703A969
07E37D73
0A440572
0DE4F17D
12C5699A
16D5CDBE
194689DA
1CC719E6
1DF761E9
1B9759E4
1A1725CC
19C6D9C1
19B65DD1
1A3635E3
1B3681DD
1BA681BB
19E619AA
1795A5B4
152551B9
122529C1
0F94F1B9
0CD48D8D
0AD43160
0A34055F
0A73FD89
0BB40D8A
0E846175
11947D80
13442D75
1573FD4D
15C3F52A
1304392E
0F241D43
0B133133
08326905
073210CB
0801F8A0
09723497
0B7300B9
1074811F
17C6118C
1C6715C3
1CE76DCF
1DC775B9
1F67A9B3
1EA7F5CD
1DE845DB
1D2825DD
1C77C5DD
1D67A1D8
1DD7A1D8
1DD7C5E5
1E57FDE0
1F2821DE
1FA7F9E4
1F37D5D4
1F2801C9
209775D7
1FE7A9D7
1F37D1E4
1E37B600
1DE77605
1F575DF8
201775F2
1F37CDF5
1E97EDEA
1EE7D1D8
1DF7BDE0
1DB78DD9
1FE785D0
2057DDF0
1D87F206
1C7799F2
1EA769C0
1F17759C
1CE765A7
1B66B1A2
1B061182
1B26898E
1B8749A7
1C076DA5
1C173195
1B36B575
1B262553
1BA5E134
1AB5C50E
1A260502
1A769D4F
1B3729AF
1D7765CD
1E474DD0
1D0741D8
1CD74DED
1D1785E3
1C477DB1
1CD72D99
1E86E189
1E066160
1B160D4D
17F5BD4A
1635713E
14854D4D
13551559
1354BD56
12D45164
11F42173
11840974
10C3F166
0D939D51
0A32F155
0882E961
0743515E
06C31D5C
0772F150
09D3C953
0DC4D174
12356594
159645BA
19072DDB
1E0789E1
1ED765DE
1B76D1CC
19C685AE
18A685A1
17D625A8
1865D5C0
18F5E9C2
1A45DD9C
1B15E19E
19C621B8
171629B8
1405D1B4
1015119E
0BF3E972
0A13094C
09331554
0833896B
08938D4A
0B938D39
0EE3BD5C
10E3B162
13D3B541
14F41D30
1254D54D
0E74A55A
0A936D24
07B280DD
07B218B3
0A3230AD
0DD2E4B9
11242CE2
1475D135
1916ED86
1C6719B4
1C46D5B8
1BC6819E
1BF68D9E
1B6765BB
1C3831C5
1CD805CF
1C37ADD7
1D47B5C0
1E1799C1
1DC79DE5
1DF7F9E9
1E5831DE
1EB80DED
1EA7B5F0
1DE775E8
1E07ADFF
1EA809DC
1E67F9E1
1D179E04
1CF79606
1EF78A02
20077E0F
1F77D9FE
1EE7C1D7
1E6761D7
1CF779EB
1CE789DE
1F7765D0
1F9749D4
1CF6D9D3
1CA679C5
1EE6A599
1FC6E97B
1E06E595
1C2691A2
1BC68994
1C1715A9
1D4799BF
1E6789BF
1D1745C1
1B8745B6
1CA6E99F
1D16497B
1B65F947
1B16052E
1C565962
1D76F9AA
1D5759B6
1C2729A8
1B56F9A4
1C1701A6
1CF70198
1D66F17C
1DB6D16D
1D169973
1CD68572
1D467D6E
1C05F556
18057535
13053548
10A4F566
10F4E171
1194DD78
11B4C58B
117499A5
101475A6
0CC4198C
09835980
07F32982
07135577
06B2ED57
06E2A51C
0842F509
0B633D21
0F43A526
12F4B53E
1736296D
1C27418E
1D0735A1
1AB65DAE
19760DAE
179625A3
1695E9A0
1755A9B3
16F595BB
177599AA
1A6609B8
1BC715C0
19C785A8
1626718F
1044D56B
0A335D54
08B27553
08E2A967
08233D68
08031D46
0902F53E
0AB36551
0D53916D
10138972
11141562
0FE4F16D
0DC4CD68
0BD39528
09A298E3
09A264C8
0D52BCCD
125380D9
1604A0FA
17D5CD29
19D6614D
1BC66173
1B662579
19056D4D
17B4F149
18E5FD7B
1BE7A19C
1DA7E9B6
1D379DCD
1DD79DC9
1EF769D5
1EA739F3
1DC761EF
1D27B9E0
1DC7E1F3
1EB7820A
1DF6FE0E
1C77E226
1DC815E8
1D6825DA
1CA7D5F7
1D27A1FE
1E976A07
1F67560E
1FD7A5F2
1F8779DD
1ED729EA
1DC76200
1D4789FA
1F176DDF
1EA701C4
1BD685A5
1BC67589
1E06A56D
1EF6E15E
1DB6D970
1C86ED8D
1C57A1AE
1D07F5D0
1E47A1D4
1F6781C9
1E8795CE
1D27B5D5
1DF751CB
1D965DA5
1B95DD67
1B55ED37
1CE62D52
1D169D89
1AD6D18B
19F69D79
1B065D75
1C164D64
1C364551
1C166546
1BD64D41
1A55F953
1A461960
1C661D55
1C357D33
17C50D27
1325014C
1174FD77
10950581
1015157D
11453198
11D511BE
0FF4ADC2
0D546DAE
0B744D9F
09742194
07D38D7C
0722B148
067254FE
05F234E5
0791E4ED
0BE21CD3
1092E0CD
14942D03
1846014E
19C6AD7F
1945C58A
1855298A
17353584
1755558B
186579AB
18258DBB
1755CDB7
189681CB
1B2785D4
1B27ADB6
17C6097D
10F3F548
0A62AD42
08D2694D
0962DD54
0923214D
08C2ED46
07D2C94D
0813395D
0BE38591
0F0399AC
0F342594
0F94BD8F
1064BD84
1063D14E
0EA30911
0D733CE7
1033C4D3
14E438DB
1774B8F1
17F53D02
18C57D11
1A45A12F
19557128
15F4C4F2
14B440F0
16A4DD38
1A46817D
1D7795A6
1E67B5C9
1E37B9DE
1E87A9EA
1F075DF4
1E8735EC
1D7779E8
1DE7C601
1F378E16
1EE70E10
1CA79A1C
1DE7C1E8
1DB811CB
1E77F5D7
1FA795E8
1F3749FE
1E9749FF
1F4771F4
1F576DF8
1F677DF9
1FB77E09
1ED75E0D
1E673DE7
1DC6F9D3
1C16FDB4
1B97498B
1CC73984
1D06E17C
1C468966
1C46CD6E
1C67C5AA
1CF7F9DC
1D9759DF
1F0749CA
20A789BE
1F9779BD
1D36E9A3
1B564586
1A361D6C
1A060D3F
1A56213B
1A464558
19864D4A
19B6494B
1A562D6A
1A360D5C
19E60931
19961D0E
19A5C105
19D54119
19F55D29
1AD5991F
1A456919
17052D38
14453158
13A5556F
12654D82
10751983
10C51D92
1104FDB9
0EE469C4
0D945DB1
0D24ED9F
0C04C991
0A33DD78
0853014D
0732A527
06425918
06B1CD01
09E1BCCB
0DA208A8
10C2B0CE
14646D1E
16B5B14C
16950D38
15841915
14C40D13
15949D37
17655972
1905B999
18B601AE
18D6A1CD
1B274DE4
1B5735D1
17A5C189
10B3CD4A
0AE2AD3B
09C2AD3A
09231134
07A30D2A
07C2DD2D
0812DD40
08C3595E
0BE3E191
0E4429A2
0ED4898F
1104E9A4
143509AA
14A48D72
1303D138
11C3D8FC
126464CE
1544B4D1
1784C8DE
17F50CE5
18456CF8
18B58907
178518F2
15147CC6
140440CC
1524B513
1865FD65
1BF761A9
1E07FDD9
1E1811EE
1E6805F3
2007C5F8
2007A5FC
1ED7F1FB
1F583600
20B7DE00
20073DEF
1D276DF7
1E3785E9
1E179DD4
1E87A1D4
2007A1E6
1FD7ADF6
1E77A5F3
1F0761F8
1F079DFE
1EB821F5
1FD7D1FE
1F6739F7
1E1729D1
1DD75DCB
1D1781C4
1B57A5B1
1B0765AE
1BD6A58A
1C265956
1B869D56
1B370D90
1C674DCC
1D4755E0
1E7761C9
20B74DA8
1FF6DD91
1C863963
1A46394A
19668155
1996214C
19A5BD3D
19B5CD32
1A362D25
1AB66D3A
19E6315E
17C5ED59
1755D528
17A5A4F5
18753CE8
19D4E0EF
1984DCF5
18E510FB
18554D0A
1695592D
15556D40
1625C947
1645E159
13857D5D
11352D68
0FF51598
0E44ADB9
0D9479B1
0D34F59C
0C050D91
0A745D8A
09D3A173
0A535D65
0A030154
09324923
0A11FCE8
0C323CCC
0F62C0EA
12F3A10D
13347D08
11B448E2
106344BD
0F32E4BD
10C3B4EF
14A5013B
1805C171
18E5FDA6
19C679D8
1BE729EF
1B674DE0
17A6259E
10745D5A
09F34D33
0832E125
07029D27
04B28527
05F29523
09E2CD2C
0CD38150
0E644977
0F048D83
1014DD87
1265459B
14A55993
14C4E95A
13940D29
12E3E0FF
135464CF
1584CCC5
17D4E4CD
190518D5
198578E8
18D5A0F5
17B558ED
1724BCDC
15C48CDD
15450D06
1765E14C
1A46F5A0
1D57E5D9
1EF85DE8
1F784DF2
2087F5FF
20B7D609
1FF83201
208881F1
217809F1
205755EE
1C77BDDB
1DA78DEC
1D573DF5
1D0749EF
1F07B1EC
2057FDEF
1F57EDE8
1FD78DE7
1FE7A1EE
1E47F5F7
1E87D203
1EC781F7
1E8781DB
1EA7D1CD
1D27CDBD
1AD771B4
1A86FDAF
1C669D7B
1DC6A54B
1C66A94D
1B169573
1C86D9A7
1DB755C3
1DD791BD
1EC771A7
1F36F583
1D965955
1BA67938
1AD6A535
1B961141
1C15A544
1A85D131
1926312C
1A262939
19A5A533
16F54526
16B50917
16F4ECF8
1744ECEA
1864ECF0
17E4F0F0
1744D0F3
1734D4F5
16E4F0FA
17450108
1945590D
19C5950C
17054518
14150934
11C54562
0FF53991
0E64C5A8
0CC4C5AA
0B151DA8
0A14C1AA
0B53E5A0
0D03A19B
0C337589
0A62C15D
0B124D40
0E72E140
1303E553
15144146
1234310C
0ED3D0D5
0C82C0BA
0AE200B6
0CF2C0E0
11A46D32
1625856E
17D5EDA4
187669DC
1A26FDF0
1A1729D6
17563DA0
10E49569
09B3753B
06E2AD21
06021522
0442192C
05D26520
0B92C523
0FC37D50
11346572
11C4D189
11C52198
12356973
1315193C
13B45107
1363D8EB
137414EC
147468D0
15C498BB
1754DCC6
18F514C0
19B530BF
194590EE
18E5F528
18E5AD3E
17855D35
16357523
17359538
19964183
1D6789BE
201859D2
1FC879E9
1F8835FE
2017D600
2037C1F8
20B7E9F7
2147BDF9
208745E9
1C5769E6
1D2759E6
1D675E03
1E677208
2017B9F0
1FF7F9EA
1F07F9F1
2007D9F0
2047B5E8
1E879DF4
1E07DE0D
1E382A0C
1E97FDFB
1EF7CDEA
1DB7B1C6
1C0729A6
1BA69998
1CE69D70
1DF6AD48
1D367945
1C666D5E
1CF69D8D
1DC6E1A9
1D3709AF
1D9721AF
1E271591
1C16B962
1A666940
1B264131
1D56193A
1E163D40
1AC65936
17E60D2C
18C5911C
18552107
1674D0FE
17C49D01
1894C0F0
1734E8DF
16D50CEB
16D524F9
16E4D100
17C494EE
18C4ACD8
19449CDE
1A34A4DF
1A24D8DD
1864D0F1
16F4F509
14A54D28
11E50157
0F046589
0BE45DA8
0A54C9B0
0A8499AC
0C13E9AD
0D23C1BB
0B93ADAF
0A731592
0D32C997
12B3C1AC
18752DAC
19E58587
1604D54A
1123D10B
0C72B4DF
09B1F0C9
0AA25CE1
0D53FD24
12752D64
16A58993
17462DC0
18C6B5DC
1956BDC5
17062599
1164B971
0A934546
08124D2A
0711F126
04F21528
0632591C
0AB2C927
0E739157
11C48D79
14252D8B
13856185
1235614F
12F4D915
146410E0
1513FCC4
15C484D8
15F4D8E0
1634B4E6
17649CE7
1854A4BA
18A4A4A2
191524ED
19660557
19965983
18D61570
1805CD3C
18A59D2E
1A060972
1CD719BB
1ED7B9D4
1E9829E8
1EC869FB
1F37EDFC
1F975600
20374E05
20A799EB
208789C0
1DF749EC
1D8785E7
1DF79207
1F076E1E
1FA7920B
1EC7EDFC
1DA81604
1EA82606
1FA7EDEF
1EE7C1F2
1E481605
1E383DFF
1E27EDF1
1E87A5E7
1F4799D1
1EB739B5
1CF6A1A2
1C86697A
1CD64D4D
1C96453A
1C267147
1CA68968
1D96896F
1CF6596C
1CF61171
1BF64963
1856653F
1755E927
1985A52D
1CB60D39
1E06AD35
1AE68127
1845C107
18252CE8
1744E8E6
1664E0F1
1864D0F1
1A54BCDF
18B4B0D8
16F4F0E3
16D54CEF
16B508F9
17F4C0EB
19C4E0DE
1944A4E5
18345CE6
176498F2
1694D0F8
1694F8F6
1494DD0E
11341D36
0E13715A
0AE38174
09C40586
0A643D90
0BF43D9F
0D1465AF
0BE405A8
0C23619D
1013C9A7
159541C1
1AB671CC
1C5679B6
18B56990
13741164
0DD34D2C
0932C8F9
080278EC
09334504
0EA44936
1504E16F
1795E1A2
197691C0
19B641B7
17158191
11A47568
0B935D51
0962A14B
08526540
06526135
06A25934
09B2C539
0CD3B549
10C4896C
14C50983
14954174
12C53554
13D4F92E
15B48101
167444E7
1724B8E8
16E54CF8
1755311B
1894B91A
17A460D8
16F448B2
1854D8DD
19C59928
1A760155
19B6294F
1956152F
19E5F531
1AA64574
1CB6E5C4
1E3739D9
1ED7D9D6
1EF869E4
1E17F9F9
1DB74A0D
1EA73E00
1F47B5D5
1F27F1B4
1E47F1DA
1DC7EDE5
1D87AA05
1D378621
1E17B221
1E57DA11
1D081207
1D6849F9
1EC805DE
1EC7D5EA
1EE801F8
1EB7EDE9
1D77B1E5
1D87A1E7
1F57A5E8
1F875DDC
1D26C5C5
1C5675AB
1D565579
1CD62139
1B963525
1B762D2F
1C56011D
1C758D09
1BE50509
19F56D07
1745D8FE
1725A501
18F57D19
1B75E92C
1C768136
1A26412A
175590F8
1634F8D4
16B4ACCF
176500D2
188514D7
19F4ECD1
1944C8CF
1784D8DA
166554E5
151544E3
1594CCDA
1704B8EF
16B49101
15144100
1334310E
12945D10
13448905
12943D0E
1033A927
0C733546
08F33D5A
0853D56C
09644987
0B6495A0
0D64A599
0D541184
0DA3C58D
1205059C
1856B1B0
1C2759C8
1CB6FDC9
19E605B1
1545298F
0F64B962
08D3C922
060288F3
07E268EF
0C934117
11A4495C
14D5618F
16D5E99D
16E5799E
14A4AD90
10642976
0BF3B972
0A035979
09734161
0852FD4B
07E29552
0A72D950
0DD3BD44
1114595E
13E4A177
1334ED71
12C4F557
1594F527
1774E10E
1774B506
1794FCF6
17A558FD
1835391F
19350522
17D4D4F7
1684B8DA
17A538D7
190594E6
19F5950D
19C6012F
1A46353A
1B96254D
1C869981
1DA73DC2
1EF781D7
2077D1D2
1FC839DB
1D67E1F7
1CE7520F
1E0765FD
1E47B9DE
1E07D1D5
1E0815DA
1E87D9E3
1E37E9FA
1D581A05
1E27F604
1E47C609
1DA7FE03
1E1819E4
1E47D5C1
1E87D5CE
1F7815E1
1F281DDC
1DD7D5E5
1D4781F6
1D7779FF
1D2785E8
1C9751C9
1DC721C5
1E96C199
1CC6013F
1B35A512
1A85910D
1AB564F9
1BA510E6
1A94F8E2
18256CE1
1755A0E7
180590EC
18A594F1
1A75FD0B
1BF6893C
1A965148
17159512
1554ECE2
16F4C8C9
185518BC
185524C6
18153CCD
16F52CC5
15E4ECCF
14B52CE9
13053CE8
12248CDA
1213D0EE
1283AD0A
11639D0D
0EB3450F
0DA3391A
0E637D28
0F43C12E
0EC4113C
0B53D562
07138579
0653BD7F
0853E993
0A740DA5
0CC41591
0E13B56D
0F64257C
1525D9A6
1C372DBE
1EF77DC8
1DD735BD
1A86C19C
16665D6D
10658D3C
0943E506
06B24CDD
08C220EB
0BE31521
0EF4295D
11B50174
14156D7A
14D5318A
1304D18F
0FE4AD89
0D343182
0B23B979
09739973
08533D72
08C2C174
0B42D166
0E63AD51
11947D5C
1374D575
12752578
13050146
1664DD02
18A500F3
190530F3
185560E9
18153CEB
189504F8
18C54105
17855D00
16B55CFB
16C5DCF0
16A5F0E4
1815B4FC
1985FD2B
1B16215F
1E166987
1FA715A9
1F77A5CE
1FD7FDDD
20B7F1E7
1F87D5F3
1D579DF9
1E2761FF
1F9791F7
1EF7D9EE
1EB7DDF5
1FD7CDDB
1FE7A5E5
1F3809F5
1EB81DEE
1F5791E3
1EA791F2
1E07F1F2
1EC7ADDD
1F4781D2
2037EDCF
207819D8
1F87FDDF
1EE7B5E8
1DC761FF
1CD7720E
1CD7C1F4
1D77FDBE
1E67B1A7
1D86E189
1B260543
1A258D20
1AB58913
1B25A8FA
1B3590F3
198580F3
17A590F0
18758CF5
18A58CEE
17B594DC
19A600EC
1D06B928
1D468541
1A358511
1884E4E4
185510D2
17C56CD2
181524E3
1734F0EE
14B52CEC
12F524F1
12252105
11451D0A
0F7444FA
0D12DD03
0BC24D20
0AA24523
08C1ED13
0821E11D
09322140
0A72FD51
0AE45156
09F45578
08135189
0772E583
08C3198F
09C38193
0B43A185
0EF37575
13D47191
19D659CF
1F2755E9
20C755E0
1D86CDC0
17B65183
1335D135
0E84B8FC
09C364E2
09428CDE
0B32F900
0D83F132
0FF4A156
1265516C
1585DD86
1765E99E
15F5A1A0
13856197
1184D97E
0D744158
08E3B157
07431D70
0852BD7B
0AD2D56B
0D53BD4F
0FE49D53
1235017C
11E53183
1134C935
137494EF
1714CCE9
194504EE
18D54CE6
182528CA
188514CC
1875B8FA
17C5D90D
1765B907
16A61104
1625F502
1765D511
18E60137
1B365976
1EE71DB2
20D78DD1
2137B5DD
21581DDD
209811EE
1EA7A1FC
1CE77DF0
1E576DE4
20877DE1
20A7E5ED
20183609
1FF76DCA
1F4769D8
1E27D1EC
1EA7C1F0
204719E4
1FA731DD
1DC7B5D9
1DE7C1EB
2057ADFA
21A7B5E3
206795DF
1F3791EE
1F37B5F7
1E77CA01
1DF7D60E
1E57D9FC
1DC7C5A2
1C47315B
1B065146
19C5C538
1945A14A
1A55D54B
1B260D21
1A75CCFE
18A568F2
184550F9
19E58109
196598FF
184598EB
1A75ECEF
1DC68D10
1E06B520
1BE5F0FB
1A2518DE
171508EB
14F54903
1594C91C
15545533
1304A541
1024F941
0EC4ED49
0E64A544
0C43E92D
09027D2E
0661B12F
04C1891A
03C13104
03F11509
05713528
06D1F137
07F3594A
0903E573
0A431179
0AA26D65
0952CD69
0893416D
0AA3396D
10C3AD7C
178541AA
1BC6CDE7
1F2761FB
1FC715EE
1BA5FDC6
1524FD77
10246D19
0CE3ACE7
0B6324F6
0C93551C
0F345549
12A53D64
14958171
15B5BD92
183629B6
19466DC5
182639BC
16C5B9A9
14851D87
0F24714C
0983A127
0752F92D
0812C941
0A931947
0D03DD3A
0EC48141
1044D95D
0FB4B94D
0E43FD08
1023F4E0
14C480E5
18849CF5
1924F8E8
183524C0
17F52CC4
18F5D8FB
1A261D1E
19D5E514
18A5D908
1815B10F
1845CD24
19C63551
1CB6DD94
1F37B9CC
1FB7E1E5
2027CDE8
216805E1
211815EA
1E87E1F5
1C579DE2
1D274DDC
1F1745EE
2087CDF9
21584A02
1CE7A9D2
1D5769D3
1D67A9E6
1E07B5F4
200741EC
210735E9
1F47A9F6
1E881E10
20980611
21277DE9
1EF765D6
1DD7BDE3
1EF7EDF0
1F87F9ED
1E47FDF0
1DE7E5DD
1D474D6F
1B26350D
198588FE
1915B91C
19662164
19B63988
1A45F54F
19C58502
17A53CDF
176520E8
18953500
188538FB
18D568F2
1BA5DD0B
1E064D30
1D06AD41
1A965D1A
16B568FB
11748514
0F23D929
0EA35D38
0E733957
0DE3316F
0BC36178
09F3A180
09438D6E
08134147
0672392D
0501750E
03A164F9
02A128F1
0260FCF1
03510105
04F15119
0681F53D
08029D63
0A12A958
0A92853C
0862D140
0812ED54
0C23496B
12C4C98F
189649C0
1BB6E9D6
1D370DD0
1C569DCE
19457DAA
14644564
0F73851C
0DE330FB
0F13A924
1134A967
1565C196
1A46ADAA
1BC6B5B5
1BB655D0
1B063DE2
188621CF
16B5F9B4
153585A6
11F47D87
0DD3B94D
0A635129
0892ED18
09A2F512
0C732D26
0EA3993A
10046546
1054D13A
0F147D0C
0D63B4D9
0E63B0C2
124444C9
15F434DC
179478E4
170524E2
166578E1
1805D0FB
1A36012B
1A65D130
19259D1B
1835911C
1915E135
1BE69165
1EF72DA9
1FF7A9E0
1E9805F5
1E0815F1
1FA809DF
1FD835E5
1D9849F8
1BC7EDE6
1C2781E2
1D277A0A
1EB7CE0E
20A815E2
1BA80A0D
1CA761E5
1D9765DF
1E37B5FA
1FF79E07
2127A615
1FF7D216
1F97EE0E
2047FA09
1F97B1EC
1DC7A9D7
1CD7E1DC
1DF7B9E7
1EE781E4
1DA79DE4
1CE7D1CF
1D17295F
1B15DD05
19057910
19D65938
1B072974
1AD6F5A0
1AF6516C
1A15B910
17D544E4
173508DD
1754DCE8
15E4A4E5
1564E4EB
1825991D
1AA62D58
1B166176
19B5F54A
13E4ED1B
0D336121
0A22051A
0831A122
0741C541
07419D55
06219D65
04E23166
04D2B951
0582CD31
0562111A
04D17100
041170F5
034158FA
030130FE
02F14D08
03F17916
05E1792E
07A1AD3F
08C20936
08A2712A
08C2DD38
0BB35D58
10649186
154611BC
19A6B9D7
1B86DDC3
1A86C9AC
18560DA3
1664C967
1343BD21
0F73210C
0FD35D20
1324E95E
1676599D
1B3721BB
1F67B5C9
205761D8
1ED6D1F5
1AE66DF4
160595BD
13451990
1104D18A
0D23B978
0A72FD52
09E2FD4A
09F30545
0B934136
0EE35D46
10E3C165
11449171
1124AD4D
0F743110
0C83A8D4
0BE38C9F
0E83B899
11834CB8
13D360D8
152494F1
15C58CF7
16F5E509
18B5DD2E
19059137
1745752A
16B5C133
19365559
1CC71987
1FB791BF
2087A9F1
1E87F1FC
1D0821E8
1D87F5D0
1D580DDC
1C8841FA
1C2811F1
1C97B5E8
1D978DFE
1E7791FC
1EB7ADD4
1D37B231
1D472DF1
1E3751D5
1E97BDF2
1EF7CA15
1F47CE1F
1F07CE06
1F77D1EC
1F97F1EE
1E87A9EF
1D8781F0
1DB7B9EE
1E077DEF
1E471DFD
1E274E01
1D97A5DE
1D273573
1AB6152F
1935BD5C
1B56B58F
1CD7A9AB
1D1791C1
1D06ED91
1AB5E938
1824E901
1794B8EA
15B4C4EA
10F478DE
0DC440E0
0F94BD15
1335CD51
17A63969
19A5AD4D
14745D29
0D529D0A
08E17CF1
05E14D09
04C15D22
04112524
02813133
0291E52E
04126119
05527515
05721920
04E1C118
0471CD03
0451C108
0491AD1D
04A1CD25
04F1ED22
0631E124
0761CD2D
07B20136
08826D39
0C034149
11A4896C
1655F9A2
1946D1D5
1B870DD5
1B0731B6
1836D5AC
1505A995
12A44133
119388EA
1133CD05
13A4DD52
17865599
1A8715BE
1D8749C9
1FB771D1
1EF721DC
1B86B1E9
1765F1DE
1304D5AF
0EF45D7A
0C142570
09C36D79
0832E162
08530155
0A835D5C
0D83B15F
0FF3D95D
10D42160
10146D6C
0FA44D59
0D93A522
09F2ECD4
0902E88A
0B52F47C
0DC2A09D
1022E0BF
13E41CDF
17254CFD
17C5C914
1875B921
18D57926
1715A531
17864154
1A96DD88
1D4765AD
1EA7B1D2
1E87B9F7
1DA7F201
1CD805EC
1CE7A1D0
1D8785D9
1D67B1F8
1D07A603
1D676A02
1E174DF6
1E876DE6
1E3799DD
1E778A13
1DD771F1
1EF78DE0
1F27B5E8
1E17B1F6
1E47ADFD
1F77B5FA
1FC7DDF0
1FB7D5E3
1F6741E6
1E6739F7
1EB7A9F6
1FA789ED
1FC75200
1F577605
1F17B1DD
1DF7858F
1B76B562
1AE6358A
1C16E9BD
1CD7BDDB
1E57D9EB
1EA741BF
1B25F56C
17F4C51E
162438EB
120404EE
0BA3D4EA
078344E1
08333103
0C945528
13A5493D
1795553B
13E4752E
0DB30915
08B244FC
0502290A
0491D913
04317916
02219523
0241E90D
0411E0F5
0591F908
0601F92B
0581E52F
05F26113
0722BD1A
0772D541
07B2D94F
07B2E949
0742F150
07F2B15B
0992D953
0C434946
10241957
15556588
1A36A5C4
1C1749DF
1BA749CB
199751AE
17B6D1A1
14F5BD8C
11E4D150
12447136
14E5195B
1796659A
1A9729CA
1C9719D3
1D66D1D4
1D5699DC
1A8685DD
166621CB
133509B2
0FA40996
0B53D96D
08339965
07031178
06A2DD6F
07633D60
0B93E151
0FD44541
1054312E
0F23DD11
0E93E110
0DE40926
0B733D10
090230C3
0862188C
09B2308F
0B826CA9
0DF35CC1
13549CE2
18156D06
1835A11B
17C5811A
18858127
18561D5B
19F6DD95
1C372DA9
1D072DA8
1CB725B5
1B9779DA
1C6805FE
1D77E1FD
1DF75DE5
1F2761E5
1E6755FF
1CA71E10
1C573A0F
1D0771FA
1E67A1EB
1F57B5EC
1E57860D
1EC7A9F0
201789E7
20A769E5
1FD769DD
1F9791DF
2037B1F0
1FB7ADF9
1F3799E4
1FA749DA
1EF751ED
1E87A1EF
1FD789DB
203789E0
1EF7ADDC
1F27ADC0
1EF7A1A7
1D37499D
1CC6F5B7
1D6739D2
1DC795E3
1EC7C9F0
1E8779CD
1B365D87
17A53534
13540CF6
0DE328FD
08D2BD03
05C250F2
053238F3
0802B8FC
0DC3A518
10F4711A
0FF4750F
0DA3A12A
0962FD39
05229129
0511DD1A
05419D25
0351D524
0261B0FC
035190E7
0501E506
06321936
07827D3F
0AD3892D
0E143941
0E148177
0D448582
0D146571
0CE4518B
0DD4059A
10045576
1254DD59
13F52D6C
1775E1A2
1B56CDD7
1B9729DD
1996D9BF
17F6C99E
1886A182
17D61D81
15C5C191
1715CDAA
19A631BD
19F6A1D6
1A56F9F5
1BC73DF5
1BC711E7
18A66DE2
13C5F5D6
108579B8
0E949D99
0BC3E580
08F3BD67
07034962
05F2A971
0652D17F
08C38182
0D843D56
1164BD27
11849D1B
104408F9
10A40CE1
10D40CF6
0DA30CF2
0A01F8B4
08619083
08C1A08E
0B222CAA
0EC37CCE
13F504FD
17B5B514
17958123
1725352D
18657543
1A36698E
1CA735D0
1D7755B9
1C670597
1C16A1A2
1C0711C6
1D07C9F0
1E979DFD
1F7755F6
2007ADF1
1EA7BDFA
1C278208
1B87A203
1D07C5F1
1F37C5E4
2077C5E5
1DD70A1B
1F3759F8
1F7769E3
1FE75DE1
205765E1
20577DE2
207775EB
1F2761EF
1E379DE6
1F47C1E2
1F8795ED
1E9781E8
1F175DD2
1F1741CC
1D6749B6
1D47599B
1E6785AB
1E5799C8
1DB779E4
1E4729F3
1F36FDED
1FC755DD
1E476DB2
1AC68574
16E52D33
1073E510
09C2E11F
06E24525
05C2210E
05224502
06625905
08D2D90E
0A63D0F9
0CF444E9
0E03C127
09C2D95E
05C21947
05C1892A
05A19125
03F1D513
03018D04
03618904
04620D20
05F2A94F
09D3BD59
1034D558
14C56178
1465D1A7
1355C1AE
1485599C
154539AB
14C521AB
14F5718E
1625D587
1755FD95
19F675AF
1B86D9C2
1A36CDBB
18B6899D
1806657E
19165977
19C65993
197691BF
1B46DDD7
1CD6F5D1
1C16D1DC
1A36B1FB
19E6F1F7
190705E0
134665D7
0D6591CB
0B94EDB9
0B446DA5
09840594
0813E989
0843817D
08A2C574
09B31D7B
0C041585
0F84B96E
1305315A
14A56960
14F5414E
15A51D2C
15748510
10E35CE9
0A7230AA
07617472
07917C64
0AF20879
0FB344BF
1444E512
17C5B52D
17E58134
17853158
19B59581
1C86A5B2
1EB755D6
1EF759C0
1CA709A2
1C16A1AB
1CD6F5C6
1D37A1E6
1EB79A01
1FB7760E
2017B607
1F280602
1CC80A0E
1C87DE0B
1DC7E9F1
1EB7FDDF
200805D8
1E16B206
1EC71DFD
1E376DEE
1E2785ED
1E4791F2
1EE775ED
201729EE
1FE725EA
1F377DE7
1F27A1EF
1EC795F6
1E77A5EA
1EC791DA
1E0735CC
1C76DD9E
1C36F980
1D676599
1EA791BA
1E376DD9
1CF6E9E9
1DE695DC
1FC6E5BB
1E16F57D
1AA60942
1764B91E
1023A512
08929933
0681E94E
0642053C
0642692D
0852712E
0A62C511
0B73A4DC
0DC408D5
0D437D17
08325D4E
0501893B
04D16520
04C18D12
0421B101
03719911
03919D25
04D2193E
0803216A
0D14857B
12955D8A
1605E5A4
16766DBB
16963DC6
1755ADBE
172575B1
15F559A5
160589AB
1705EDB2
18B661AB
1B26BDAE
1B16E1B2
19C729B6
19A725A1
19C69D86
1A96399C
1B368DC2
1B671DD8
1C8739DD
1CD75DD2
1C4759D2
1A86A9DB
178639D4
13D615D2
0E958DD5
0AC4DDC7
09D469C2
0A4421C1
0A23EDBC
09B415B5
0A23F19D
0B13457B
0D03855F
0F449D66
1225718A
15960DA9
18467DB5
19C675AD
19D6058A
1775093D
1103D0F1
0A029CB5
06C1B87E
06D1A05B
09C2005C
0E53109D
13A484F4
18655128
1945994C
18E5E185
1B266DB6
1DB72DBE
1EF78DB2
1EF751AC
1CC6E5AC
1B56CDAD
1B8741BE
1BE7D1DD
1D77BE00
1E577617
1EF7721C
1F679E14
1DE7A611
1D479206
1D77E9F4
1DB841EA
1EE82DCF
1FA6FA0D
1F573E04
1E8799EF
1E67A9EB
1DF775F4
1DF749EC
1F3729E5
204745E0
206765DC
1E5749EC
1C6779F2
1DE7D5ED
1F17E9EA
1DB791D0
1CA70592
1C86BD61
1D06C556
1E56D16C
1E16AD95
1BD66D96
1B56757B
1C869967
1BD64934
1A857905
1854B0FB
10F3DD05
09B29D36
07B1C961
0682015A
06E27945
0AE26D32
0F02F4FE
1063F0CB
0F43D0D5
0B932D09
06926131
04216D26
03D1310B
04516103
0451850A
03A1B528
0461C93E
07423953
0C436D6F
11E4C97F
1505A998
167635B6
181699C3
18766DBF
16B5FDB0
14F5D1A4
1525B1AE
16C5C1C8
17E621CC
1916A9BC
1B16E9B5
1B6721BB
1AB781DF
1B5769E6
1C56F5C3
1CE6B1CD
1D26EDDF
1D2749DE
1D1759DD
1C4775D6
1B4711D4
18F625D3
1395A9D0
0D954DDB
0A94ADD6
0A2459B9
0A444DB5
0B542DCB
0C044DD2
0BD499BB
0B545D9B
0BB3ED88
0F242D72
13451582
164601AF
18C6A5BF
1AE6D1BE
1BA6B9BC
1AC6799F
1785654D
1033ECFE
0932DCC2
06A2248C
06D1EC6F
0851E85C
0BE2686E
116378A5
16147CED
1865B53E
19B6B986
1B6721AE
1DA751A1
1E974582
1E46E585
1D2695A3
1BB6BDAF
1B7751BD
1BD79DDE
1CB765FB
1D675E07
1E678E05
1FC785FC
1F4779F8
1DF7C1F2
1DB841EF
1E0871E4
1DF831B8
1EE79A1C
1F378610
1EE7BDED
1EF7C5DD
1EB751F2
1E8739F2
1F17BDE3
1F7809DA
2017D5D3
1F07A5E2
1D57DDED
1E97D9F4
1FC7AA00
1F07B9E4
1D97699E
1C36B953
1C462526
1CC5F532
1C25F54D
1AF5D53B
19B5FD27
19663D30
19F6151C
1AB590F2
1894F4E7
10641904
0912DD2F
07322549
0672314E
07925940
0B327926
0EA34CFF
0FE3FCE9
0DE354F8
0982D911
05D2951F
04B18919
0400F910
03A14911
03C19D21
0451C93E
0732014E
0BC2D150
11343557
16A5A166
18A68184
18D6ADAB
19F6C1BE
1A76B9B5
18F67DA5
17268DA7
16E699BC
186699D4
1A16C1DF
1AF719DB
1B9771CA
1BD79DC7
1BD78DEE
1C475605
1CB759F3
1D4765ED
1DE73DE9
1DB745E0
1D8749D1
1C86EDC4
195619D1
14D54DD2
0FA4F1C9
0B34ADD3
09F469C4
0AC46DA6
0B849DAA
0C44B1C3
0BF4F9C5
0BE4F5A2
0C649188
0DF48596
12B4E1AC
17059DC7
193661D3
1B16B5C1
1C0691BC
1BA689BB
1AB6B5A4
1795F96D
10845D20
09D330CB
0802C08E
08A2947E
08720C6A
0931A05E
0C221C76
0FE368B8
15053D11
1926914D
1A56E172
1BD6C97A
1C968963
1C064160
1C664982
1D46999F
1DD72DBB
1D3759D9
1CF715EA
1D8771F0
1EB7D1DF
205799D4
203789DC
1ED805E6
1EB855E3
1F6835D3
1F280DB7
1E37DDFA
1F57EE0B
1FB819F7
1F27F1E5
1DF775EE
1DD789F1
1ED859EE
1EB891E6
1ED7F9E4
2007A9F3
1FC7D1F8
1EF7B9FA
1F377209
1FE7B9FD
1ED7F5C2
1CA76D7E
1BF6995C
1A96114A
18A5CD28
1995510F
1AE52520
1AE5B13A
1AD64533
1B06111C
18852506
1094110E
08730132
0592614C
06722D4B
07D21D38
0892812E
0AA3452E
0C73592C
0B22A12C
07F26526
0562350D
04815504
03B0F118
0311411F
03B18D18
0531C516
09020913
0E32ED05
13645107
17659534
1936996E
1A26F99A
1B76F1B4
1C46D5BA
1BC6B1B7
1B06BDB7
1986F5C2
195739D7
1BB745E2
1CF76DDF
1C67B1D7
1C47ADDC
1CC7CDE6
1C37F5F1
1BF7CA01
1CE79A08
1D776606
1D3729EA
1C96CDBC
19C615B1
13B529C6
0E9471BF
0C3425AD
0B3429B9
0C0455BD
0CF4A1B7
0C84F1C5
0BF511C9
0C1505B6
0D64BD9E
0F74A58F
125509AA
16A595CE
193629DA
19F6A1DF
1B06E9DF
1B26BDE8
1AE655EE
1B2679D7
197671AB
13C53561
0D03B4FB
0A131CA4
09F2E882
0932287D
08718078
0891A07B
0B2294A6
11C430EF
16F5B51A
17868134
18367D59
18D63156
19861D45
1BB63D55
1DE6656E
1E96D193
1DE725AD
1E0715B9
1EE745C7
1F676DC6
206741CA
203775DA
1E17F1E1
1DD7F5D7
2027B9D3
21179DDC
21078DD3
1F87E5EE
1ED83DF8
1E4829F1
1CE7C9E5
1CB7A1E8
1E6825F5
1EF839E7
1EA7A5E5
201741FD
21373204
1F877E07
1E57AA0C
1FF7D600
203855DF
1DD841BE
1C2791A5
19A6D973
1735F92C
19054918
1CA5453E
1E15B94F
1CC63148
1A96454D
1775693C
10E4212A
09332947
05F29D68
07024156
07320D36
0592893B
07130157
0A02A95E
09922D4D
07F20130
0581AD07
031114F9
02B10509
03514D0E
041180FD
0591E0E2
08D1E8CC
0C1210B1
0E82D8A9
113384EA
14D4D545
1886618B
1B86DDAE
1C66C1B3
1BF6ADB9
1C06ADC2
1AD6F1D0
1A7739DB
1C8725D6
1D5745CF
1D176DD7
1E7755E6
1E97BDE3
1D0849E9
1D480A00
1D77A608
1C677A0B
1B86C5ED
18A5EDB4
13C551A3
0ED471AC
0C33D1B3
0BE3EDB8
0C5425C3
0DA479C7
0EC501C7
0DC531D7
0CE4F1D1
0F14C5BE
12B4FDB8
14F595AD
16F629BD
19C67DDC
1B9685D4
1BF6A1CD
1B3701DF
19F6D5F9
1A163208
1B9649F5
1BF6A5D3
17D5A598
10B3A12E
0B4284BC
08F27082
0912388F
09B21099
09421C8F
0A126CA2
0E8394D3
12751D01
13A6311E
16164943
19063157
1B16654E
1D563D54
1DF62164
1D368576
1CE6F18A
1DF70D9C
1F7729A7
1F6725B4
1FF71DD8
1FE7A1EF
1D880DE9
1DB7FDDE
1FE7C1E3
200761FB
21C775BF
1EA799D7
1DE785F3
1DF7A1F7
1C87E5EE
1D27ADEB
1F5799EA
1FD7A9DC
1F079DD5
200779E7
22476E00
20F7DA10
1EA80604
2027DDE6
20D805E1
1EB811E8
1D67B9CF
1B973199
1976A96A
19E69568
1C96D584
1EF6B986
1E668975
1B56916D
1725D568
10B44159
0A03295C
0752C568
07524158
06720940
04329144
0472A95C
06B21D5B
0761CD3B
06F1A922
04E17D0F
029150FC
02B138FB
03215904
0381B0FF
058208F1
0801E0DC
08A19CB1
08119892
09F1A0B2
0F12D4FB
14F5015B
1986759E
1BB6D9A2
1C26D1B4
1B26F9D2
1A4725DD
1BC6F9DA
1D36D1C6
1CB735BC
1D2765C7
1F971DD5
1F874DD6
1DD7EDDF
1D37F1EC
1BE77DDB
19C725D1
174625CD
13E529AE
1094DD99
0EF4319A
0EE3EDA7
0F1455C0
0F1471D6
0EF4A1CF
0EE50DBD
0EF501BE
0FB4D5C7
134535CE
17E611CF
1A36D5C8
1AB71DC9
1C26E5D9
1E1671D4
1E8685C1
1D16E5CD
1BC6E1EB
1B6689FA
1BD6A5EA
1C16D9D9
1915E1B4
1303C947
0C622CCC
0881E499
095250AB
0AB2C0B5
0A72D0B0
0B52D0B0
0DE340B2
102440CD
120560F0
1635C11D
1A96154F
1C968D71
1D967193
1D7671A1
1CA6C597
1BE6E59C
1D0701A8
1E9779A9
1E27B1B6
1ED78DDE
1F47C5F6
1E97FDEF
1F880DE5
1F77E9E7
1DE755F4
1FE7DDD5
1E37B5D8
1E872DE7
1E9735F5
1D77E1F2
1DF805E6
1EE7A9DE
1EC775D9
1E77A5D4
1EE7D1E7
20481A05
1F78820B
1DF845F5
1EF7C1DA
1FB795E0
1EF7A5F8
1E9785F1
1E275DCF
1D07ADBE
1C781DC2
1D27FDC8
1E27A1BD
1E97619B
1C072181
1756417C
1134796D
0AD3116A
07A2A977
06C24967
05B2214E
04725951
04B2595D
05D2214C
05B1D12C
04C18124
03C18125
0301B917
02F18514
03015523
0351C52E
0482012B
0631E50D
06C1DCDE
05C184B1
06A14895
0AA220AA
1073DD11
1705C17A
1B66E99C
1C470DB7
1A9711D0
19D731D0
1BC70DC8
1CC6E5B0
1C3731AA
1CF751B8
1E76D9BE
1E46D1BB
1D3759C3
1A6755C4
1726B5A3
15462D97
12B579A6
1164F999
11E4D191
12748993
12B4D192
11F52DA8
10F4F9C5
0F84C5C6
0E54ADB4
1034B5B0
14053DCD
181635E4
1B96E9DA
1C670DCE
1B9711C8
1C76D5C6
1E4675C4
1E869DBC
1E66EDCC
1E96FDF3
1D16E606
1B7701F9
1B770DE3
1A365DC7
15E4F169
0E6324F4
090224C3
0A02A0C4
0C1340C8
0C1350D3
0D335CDC
102348CF
11D3B4CD
1214C4DD
14954109
1895854A
1AF6358A
1C36F1C6
1D4735D2
1DB6F9C2
1CE6CDC3
1CF6F1C5
1D978DC7
1D081DD3
1DB7F9E4
1F07D5EB
1FB801E5
1FC81DDC
1E67D9D4
1D570DD4
1EE7D1FB
1EA7ADD8
1E9759DC
1E4761F9
1E37D5F4
1E5839E9
1DE825F4
1E17ADEF
1ED789E2
1F17BDF7
1EC82A09
1E187201
1D981201
1E37B5FD
1EA7E5EF
1E880DF7
1E67ADFE
1E2779E9
1D37DDDE
1C87F9DD
1CA781D8
1C574DCB
1BD73DA7
1996FD91
15E65D8B
1134C97F
0B532987
08229194
0722717B
05F2355C
05E1ED69
07421976
07725D5F
05B21143
0491C542
04F1D14C
04620144
0311BD38
03E18947
04E1ED61
04D1E15C
0551CD38
05D1FD13
05C1C8EC
0601B0A9
0782148D
0C9304D8
1514D13A
1A869183
1B3715C0
1A96CDCF
1A36D9C8
1AB709BF
1AF6E5A8
1B26D1A9
1C36C9BB
1CD6ADB6
1C86C9A0
1B96D19A
18266999
1465E189
13459196
11D559A5
11050584
1374D57E
15D52597
1595B9A0
12F5C5A2
1065419A
0EF4D99B
0F04899D
1294E1AB
17B605D3
1BC6EDDF
1E3731C6
1D670DB6
1B3715BA
1AF6CDC2
1BD675BD
1CB6DDB6
1E171DD7
1EC6D204
1CD6C211
1B5731FF
1C6761DF
1C96E1CA
1915D99D
11244D47
0A4308FC
0B02ECCF
0EB318C1
0FE350DD
10740D09
12C4711E
1434B527
12F52532
13853546
16D5016B
18F5799F
1B16DDCD
1D6785D7
1E4745D8
1D7729DB
1C7741E1
1C67B1EC
1CC811EF
1D97D1F0
1EE79DE6
1FC7D5E0
1ED801DB
1E17BDC6
1EC719BC
1E1791FE
1E977DD7
1E2755DA
1DB765FD
1DE7D1FC
1EB825F9
1EF80E15
1EA7BA14
1ED781FB
1F27B1F9
1FE809F4
200801F2
1F07B601
1F07DE09
1F7859F6
1E9871ED
1D379DEF
1A66CDD7
16B6C1CF
157649DC
1675D1D2
166615C2
15B629B4
14D615A1
12E5E597
0FE4DD95
0BF37D93
08E2A194
07725182
06720167
06C19975
07B1D984
06C24D6C
05024552
0542354C
0732355A
06722958
03D1E53F
0451CD4D
06320567
0641D566
0561BD53
04A1BD3A
0591AD1C
05E1D4D0
0621E893
0AE238A0
1313ACDE
18F5AD59
1B86B1D0
1C169DE8
1B0685D8
1A36A1C6
19F6ADAA
19D6C1A7
1A46ADB6
1A66B1B0
1A26C190
19B64D7F
1865BD84
16F5C185
16B61596
1556159A
12E5916E
13354566
15E5A999
1695F1B8
12F585A0
0E84E16E
0DD4B16A
1084B583
1515819E
1936B1D1
1C272DD9
1E6759B3
1EA769B0
1D174DC8
1AD6B5DB
19E651D7
1B86E9CF
1D2745E5
1D46F5FB
1BE6E9F7
1B574DE0
1D5785C4
1D573DC4
19668DCC
13255D9B
0D63D92E
0CC2F0D0
1082F0C1
1423C4F7
15651537
15E5C94E
16B5BD52
15D55961
15552577
15B52991
15E569AF
180659C0
1B0725C1
1C9785D1
1D27A5DB
1D2795EA
1DC7C1FA
1E67C5F6
1DF781F3
1E9739E9
200749E7
1F4789E8
1E67A9D4
1FB7C1BF
1D7789E0
1CE789DE
1CB7BDDD
1D77DDE8
1D280DEE
1DF7F5F7
1E77960D
1D97860C
1DC79A03
1EB7E5FF
203829EF
20E7E9F3
1FC7B5F3
1F67E9EB
2007F9EE
1ED7DDDE
1BD739C5
15D5E1B0
0F64F5B5
0DA459D4
0E142DC9
0E24B5A6
0EA4F1A3
0F8525A2
0F756196
0E74D193
0C63E996
09632596
07F29586
0742416E
0681E16E
0611CD71
05420160
04E24554
05C27954
07F26565
08323963
05820544
0431E948
0561F955
0692194C
05B21D38
0431AD18
04717CF8
04F1B0BD
05C18C7D
09818862
0F52889B
1574893D
1B6625C9
1D56B5E9
1B5685D9
1A0619B4
18F62996
17F669A5
186659B6
189655AB
1806258E
17C5B177
17F5A177
18C60575
19766574
18E66173
16B5F166
1535B96E
16B5F589
17C5C196
1404ED7B
0E944D4F
0D84595D
1174ED95
16E5FDBF
1A3701EA
1B076DF0
1C8775CF
1E8761D9
1E973DF7
1C26B9F3
1A3639E2
1B8685DE
1D06F9E6
1D070DE4
1C5715DD
1BD721D3
1CF71DBA
1CB72DBD
194725DE
157669BF
1164F144
0F33D4E0
1133D0F5
15449943
17158567
1675A14C
1684E51B
16144114
14146951
12650D99
122585AF
1465ED9E
17765999
19D6D9B3
1C7725C6
1E8735DC
206769F3
211785FD
1F676DFF
1ED731F3
208739F1
201769F9
1DB7B1ED
1D3829CF
1E1779BE
1C7771E8
1D07F1E4
1E2821D1
1D57F9E2
1D87D5FD
1DF7B1F8
1DA79DF0
1E679208
1FB7E610
20382DFF
2047F5F8
1FD7CDE6
1F77D9DA
1FC7A9F0
1EF755E5
1BA6D1B4
13F55993
0C13DD97
09C359B4
09935DAD
09939D85
0A03E97C
0B346590
0CD4CD98
0CE47DA5
0BE419BB
0AD3DDAA
0A936980
09E2E169
07725961
05A1E55D
0571D162
05422565
0522756E
06D28D80
0862556E
0761FD46
05C1F53D
05A21543
06C2493E
06D2612B
0591C8F8
04C168BE
05619491
06B16064
08C12849
0B41C088
0F137528
169571A7
1B9699CF
1A6681CD
19159D99
1665357C
135515A2
14C4E5AC
16B51D89
16954167
15C5554E
1595AD4C
1725B158
17F5915C
1865B158
19A58D68
19E58187
1A25ED7F
1925915C
14C47541
0FE3C539
0F63C96C
13B4D1BE
194645E7
1C2735F0
1BC7A9F4
1C4795F5
1E875A05
1ED73E0E
1BD6C1EE
198635CB
1AE649BF
1D06BDC5
1D66DDCE
1D76C9DA
1D16CDE1
1C86C9C3
1BE6E5B6
1B26FDCE
1996B1B9
15F5ED5A
13C53918
14D4F945
15E51580
15151163
12541508
0FE2C4AF
0E627899
0CD348F7
0D542D68
0FC4917C
1264E961
14955D61
16B5C97F
1925E191
1B862DAE
1E470DDA
205799FE
20177A13
1F175609
1FE781FB
2017A9FE
1DF7C5F5
1C3809DC
1EA75DCD
1E4739F2
1F4791E0
1F27B5C4
1E179DE4
1E87BE0B
1FA7DDF7
1FE7B1ED
1F876E05
1F978200
2007BDF2
2017BDEA
1F87ADDB
1F97F5DB
203819F4
1F47B1FA
1C06E5CE
14854D9A
0C43BD8E
09034995
08E3498A
08A3457A
08237176
0963CD88
0B13ED9C
0B33EDAC
0B840DB5
0C03FD9A
0BE39D7D
0A82ED6E
07625561
05223561
05224970
04F2517F
04827994
05C2F59B
07D2E173
08624D48
0782413C
07024D3F
06D23548
06A25547
0642251C
064200D3
0742549C
08020C78
0881685A
0871787C
09929102
1094557E
1795C9BE
189619C9
17B5497D
13A4554B
0EA3996E
0F53056E
11A3252C
1313C8FB
13F474FD
14250517
1534F536
1554C141
15352542
17E5455E
1A854980
1AE5A975
18B54D45
13643D2B
0F038543
1123A97A
173519B3
1B56B9D9
1C9761E3
1D1789EE
1D878A0B
1DF76E1C
1D271A0B
190665DE
1615E9AC
18B6318D
1CB6D998
1D96F9C0
1D3689E1
1D2669E9
1B96B5D3
1A96D5C1
1BD6C5C0
1C36C9B1
1A267587
18D5F163
1915A56F
16F57570
1234B924
0CA2D0B3
07712C64
04913053
04C24C91
088310E2
0D631CF7
10034CF8
10E3E10B
12744D28
14644135
1694F156
19E6A5A0
1D77B9DD
1FA79E04
1FE77E0E
2067ADF9
20A7D1E7
1F8809E9
1E6815EF
1F2791E8
1F5785FE
200799E5
1F879DC6
1DC795E1
1CE7BE05
1E67DDFD
1FD7BDF7
1FD775EE
1F673DD4
1F6765DC
1FE7B9E6
2017BDDE
2077DDE0
20F821EA
1F7805EF
1BF76DD5
1585D1B5
0E1421AE
0A738998
0973517E
08F33581
08435D89
0863999C
08E389A9
0943BDA0
0A540998
0AC3B18B
09D33D83
0802C57D
05F2716E
05429961
0652C96A
0742DD90
07B349B4
0813F9B2
0903F589
08F32D5D
0782A145
06C27939
0602613C
05B28142
0692B123
08231CF1
093384C1
0832DC95
07E1B46D
07B17879
081230DA
0CD3854A
1264F5A1
1615A5B3
16955560
11D4411E
0CB3112C
0B62292C
0B41ECE7
0CC264B7
0F42E0D4
0FD394FA
10A43109
12346513
1234AD25
1384CD4B
16D4E56C
18853D71
16650153
10444146
0D43C164
12144D7E
1935D592
1C46D9BE
1C171DEA
1CE73DF6
1CC729FE
1B370A04
19D6C5F5
1715E9CB
15052D89
1775A161
1C269D7D
1D76F1B7
1C367DD9
1BA649E1
1A56ADDE
1986D1D8
1A96DDCF
1B9711C9
1BA6B1BD
1AE611A0
1935A177
14252D3E
0D2424E2
07D22480
0400B051
0180C046
01F1884B
05B1EC64
09B1C472
0B21CC84
0B3218B0
0C5250E2
0EF2E903
14047D2E
1A26717D
1DE7A5C4
1FC785EE
20C73A0C
20976202
1FA7B1DC
1F382DD4
1F7845E2
203821E8
1F57FE09
1F67E1F1
1F77C5D3
1D97A9ED
1BD7BE06
1CC80204
1EC81605
2047C5F3
202761D5
1EF795E2
1F9815EA
20F821D6
20D7DDD2
2097B9D9
1F97C9DF
1C77A1D8
16F69DCF
10B541C8
0D1449AC
0B339D8E
0A235189
08A36999
06E391B3
073361B3
0803499E
0843719E
08535996
07C32582
0682E97B
05C2DD70
0762E559
09E30D5B
0B039591
0C043DBC
0CA4BDBC
0C04B9A1
0A53C570
0822B54F
06826532
05329917
05D29D05
087298DE
0B8348BC
0CA3BCAD
0A02EC9C
08C1CC92
08D1C8B0
08A29CF7
0AC3854B
0E447594
135545A5
15B59177
11A4E544
0D83B520
0B9298F9
08E224D7
081248DB
096238EC
09B274E5
0B5344D8
0F33B8E6
1063D108
10D41528
13648D46
1514E558
1354D14C
0EF45949
0ED42968
14350D87
19D66D9A
1CC701B6
1CD6FDE2
1CC705EC
1B76C9CD
196691C3
18B685CC
17E5BDB2
1754ED6A
18854946
1B265574
1C56E5B1
1AF69DCF
1A666DDC
1A26C5E1
1986F5E4
1A46E9E3
1B96BDDE
1C3669D8
1B4625BE
18158980
10746D27
079304BC
03F1705E
03809C43
0280A842
02C10439
04B11844
0610EC45
06E1284B
08318884
0A11F8D8
0D23612C
1455496F
1CD6ADA1
1FB779CF
1FB751F3
2096EA10
1F871A0F
1D87A1EA
1E0815CF
1FF81DC5
2057F1F0
1FD7BA03
1FD7ADEB
1F379DE1
1DE781FC
1DA77E0B
1E37C207
1F58360A
20483609
1F47DDF7
1DD7EDF3
1E3839F9
1F1845E3
1F180DCC
1F47B9D3
1FB781E6
1EC78DF2
1B8751E6
164675CA
112555BD
0CE471AA
0A53D58A
08837192
071349B5
079339AE
07E3219D
06E2F1A6
05E30D9B
06435180
06332978
05D32576
07B32171
0A635170
0C83FD92
0E7465BC
0FC4ADC4
0EB4D1B0
0C240D80
09D2D552
0802512C
06A2A4F9
06D290C0
09924495
0E02E87F
0FC39090
0C731CB9
09E248D1
09A280FB
09D37149
0B33ED8D
0D6435AC
1174D9B3
143579AA
11C52D7A
0FC4292C
0EF354F6
0BC318F6
09132D0C
0872C4F6
086254CC
09E2A0C9
0D033CEA
0EC3CD0C
1064791F
12450531
1254ED39
11B48531
10E44535
1274A958
16E5F583
1A77359E
1C4799AD
1C9755CD
1C7705DB
1B36C1B4
196695A3
192675BA
18B5D1A7
18950158
19C5112D
1A96016B
1B86B1B5
1B267DCE
1AD651D4
1AB6E5D6
193749DC
1A66E5D8
1CD669C5
1CD661C1
1A8641B4
1645316D
0E73950F
058220A5
02310844
0280AC35
0240C847
0330F84C
04E10C5D
0661486B
09821082
0D92E8B2
10F3E0FD
13B56D64
1826ADB7
1DF735D1
1FC765DD
1F8735F7
20F7060C
1FF73E0B
1D47B1F1
1DC7E9D5
1FD7C5C9
1E2789FE
1EF78DF5
202781EB
1FF761F5
1EF771F6
1E8759F4
1EA751F9
1F47E1FC
1F384A02
1DC80A01
1CA7E9FA
1C782E01
1CC829F6
1D87F9DD
1EA7D9E3
20077DF4
20B771FF
200799F2
1C8711CE
158625C0
0E0549AD
09D45D89
08D37D85
08F32599
08135D9A
07739D95
069359A1
04E3019D
05831D8B
06E33D7B
06F35D76
07637184
08D3B58C
0BD4319A
0ED471B3
0FA4B9B9
0EB4D9AF
0CC43986
0AD35D3D
0A02E910
09A2DCE4
08D2909D
0A62247C
0F22B884
1103C4B1
0E13B0ED
0A630105
08F3552B
0A040971
0CA42D9A
0F6461A9
1244E9B9
13353DAF
1154C97C
10B41552
1044094B
0E14594D
0BF42133
0A0330F0
092290C3
0A52B4EC
0C635531
0E245D4C
10F53550
12855553
1234FD42
12A47D2B
12F46D29
1475594B
1836C97E
1B3795A0
1BB785B3
1B872DC8
1BC705CB
1B06F5AF
19E6C9AA
18F689BD
183619A5
18353D4B
18B4F510
1915A14C
1AA649A2
1BB63DBC
1B4625BA
1A26DDB6
191745C0
1A56C5C2
1C568D9F
1B86AD93
17B5F98C
12D46933
0CE2C4CE
06A18481
0410F438
0470F433
04216464
0481DC91
061238B2
09630CDD
0F644113
1575492E
19863D53
1B97319E
1CE7A9DF
1E87A1ED
1EC779E1
1EE731EF
20B705FB
207735F3
1E478DDB
1E27CDC4
1EF7C1D0
1D37CDFF
1E77C1F8
1FE76DF6
20874200
1FF785EA
1E5785D8
1DE751E7
1EE791F2
1EA7E9FA
1DF7C1FA
1D57C5ED
1CC815ED
1D07F5ED
1DB7C5EC
1EA7E5F6
1F67BDF7
1F7791F6
1FF7A5F0
1F576DDC
19B6B5C6
1225C5AA
0CB4C192
0A83C587
09A36185
07A38188
06E3A189
07237994
066315A4
0732F9AA
09236193
0A23B972
0A93ED7A
09D44D9C
0AA49DB0
0DC4DDB4
0F6511AD
0F34C5A6
0E545184
0CF44937
0C442505
0C4380DE
0C12D49D
0D627883
1072F09E
1253ECD2
10D3F901
0BD3792B
0843ED5F
09744D84
0D74158E
115489AB
138559D0
135531B3
10C4417C
0F63FD78
0FF4A586
0F952584
0D047D57
0A5324FE
09E2BCD6
0B631D1D
0DB38175
0F544588
10A4E97B
11A5156B
13056147
14C5491E
15450523
1685D962
18F6E9A1
1BB70DC3
1C26E1CB
1A96E5C5
19C6EDB0
19A6E99A
19A6A1A9
184681BB
17565D9C
1775AD45
1715650D
1785AD3F
1966258C
1B565DA2
1B5635A0
1986719D
19E6B19F
1BB699A1
1B46AD83
1826616E
13654D59
0F53ECF0
0C127088
08D1705F
08C1483F
0AA1B04F
0A32A89C
09334CE5
09A3B513
0D04DD4C
12D62985
18A72198
1CD7C1B4
1EE7F1DC
1F67D5F5
1F479DF0
1E578DE5
1E3795F4
1FC769F7
1FB749E1
1F3779BE
1FA7B9AF
1FE7D9D6
1F17ADE1
20276DF8
204709EE
204725EE
1F9791E3
1DE7B5E3
1DE7C9F4
1F07A9EC
1F077DEF
1F1775F7
1F1795E6
1F27B1DF
1FA7B1E9
1FD7BDF8
2017E1FA
1F67F5F1
1E17DDF8
1E87B9FD
1F67C5F7
1D5765F1
17E669D7
118559A7
0D74718D
0AB3F599
08B3CD9F
08C3AD96
0973719F
09933DB6
0A637DBA
0B54099B
0C44396C
0D645D78
0BF4ADB4
0AA4E5D0
0D7539C9
10A53DB7
1204C1AA
1244DD9B
10D5856A
0F255937
0E846D0C
0FA3BCD0
11436CA9
123394B2
137420D4
12D42D01
0DB3DD49
09442186
0A243D8F
0DB41597
1084A1C6
121571EA
12751DCB
0F840996
0D74118F
1065019B
12354195
0E74696C
0AD37120
0B537901
0D33F542
0EF40D90
0FC43DA6
1024999C
11251182
12D5B956
1435BD32
1605614A
1885DD91
1A26A9BD
1BF6B5D0
1C06A1CE
1946C5BA
1816CD9F
18E6D18C
19569198
186691A6
17B67995
17C5A159
17654533
1795B15C
18E6318B
1BB67990
1C96698D
1A563192
1B36318D
1CE69170
19464147
13350528
0E943506
0CC37CB7
0BE27877
0AC2186E
0CF23865
1042A87A
108374C5
0F83CCFE
0F84351C
11757957
1596CD95
1A47ADAC
1DD7FDC7
1FE7F5EB
2087D5FA
2007A1EE
1EE7A5E8
1E07FDFB
1E381603
1E17D1ED
1F2795C1
20C7B9B5
208809D8
1EE769D7
1FC739EE
1FA70DDC
1F8765DA
1EB7A1E2
1E27B9F4
1E9815FC
1EE7E5D7
1F7761CA
202759E0
20576DE4
20D769D7
2157A1D8
2157D1EB
21A7B5EB
2087A5E6
1EB7B5F9
1EB7BDFD
1F9811F6
1F081A07
1B774E08
16B651D0
12454DAF
0DD48DC1
0B4445BD
0BD44DB2
0CD43DBF
0D1435C9
0D84A5BB
0D84E997
0D149D7D
0D14A18E
0C74C1BD
0BD4BDDF
0DE525DE
11455DC2
145545AC
15C5B1AC
1335F19F
0FF5557D
1005095D
1254FD2B
14347CED
142430D2
141470E1
13F4810C
1084254D
0C53DD7E
0BA3DD7C
0D341D87
0EA48DBE
0FB4FDD5
1034DDBE
0EB431A8
0D843DBE
102505D7
129519B8
1004817E
0CC43144
0DA49129
0FC50154
1024D59C
1054A1C1
11B4F1C5
12D565AC
11B57D85
10C5556F
13C55579
18C5A192
1B7635A5
1B9681B8
1A6679B7
18D661A0
18B68193
1996D58E
1926B587
18E6958A
18F6658F
1825816D
1795215B
1725C982
18265997
1B769189
1C96C57F
1AD67588
1B362986
1A765956
14354113
0DD388D7
0B8328AD
0C531498
0CC2A09E
0C52D8B6
0F4338BC
13D378C6
1543E4EF
15740D07
1634990D
1685E145
18871D96
1BF7B1BB
1E67B9C8
2097C1E7
2117E9FF
1F77DDF2
1EF7B9DE
1EA7F5E7
1D584DFB
1CB831F5
1E97E1D7
2057FDCA
1EA849D5
1DA7B1DE
1E2779E7
1EA785E5
1E87D5E8
1E57B9E7
1EC79DE8
1E57D5EC
1E27B9DD
1F7791CE
2007A9D8
1FE799E3
208771D6
2087A1C7
1FD7C5CF
207769D5
20A731DA
1FC779E8
1FA7B5E7
200805DD
1F4845F5
1DA7DE0E
1C3729F3
18F635DE
130541DE
0E150DC5
0D9545B5
0ED551C0
0F0571C8
0F95BDBF
10A58DA9
0F54E9A4
0CF4F5A3
0C851DB3
0CC4E9E4
0DE525EA
11D58DC2
15B5DD9C
1595E592
113521A4
0DA481AF
0F7529A6
1445F97E
1795C93D
17053117
1574C50D
15F4B914
1494813B
1083F968
0D43D970
0C53F579
0D6419A2
0E4469B1
0E34899D
0E1449A7
0E4469E7
0F94F601
1134D9C5
0FF4817F
0E949547
10F5052D
13455160
12C4FDAB
1244C9C7
140549C3
1595ADB2
12153195
0EE4E17B
12B5456B
18B59170
1B45C98B
19F61DA1
1876359B
18E60983
1A462188
1A566593
18964D80
18463577
18562D78
1725D961
16C5996D
1695E1A4
174651B3
19E6A995
1B56C178
1A06496D
18D5F15C
16B5CD38
11147D02
0C92F0BB
0C62CC84
0DA2FC8C
0E7310C3
0F43D8FE
12446D26
1644D53E
18857158
1A657567
1B85C960
1AD6CD78
1B8785B6
1CB7D9DB
1D97E5DE
2037A9EA
2107A9FE
1EF7C5F5
1F0791E3
2067B1E8
1F382DF1
1D8841EF
1EA821E7
1F4821E7
1D181DF5
1EA7A1DC
1E878DE4
1EF7D9F0
1EA7F5F3
1E67B1EA
1E27ADED
1DB7C1F4
1E179DF1
1ED7B5ED
1EE801ED
1ED7F9EB
1FF7B9E9
2047A9DD
1F27A9D4
1F5771D7
1FE765E6
1FE7A9F9
1FF795F2
1F6791E3
1EE7EDF7
1F37E207
1F276DFA
1DB6E9F1
192649DD
13461DC5
10362DC1
0F75CDBA
0E95ADB1
0F35F9B9
1065E9BA
0EE579B1
0D2535A8
0E0541B7
0EE561D8
0F6579D6
12E599B0
14F5A986
11654180
0CE46199
0B6421B3
0E8539BF
159699AC
1B471D8E
1B16797A
18B54D54
18A50129
1875593C
15D5256B
11A49D67
0DA41965
0BE3DD87
0BD41594
0BD44192
0C1445B1
0CF4A5E1
0EE4FDD8
10A4A19E
0FF45573
0F94853F
1284F522
14F5456C
14550DBD
13750DBF
15A599AC
1815DDAC
14354D98
1014E970
1315695A
17F5E965
19A6098C
1896119E
17460D89
17F5F57D
19C5D193
1975AD98
17E59172
1775A95C
1725D55D
1765D159
1895A16D
18C5A596
18A611AF
1976619A
1A061966
18D5B147
1785912D
16955112
13045504
104340E5
117334BB
12B37CC1
136430F7
14A57D3D
16762976
18869596
1AB6F1B3
1D36BDCA
1D76C9BD
1CA745AC
1DF795C2
1E97F5DB
1E7829E4
1F9795ED
203745FF
1FB7A1FF
1FD7BDF5
2127C5F5
20B7F1EC
1EC80DEF
1E481DFD
1E47FDFF
1DB7CE0B
20672DF7
1F3775EF
1F77C9EC
1F57A5E0
1DF7B9DC
1C9819FB
1D4809FD
1E57D5E5
1E67E1E3
1EC825E6
1E6835E9
1E9809F3
1F87E1F6
1F47DDE4
1ED7E9DC
1E17C9FC
1E479616
1F0755F8
1DD745DD
1DD781F1
1FA77600
1F973DFC
1E072DF5
1C6709DB
1A46F9D5
1686C1ED
1265F9D2
1055B59F
10C61DB0
10163DCB
0DD5F1B9
0E0545B4
1054DDCD
11D535CC
1245B1B0
13658993
11F4BD7A
0CB4357D
0973E588
0A93F998
0ED551AD
1676F5AC
1D77BDB0
1E7755B5
1C161986
1A759144
1AC6194D
1B163D73
17E56D5F
11446950
0B640974
09041D92
09041DA1
0A4419AF
0C0461B2
0E14B19E
1014A982
11449575
1284A94F
14C4F134
15C55973
14F579B3
14B5ADAE
16E625A8
18665DBC
158625B3
12A5CD90
1415E983
16F65987
18768596
1836459C
17260D86
1745F185
1845C59D
17E58D93
17254568
16B5394F
16E55D57
18E56961
1AF56D60
1AC5BD6B
1A262D8D
19E60990
1905A160
18759544
1865813D
1775352E
1474E533
12F4A949
15C4A94C
1874F14C
19A5C557
1A56DD7C
1AE769A9
1BB7A1C3
1CD7A1D3
1ED76DD9
1EF761C8
1DF771B7
1F8781C9
2117D5DC
2077FDE1
1E9771ED
1E1741F5
1F97B9F4
204819F6
20680DEF
2007ADE8
1E77B600
1D07EE19
1D57B20B
1EF759F2
21670E00
204771F9
1FF781ED
1F9741D7
1E07B9DE
1CB84DFA
1DB831E6
1E5809D3
1E0819D8
1ED851D7
1E5855E6
1D5811F5
1E4801F5
1EB815E1
1D97FDDD
1C8791FF
1D47120B
1E2709E6
1CD761C9
1CC781CF
1F1745E8
1FC745F7
1E177DED
1DE75DE1
1F1745F2
1D872207
19C675E0
176625A7
171675B0
15165DCD
11E5D5BC
118541A5
1254E9B4
12E52DBD
1375E5A7
12B5C596
0F046188
09A39D7F
0713818B
0973BDAB
0E7539C0
1646F1B7
1DB7BDB3
1F77A9BF
1DC6DD9A
1B96515C
1B767959
1D168564
1AC5BD54
13749950
0CE42976
09641DA0
0893F1A5
0A33D19B
0BD3F19B
0CC4399D
0E847D92
1204D583
16154167
1885A95F
1855D981
16F5C58F
1655D18D
177649A8
1856C5CA
1746D9C7
15F691B5
15C669B7
167681B0
17765596
17B61188
17760D8D
17F61599
1855F5A0
17D5A98F
17153D7A
1634F569
17052159
1945815D
1A25C566
19861971
19564989
19B5ED8C
1975B172
1995C163
1905A167
16858D69
1365A97B
12A5F5A2
163651BF
1A26A1C1
1C3715B0
1D7779B1
1DE785C7
1DF7A5DE
1EA7C5E3
1FD7D5DD
1F8809DB
1EE815DB
2017BDE2
20D791DE
1FA799DD
1CF751E9
1CA759E4
1F37A1E5
2027D1F8
1EE7D9EE
1E0775EB
1DE76E07
1D17B20F
1DA785F6
1F8755D8
20A72DDD
205781EB
1FD781EA
1FA74DD5
1F2791E4
1E9801F5
1EF831D4
1DE7FDCC
1C27CDDB
1D1809D7
1E8821E3
1EA7E1EE
1EE7C5E6
1EC7D1DE
1E87C1E9
1E876DFC
1E6709F5
1E0719E1
1D5789D2
1D579DCD
1F2755E5
20C765F5
20B7A9DC
209769D3
20C741F3
20576DFC
1EC711DC
1CC6A5C8
1B86C1D4
18E699D0
1535D994
1335114F
12B4F14D
13256578
1375F998
1125D9A9
0D048DA8
09039D9B
072391A4
0903DDC5
0DD505E1
1596A9E5
1CC791D6
1EE7A9D8
1DF72DC5
1CA6D990
1B56D974
1B668D5C
19B5E947
13B4E556
0E042D82
0AD3F19A
09F3D991
0AC3D593
0AB415A2
0AA419A2
0CD3ED93
1164B190
16B6058F
1A16A592
1AC669A5
18A5CD95
1635898C
16E5E1A8
18F655B5
1A068DB5
196691C5
177699D5
15F675BC
1635E983
1735A16B
17E60990
18C671BC
18E611B9
18A5859A
1865558F
1765157B
18053D57
1945ED65
18E6457F
1846298A
18A60994
19C5E987
1A35C97C
1A85D580
19F61D7F
17163188
1315D5A3
11F5F1C0
1666D9D8
1BD771E0
1E87B1DB
1EC7BDD4
1DF761D6
1E1751E7
1F977DE5
1FA7A5DC
1E580DEF
1E1849FF
1EA7C1F1
1ED759E1
1E5799EB
1CC781F3
1C8765E6
1E4759E3
1F974DED
1E8771E6
1D1761EF
1E478207
1F67CDF8
1F97ADE0
204789DA
1F876DD1
1EE7B1D7
1F57D1D7
2087C1D0
1FF7A9DB
1F57D5EB
1FB829DC
1DA7B9D3
1B2735DA
1C0759D4
1E97ADD7
1FD7E5E2
1F57CDE0
1F3791E1
20E785E8
215775EA
1F1771EA
1DA785EC
1E2785E7
1F178DF0
20578E0A
21D77608
224779E8
218781DA
20D77DEC
201791F8
1EE765ED
1DE741E9
1CD765EF
19A739C4
14B60955
102450FF
0ED3ECFF
10E4C135
11E55973
0EF539A5
0B446DB3
09C3ADA5
0903D1A8
09944DC3
0D6525E3
14E699F6
1BF779EF
1D676DE8
1C16F1D9
1B66ADA2
1A869580
1A463969
1875DD48
13154953
0DE48977
0A941D82
0994017D
0A841983
0A245599
09642DA0
0BA3BD92
10B48DA1
16962DBA
1AA6B1BF
1BF65DBF
1A65F5AE
1705B5A4
15A5B59E
1745C186
19B6058A
1A2649B5
184661CE
16C655B3
1695E581
1765B567
19163188
1A36A9C6
1A2655C7
1A75D59C
1AA5F193
1995D579
19558D5B
19B5E57F
1A263591
1A061187
19A60D8C
19E61983
1A25DD84
1AF5E593
1B466999
18965D9A
1315919E
10655DB5
14B631C6
1B4719CB
1F77B5DA
2027D9D9
1EC789D0
1E878DE0
1F7795EE
1F674DEE
1E976DF9
1D67BDFA
1CD769E4
1DD745DE
1E37BDEE
1D67D9ED
1C5791D7
1CA745D2
1F6731DB
20174DE2
1E476DF9
1F77CE0D
20F83200
2057F5EF
20D751EE
2027CDE2
1FB7E9E2
2037CDD7
2127C5D3
2007C9E1
1F67F5EC
204835E3
1EF7ADDB
1D6729D7
1DA755D7
1E97C1E2
200829E6
207805EA
201791F2
20B75DED
203769DD
1DD7A9E4
1D47C9F0
1E8789EF
20077DFC
2167BE08
21D795FE
20A76A00
1FB79A02
20A7B9F4
1FE7B5F1
1DD7A5EE
1CB79DE3
1B577DC4
17A6C177
11E50514
0D4364E2
0CC35503
0F346D48
1035297A
0CD4ED9C
091435AB
0803A9A1
07B401A8
088481C1
0C7519CE
13C685CA
1A5755BD
1BB6D9AD
1AE61D8D
1A75B961
1A25B55E
1A85DD6C
17E5DD59
1255A955
0DE51162
0A74756C
08545D6B
08C4716A
09249584
0834859E
0A142D9E
0FE499A4
1625EDBD
1A46A5BD
1BF685B0
1C46A1B0
1A56A5A7
16B6318A
15E5E570
1836197B
19963DA1
187609B0
17C605A8
18560199
18D63187
1A56B196
1BB6F1C8
1B86F1D0
1B26ADA4
1A869595
19C6617E
19A5C95F
1A25BD76
1BE61185
1B86397C
1986497E
1916197F
19B5C189
1AF5B996
1BB601A4
1935E1A4
12452D8D
0DC4DD93
100541A9
15960DC0
1BB70DDB
1FB7ADD9
2047E1C9
1EE821D5
1E57D9FE
1F67161A
1FC6FE0C
1DF759E7
1CF751CE
1DA73DCB
1D1781DB
1C67A9D7
1BF76DBF
1C374DC7
1F6771E1
20D75DF4
1F975A02
2007E209
20089206
1F6859FB
20D769F7
2007F5ED
1FC7CDFA
20578DF0
205791D9
1F17B5DC
1F07E5E6
20480DE1
2047A5D5
1F7745C7
1F0795DF
1F382E04
201865FC
2077F9EB
201785F5
1FA765F9
1EB771EC
1D67A9EF
1DA7C9F2
1E6799F4
1F5769F8
204785E9
2027A5E0
1E9791FC
1E67920E
2087EDF1
200809D2
1CF7A5C6
192705AF
1516096E
10F49918
0DB360E4
0EE348EE
12544D38
14259D93
1255CDAC
0CA4E99D
07B42DA6
0593E1B3
055415B8
07244DB2
0C04C5A9
13A6159B
1956E979
1AC65D58
1B656D40
1AC51936
1965B153
19D66D79
18967582
1456297F
1065657B
0CC4A578
0934AD7A
0804957C
08B4957F
0854B98F
09747DA1
0DA4ADA8
12B5D1AB
1826D1A3
1B46F9AE
1CC75DC0
1D77BDAE
1A572994
17467D91
18368DA5
19F69DBD
190635B8
186609AD
19C639AD
1A5699AC
1AC725BC
1BE775D9
1CA76DE3
1B76FDBE
19566999
18C62580
1915FD5C
1A25F95B
1BB64566
1AD67567
19264978
18E5E581
1965BD83
1A25B98E
1AF5B999
18D59195
1234F972
0CE47168
0C746D91
101509C8
16D62DED
1CE729E8
1F47C5D6
1E1815DB
1D47CDFC
1ED74215
1FA715FF
1F274DDD
1EE779D7
1DD781DC
1BA785E5
1A975DDA
1B3731C7
1CE769DA
1F4795F6
20976206
2057360B
20078E0A
1F285205
1EC859F1
2017A9E2
1E77E9FD
1DE7CA05
1EF7C204
1F77D5F1
1E47D1E3
1DE7B9E2
1F07D9E7
2007B9D1
1FF74DC3
1FA751EE
1FE80616
1F587A08
1E37FDE4
1E9769E6
1F974DF5
1F5769F8
1E17A60A
1DA7D20C
1DC7D606
1E179201
1EA761E8
1EB7A9D8
1E57C5ED
1E07B204
1EA819F0
1E47FDC7
1B26E599
15A57D4F
0FA3FD03
0C02F4D9
0D2318F1
12F4453E
18C5F189
1A572DC6
16666DCA
0ED4CD9E
08643D9B
05F429B8
060405C4
06C429AE
0B04DDA1
13C61D9C
1A06D574
1A567157
1A25AD58
1A75A963
1A06A987
1B3745AE
1BC715BC
1926C9C1
1545C5AF
10A4B591
0BA4A190
0A147D9B
0B547193
0B249D96
0AC46DAA
0BD491AF
0EA575A6
14B685A2
19D711BA
1CA791D1
1E87F5D3
1CA7A1D3
19970DCF
1996E1CA
1B26F9D5
1AA6D9DA
19F6BDD0
1AB6CDC8
1B56D9CB
1B272DD0
1B77B1CE
1DD795D6
1E06D9CB
1B6611A7
1985CD82
18E5F55C
19E61150
1B065556
1B368959
1B064177
19C5F591
18B6118A
19161987
19A5E184
1815A179
13A53168
0E54956A
0AF43192
0D14A5C6
1355E5E8
18E6D9E6
1C674DDE
1D87A1E3
1CE7C1EC
1D77A9F5
1EA76DE5
1FB775DC
20279DFC
1E57D605
1BF7F9EB
1B07A5D1
1CA779CB
1EE785E6
1F873DFC
1FF721FD
206749FF
1FB75605
1F07AE04
1F17F9EE
1FA7D5CE
1D079600
1DA7C206
1EF7CA0B
1FA7AE08
1EC7C5FE
1DC7B5F3
1CF7ADEC
1DD7C5D3
204789D3
203745FC
1F27AA10
1F483606
1EE7E5ED
1E4749EA
1EC711F5
1F3775F6
1E57DA06
1D87F603
1D3815E9
1D57E1E2
1F4795DC
2097B5D9
2027E1E9
1EA7D1F6
1C27B1EA
192725BF
1525ED62
10443CF6
0C431CCA
0D8360D7
13148927
1845F997
1C9739C6
1E77CDCD
1AC6E5BE
12254594
09D4698A
069415A6
06B3F9B8
06F441B1
09E509AB
125639A8
19F6E19F
1B56A19E
1B2661A1
1CC6CD9F
1DA775BA
1DE751D8
1DB705E2
1BA709EB
17E601D0
1224A5A1
0C945992
0BD48D9C
0D14C9A7
0C84DDB4
0C74B1BE
0CB48DB7
0D84F1AC
1145F1A8
15E6B1AF
1A4701C7
1CD731F3
1C873E05
1C2731E3
1C2709C3
1C3719C6
1C2761DA
1B7761E2
1B573DE0
1CB72DE8
1CF745E8
1C279DD1
1DC789C7
1F06E1C6
1D3645AB
1AC5E182
1985D55F
19B5F550
1A761555
1B36355D
1B261576
1915E599
17A60996
1826297F
18E5E575
18959570
16B5697E
12B5219B
0DF4CDAF
0D84F9BD
1095B9C8
142681CA
197709CD
1D7781D6
1D67C5E4
1DA7A5F3
1ED775E8
1ED789E5
1F179607
1F27AA01
1E27EDD4
1D67EDB7
1EB7D5B5
2007A5D0
1EE725E8
1E570DE9
1F2769E4
1F377DEF
1F078DFC
1FA7F1ED
20A81DCF
1D5765E6
1E4781F6
1F977E02
1F7759FA
1E6791F4
1D8795E3
1B5761D8
1BF779DD
1F97B9E1
1FC7C5EB
1ED7E1FD
20C7E608
21C77E00
1FB721F3
1E0709F0
1E577DE8
1EF7C5E8
1E37D1E3
1CF805C7
1CD809C6
1EE7EDE3
2157C9F2
2157ADF1
1F4769E4
1B06C5C6
1485F581
0F351913
0C3414D0
0BB3D8EB
1164E523
19B63176
1D6731CD
1F07A9E3
2097A5CC
1DF731AA
15460195
0CA4DD9A
087445A4
078411A6
078439A1
0944C99C
1085ADA1
193679C3
1D56B5E2
1F16F9D5
20F78DC1
214799D0
1F8715EA
1D7701F3
1B6735ED
180645BF
1204B18F
0CD41D8B
0C44799C
0CD4EDAF
0C6535C0
0D6541CA
0E4501C6
0DF4EDB7
0F3579B9
1185EDB7
1565F1BA
18D631E8
19D6A9F7
1B56DDCC
1BD6D1B4
1B66F9B8
1C3761BB
1C9751CB
1CC725E3
1E7755F1
1F0779F8
1DC78DEF
1D9781DB
1E1711C1
1D36759A
1B45ED73
1A15CD57
19D5E156
19A5CD61
1985B565
1935796D
19058182
1945ED84
19861D79
1975C578
19A57575
19F5A189
17D5C1B9
1355BDD7
1095B1CE
1005A9BB
11B615B7
17B6CDBA
1CC775CE
1D87ADF2
1EA77E0D
1F677A08
1DF795F9
1DB791FC
1F1789E6
1F47A1CE
1DC7D5C7
1D87FDBA
1E27E5CB
1D8799E3
1D4779E2
1E477DDF
1EE779EB
1E87A1FA
1ED829F0
206871E6
1E47D1CD
1E47C1E2
1EA7BDF3
1DD795E7
1CF779DB
1D1791C9
1C7795CD
1CE789EA
1E27C1E3
1E6819D3
1F9849E4
21D7E1FC
22A74A01
209741EF
1E2751DC
1DF751D1
1F475DD7
1EB791EB
1D47F1E4
1D8815E5
1E080E03
1F47B206
1FA6F9E8
1D5645B9
1895997A
1214CD25
0ED448D8
0F4458DF
11A50936
16D62189
1C66EDC1
1EB779EB
1F07BDFD
1FA7A5E0
1E4795B4
1906D1B4
12B599BB
0D34EDAF
09848DA2
07E4659A
08448D99
0E651DA9
17C625D5
1CE701F8
1F5771EB
21F799DA
226771EA
20775204
1DF79E0A
1BD7A5E1
19068D89
1394CD55
0E94056A
0CB48187
0CC4FD9E
0D555DB3
0E05A5BF
0E4571C2
0D7545C5
0D9569D1
0E9581C2
106551AE
12C54DC7
13B5C9DA
14D621CA
16A639B7
188691B1
1B5721B0
1D7731C0
1D96FDD9
1DC73DDF
1E7781E4
1E1789F5
1DC765ED
1E370DC1
1D866596
1B25BD6A
19C59945
19A5A54C
18E5A965
1865896F
18B5356C
1A156962
1B76095F
1B863570
1A65C97D
1A558573
1BA5FD7F
1A5681B2
1736CDE2
1636E1E7
15B6B1CE
1616B1BA
18C6E5BA
1B2741D9
1CC7AA0D
1EB7C624
1FB7CE0F
1F27E5FD
1DC7F9F9
1DA7E1DD
1EA7C5D5
1DA7C5DF
1C67C1D1
1C47BDE6
1CB7C1FB
1DD7C1EC
1F0779E7
1F072DF0
1D5755F9
1C87F5F0
1E087DE7
1EF7DDDC
1E8809EB
1D97F1F4
1C77B5E2
1CD789DE
1E67B5EB
1F07F9F5
1F07C5F4
1DB7A9DE
1C97F9D8
1E183DE4
203801F4
20678DF9
1E9769E1
1D8759CB
1E1739C7
1F0769D5
1F57D5F4
1F2801FE
1F67DDF3
1ED7C9E9
1DE725D0
1C55E9A6
18D52563
14349D0F
10C3FCDB
112408E5
1384D132
1755F99B
1B7709DA
1D7769E0
1E579DEA
1F07CDFF
1FA7C1F3
1F2805D7
1CB7B5CF
18C671C5
12F591B5
0CF529A2
09B4CD9F
0864A1B1
0BB4BDC1
13B5B1D3
190729EB
1C37C9F5
1FB785F1
20D751F4
20279204
1EA7F609
1C5789CE
1A15F968
1514693B
0F642549
0D74E55E
0E054585
0F2569B1
0F65A9BE
0E9595BD
0DC585C9
0D15B1DA
0CC5C5CC
0CA581BB
0D84F9CA
0E14F9D7
0E053DD1
10254DC3
1485D1BB
19D6C9C2
1D7731C8
1D071DC7
1B975DC2
1CC7B9CE
1E47B9EA
1E374DDF
1E46C9B8
1D86399C
1B45AD6B
1A055940
19553D44
18B5655D
18858175
18B56977
19C5A161
1AD6055B
1AD62D74
1A15ED84
1A55B56F
1BF61974
1BB6D9AB
1B479DD6
1CC805EC
1CE7E1EA
1C37A9CB
1B375DBE
1AE749DB
1D67BE10
1F880A1E
207815F8
20F835DA
1F4819D2
1E27D1CE
1F17CDD8
1EA78DDF
1CB735DF
1B8755F5
1C87A1FF
1EA7A5F7
1FD749EF
1F76FDEE
1D672DEF
1C27ADE1
1D081DDB
20079210
1FD7D601
1EB7C1F4
1D67BDE3
1D97D1ED
1EC7D213
1F47FE1C
1F27DDFB
1D7789E1
1AE78DE3
1AE785E4
1BF749EC
1B5731E1
1AF711B9
1C9715B1
1E4759CA
1F37D5D8
20C849DF
214805E6
20C77DD7
1F1715AD
1B660D70
1754D13F
1364650D
10E410D7
11B3D0DB
13F49D2C
15E5B992
1976B5EA
1D579608
1F07BDF4
1F47A9EC
1FA7A9ED
2077A9ED
1FF81DEB
1E8849DE
1CD761DB
19767DD1
148605B6
0F359DB4
0AB525C2
0AC4BDCC
0FD555D7
1606BDE7
1BC7AA00
1F07B204
1FE75DF5
1FA771F4
1E47A9EE
1C1709B3
1A056160
15B4053A
10A42537
1094F542
1205697A
10C595BA
0F65B1C9
0F75B5C1
0FB5BDC7
0E85DDDF
0D05EDE6
0C65B9DA
0D5555D4
0D2531C3
0B450DBA
0BF4ADCC
1064F9D2
17E615CD
1D66E1CF
1D271DC8
1B6779BF
1C27D5C7
1DC7D1CF
1E2779C9
1E36E1C4
1D063DA8
1B15D16F
1A358D55
19556162
19357578
1965B183
18D5CD78
18F5FD69
19B6216E
1986057D
18B5DD7D
18E5B571
1AF61981
1CB70DB5
1D87E5D6
1E97FDEC
1E97A9F9
1DD7B9D1
1CE7CDB9
1D27ADD1
1F37D1F1
2087F5F8
210801DF
20D80DBE
1FE795B5
1F6739CD
1F4755E5
1ED709E8
1D26CDED
1BC731F6
1D3789F7
1ED775F7
1ED755F4
1EF765F6
1E978DED
1DE7BDE0
1E27D5F9
20278A27
20B7C601
2047D5E7
1EE7D5E4
1DC7E5F2
1E07BE0A
1EA7AE09
1E1791EC
1B9709D5
1896B1B9
179665A9
1725F1B7
1626199F
17B66D63
1A86A96B
1B9711A9
1CD775BE
1EE79DAF
1ED731AA
1D969D98
1BC5E156
1794D50B
12F430DC
10C400CF
1223E8F3
15746133
1775BD7F
1936D1C9
1C573DFB
1E77AE04
1F67CDF9
1F779DF9
1F47B1E9
2037D5E0
1F9801E1
1ED825DD
1FB7CDEF
1E8761EC
1AC735D5
13F6A5D3
0D55A9CA
0C051DC9
0F3571D8
16E63DDE
1E3745F2
2057E1FC
20979E00
1F975E08
1E0775EC
1CA721B0
19F5D56E
15644D41
11940125
1314C127
14D5956B
1165F9B4
0EF5D9C5
1035E1BE
118619CB
10A61DDF
0F4629ED
103635E4
11D601CD
1035E9B6
0D2591B3
0C64D5CE
0F64D1CF
16F5C9BE
1CF6D5CB
1DA75DD6
1CF7A5D3
1C97A9CF
1CE775C8
1E3785CC
1F0755D7
1D4699BA
1B560181
1A35C968
18A5C57A
18D5E991
19F6357E
1946656C
18E65972
19862D79
18E5E97F
17E5917E
18355D85
1AC60992
1D1741AF
1D57F1D9
1E3799F7
1F371DFB
1F377DD5
1EE7F1C1
1F07C1D1
1F3799D6
2027BDD3
2177C1CD
204791CC
1E7739D7
1E6725E8
1E9741F6
1E86F5EC
1E26C9E4
1DA731ED
1ED79DFB
1F97B1FF
1E57D1FC
1DE80206
1E17F1FE
1E57D5EE
1F47AA07
20377E11
1F77CA03
1F67EDEC
1EA7ADD9
1DC795E2
1E7789F1
1F174DED
1D76E9E7
1A3635CC
1775CD86
16C5C967
15F5857B
14E54952
15A52505
16754116
15C5A566
1635D188
1825C978
1855A969
1735614E
1634C902
147414C8
122418BE
12E48CD3
1774ED2B
1A25D191
1A96F5C6
1C2769EC
1DC76A03
1E379DFC
1E87D9F0
1EB79DF6
1F57A1F1
211805E3
2047E1DC
1ED7B5DA
1FA7C1EC
1F07B9EA
1C17ADDD
15D6F9E7
0F65DDDD
0D2571C6
0F35A9B9
17263DC5
1E172DE1
1F07F1E3
1F47F5ED
1F479A03
1EA789FC
1E5785D1
1B469D88
14C4ED49
1043ED18
12044D0A
13E5A952
122661A3
1115E5B9
1125C1BF
11560DD1
115625DE
11E67DE7
1566E1EB
17F6B1E5
168689D6
148641C9
13459DC3
1425B9AD
18B691A3
1C3771BF
1D57E1D5
1DF7C1D3
1D5779D4
1D573DDC
1EC775D8
1E57B1CD
1BF711BC
1AB62991
1915AD6F
16F5B17D
17F5E989
19F6156B
1A264569
1A263185
19D60585
18C60186
18459193
19252194
1BD5C58C
1D7701AF
1DD7B5EE
1F678A06
20B75E04
2127D1FA
210819F6
1FC7A1F8
1E1749EC
1F17B5D7
2187C5CA
208761DE
1DF761F6
1DC791FC
1E87A5FD
1E5781E8
1E9765DB
1EE781EA
1EF7C1FB
1FB7F5FD
1F482DF5
1D585601
1CA82202
1DC7D5EC
1E779DEB
1FB7C5F6
1E27DE02
1E17B5FA
1DE761DD
1DE751DD
1EB76DED
1E772DF0
1CB6A5F4
1AB5EDCC
1975BD84
19B6396E
19B64571
1865692C
161424D6
134398E6
1123CD29
10D3F545
12746D42
1424F134
13C4D51A
125440E5
11B3A8C4
121410EF
15D56D30
1BA67D7A
1D8721C8
1D7785EA
1D777DFB
1C676A08
1D6785FD
1F57BDE7
1EE789E0
1F3775EB
2187E9E9
20F7BDDE
1E976DEE
1E67B200
1F27C1F5
1DA789E6
17D6D5ED
117605F1
0E55C5D5
0F85F9B5
164695C8
1C775DF1
1D17F1F4
1D87F1E3
1EE7A1DC
1F0799F1
1F57A1E9
1D46DD93
16454545
1043C516
10637500
12D4E93C
14365D8E
145641B0
1275D5C6
1155C9DA
12C611DE
1566B5E7
19D715FB
1DA709FF
1D5719F1
1C4725E4
1AE6E5C9
1956F5A6
1AB761AC
1CA7C1CE
1D87A1DA
1E9725D0
1E073DCC
1DC775CF
1E9781C5
1CE78DBC
1A2719B7
18B64991
16B5AD6E
15D5957B
17E5A188
1985917C
1A95C57B
1B65E58A
1A35E586
18D6117C
1815BD83
19055185
1C35D18B
1E56E9C1
1FA77DFD
20775DFE
207795FA
21281A17
21982632
2047A234
1E073E1F
1E87B9F1
208801CD
2017ADDF
1EA7B1FF
1E97C1FF
1F57C5F7
1EF7E9F9
1E37FDFA
1E07F5FD
1DC7D9F7
1EF7E5E0
1F8845E0
1DA879F5
1D3821E8
1E07BDD0
1CD7ADD0
1E47DDDA
1E87C9E3
1F6789EF
1E976DE8
1E175DDC
1DD765DD
1C2741E0
1AF6EDE3
1B3681C1
1B56559F
1BC6C1A6
1C56F598
1AB61D41
170464E8
12E354DC
108354F6
10537904
1214310A
1484DD00
13A4B0E3
10F400C6
10A35CBF
1274110D
1725D579
1D2705BD
20376DE6
2107A1EF
1F47ADF3
1CE7B5F7
1EA7A9ED
21379DE2
2057B9D9
1F77EDDD
20C80DDF
2077A5DF
1EA741FC
1F077E12
20E7A607
1FB77DEF
19B6B9E7
1345D9F5
1135D9F3
13A641E1
1916D5E3
1E37A1FB
1F581205
1F37E5EF
1FD7A5D3
1FD795DF
1FA759EA
1E36B5B3
19456971
12D3FD3E
0FF36D1D
12342136
1655956C
17E6859C
170699C1
172675D2
1886C5D7
1A0745E9
1CF751FF
1FE741FA
200789F8
1FB7DDFE
1E77C5ED
1BA779D5
1B8751D7
1D5749EB
1E06E1F0
1EA685E2
1EA719CB
1EB779B9
1EF73DAD
1DA70DB5
1BA6ADB2
19760582
1715995C
16A58159
1825816C
19A5998A
1A95D591
1B55F988
1AE5FD7C
19160D6D
1745DD69
1865A570
1CB6118B
201705C4
213771F5
1FE745F0
1ED799E4
2028060A
2077FE28
1F279625
1E371E18
1EF77DF8
1FD829DC
1F4849E0
1F3805F1
1FA7B5F3
2027B9F8
2057EA08
1EC7EA02
1DE7E5FB
1EC7E5EF
1F57E5D7
1EB819EA
1D982602
1DC7DDEB
1E47A1D5
1D47A9D1
1CA725C2
1DF761CA
1FD765D2
1EE785CC
1D9771B3
1CF75DAA
1B1761B6
1A3749BE
1B3719B2
1B46C1B3
1BD6B5C1
1C8701AF
1A167D73
1694F131
14141102
12740CE0
1223F8D7
139434DA
15544CC7
136418AE
1053B0A2
104358B1
12844D01
1775CD63
1CF691AA
21071DDA
232799E3
2157C5E9
1F27DDE9
2007D1DE
21C795E8
21C7BDF3
20C829F0
208815EE
2077B1F1
1FE775F8
200779FF
21276DFC
208755E5
1BE6A5DA
1635A5E4
14C5C1EA
18668DF7
1CC751FD
1FC7DDF8
2137F5F3
2107DDEA
2157D1E6
216791EB
1F5721F7
1CD6BDE9
1A25D9BE
1594B97D
10D4414D
10841937
14A47134
1885A962
1B16E19B
1CE761C0
1CD779D6
1C4791DF
1D2799E5
1E1771EC
1E7789FB
1F77CE07
1F37BA08
1D6765FB
1CE72DEA
1DF719EC
1DF6B9F4
1D868DE4
1E470DC5
1ED721BA
1E4709B8
1D9711BB
1CA675A8
1A15A572
17956951
17456540
1885694A
19D5B979
1A160590
1AB65182
1B866174
19E62D75
17761178
1865CD72
1CA5E580
1FF6C5B7
20A741F2
1F374DFA
1E879DE1
1FC7E1F3
1F47FE08
1DE7E1F4
1E2779EA
1E877DEE
1E481DEE
1DC88DE8
1EE829DE
2087A1E3
2097A9FD
20F7B9FE
20979DE2
1FC7B5DE
1FA7C9E0
1E97A5E3
1D57A1FB
1D17B604
1DC79E03
1EB78E00
1F57A5EA
1A16A1BF
1AB6EDD4
1BF70DC2
1C6729A5
1C17098D
1C771D80
1C876192
1C07499A
1BD72597
1B36E5A4
1C36959E
1D56C596
1AC68D98
17457173
15A4C92A
14F49CE2
13444CCA
123404CA
1263E4B7
1133C4B2
108374AC
103368BA
11345902
16858951
1BF67198
20374DCF
22D7B1DD
21F7ADE8
1FE7BDE8
1F17C9E3
2047A1FC
21077E09
20279A0C
1FA79A0D
200789F8
20E781EB
20B741F4
207709F6
20072DE3
1D26D1D5
197619D4
18D641D2
1BC6FDED
1DE7C204
1E57DDFD
1F476DF5
1F8789F3
2057DDFE
2157D606
1F277201
1BD709FC
19D66DE2
174575A2
12B4B56E
0FB40D3F
10B3A90C
13D4611C
1785C561
1A66E1A4
1BC729C6
1BF72DBC
1BE775B6
1BF729CE
1C56C9E7
1CC73DF7
1D07ADFE
1D07A1F5
1D1785E4
1E0775D6
1E7715DD
1DE6F5DF
1DF745C8
1D6755C4
1C977DC5
1C6759B6
1B466195
19859D63
17B58D4B
17A5954C
19058154
19358D6A
18E5DD82
19866183
1A369975
19565D70
18162570
1895CD6B
1B35DD7A
1E26C1B8
1FB745FC
1FC76A02
1FC799DE
2087A9E7
1FA7F602
1E5855EC
1E0831E0
1D37CDF6
1C67B9FF
1C87F1FE
1E37D5F1
201781E5
206771F4
20976DF3
20377DDF
1F87C5DD
1EF7E9DA
1E37BDE0
1D4789EC
1D2795EB
1E57A5FC
1F87B607
20F7F9FC
194695D2
1866A9E2
1916C9C7
1B06F9A2
1C46D189
1D76D179
1E17097E
1D370178
1C371D7B
1BB71D8F
1C76C181
1D56817C
1BB63D96
18B5C57F
16C55129
15E510E0
130498D0
102408D6
100404DB
1103F8E4
12A394D0
12E390C5
12C45D09
1665BD67
1B96FDB4
1F57D9E0
212815E3
20F7E9E7
1FA7D9ED
1E47ADF8
1E87960A
1F47B1FA
1F47BDF5
1EF7AE04
1EC7A1F7
1FE78DE7
203735F6
1FC70E00
1F1761ED
1D075DE1
1BE70DEA
1CA70DED
1E2731EB
1E4771ED
1D7775F6
1DA73A04
1D6789FF
1E080A03
1FD8220B
1FB7DA02
1DD77600
1BD72DE9
18F67DAE
1505717F
11B47D51
0F73D50F
0F73D0F0
11D45113
14E5414F
1845F16E
1A363576
19D68181
19160D90
1905BDA1
1936BDC6
1A07A5E7
1B67D5EE
1C57D5EC
1DB79DDD
1EE715DE
1ED705E7
1E8769D4
1DD785C8
1DA789C0
1D4711A6
1B961D87
1A85AD5F
1975B146
18D5C157
1905B564
19058562
18E5A97D
18D62990
18A6717C
17A6515B
17B5FD46
1955C551
1B863D82
1E272DCD
1FD7A600
1F97D1F7
1F77B9DD
202781E8
1F67DDFB
1E3849EE
1DF829EB
1D47D601
1CF77E08
1DF77A07
1ED799F8
1EB769EC
1F475DFA
1F7781FA
1DD79DED
1DF7B5E9
1FE801E3
201821E4
1E57A9E5
1D7771E6
1E6799EC
2017CDED
21E82DF6
1AC6ADDB
1996C1CC
1A2705BF
1C1759B2
1DB7459C
1E670196
1E96D99C
1D570185
1B974D82
1B373D9D
1B46F996
1AF68178
1A361D75
1895F562
16757916
146510DE
1234BCD9
113434E7
12A4250A
14442119
1503E0F0
15D3F8D7
16A4D516
18B64975
1BE75DB8
1DC7F1D8
1F281DD6
2007E9D8
1F87B1E7
1EF771FA
1EE77E01
1F881DEF
20886DE2
206825EE
1F3819F2
1EC819D8
1F47C1D7
1FA78DF8
1F3799FF
1E37B5F6
1DD7B605
1DF7960D
1E7745F3
1E9715D7
1DF73DDB
1DC76DF9
1DE7B1FF
1E67FDF5
1F7805EE
2047D9E9
1FF7E1F0
1E8801E3
1BF7A1BA
1916A98D
15D5915E
1174BD24
0F1410E7
1043B0D9
1203E4F4
13244904
13F49518
1384B931
12745139
13548549
15B6017C
1846F9B6
1AF71DD3
1CF745DF
1E6745DE
1ED6E9DA
1E76C5D4
1ED701C8
1E96E9BC
1E26B9B1
1D566D9E
1BF5B983
1AD5656E
19657557
1835995C
17E5CD6E
18D5C569
19C5B579
1A05ED90
1996297B
17D60155
16E5A541
18F5BD58
1C768D9C
1ED75DD6
1F57CDED
1E8811F1
1E47DDF0
1E876DF5
1E1781FE
1EC7A1F8
1F47B1F5
1E07D201
1DD7ADFE
1EB7B9ED
1EB7CDDD
1E3785EB
1EA76A04
1F0799F5
1E5789E7
1F5755EE
213799F0
2007B9F7
1DD75A05
1DA73206
1E575DEF
1FD789DA
2147BDE6
1C073DEE
1B0719D0
1B4741CA
1C876DD6
1D6785D0
1D3781C6
1DE75DC9
1DE769BC
1BC761B1
1AA71DBC
1A06EDB7
18569D8D
1756555B
1715E12A
15C4D8E3
132434C8
118444E7
13847D00
1754C120
17C4A92C
1554550E
16149109
18C5A14C
1AD6DD9C
1CF78DC1
1DB7BDCB
1EF78DD0
205761D5
1F8759D9
1F2745E5
1F7781F6
20180DFA
21B82DF4
21D7CDF2
2007BDEE
1F37C1D4
2027C9C8
2057EDE4
1F07CE04
1E678A06
1E877601
1EF7BA00
1FF7CDEE
201795D5
1E978DCE
1DA7ADEB
1EF7ADF6
2007B9E5
2087B1D8
212785CC
20E7D9D0
201845E3
1EF805E2
1D3745BE
1A368594
1596016B
12752135
12640505
11E364E5
0F9330D1
0DE350CE
0D936CD3
0E2328EE
10735D15
1354B935
16959D5A
1AA59979
1D75FD88
1E86B99C
1E56F1AF
1D96C5BC
1DA6B9C6
1D1689B2
1C26359F
1B05DD8B
19E55174
1944F97F
17752577
15F56D66
16A5BD75
18E5F177
1A95DD70
1B45C97B
1A95E574
1885B157
1755714A
1835F96E
1B96E1B4
1E176DD9
1E37D5E3
1E9831F4
1EE811FC
1E878203
1EC72610
20A739FE
20D7B5EC
1E47DDFB
1D87B1F7
1E57DDDA
1EA7CDD0
1F4775ED
1FF77DF8
2017B1DE
205761E7
209719FC
20277DF1
1EF775F7
1D570218
1CF6FA28
1DB73A10
1E777DE9
1EE78DE1
1D17FA16
1C1789FA
1CA735EE
1D973DF8
1D4799F3
1CA7F9D7
1CC7FDD5
1D67BDE3
1CF76DE2
1B5725D2
1986CDBA
1636618B
12F5C136
1304C0E7
1423C0BD
136370C9
1283E905
15A4DD2E
1A45892F
19354926
1554D52A
1685394A
1A967192
1D075DD5
1EB79DE2
1F179DDC
1F5775E6
20177DF2
1F1789EC
1EC765E1
1EF791EA
1ED7C1EF
20A785F4
21773603
2046FA08
2056E601
20F76DED
2067F5DD
1F07CDEF
1E4755FE
1EF729F6
2097B9E7
21584DDE
209825E1
1E67C5F1
1D27BDF8
1ED7DDE1
1FB7D1D3
204785DC
215735D8
1FF78DD8
1E880DED
1E27D1FE
1D9781F8
1C9765DF
1A5731C8
18C695AA
17656565
14E43908
116380D7
0DD340CC
0CC32CC2
0D62F0DB
0E42E8FD
0F9388FA
11940504
15945925
1A357D3D
1CF6A964
1DC6F195
1D66CDBD
1CF6B5CC
1C269DB5
1AB62DA0
1915B987
18A5896D
18E54181
17753591
15957979
1615A16B
1845B571
1935E16A
1995F96B
1935D973
17F5796A
18957169
19F64190
1C0741CD
1E17BDF0
1E77FDF9
1F084E05
1FB83E05
1FA7A200
1FE7260B
209765F8
2067F9DD
1ED7F5E4
1E57D5ED
1F67F1E7
1FF78DE2
209721E7
20F78DE0
208811D8
2067A9F2
1FA74601
1F07A9E6
1F67B9E2
1ED74203
1E17061E
1DF73E24
1D87B204
1D67CDE0
1DB86E16
1DA7EE09
1F2751F6
1F9769EE
1E47FDEA
1D9845DD
1D4829E8
1D77C9FF
1D9775FA
1B9711D1
18D64D85
14459D37
0F549CE4
0F539CB1
12F37CDD
15B3F91F
1684DD56
1815D584
1A264173
19061552
1755B164
1955E98E
1D46D1C7
1F6771EE
1F3795E8
1ED7D1EC
1F380DF5
1FF7F600
1FC7AA05
1F776DEC
1F5791E4
1E979DED
1F3751FA
20571A07
20F6F20E
21170A16
203791FB
1FB7D1DB
1FA7B9E7
1F47A5F5
1FD781E9
2127BDD7
20C839DB
1EB835F7
1CE7CE16
1D378E11
1F17BDEB
1E77E9D8
1E77B5DB
200765E2
1DF7A5ED
1C17F1EB
1CF7A5EE
1DA78DFB
1E0789EF
1E5759E6
1E4755E8
1C46D1BB
1905A56C
1504B53B
1114491F
0EF3BCF7
0D1308E7
0BE2DCE7
0C2304D3
0C7328E2
0F640922
1585D15E
1B06F587
1D6709A6
1DD6EDC0
1D46DDC7
1BB6C1B8
1A7651AF
19B615A1
19362576
1935A567
1845417D
16857172
16A57D56
17657162
17259D75
1885D57B
1975D57D
18F5A97D
1A25DD95
1C26A5C3
1E1761EA
1F97CA00
1F77F60A
1EE81210
1F07F203
1F3785EC
1FD74DEA
1FF79DED
1F07F1E1
1E97E5D6
1F280DE6
203855FF
2077D5F9
202719DF
1F8761D8
1EA805E7
1E97C9F9
1F7769F7
2037B1D9
2027E9CD
1FE7A9EB
1FC751FB
1E7761FF
1DB7B9F8
1EC7D9D8
1C687E01
1DB7D20A
1FE769F7
2027A1E2
1EA809EB
1E4821F0
1EE7F1FD
1EA7C209
1D4771F0
1A46B9B0
17259D44
13A4B0ED
107430C5
10F438C2
1564C918
1A25B977
1B66BDA8
1AE731D1
1AF745C5
1A973DA1
1B06EDA5
1CE6D9B8
1EB72DD9
1F2775E6
1E577DD4
1E97B5E6
1FA80DFB
2077FA00
20B7AA01
202765ED
1FC7A1E9
1FC7D9F9
1FB77E04
201731F7
211739F3
20F79603
1FF7F5F2
1FB7EDED
1F27FA03
1E7835F4
1EC7F1CE
1FC7B1C9
1FF7EDE7
1E6829FB
1D27DE07
1E676213
20074E04
1EC799E8
1DE7CDD2
1EA7BDD4
1DC7D1EB
1D47E1E6
1E57C1DB
1EF799E9
1F1721ED
1FF6F5F1
20574E01
1EC73DF9
1C7699DA
19A611B7
16A5E180
13F52137
10C3E50B
0E1358FC
0CC344EF
0D335D0A
1044795D
151645AE
19A739CF
1C0751CD
1CB745D2
1C8739D6
1B3711CD
1AD6B5D0
1B468DC7
19F66991
1855C163
17652964
16B52166
18053D4E
18F5594F
1845697C
1A555998
1CA5898C
1C661187
1C36E1A9
1D6775DB
1F0769FA
1FD771FA
1F77DDFA
1EC7F601
1E6795F4
1DA759DF
1E476DD9
1FA7B1D8
1EA7D5DB
1DB7B1DB
1E97C5E8
1F582206
1F580DFD
1EE78DE4
1EF791E8
1E57F1F9
1DC7D1FB
1F7799EC
20C7E1CF
2097FDC5
207789E6
1F9731EE
1D9739E0
1DA771E5
1F97C1DD
1BF7EDF9
1D4745FE
1EC751E9
1E8779D9
1D7795E6
1D97D1EC
1E97F9F8
1F0811FA
1D77ADC8
1916A976
15256D1C
1334D0F2
12F53911
15460941
1976C17B
1DA76DB3
1E47DDD1
1D97D1EF
1E37A5ED
1E377DC7
1E676DB1
1F278DBC
1EB77DDE
1DE751E7
1E6725D1
1FC73DDB
203791F4
1FA7D601
1F27C1FC
1E678DE8
1E9805E1
1FF85DEE
2087CDFD
201745F1
1FE75DE2
1FA7B9E6
2007F9EE
2077FA04
1F07DE0F
1D5805EB
1CC801BD
1D57B5C1
1F07C5E6
1F980DEE
1EE7D5EF
1F677606
20278603
1F97BDE8
1E77E1D7
1DE7DDDC
1E47CDF3
1EC7BDE9
1E77D1CE
1EA7B1DC
1F5719F5
1FA715FB
1FF77208
1FD76207
1FB759EA
1EE75DD0
1C5765B8
1926FD93
1635E973
12C51961
10C4AD55
1234C56D
1525D9A6
180711D8
1AA791E8
1BD789E2
1BE765E4
1C5749E3
1C8705DB
1C26DDE8
1BE6EDEA
1A66A9BA
18462985
17558D7C
16D53D7B
1845395B
1A05294C
19355571
1A258D99
1D75B19F
1E767DA8
1DF7A1CD
1E17F5ED
1E4781FC
1E577DEB
1EA811E2
1E8831FA
1DD7BDF6
1CB77DDF
1C6795D6
1E07C5D2
1ED7C5D9
1E5789DF
1E3769ED
1DD77607
1DA7AE03
1E17DDF9
1FF7FDF4
20B811F9
1F37E600
1ED7C1F9
1F87DDE3
1FC7B1D3
1FD75DF0
1F474DF8
1D8749DE
1CD775E7
1DE7E5F7
1DD751F6
1E572DE7
1EB759CE
1D9739CB
1CB759D4
1D27F9D6
1DD849EE
1F0831EB
1E2799A3
19564949
15B55D1A
1555E12D
1716B97C
1A0751C5
1CC7E9DD
1E9819E0
1EA815E1
1EC7EDEE
200775F1
200739CB
1F1795B3
1F57E1D0
1EE791FB
1DB72DFC
1E8735DD
203779D0
2007A5DE
1EA7CDF6
1E07ADF8
1D0799D9
1D1841D3
1F9895FA
20D80215
20177607
1F677DE0
1ED799CA
1F279DE5
1FA7C200
1EC7A9F5
1D97A5DB
1D57E9C6
1E07CDCB
1F87BDE3
1FE805F1
1F4801F6
1F97DDFF
1FA80606
1F4821FD
1E8805EF
1DD7DDF6
1E37BE06
1F0791F2
1E8785CA
1E9791D4
1F974DF0
1F1769E8
1EF7C9ED
2017ADF8
2107ADE2
20B7E1CF
1E9825D0
1B8845D4
1937E1CF
177739C4
16B6ADC7
1836ADD3
1A673DDC
1BE7A1DC
1CE7B9D2
1D87A1D2
1D6759DE
1DB73DDE
1E76F9D4
1E16E1E4
1CA71DEB
1B36F9C8
1A66A5A5
19062D9C
1715A986
17456559
18450D5A
16D52976
1765E994
1C0661B5
1F4701BB
1F27DDD2
1DF7DDFA
1CF78E03
1C77ADE9
1D7805E5
1E283202
1D2811F5
1C67E9D8
1C37F1DA
1CD7FDE3
1E67ADE1
1EB761DE
1DA761ED
1CF765FC
1E078202
1F37C605
1FE7DDF4
2097D1F2
1FE7E1FC
1E97E204
1EA7BE04
1EC785E4
1DE779E7
1D87A5FC
1D47EDEE
1C9855F2
1D48AE00
1EB715F7
1F4739D8
201751C6
1F573DD2
1E57B1C8
1EA879C2
1F4861E8
1F979DE4
1D96BD92
1985893C
17C55D3C
19569979
1C4741C3
1E6769F6
1EE7CDF3
1E67F9D8
1DF839C8
1E3821DA
1F4789E8
1F2789DB
1E1809DB
1F481DF6
1FB79E17
1E27620E
1E27C9DD
1F381DC3
1F4809D3
1F67E9EE
1FA79DEB
1DF799C4
1D4819CE
20384213
21C7FE31
20D7C612
2057B1DC
200765C4
1F3735EF
1E27AE0C
1D27F1EE
1D27D1D2
1EE7F5CF
2107E1E4
21D7B5FB
2097FE06
1FC83608
20D82204
2057EE1A
1F67B621
1F77A601
1EE7A5F1
1E9771FA
1F7741F5
1F875DD0
1EB799D3
1EA779EF
1E4781D4
1F07FDCA
2017E1EC
20277A00
20278DED
1EE801D5
1C588DDA
1AE8ADDE
1AD845E0
1AA7BE02
1C17AA10
1EA7D1F6
1E87A5D5
1CC771C0
1D775DC5
1ED745D7
1E976DDA
1EC755DB
1EC70DEE
1D470DDE
1CB709CD
1D46FDC7
1AA6ADAA
1685D579
16954D3C
16E5454B
14D53184
15E5D1AA
1B86C1CC
200779B9
1F9811B2
1E67C9F0
1D978A14
1C37A1FB
1D37A1F7
1E27E203
1C6831DC
1B9845C5
1C1841E6
1C9801F8
1DF77DD9
1E9749CE
1D5785E3
1CA7C1E4
1F67A1F1
21B771FE
1FA769FE
1E178DFE
1E5819E9
1DC865EA
1DE82E07
1EE7D9E6
1CE755C6
1A7749EB
1B88320C
1CB90611
1DA941FF
