1F07C1ED
1F07B1E9
1EC7B1EF
1EB7C1F4
1EE7B9ED
1F17A9E6
1EE7B9ED
1E97CDF5
1EB7B5F0
1F07B1E9
1F07C5EC
1EB7C5F1
1E97A9F1
1EC7B9EE
1F07C5EA
1F07B1EB
1EC7A9F1
1EC7C1F4
1F17BDEE
1F17B1E8
1EE7B9EF
1E97CDF6
1EB7B5F0
1F07B1E8
1F07C5EC
1EC7C1F3
1EC7ADF0
1F07B9ED
1F37C9EB
1F07B9ED
1EC7ADF0
1EC7C1F1
1F17BDEB
1F17A5E7
1EC7B1EF
1E97CDF6
1EF7B5EF
1F37A5E7
1F17BDEC
1EC7C1F4
1EC7A9F1
1F07B1EB
1F07C5EC
1EC7B9EF
1E97A9F2
1EB7C5F1
1F07C5EC
1F07B1E9
1EC7B1EF
1EB7C1F4
1EE7B9ED
1F17A9E6
1EE7B9ED
1EB7C1F4
1EC7B1EF
1F07B1E9
1F07C5EC
1EB7C5F1
1E97A9F2
1EE7B9EF
1F47C1EC
1F17ADEB
1EC7A9F1
1EC7C1F4
1F17BDEC
1F37A5E7
1EE7B9EE
1E97CDF6
1EB7B5F0
1F07B1E8
1F07C5EC
1EC7C1F1
1EC7ADF0
1F07B9ED
1F37C9EB
1F07B9ED
1EC7ADF0
1EC7C1F3
1F07C5EC
1F07B1E6
1EE7A9E6
1EB7D5E2
1F977DD2
1F37C5B4
1FE751BE
1EA7C9B5
1F4739BF
1EF7B1B3
1FF75DC6
1ED7D1C8
1EF789E0
1EB7C5EE
1F07C5EA
1F07B1E8
1EC7B1EF
1EB7C1F4
1EE7B9ED
1F17A9E6
1EE7B9ED
1EB7C1F4
1EC7B1EF
1F07B1E9
1F07C5EC
1EB7C5F0
1E97A9F1
1EC7B9EF
1F07C5EC
1F07B1EB
1EC7A9F1
1EC7C1F4
1F17BDEE
1F07B1E8
1E07EDEB
1EC7C9E4
1F7791F3
1F079DFC
1E97C9EB
1EA7D5DE
1EB7C5EB
1EF7A1FB
1F47A1F2
1EC7C9E4
1E27EDE8
1EE7B1F4
1FB779F6
1ED7B5EE
1E17EDE7
1EC7C1E8
1FA785F5
1F17A1FB
1E87D1EC
1EB7D1E1
1F17ADF1
1F1799FF
1F27A1F2
1EB7D1E1
1E57E1E9
1F07A9F8
1FB785F5
1EE7C1EB
1E17F9E6
1EE7C1EB
1FB785F4
1F17A9F5
1E57E1E8
1EC7CDE1
1F27A1F2
1F1799FF
1F17ADF1
1EC7CDE1
1E87D1EC
1F17A1FB
1FA785F5
1EC7C1E8
1E17EDE8
1ED7B1F1
1FB779F8
1EC7B1F4
1E17EDE8
1EC7C9E4
1F7791F3
1F079DFC
1E97C9EB
1EA7D5DE
1E97C9EB
1F079DFC
1F7791F3
1EC7C9E4
1E17EDE8
1EC7B1F4
1FB779F8
1EE7B1F1
1E27EDE8
1EE7C1E8
1FA785F5
1F17A1FB
1E87D1EC
1EB7D1E1
1EE7B9EF
1EF7A1FE
1F27A1F2
1EC7CDE1
1E57E1E8
1F17A9F5
1FB785F4
1EE7C1EB
1E17F9E6
1EE7C1EB
1FB785F5
1E47A5F8
1CA7F1E7
1BA769E9
1967A1DF
1A36DDEB
1A26DDC1
1B16A99C
1BD651A5
1B767DA3
1C360DAB
1BB6819F
1C066DB3
1B46C5BD
1A6721DA
1C2735FB
1D37F5E3
1E37D5E0
1F47A1F0
1EF7A1FB
1EB7C5EB
1EA7D5DE
1E97C9EB
1F079DFC
1F7791F3
1EC7C9E4
1E17EDE7
1ED7B1F1
1FB779F6
1ED7B1F1
1E17EDE8
1EC7C1E8
1FA785F5
1F17A1FB
1EA7D1EC
1F27C5E2
1D87D1EC
1E67EDE3
1FE799F0
1F876DFD
1E77C5EC
1E2809DC
1EA7C1EC
1F876DFD
1FA7A1F0
1E67EDE3
1DA7D9EA
1F279DF4
206791F3
1EE7B9EE
1D77DDE8
1E97DDE7
202799F2
1F7779FC
1E27C9ED
1E4805DF
1F27B1F0
1FA76A00
1F67A9F1
1E4805DF
1DE7D1EB
1F6785F9
205795F2
1EC7D1E9
1D67E9E7
1EC7D1E9
205795F1
1F5791F6
1DE7D9E9
1E4805DF
1F67A9F1
1FA76A00
1F27B1EF
1E4805DE
1E37CDEB
1F7779FC
202799F2
1E97DDE7
1D77DDEA
1EF7ADF0
206789F5
1F07A1F4
1D77DDEA
1E67EDE3
1FE799F0
1F876DFD
1E77C5EC
1E0809DC
1E77C5EC
1F876DFD
1FE799F0
1E67EDE3
1D77DDEA
1F07A1F4
206789F5
1EF7ADF0
1D77DDEA
1E97DDE7
202799F2
1F7779FC
1E37CDEB
1E2805DE
1EE7B9EE
1F876E00
1F67A9F1
1E57F9E0
1DF7D5E9
1F5791F6
205795F1
1EC7D1E9
1D67E9E6
1EC7D1E8
20E771D4
1E3799B6
1D36C1B5
1A0689A6
16D635B2
174559C8
1575E5AD
16B585A7
1685E5A4
1705BDAD
1715E1AB
1765C1B0
16F601B4
17A5B1C6
16A651C5
1AE63DD4
1DA701D6
1D6809D4
1FA7A9E9
1F876DFD
1EB7BDEC
1E2809DC
1E77C5EC
1F876DFD
1FE799F0
1E67EDE3
1D77DDE8
1F07A1F3
206789F3
1EF7ADF0
1D77DDEA
1E97DDE7
202799F2
1F9779FC
1E67C9EB
1EE801DE
1E67D1EC
1EC7C1E8
1F47A1F0
1EF7A9F5
1EB7C5EB
1EC7C9E4
1EB7C5EB
1EF7A9F5
1F27A1F0
1EC7C1E8
1E67D5EA
1EE7B1F1
1F7791F3
1EF7B5EF
1E67D5EA
1EE7B9EB
1F679DF2
1F17A9F5
1EB7C5ED
1ED7C9E7
1F07B9F0
1F07A9F8
1F17ADF1
1EB7C9E7
1E87D1EC
1EE7B1F4
1F679DF2
1EE7C1EB
1E57E1E8
1EE7C1EB
1F67A1F0
1EE7B1F1
1E87D1EA
1EB7C9E7
1F17ADF1
1F07A9F8
1F07B9EE
1ED7C9E4
1EB7C5EB
1F17A9F5
1F679DF2
1EE7B9EB
1E67D5EA
1EF7B5EF
1F7791F3
1EE7B1F1
1E67D5EA
1EC7C1E8
1F47A1F0
1EF7A9F5
1EB7C5EB
1EC7C9E4
1EB7C5EB
1EF7A9F5
1F47A1F0
1EC7C1E8
1E67D5EA
1EE7B1F1
1F7791F3
1EF7B5EF
1E67D5EA
1EE7B9EB
1F679DF2
1F17A9F5
1EB7C5EB
1EC7C9E4
1EE7B9EE
1EF7A9F8
1F17ADF1
1EB7C9E7
1E87D1EA
1EE7B1F1
1F7795F1
1E77BDEB
1D97E9E6
1BB741F4
191755B7
19C64992
1A452D8D
18759166
17C5197C
17156581
16958D8A
16D5A594
1705C59A
1735C9A4
1775D1A7
1795D9AB
17D5DDAD
17F5D5B0
1805E1A7
1996119A
1B45F5CC
1CA709E3
1F27B1E3
1EF7A9F5
1EC7B9EC
1EC7C9E4
1EB7C5EB
1EF7A9F5
1F47A1F0
1EC7C1E8
1E67D5EA
1EE7B1F1
1F7791F3
1EF7B5EF
1E67D5EA
1EE7B9EB
1F679DF2
1F17A9F5
1EB7C5EB
1F07BDE5
1FA7A9EE
1F27A1F3
1E77C5EC
1E97E1E5
1F27B1ED
1F3795F5
1EE7B9ED
1E77E1E5
1E77C5EC
1F07A1F3
1F67A9EF
1EB7C5EB
1E37CDEB
1EE7B9EE
1FA7A1F1
1F27A1F3
1E77C5EC
1EC7D1E8
1F67A9EF
1F5791F7
1EE7B9EE
1E97DDE7
1EB7B9EE
1F3791F7
1F67A9F1
1EA7D1E9
1E37CDEB
1EF7ADF0
1FA7A1F1
1EF7ADF0
1E37CDEB
1EA7D1E9
1F67A9F1
1F3791F7
1EB7B9EE
1E97DDE7
1EE7B9EE
1F5791F6
1F67A9EF
1EC7D1E8
1E77C5EC
1F27A1F3
1FA7A1F0
1EE7B9ED
1E37CDEB
1ED7C5EC
1FA7A1F0
1F27A1F3
1E77C5EC
1E97E1E5
1F27B1ED
1F5791F6
1F27B1ED
1E97E1E5
1E77C5EC
1F27A1F3
1FA7A1F0
1ED7C5EC
1E37CDEB
1EE7B9ED
1FA7A1F0
1F27A1F3
1E77C5EC
1EC7D1E8
1F67A9EE
1F5791F4
1F07B1E8
1EA7E5D9
1F079DDD
1F47ADDA
1FE781D9
1EC7E1CC
1ED795CA
1E77D1BD
2096ADB7
1A2655A1
13A5FD94
1524E595
14252D81
15352975
15D5457D
16456985
16C5898E
16F5A997
1735C19F
1755D1A7
1785DDA9
17D5E9AC
1835E9AD
1825EDAF
1835F1AB
17A5F9A6
168639BA
1B469DC8
1F377DCF
1E77E1E5
1EF7B5ED
1F3795F5
1F27B1ED
1E97E1E5
1E77C5EC
1F27A1F3
1FA7A1F0
1ED7C5EC
1E37CDEB
1EE7B9ED
1FA7A1F0
1F27A1F3
1E77C5EC
1EA7D5E8
1F27B1EF
1EE795F5
20276DF2
1F1799FC
1E17EDE7
1E97DDDA
1F47A1F0
1F278E03
1F17ADEF
1E97DDDA
1E47E1E8
1F1799FC
1FE779F6
1EB7C9E7
1D9809E5
1EC7B9EE
201769F9
1EF7A1F8
1DE7F9E6
1EB7D9DD
1F9791F3
1F279202
1EB7C5ED
1E97E1DA
1E67D1EC
1F279202
1FB785F5
1EB7D1E1
1DB805E5
1EE7B1F4
203769FA
1EE7B1F4
1DB805E6
1EB7D1E4
1FB785F7
1F279202
1E67D1EC
1E97E1DA
1EB7C5ED
1F279202
1F9791F3
1EB7D9DD
1DE7F9E6
1EF7A1F8
20176DF7
1EC7BDEB
1D9809E3
1EC7C1E8
20176DF7
1F1799FC
1E17EDE7
1E97DDDA
1F47A1F0
1F478A03
1F47A1F0
1E97DDDA
1E17EDE7
1F1799FC
20176DF7
1EC7C1E8
1D9809E3
1EC7BDEB
20176DF7
1EF7A1F8
1DE7F9E6
1E37D9DE
1E779DF1
1E576604
1DC7A1E3
1E1789C9
1E5749D2
1DF729D7
1E26D1D2
1BC709BF
19474DAC
1A1629B8
1AE5458F
17F57D4C
15B4E569
15350D73
14D52D74
15854177
1605597F
16757987
17058D92
1735B19B
1775C9A2
17B5D5AB
17F5E9AC
1825F5AD
1865F5AE
1865FDAF
185601AF
1805FDAF
17D5F1B2
1BB6B1A1
1E47F9AD
1E87DDDA
1F17ADEF
1F278E03
1F47A1F0
1E97DDDA
1E17EDE7
1F1799FC
20176DF7
1EC7C1E8
1D9809E3
1EC7BDEB
20176DF7
1EF7A1F8
1DE7F9E6
1E97D9DD
1F679DF2
1EB7A600
1FD7A5EE
1F3791F7
1E37CDEB
1E67EDE3
1F37ADEF
1F7779FB
1F27B1EF
1E87EDE3
1E67C9EB
1F5791F7
1FE7A1F1
1EA7D1E9
1DB7D5EB
1EC7B9EE
1FE799F2
1F07A1F4
1DE7D1EB
1E67EDE4
1F67A9EF
1F4785F9
1EA7C1ED
1E37F9E1
1E67C1ED
1F4785F9
1FA7A1F1
1E97DDE7
1DE7D1EB
1F17A9F2
201795F3
1F17A9F2
1DE7D1EB
1EA7D5E8
1FA7A1F1
1F4785F9
1E67C1ED
1E37F9E1
1EA7C1ED
1F4785F9
1F67A9EF
1E67EDE4
1DE7D1EB
1F07A1F4
1FE7A1F1
1EB7C5EB
1DB7DDE9
1EA7D1E9
1FE7A1F1
1F3791F7
1E37CDEB
1E67EDE3
1F37ADEF
1F7779FB
1F37ADEF
1E67EDE3
1E37CDEB
1F3791F7
1FE7A1F1
1EA7D1E9
1DB7DDE9
1EB7C5EB
1FE7A1F0
1F07A1F3
1E27B9E4
1D87E9D5
1E0761E0
1E36F5EA
1D4725E0
1D1739DA
1D7701D4
1C36F9CA
1C065DC0
18E629AD
1625ADA1
160475A6
12C5117F
14050966
14E5156E
15053575
15454578
15D5557C
16456D84
1695958C
1715AD95
1745CD9C
1795DDA3
17F5E9AC
1855F9AD
18560DAE
189609AE
187615AE
187619AF
184621B0
18361DB1
1CE615B1
1EE769BF
1E37EDE2
1F27B1EF
1F7779FB
1F37ADEF
1E67EDE3
1E37CDEB
1F3791F7
1FE799F2
1EB7C9EA
1DB7D5E9
1EB7C5EB
1FE7A1F1
1F07A1F4
1DE7D1EB
1E67EDE4
1F67B1EF
1EF789F9
1EB7C5EE
1ED7BDED
1F07B9F0
1EE7B1F1
1EE7B9EE
1EE7B9EB
1EE7B9EE
1EE7B1F1
1F07B9F0
1ED7BDED
1ED7C5ED
1EE7B9EE
1F17ADEF
1EE7B9EE
1EB7C5ED
1EC7B9EE
1EF7ADF0
1ED7B1F1
1EC7B9EE
1EC7BDEB
1EE7B9EE
1EE7B1F1
1EE7B9EE
1EC7BDEB
1EC7B9EE
1EE7B1F1
1F17ADF1
1EE7B9EE
1EB7C5ED
1EE7B9EE
1F17ADEF
1EF7B5EF
1EC7B9EC
1EC7BDEB
1EE7B9EE
1EE7B1F1
1EE7B9EE
1EC7BDEB
1EC7B9EE
1ED7B1F1
1EF7ADF0
1EC7B9EE
1EB7C5ED
1EE7B9EE
1F17ADEF
1EE7B9EE
1EB7C5ED
1EC7C1ED
1EE7B9EF
1EE7B1F1
1EE7B9EE
1EE7B9EB
1EE7B9EE
1EE7B1F1
1EE7B9EF
1EC7C1ED
1EB7C5ED
1EE7B9EE
1F17ADEF
1EC7B9EE
1E97C9EB
1E5789F0
1DF775E5
1D377DD8
1D3715D3
1B96A5CE
1876E5DB
169655FB
12E6FDD4
171649CA
1B559DB4
18454599
15E49D88
1514D562
13E50969
14651D72
15053575
15354D79
1585617C
16056981
16558589
16B59D92
1705BD98
1765D5A0
17C5EDA6
1815F9AD
18760DAE
187615B0
18861DAF
18A629AE
18C631B0
18762DB3
18661DB5
1C26C9A4
1EF7C9BD
1ED7B1F1
1EE7B9EE
1EE7B9EB
1EE7B9EE
1EE7B1F1
1F07B9F0
1ED7BDED
1EB7C5ED
1EF7B5EF
1F17ADEF
1EE7B9EE
1EB7C5ED
1EC7B9EE
1EF7ADF0
1EE7B1F1
1EE7B9EE
1EE7B9EB
1DB7CDEE
1E87EDE4
1FE7A1F1
1F9779FC
1EA7C1EC
1E4805DE
1EA7C1EC
1F7779FC
1F97A5F1
1E87EDE4
1DE7D9EA
1F479DF3
206791F3
1F07B9EE
1DB7DDE9
1E97DDE7
1FE799F2
1F4785FB
1E27C9ED
1E57F9E0
1F27B1EF
1FA76DFE
1F67A9EF
1E57F9E0
1DE7D1EB
1F3791F8
202799F2
1EB7C9EA
1D77DDE8
1EB7C9EA
202799F1
1F3795F5
1DF7D5E9
1E57F9E0
1F67A9EF
1FA76DFE
1F27B1EF
1E57F9E0
1E27C9ED
1F4785FB
1FE799F2
1E97DDE7
1DA7D9EA
1F17ADF1
206791F3
1F27A1F3
1DA7D9EA
1E67EDE4
1FA7A1F1
1F7779FC
1EA7C1EC
1E4805DE
1EA7C1EC
1F7779FC
1FA7A1F1
1E67EDE4
1DA7D9EA
1F27A1F3
206791F1
1EF7ADEE
1E0789EF
1DE759F2
1D4779DE
1C0795CD
1EA5C1A5
1AC5D153
1755098A
128491BC
09D65DAD
11E59DD5
1A5505AC
1744B581
1324DD66
14150549
15051148
15155142
15B54149
15B57D4A
16456162
16657D74
16C57D80
16F59D89
1745AD96
1785DD9F
17F5F5A6
182619AD
18A619B0
18961DB2
18762DB2
18C639B2
192641B3
18A64DB4
17E66DBD
1C0705BA
204769D6
1F7779FC
1EA7C1EC
1E4805DE
1EA7C1EC
1F9779FC
1FE7A1F1
1E87EDE4
1DA7D9EA
1F27A1F3
206791F3
1F17ADF1
1DA7D9EA
1E97DDE7
1FE799F2
1F6785FB
1E67C1ED
1EE7F5E0
1DC7F9EA
1EB7D1E1
1FB785F4
1F4791FF
1EA7D1EA
1EA7E1DA
1EB7C5EB
1F2795FF
1F9791F3
1EB7D1E1
1DF7F9E6
1F17A9F5
203769F7
1EF7B5EF
1DC7FDE4
1EC7C9E4
1FD779F6
1EF799FF
1E37E1EB
1E97D9DD
1F17ADF1
1F478A03
1F679DF2
1EB7D9DD
1E17EDE8
1F17A1FB
200779F6
1EC7C1E8
1D9809E2
1EC7C1E8
200779F5
1F17A1F8
1E17EDE7
1EB7D9DD
1F679DF2
1F478A03
1F17ADF1
1E97D9DD
1E37E1EB
1EF799FF
1FD779F6
1EC7C9E4
1DC7F9E6
1EE7B1F1
203769F9
1EF7A9F5
1DC7F9E6
1EA7D1E1
1FA785F4
1F2795FF
1EA7D1EA
1EA7E5D9
1EA7D1EA
1F2795FF
1FA785F4
1EA7D1E1
1DC7F9E6
1EF7A9F5
20176DF6
1E7769F3
1CE759F2
1A772DF4
1707B9D5
1A34DE03
1CF2E59C
1C83ECF0
1E52A544
1655A938
10D72961
14A549D4
1794A1A0
1754A95D
16A4B94B
1794DD37
18D4D92C
18E5091C
1984E127
18F51D28
1875254C
17852D6F
16756579
16B57585
16E58D95
1785BDA2
1825FDA7
185619AF
18A631B0
18C62DB3
18C639B5
18F645B6
192651B7
197639BA
19B611D5
1C1725D3
1FA799E3
1F2795FF
1EB7C5EB
1EA7E1DA
1EA7D1EA
1F4791FF
1FB785F4
1EA7D1E1
1D97FDE6
1EB791F7
1F9771F9
1E97B5F1
1DC7F9E6
1EC7C9E4
1FD779F6
1F1799FF
1E67D1EC
1F17C9DE
1E77BDEE
1EB7C9EA
1F37ADEF
1F27A1F3
1EE7B9EE
1EC7D1E9
1EE7B9EE
1F27A1F3
1F27B1EF
1ED7C5EC
1EA7C1ED
1F17ADF1
1F67A9EF
1EE7B9EE
1E77C5EC
1EB7C5EB
1F27B1EF
1EF7ADF2
1EA7C1ED
1EA7D1E9
1EF7B5EF
1F27A1F3
1F27B1EF
1EC7D1E9
1EA7C1ED
1F17A9F2
1F67A9EF
1EE7B9ED
1E77C5EC
1EE7B9ED
1F67A9EF
1F17ADF1
1EA7C1EC
1EC7D1E9
1F27B1EF
1F27A1F3
1EF7B5EF
1EA7D1E9
1EA7C1ED
1EF7ADF2
1F27B1EF
1EB7C5EB
1E67C1ED
1EE7B9EF
1F67A9F1
1EF7ADF0
1E77C5EC
1EB7C9EA
1F37ADEF
1F27A1F3
1EE7B9EE
1EC7D1E9
1EE7B9EE
1F27A1F3
1F37ADEF
1EB7C9EA
1E77C5EC
1ED7ADF0
1FA775E8
1DF739E1
1D267DE0
18767DD1
178479CC
19C1DDD3
145389A6
199339A4
1A95616B
16E7F529
1B85D53F
19947147
1474F11B
17D4A8FD
1A14F4EC
1B2504E2
1C3514DA
1C5520D4
1C9514DA
1C04FCE2
1AE520F1
1954F508
16B5551F
16C5713A
16759974
179589B3
1845FDB1
185631B6
18C635B6
18E641B7
191641B8
192651B8
198641B5
1A6629B3
1976EDCA
1B47D9DC
1F37B1E8
1F27A1F3
1EE7B9EE
1EC7D1E9
1EE7B9EE
1F27A1F3
1F37ADEF
1E87C9EA
1F276DB5
1F778977
20A6A5B1
1E77D9BC
1E87D1D3
1EB7C5EB
1F27B1EF
1EF7ADF2
1EA7C1ED
1ED7D1E9
1F9795F0
1EF7A9F5
1E67D5EA
1EC7C9E4
1F37A9F1
1F1799FC
1F17ADF1
1EC7C9E4
1E87D1EC
1F07A9F8
1F8791F4
1EC7C1EB
1E17EDE8
1EC7B9EE
1F8791F4
1EE7B1F4
1E37E1E9
1EC7C9E4
1F47A1F0
1EF7A1F8
1EC7B9EC
1EB7D1E1
1EB7C5EB
1F17A1F8
1F679DF2
1EB7C9E7
1E37E1E9
1EF7ADF2
1FB785F5
1EF7ADF2
1E37E1E9
1EC7C1E8
1F679DF2
1F17A1F8
1EB7C5EB
1EB7D1E1
1EC7B9EC
1EF7A1F8
1F47A1F0
1EC7C9E4
1E37E1E9
1EE7B1F4
1F8791F4
1EC7C1ED
1E17EDE8
1EC7C1EB
1F9791F3
1EF7A9F5
1E67D5EA
1EC7C9E4
1F37A9F1
1F3799FC
1F37A9F1
1EC7C9E4
1E67D5EA
1EF7A9F5
1F9791F3
1CE7B5EC
1AC7B9D7
18264DE2
14E559DA
16A3F5D9
1A71A1B9
19F44925
1A855192
1925BE0D
16A7E197
1A062979
1E145126
1C852896
1B05608F
1C35B084
1E856C88
1E35CC7E
1F256887
1E15B481
1DC57C8A
1D35708F
1C75848D
1AA57C8F
18856CC0
18F574EE
18A5B952
1875D9B8
18C635B6
18E63DBD
192645BC
193649BB
19664DBB
193645BC
195635B4
1B36DD9A
1CB769C6
1D5795FA
1E87D1EC
1EC7C9E4
1F17ADF1
1F1799FC
1F37A9F1
1EC7C9E4
1E67D5EA
1B874DFF
1A06A18E
1A55CD20
1A642994
1C7619B4
1F67A5C2
1EB7ADF5
1E37E1E9
1E97D1E4
1F17ADEF
1EB7B1F7
20579DEF
1F6785F9
1DE7D1EB
1E4805DE
1F67A9EF
1FB76201
1F37ADEF
1E4805DE
1E27D1EB
1F6785FB
202799F2
1E87D5E7
1D37E5E8
1EC7B9EE
206791F4
1F3791F7
1DA7D9EA
1E57F9E0
1FA7A1F0
1F876DFE
1EB7BDEC
1E1811DB
1E67C9EB
1F876DFE
1FE799F2
1E67EDE3
1D77DDE8
1F27A1F3
20A789F5
1F27A1F3
1D77DDEA
1E77E1E5
1FE799F2
1F876DFD
1E67C9EB
1E1811DB
1EB7BDEC
1F876DFE
1FA7A1F0
1E57F9E0
1DA7D9EA
1F3791F7
206791F4
1EB7C5ED
1D37E5E8
1EA7D5E8
205795F2
1F6785F9
1DE7D1EB
1E4805DE
1F67A9EF
1FD75E01
1F67A9EF
1E4805DE
1DF7D5E9
1F6785F8
207789EB
1AB7FDD7
19B5D1EC
1344F1E4
0CA419EF
12A26E0A
1174F1BE
17074575
2176A580
1C27AD6A
1B666147
1D84E528
1BD55D0B
1DA5B4F1
1EB644F5
1E86CCFB
1FE68CFD
1EE6D8F6
1F0680FF
1DE65506
1D2620E0
1E2574C4
1D959CAC
1BA5A497
1A4514CC
1B8500F5
1B558D32
19D6516A
19E65195
199649C1
198651BF
198661BE
19E64DAA
19766594
19663D80
1C47AD47
22C691A3
1FA791D0
1E47D9D5
1E4805DE
1F37ADEF
1FB76201
1F67A9EF
1E4805DE
1ED79DAA
1867A170
15A5A93A
14645CF5
0DD50D5D
1974ADD7
2156C1D6
1EC795F7
1DA7D9EA
1E37F9E0
1F67A9EF
1EE771FE
1FA789F1
1EF7A9F8
1E57E1E9
1EB7D1E1
1F37ADEF
1F1799FC
1F17ADEF
1EC7CDE1
1E87D1EA
1F07A9F8
1F9791F3
1EC7C1E8
1E17EDE7
1EC7B9EE
1FA785F5
1EF7A9F5
1E37E1E9
1EC7C9E4
1F47A1F2
1EF7A1FB
1EC7B9EE
1EB7D1E1
1EA7D1EC
1F17A1FB
1F7791F3
1EC7C9E4
1E27EDE7
1EE7B1F1
1FB785F5
1EE7B1F1
1E27EDE8
1EC7C1E8
1F7791F3
1F17A1F8
1EA7D1EA
1EB7D1E1
1EC7B9EE
1F079DFC
1F47A1F2
1EC7C9E4
1E37E1E9
1EF7A9F5
1FA785F5
1EC7B9EE
1E17EDE7
1EC7C1E8
1F9791F3
1EF7A9F8
1E57E1E9
1EB7D1E1
1F37ADEF
1F3799FC
1F37ADEF
1EB7D1E1
1E57E1E8
1DA7A5F6
1D3779E6
17058603
11F31A16
14A3C9DE
1A527606
17C525D4
14F7D1CA
1816F211
1A975D81
1CB65D12
1EE500F4
1E860C9F
1E5644F3
1E46A143
1E076958
1E372984
1E175D7D
1E87257F
1DE7817B
1DE6F98B
1D97352C
1E9650E6
1E65E4C7
1DA550AB
1D6420E6
1D24D0F6
1D354515
1B95E931
19B68173
17E665C5
169675C2
143609CB
10968598
10C4C197
0D550D6E
10C4B151
12A4B59E
18F5F9CE
1E67EDBE
1EA7CDE1
1F17ADEF
1F1799FC
1F37ADEF
1A97A5E6
1727916A
15F5551F
12F3ECF9
1664FC96
18D58927
1C0661B0
1F67A5C3
1EB7ADF5
1E37E1E9
1EA7CDE4
1F27A1F2
1EA7ADFA
1E77BDEE
1EB7C5EB
1F27B1EF
1F27A1F2
1EE7B9ED
1EC7D1E9
1EE7B9ED
1F27A1F2
1F27B1EF
1ED7C5EC
1EA7C1EC
1F17ADEF
1F67A9EF
1EE7B9EE
1E77C5EC
1EB7C5EB
1F27B1EF
1EF7ADF2
1EA7C1ED
1EA7D1EA
1EF7B5EF
1F27A1F3
1F17B9EE
1EC7D1EB
1EA7C1ED
1F17ADF1
1F67B1EF
1EE7B9ED
1E77C5EC
1EE7B9ED
1F67B1EF
1F17ADF1
1EA7C1EC
1EC7D1E9
1F17B9EE
1F27A1F3
1EF7B5EF
1EB7C5EB
1EB7B9EE
1EF7ADF2
1F27B1EF
1EB7C5EB
1E67C1ED
1EE7B9EF
1F67A9EF
1EF7ADEF
1E77C5EC
1EB7C5EB
1F27B1EF
1F27A1F2
1EE7B9ED
1EC7D1E9
1EE7B9ED
1F27A1F2
1F37ADEE
1C07D5EA
1B8691E7
12B39212
0234D9FE
12445E09
200551DF
1D37C997
20C6A194
1C26657E
1826093E
1CA5090C
1CB63106
1DA72D05
2076FD34
1FC77158
20276D6A
1F37897A
1F473D73
1FC74964
2027516F
1FB77179
20B71D40
2006A10E
1F8610DA
1F0574A7
1D8504BD
1E8500C9
1EB554D9
1D6584ED
1AD6054D
16768DAE
1645B55D
113570FF
0E43ACFD
0C717906
053240EB
06E154F7
03432905
1404351E
22E5F177
1EF7B1D6
1F07BDE0
1EC7D1E9
1FA7A1AF
16E7E16F
14150138
15021102
0B247118
1745054F
22363D88
1EA7D9BE
1E87D1D4
1EB7C5EB
1F27B1EF
1EF7ADF2
1EB7B9EE
1ED7D1EB
1DC7F9EA
1EB7D1E1
1FB785F4
1F4791FF
1EA7D1EA
1EA7E1DA
1EB7C5EB
1F2795FF
1F9791F3
1EB7D1E1
1DF7F9E6
1F17A9F5
203769F7
1EF7B5EF
1DC7FDE4
1EC7C9E4
1FD779F6
1EF799FF
1E37E1EB
1E97D9DD
1F17ADF1
1F478A03
1F679DF2
1EB7D9DD
1E17EDE8
1F17A1FB
200779F6
1EC7C1E8
1D9809E2
1EC7C1E8
200779F5
1F17A1F8
1E17EDE7
1EB7D9DD
1F679DF2
1F478A03
1F17ADF1
1E97D9DD
1E37E1EB
1EF799FF
1FD779F6
1EC7C9E4
1DC7F9E6
1EE7B1F1
203769F9
1EF7A9F5
1DC7F9E6
1EA7D1E1
1FA785F4
1F2795FF
1EA7D1EA
1EA7E5D9
1EA7D1EA
1EE795FF
1F3789F4
1CF789E8
1AB7B5BA
16A659B0
0FC641E5
14861E17
1707C1C6
1A462DC0
1CC56165
1C7570F6
1C94D4F7
1D564CC9
1DA76917
1E073983
1EB75581
1F174D83
1F377D7C
1E773580
1E36C971
1EA6E156
1E672D64
1E475D74
1ED7714E
1ED6B13C
1E7668EA
1E75C8A0
1D45749F
1E255899
1E25BC96
1DA5BC9C
1C659527
1AA531B9
1CA44904
16039C4E
1171005E
0C719025
09E0744F
0801284E
07810C71
0E130860
12655D16
177581FE
1A67F1CF
1717C1DF
1467E56D
13356138
13125109
15346862
16954928
1AB629ED
1FE779E1
1EB7B5F1
1DC7F9E6
1EC7C9E4
1FD779F6
1F1799FF
1E67D1EC
1F17C9DE
1DB7CDEE
1E87EDE4
1FE7A1F1
1F9779FC
1EA7C1EC
1E4805DE
1EA7C1EC
1F7779FC
1FA7A1F0
1E97E1E4
1DF7D5E9
1F479DF3
206791F3
1F07B9EE
1DB7DDE9
1E97DDE7
1FE799F2
1F4785FB
1E27C9ED
1E57F9E0
1F27B1EF
1FA76DFE
1F67A9EF
1E57F9E0
1DF7CDEB
1F4785F8
202791F3
1EB7C9EA
1D77DDE8
1EB7C9EA
202799F1
1F3795F5
1DF7D5E9
1E57F9E0
1F67A9EF
1FA76DFE
1F27B1EF
1E57F9E0
1E27C9ED
1F4785FB
1FE799F2
1E97DDE7
1DA7D9EA
1F17ADF1
206791F3
1F27A1F3
1DA7D9EA
1E67EDE4
1FA7A1F1
1F7779FC
1EA7C1EC
1E4805DE
1EC7BDE3
1F2789E7
1F8751E8
1E1729E9
1C7751BB
1D279D89
204639AD
1A16ADAA
16E5DD68
19446134
17C4C523
1B548D1E
1BD5ED1D
1D17651A
20C75D44
1F377D6D
1EF71D67
1F372D56
1FC6ED64
1D971D68
1CA6AD64
1DF62962
1D16C163
1C878562
1E66FD65
1E36716A
1EF5D909
1EB5A49F
1F14B897
1EC5306F
1E557C84
1DD5A49C
1D5588F1
1D055149
1EB48931
1622693D
0A4298C9
08928457
06E1D071
06D14488
05817C87
08908CA2
0572B8D9
1402154E
1C754139
10480136
0D35F537
0E334546
07C4AD24
133694EF
20F67571
1F07ADDA
206795E7
1F17ADF1
1DA7D9EA
1E97DDE7
1FE799F2
1F6785FB
1E67C1ED
1EE7F5E0
1EB7C5EE
1ED7BDED
1F07B9F0
1EE7B1F1
1EE7B9EE
1EE7B9EB
1EE7B9EE
1EE7B1F1
1F07B9EE
1EE7B9EB
1ED7C5EC
1EE7B9EE
1F17ADEF
1EE7B9EE
1EB7C5ED
1EC7B9EE
1EF7ADF0
1ED7B1F1
1EC7B9EE
1EC7BDEB
1EE7B9EE
1EE7B1F1
1EE7B9EE
1EC7BDEB
1EC7B9EC
1EF7B5EF
1F17ADEF
1EE7B9EE
1EB7C5ED
1EE7B9EE
1F17ADEF
1EF7B5EF
1EC7B9EC
1EC7BDEB
1EE7B9EE
1EE7B1F1
1EE7B9EE
1EC7BDEB
1EC7B9EE
1ED7B1F1
1EF7ADF0
1EC7B9EE
1EB7C5ED
1EE7B9EE
1F17ADEF
1EE7B9EE
1EB7C5ED
1EC7C1ED
1EE7B9EF
1E87B5F1
1E27C1EE
1D7785F0
1C47A5DD
1C2741D6
1B3741DC
1A66B1EF
18B6F5BE
1A5665A0
1CC5698F
1A157168
1A445500
16548C7A
10D4ACD6
17556D1F
1D06CD48
1E172D89
20177D6F
1F073564
1F066D57
1DF68935
1D562D51
1A35C56F
14F6D154
1B35C166
1F260D69
1EA6D562
1FE6997B
1C86219A
1B95092F
1DA43CBC
208298AF
1F845455
1EE5646E
1E7568A0
1E0590BA
1DD620CA
1CF6A535
1934C9D9
1713753D
11C3A880
0D02A49D
0AD27CA6
0812D089
0BF1D888
0EB19075
13F36C2E
1AA3E087
174488DE
16B3F0FE
12A4F8F9
0F254D60
1485FDBC
19277DC5
1BB751F6
1DB7B9ED
1E37B5EF
1EB7C5ED
1EC7B9EE
1EF7ADF0
1EE7B1F1
1EE7B9EE
1EE7B9EB
1FD7A5EE
1F3791F7
1E37CDEB
1E67EDE3
1F37ADEF
1F7779FC
1F27B1EF
1E87EDE3
1E67C9EB
1F5791F6
1FE7A1F0
1EA7D1E9
1DA7D9EA
1EC7B9EE
1FE799F2
1F07A1F4
1DE7D1EB
1E67EDE4
1F67A9EF
1F4785F9
1EA7C1EC
1E37F9E0
1E77C5EC
1F4785F9
1FA7A1F0
1E97E1E5
1DE7D1EB
1F17A9F2
201795F3
1F17A9F2
1DE7D1EB
1EA7D5E8
1FA7A1F1
1F4785F9
1E77C5EC
1E37F9E0
1EA7C1EC
1F4785F9
1F67A9EF
1E67EDE4
1DE7D1EB
1F07A1F4
1FE7A1F1
1EB7C5EB
1DB7DDE9
1EA7D1E9
1FE7A1F0
1F3795F4
1E97A9D6
1DD80DB2
1F5711C0
1D66EDBD
1B96BDBA
1A1691B6
18A659BD
18459DD1
161615AC
16F5A99C
1755A168
17958136
1924E8D4
1353FC7D
09B46CC0
14A5E8E4
20E6912F
1F278D78
20176D72
1DD7696C
1D16C944
1C16391A
1CB46551
1983117E
11549D72
1B03ED95
2015E57E
1EF7057F
2066C18A
1946ED8F
15759166
1AC34150
1AA410F7
1EF39CBA
1F94E0AB
1F251CB3
1D65CCF7
1DF63941
1DC71D7E
1CB7B1C5
2175B991
18E53D41
0F64DD45
0F02E96A
0A03E912
0FF238F6
11232CBD
1045206F
13B3ECF1
1A71E587
1924F15B
1596CD4D
1775BD57
18856952
16A66189
1986A9CF
1D06F1CE
1DC7C9C2
205779DF
1F07A1F3
1DE7D1EB
1E67EDE4
1F67B1EF
1EF789F9
20276DF2
1F1799FC
1E17EDE7
1E97DDDA
1F47A1F2
1F278A06
1F17ADF1
1E97DDDA
1E47E1E8
1F1799FC
1FE779F6
1EB7C9E7
1D8811E4
1EC7B9EE
201769F9
1EF7A1F8
1DE7F9E6
1EB7D9DD
1F9791F3
1F279202
1EB7C5EB
1E97E1D7
1E67D5EA
1F279202
1FB785F5
1EB7D1E1
1DB805E5
1EF7A9F5
20475DFB
1EF7A9F5
1DB805E6
1EC7C9E4
1FB785F7
1F279202
1E67D5EA
1E97E1D7
1EB7C5EB
1F279202
1F9791F3
1EB7D9DD
1DE7F9E6
1EF7A1F8
20176DF7
1EC7C1EB
1D8815E2
1E07C9E7
1E877DF4
1CC72E01
1A977DC2
1BC6E196
1D95C5A3
1BC6358D
1B55CD97
19E61191
1945D596
18F5CD95
18A5D58B
18E5C982
19C5B142
17161CF6
15163C99
1323947B
0E21FCDA
158494D2
1D26D10F
1E16E97F
1F476D75
1EB7357D
1EF6FD34
1F958D06
2331F95F
1E13C13E
1BF39572
1D854579
1F66D97C
1F76D9A4
2016D59D
1CB6C199
19E66D93
1B55A595
1AD66D29
1D9538EA
1D1590CC
1ED5C8B0
1EF62532
1DA6F9AA
1CE805C0
1DA7A5F6
1E9779F7
19E70DFF
128855CF
139665E7
10E72569
1514F52D
1723BD1E
181528D2
1BE43552
1B653DA7
19A7499C
18A685D2
1935AD5E
1825F4D0
15F5BD42
1845BDAD
1B75C1B9
1B969DB3
1C3711D6
1D0761FC
1DE7F9E4
1E97D9DD
1F679DF2
1EB7A600
1FA7A9EE
1F27A1F3
1E77C5EC
1E97E1E5
1F27B1EF
1F3791F7
1EF7B5EF
1E77E1E6
1E77C5EC
1F07A1F3
1F67A9EF
1EB7C5EB
1E37CDEB
1EE7B9EE
1FA7A1F1
1F27A1F3
1E77C5EC
1EC7D1E8
1F67A9EF
1F5791F7
1EE7B9EE
1E97E1E5
1EB7B9EE
1F3791F7
1F67A9F1
1EA7D1E9
1E37CDEB
1EF7ADF0
1FA7A1F1
1EF7ADF0
1E37CDEB
1EB7C9EA
1F67A9F1
1F3791F7
1EB7B9EE
1E97E1E5
1EE7B9EE
1F5791F7
1F67A9EF
1EC7D1E8
1E77C5EC
1F27A1F3
1FA7A1F0
1EE7B9ED
1E47CDDA
1D77D9CA
1E46E5D6
1B7671D8
17B6A5BB
18C609AE
189615A3
1876219A
1896059D
1875F59E
1865F193
1975E589
1A361D6C
1A962D54
1B266CFB
16071C9A
173400AB
1531C8A9
0D629CA6
1633949C
1CA574DD
1DC64139
20B68936
1FC7612A
2196C12A
1F669D20
1F15414F
1EE60D4C
2085B17B
1FA6A58C
2046D1A0
1FE6D9BA
1FC6E1B5
1FA6C9B3
1F86B9AC
1EC6DDA1
1FF64D46
1F7550F5
1B95D4D9
1F45F4C4
20D68D3A
1DF7F99F
1EA7D1C8
1F17ADF1
1FA7A1F0
1EE7B9EE
1E47C5E2
1D47DDD6
1EF6D593
1C76BD3C
19B64554
1C27114D
20967D91
1DD7DDAB
1EB759CC
1B46EDEC
19066D9B
16B5F94A
13A5696E
16A5058C
17D5A1A2
18C5A9C6
17C6D1D6
1B6701FD
1EC791EE
1EA7D5E8
1F27B1EF
1EE795F7
1E67D1EC
1EC7C1E8
1F47A1F0
1EF7A9F5
1EB7C5EB
1EC7C9E4
1EC7B9EE
1EF7A9F8
1F17ADF1
1EC7C1E8
1E67D5EA
1EE7B1F1
1F7791F3
1EF7B5EF
1E67D5EA
1EE7B9EB
1F679DF2
1F17A9F5
1EB7C5ED
1ED7C9E7
1F07B9F0
1F07A9F8
1F17ADF1
1EB7C9E7
1E87D1EC
1EE7B1F4
1F679DF2
1EE7C1EB
1E57E1E8
1EE7C1EB
1F67A1F0
1EE7B1F1
1E87D1EA
1EC7C1E8
1F17ADF1
1F07A9F8
1F07B9F0
1ED7C9E7
1EB7C5ED
1F17A9F5
1F679DF2
1EE7B9EB
1E67D5EA
1E57B5EF
1E77A5D2
1D86E1C5
1CC5F9C2
1A9651A1
18C655A6
18C631AD
189639A7
18A629A3
18A619A4
1865F5A8
17E61990
1956217A
1A269D4A
1956E520
19670CB9
17F43098
16610CCF
10D248A3
0D427C85
1663A84C
1D955C8D
1DE5CCED
20A55101
1F7634F6
1F066925
1E565D5A
1DD64574
1EA68185
1F46D19D
1F76DDBA
1FC6FDC2
1EF709CC
1E6719C9
1EB6F9CB
1EB719C7
1D56FDC8
1C970952
1EB5C8F8
1D3624E4
1E5620D7
1DB67150
1DD6CDC7
1DF7B5CF
1E17BDEB
1E67D5EA
1ED7B5EE
1F5795F1
19170A00
1346A5C3
1775F18A
16579DA7
1A074DF1
1D9765F3
1DD785F6
1DF7B1F7
1C874607
1B370DDB
1905E9C4
17947DA6
18D58D4D
1A35ED80
1A4675AF
1A671DC9
1CB769EB
1F67A1ED
1F17A9F5
1EB7C5ED
1F07C1E8
1D87D1EC
1E67EDE3
1FE799F0
1F876DFD
1E77C5EC
1E2809DC
1EB7BDEC
1F876DFE
1FA7A1F1
1E67EDE3
1DA7D9EA
1F279DF4
206791F3
1EE7B9EE
1D77DDE8
1E97DDE7
202799F2
1F7779FC
1E27C9ED
1E4805DF
1F27B1F0
1FA76A00
1F67A9F1
1E4805DF
1DE7D1EB
1F6785F9
205795F2
1EC7D1E9
1D67E9E7
1EC7D1E9
205795F1
1F5791F6
1DF7D5E9
1E57F9E0
1F67A9F1
1FA76A00
1F27B1F0
1E4805DF
1E27C9ED
1F7779FC
202799F2
1E97E1E5
1D77DDE8
1DC7B9F0
1F3729D2
1D4615C2
18E641B3
18E65DA5
19264DA8
190639AC
18E63DA4
18D6399D
19E5D574
1936093F
19F55535
1A663508
1AE6B523
1757C533
1A85A0F1
196138E6
0D42A8BE
0AB3D09A
0C02B89D
17B2A085
1E04F8C3
1B762520
1D25A901
1DE588DA
1D05D11F
1D464D60
1EA64D86
1EB6F19F
1FE705B8
1F7721CF
1F6725D3
1E2749D6
1D6725D7
1E66E9DA
1EF721AE
1C276D83
1CF5E148
21348508
2035BCEF
1E85B4F3
1C15E125
1F05A55E
1F76C198
1D37E1D5
1D87DDDF
1EC7B9EC
2246D1A5
15F6A952
0B85056F
1792C593
18F635A4
1927A9E7
1CE77DF2
1E1745FE
1E9789F4
1E17ADED
1F370DD5
1B666DC1
1765E1B9
1996299D
1AE6B1B4
1BC70DCF
1CB77DD7
1DB7E9E0
202799EF
1F9779FC
1E67C9ED
1EE801DF
1DF7EDEB
1EC7C9E4
1F9791F3
1F1799FC
1E97C9EB
1E97D9DD
1EB7C5EB
1F1799FC
1F7791F3
1EC7C9E4
1E17EDE8
1EF7A9F5
1FE779F6
1EF7B5EF
1DF7EDE7
1EC7C1E8
1FB785F5
1F17A1FB
1E57DDEB
1EB7D9E0
1F17ADF1
1F2795FF
1F47A1F2
1EB7D1E1
1E37E1E9
1F17A1F8
1FD785F5
1EE7C1EB
1DE7F9E6
1EE7C1EB
1FD785F4
1F17A9F5
1E47E1E8
1EB7D1E1
1F47A1F2
1F2795FF
1F17ADF1
1EB7D9E0
1E57DDEB
1F17A1FB
1FB785F4
1EC7C5E5
1DF7EDE7
1E77A1F3
1F8751C4
1D46E599
1B0641AA
1A065DA9
19564DAA
18963DAC
17C64DA1
171539B1
1545414F
1734ECF3
1B630500
1B84F0B4
1B665D06
1996B172
1A66B0F1
18B474A5
1343C0B5
0EF318C2
0C6188D5
15641885
1E2610D8
1CD6015D
1E35890B
1EB578AF
1E84E121
1BF5C571
1B25E5A6
1C064DD3
1C175DD1
1D56F5F0
1D874DE6
1D8725E9
1D373DE4
1C9711E5
1BD75994
1C75E16B
1CE47D45
1DA530EE
1C06D8DA
1CF5BD05
1CD578F5
1E85E0D5
1F95F160
1D8751CE
1DD7FDD2
1986E201
15F65D57
15B4D4C4
14B2A127
17453918
1AB6DD73
1AE73DED
1BE7B5ED
1CC765FF
1CF7A1EB
1C3761E4
1AD78DC9
19A695C8
17263DE5
19E6A1F0
1BE799E5
1CC789F3
1D17F5E5
1E57C9E4
1FB785F4
1F1799FC
1E87D1EC
1F17C9E1
1EF7B5ED
1EE7B9EE
1EE7B9ED
1EE7B9ED
1EE7B9ED
1EE7B9EE
1EE7B9ED
1EE7B9ED
1EE7B9ED
1EE7B9EE
1EE7B9EE
1EE7B9EE
1EE7B9EE
1EE7B9EE
1EF7B5EF
1EE7B9EF
1EE7B9EE
1EE7B9EE
1EE7B9EE
1EE7B9EF
1EE7B9EE
1EE7B9EE
1EE7B9EE
1EE7B9EF
1EE7B9EE
1EE7B9EE
1EE7B9EE
1EE7B9EE
1EE7B9EE
1EE7B9EE
1EE7B9ED
1EE7B9ED
1EE7B9EE
1EE7B9EF
1EE7B9EE
1EE7B9EE
1EE7B9EE
1EE7B9EF
1EE7B9EE
1EE7B9EE
1EE7B9EE
1EE7B9EE
1EF7B5EF
1EE7B9EE
1F47A1D4
1CE7A1B9
1B5701CB
1A8679DB
1876B5CA
182625CC
184579AC
171369AD
0ED55569
11C4DD5A
14647959
1B335967
1B75D146
1AC6A14C
1D3638F8
1AF5D8A5
1914E0B4
11B354D2
06F398E3
1255B4C1
1FA65CFF
1CF6ED46
1DC63910
1EE558DD
1D4594EB
19B668ED
19155537
1B257164
1CF5C971
1D466979
1F56296F
1E471D4B
2056415A
1C17553E
1CA5DD29
1D346515
1AA4A0EE
1C44CCC7
1C8580C8
1D1524E4
1C6588ED
1D75ACFB
1C06BD69
1C07A9DA
2116B99B
15465955
0B44D143
14129D3C
13455552
14980567
1C174DA7
1C6709DF
1C3751DD
1C7725E5
1D06DDE0
1B06BDD8
1896D1D5
19160DE5
17768DD6
1BF6C9CB
1FB749DA
1EC7B9EC
1EF7B5ED
1EE7B9EE
1EE7B9EE
1EE7B9EE
1EE7B9EE
1EE7B9EF
1FD77DF0
1EF7A1F8
1E47E1E8
1EB7D5DE
1F37ADEF
1F1799FF
1F17ADEF
1EB7D5DE
1E57E1E8
1F17A1F8
1FB785F4
1EC7C1E8
1DE7F9E6
1EC7B9EE
1FD779F8
1EF7A9F8
1E17EDE8
1EB7D1E1
1F7791F3
1F1799FF
1EB7C5ED
1E97D9DD
1E87D1EC
1F179DFE
1F8791F4
1EB7D1E4
1DF7F9E6
1EE7B1F1
1FE779F6
1EE7B1F1
1DF7F9E6
1EC7C9E4
1F8791F4
1EE799FF
1E17D5EC
1E67DDDD
1EB7C5ED
1F1799FF
1F7791F3
1EB7D1E1
1E17EDE8
1EF7A9F8
1FD779F6
1EC7BDEB
1DE7F9E4
1D87B9E9
1D0795F1
1C3749FC
1A47C5DA
1A86E9D6
1B75FD97
1A05E944
1586ED5E
17063D9C
17C629A9
1AE5A9BE
1B86F55F
1D369126
1F65F0FB
1B9680B7
1767109D
155434D3
10A28934
16759524
1E876D17
1D77313E
1CB7250F
1CD644F3
1C75C4C2
17E5708E
151394E4
1383990E
10A48110
1164212E
11647D0A
157408F8
18B3F0F3
18B544CF
1CB470BE
1A648C9A
17A4BC98
1A54C098
1C25409F
1C8594AB
1D05B8E2
1D368908
1CA77972
18967A0B
1635FD5D
15F4A4C3
14F2893B
16255140
1777C980
19C789FF
1CE795DE
1D9781C2
1E6745C4
1DC701C8
1E75FDD7
1CD6C5BD
1C969DD4
1B86BDE5
1B16C9C7
1B96F1A6
1AE779C6
1D0785F1
1FD779F6
1EF7A9F8
1E17EDE8
1EA7D1E1
1F47A1F2
1EB7A9FE
2017A1ED
1F4785F8
1DF7CDEA
1E57F9DF
1F67A9EF
1FA76DFE
1F27B1EF
1E57F9DF
1E37CDEA
1F6785F8
202799F1
1EA7D5E8
1D77DDE8
1EC7B9EE
202791F4
1F1795F7
1DA7D9EA
1E57F9E0
1FA7A9EF
1F7779FD
1EA7C1ED
1E2805DE
1E67C9ED
1F7779FD
1FE7A1F1
1E87EDE4
1DA7D9EA
1F27A1F3
206789F5
1F27A1F3
1DB7DDE7
1E97E1E1
201791E6
1F377DE8
1E07ADD5
1DF811BD
1EE7B5DE
1F876DFE
1FA7A1F0
1E57F9E0
1DA7D9EA
1F1795F7
202791F3
1EB7C5EB
1D67E1E8
1EA7D5E8
202795F0
1F4789F5
1E47B1E0
1CC7E1CB
1DA6ED9D
1ED6DD5A
1EB7097E
1D9739A4
1DC6E19E
1DF6C195
1E46C163
1F16A934
20167502
1C4724BF
1CB550C3
1B93D8BF
1534DCE7
18F6F8F5
20273905
1E178518
1E26D4FF
1BC6F4D4
1B75D4D2
131564C3
0DB324F3
0CF0BD26
05F218E6
06C154D7
0501FCB3
0D3090BD
0EB2D893
11654468
1B53AC6D
17C4803E
17138054
19A4483F
1CF4309F
1B85E0D6
1CC6111F
1D270D55
2136515E
15A5F165
0C349555
1512894E
1465695D
17982570
20B78DB6
1F877DF5
1E87A5E2
1E6805CC
1F9791D7
1D777DDB
1BF729D2
1D178DBA
1EF745D6
1DB795E7
1E570DD8
1BD675CE
171709C8
1B5795C1
208779DD
1F1795F7
1DA7D9EA
1E37F9E0
1F67A9EF
1EE771FE
1F47A1EF
1EF7ADF2
1E97C9EB
1EC7C1E8
1F17ADEF
1F17A9F5
1F07B9EE
1EE7C1E8
1EB7C5EB
1EF7ADF2
1F47A1F0
1EE7B9EB
1E87D1EA
1EE7B9EE
1F47A1F2
1EE7B1F1
1E87D1EA
1EC7C1E8
1F17ADEF
1EF7A9F5
1EC7B9EE
1EC7C1E8
1EB7C5ED
1EE7B1F4
1F37A9F1
1EE7C1EB
1E87D1EC
1EE7B1F1
1F479DF3
1E97B5F1
1DE7D9E7
1E5749ED
1D6789DB
1E1751D4
1E8745C4
1DC785AE
1CF7A9D0
1E078DF8
1F17ADEF
1EC7C1E8
1E87D1EA
1EE7B1F1
1F47A1F2
1EE7B9EE
1E87D1EA
1EE7B9EB
1F47A1F0
1EF7ADF2
1EA7CDE4
1D8791DF
1D3711B7
1E07697C
1EA7859C
1E0771C0
1DA79997
1E57157E
1EC6C164
1BE6E540
1A167D19
18D4FD0A
1773B0E9
18C4F08C
19A5CCBD
1B86A8ED
1DD784E9
1DF6DD09
1F05DCFF
1A363CD6
16E5A0EA
0F740D15
0832A904
07B1C8E3
07112C98
06118836
0690B83A
0AA0E827
0DF1503C
0E326842
12F14044
1011C821
10109039
0FE1FC14
10A204BC
1533D13A
1A35BD6D
1905F1C9
1A95BD41
1714ECCA
1442A153
14450D6E
12D84D81
182781F0
1CA7A5EA
1AA6F5F9
15F7D5E7
193711FA
19B7DDED
1A9799F8
1B9781E2
1DC721D3
1E179DE1
1DC78DFE
1DC79DE6
1B06CDE4
183621D4
1AB6E1A2
1C87A1C2
1D57B1F2
1E87D1EA
1EC7C1E8
1F17ADEF
1EC7B1F4
1E37C5ED
1EA7D5E8
1F67A9EF
1F3791F7
1EA7C1EC
1E87EDE3
1ED7C1EC
1F5791F7
1F67A9EF
1EA7D5E8
1E37CDEB
1F17ADF1
1FE7A1F0
1F07B9EE
1E27D1EB
1EC7D1E9
1FA7A9EF
1F3795F5
1E77C5EC
1E77E1E5
1EF7B5EF
1F4785F9
1F27B1EF
1E97E1E5
1E67C9EB
1F279DF4
1FA7A1F1
1EB7C5EB
1DF7D5E8
1E17CDE7
2036C9E2
1F9605DA
1B6731C7
1D26F5D4
1E970DB8
1DA705A1
1B77899E
1D27B5A3
1EE7A9CB
1F3795F5
1FA7A9EF
1EC7D1E8
1E37C5E9
1F07B9EB
1FF795EE
1F17ADEE
1E37C5EA
1EA7D5E8
1F77A5EB
1D9799EE
1C0799CD
1D37FDA2
1F27B9B8
1EB7A5CC
1F373DBC
1EF709A8
1E274D6C
17B7CD2E
16C558FD
1662F4CA
0D54ECCA
1535DCDE
1F05DCE3
1DE67CDE
1DE65500
1CC6991B
1E159931
16C63526
12F49D6C
0B7279C0
0032ED86
01E24164
0301ED35
0231E901
02317CC1
0780748F
09213C7B
0651B072
0491AC57
04F08456
0300B43F
03F08430
01D1A072
0FC254B8
1B24352F
13D609AD
12758D7D
15643561
13E4F176
1536D171
191715A8
1A7681F5
1D35F193
19856935
1355697C
1724D9CE
16C6DDC9
1827C9DE
1CF711D4
2055D9D8
1F36F9E4
1E178DFD
1EB76DE7
1A971DD8
17664DD1
1A25DDBF
19E6E1CF
1B87E9DD
1FB7A5EA
1F5791F6
1EB7BDEC
1EE7DDE5
1DA805EA
1EB7D1E1
1FB785F5
1F279202
1E87D1EA
1E97E1D7
1EB7C5EB
1F279202
1F8791F4
1EB7D1E1
1DE7F9E6
1F17A5F5
204761F8
1EF7B5EF
1DB809E3
1EC7C9E4
1FE779F6
1F1799FF
1E37E1E9
1E97DDDA
1F17ADF1
1F478A06
1F679DF2
1EB7D9DA
1E17EDE7
1F1799FC
20176DF7
1EA7C5E8
1D3819DC
1D4731ED
1EC5ADE1
1D46C998
1B080198
1C8741C5
1D7719A7
1DE6D98C
1C878D68
1D57B151
1D77C5A5
1CE79200
1CD795F3
18E729F2
123851DC
13E6E9FF
11C7B9F0
13E6E605
122859DE
16D759EE
18F7C1F1
1AF74E07
1C0795F0
1D27D5D9
1E97DDD7
1F2751E4
1FD6C1E4
1BD74DCD
1847FD74
17762D55
1823FCE5
19A48C34
1745E8AC
1815D145
1A06090B
1BF55CE7
1CB4DD20
1BD5913E
1F23F584
17050D8E
121439DF
0B13B629
04A37201
052349D4
072229DD
04E279C6
04527143
07A258C0
0BA15CB4
0A41F486
08F28C59
07B1C04C
07608446
06A11017
07906434
0D721818
1193B4DD
1114D5AE
12B5D9AC
157555CD
1685F9B7
1936C99D
1CC6E9B8
16B60DEE
1364D134
15845C66
1643090F
17957960
1BA69994
1BA735D4
1DA73DBA
1D56F5A8
1BA715D7
1C573E05
1D27A5E1
1A86B5DE
17B5E1DB
18B5FDC3
1985F9DE
1BF729DE
1FF77DEB
1F2795FF
1E67D5EA
1F27C5DC
1DF7CDEE
1E97DDE7
1F97A5F1
1F6785F9
1EA7C1EC
1E67EDE1
1EB7BDEC
1F4785F9
1F67A9F1
1E97DDE7
1E37CDEB
1F27A1F2
1FE799F0
1EE7B9EE
1DE7D1EB
1EA7D1E9
1FA7A1F1
1F3791F7
1E77C5EC
1E87EDE3
1F27B1EF
1F8785FB
1F67B1EF
1E87EDE3
1E37CDE7
1F4799EE
20378DD7
1EC7D9BB
1E779996
1BC7916E
1AA6A151
1BD7750B
1EE6E929
1D476930
1E568131
2035E12C
1FA66541
1DA7554F
1CC78D7D
1AF7CDAC
1C16C9A4
165529AD
0D5545B0
0D0431CC
09C4C1D2
0CD41DF4
0D5515D9
11D59DC7
16D5B5D9
19F67DDC
1E9685D7
1D3815B0
1F7779CD
1F8721E4
1F274DB7
1947CD84
16A6AD42
16A56902
1584C8C0
1EC44077
239588AC
1B6654F1
17551D1B
1A43B149
16B5C565
1666AD9A
1975F1BB
1415BDD4
0E85BDDA
0B754DE9
0894E1E5
075571CA
08E445EB
0733F1F8
05D3E99A
0644C528
09E3791F
0DB1ED1E
0D82A0F6
091320D6
06E25CD1
067248BD
0711A0B7
0A60D8B3
075314FD
0DC4595B
15554187
1815B1C1
1AC669BC
1C3765B3
2096F18E
11C6C969
07D43D23
1032C8BD
0FC50528
14A72596
1E96F1BE
1DA769DB
1E5739CE
1B1761B9
183729CB
1AD6FDDB
1D76E1D9
1AA635E5
16E621D5
17461DC1
16C671C9
1AE751C4
20177DDC
1F3791F7
1E77C5EC
1ED7E9E3
1F17ADEF
1EE7B1F1
1EB7C5ED
1EC7C1EB
1EE7B9EE
1EE7B1F1
1EE7B9EE
1EC7C1EB
1EB7C5ED
1EE7B1F1
1F17ADEF
1EC7BDEB
1E97C9EB
1EC7B9EE
1F17ADF1
1EE7B1F1
1EB7C5ED
1EE7B9EB
1F17ADEF
1EE7B1F1
1EE7B9EE
1EE7C1EB
1ED7C5ED
1E37B1F2
1D97BDE7
1E275DE6
1E2781BD
1C473D9F
1A972551
1AA63117
19E594EF
1B35BCB5
1D551CCB
1BE5BCC6
1B95C0C0
1C9568C2
1CC51920
1D362160
1E274157
1BE75169
1B16E141
1495093C
0E22F971
0E53316F
106241A7
0D92E1BC
0DD1EDCF
0E5359AB
11432DCE
13C4A1CB
194471D9
155621BE
11F779BE
15C6A1EF
16A7FD88
17C65967
1835550F
17A5589E
16C504A6
1A5514A3
1AE6D08D
156588BF
0F54552B
14B5795B
18478593
19472603
19D781FC
1816E20C
151749D1
11965DB4
0DD531E4
0A4569F4
0655DA06
0694C63B
06048A06
05B509C1
0485F983
09F41985
0DA3358A
0FD37D75
1352FD75
0BD3156A
05330137
08223511
0842B115
0BB40504
0DD5B54F
135599C3
1706F9C3
161711E2
1527ED53
1004B524
0A517D3F
0F134CE2
0F36B548
1486C9FA
1AB739ED
1B1721EF
1B8719E5
19F6E1DF
1826F5C5
1A46E1AD
1BE6F1BE
19E675DB
181619D4
185621C2
18B60DC8
1BA71DB3
1EC7DDC4
1EC7BDEB
1EF7ADEF
1ED7B1F1
20179DEF
1F4785F9
1DE7D1EB
1E37F9E0
1F27B1EF
1F876DFE
1F27B1EF
1E57F9E0
1E37CDEB
1F4785F9
1FE799F2
1E87D5E7
1D77DDE8
1EC7B9EE
202791F4
1F3791F7
1DE7D1EB
1E87EDE3
1FA7A1F0
1F7779FC
1EA7C1EC
1E2805DE
1E97C9D5
1E5789CF
1E172DD8
1DD6BDE5
1D66E579
1A66D114
18A5C0FA
1A245CE6
1844CCC2
19047CAF
1884B8BB
18E468D2
17A508D7
18D450FD
1715390E
1CF52134
20D63939
1B876541
1B661D0F
12B4F4DC
0A236104
0DC34505
10E3551D
0B936138
0772F53E
0852C13E
0673E555
0AB49973
105465B7
0CC461FA
081561E0
0FB441F5
14950D9B
17245D67
17E4B919
17E50CCC
1874C8C7
190458C7
1764ECE4
0F443121
0494C16E
10A6459E
1E56EDC8
1D8761FC
1E1755FD
1E175DFC
1EC715E5
17275DC5
11D641CE
0E1551D3
07E575FE
07652A33
0764F21C
068505FF
051561E0
08655DC9
0D24BD99
15F50552
1F547587
112461B9
0523A97F
08924550
0822C93D
0A22E134
0984394D
11446D80
18254988
1136B18A
1174BD2D
0E9280D9
07A20CD2
121200BE
17144524
1536ED84
1926CDB0
18E6E5D7
19A6B1D1
19B63DD1
1836A1CA
19B671CF
1A56C5CE
1936ADD9
1816A5D6
195619DE
1886B9DB
1BA709DE
1E27ADDB
1E47EDE2
1F67A9EF
1EE77DFC
1FF779F2
1EF7A1FB
1E17EDE8
1E97D9DD
1F17ADF1
1F279202
1F17ADF1
1E97D9DD
1E37E1E9
1EF7A1FB
1FB785F5
1EB7C9E7
1DB805E5
1EC7B9EE
1FE779F8
1EF7A1F8
1E17EDE8
1EB7D1E1
1F9791F3
1EF799FF
1E87C9EB
1DF7D1DC
1D87E1BD
1EC765AB
2036ADC9
1C769DDA
19F6C52B
1AC5D894
1B24749F
1A74A084
19D4A086
1B24B885
1CF480A2
1C8584A4
1E2538D8
1CE5D4F8
1DB59CF1
1E7634D8
20F58D16
19A52151
11E5D8D5
0F73FC92
0D01ACC6
0D72F4A5
0CA4DC8B
0CC3CCB5
0C6334BD
0AF32CB7
06D470DC
0C440925
10442D97
0E14420D
0D0479E3
0F746DBE
1363B18B
13F46138
15B44120
13649CFE
11050CE1
0F84C4D3
0CF4C914
0EE34578
0EF2C1E3
1445E5F8
1D3759E8
1D274DFE
1D274DFC
1CF725FF
1CC70DFA
194721F3
166721BC
1105F1A2
09B559F1
07D52A34
06053237
0615163C
06150A38
06B51231
07956DBD
10E5B947
16D70987
1075BA08
0C343DC7
0D138173
0CF31560
0AA3E131
0A436D3C
1093B134
17739151
10245D5E
1011E100
0C51F467
08317880
0CA1D882
102234FE
14F45D4F
1AB62D75
1B16C9BA
1E2659BA
1CF6D5A5
1CA6A5C5
1CB6E5DB
1D66E5D8
1C2741CE
1AD791CF
1B9735DF
1B5771EC
1CD779FD
1DF7EDE8
1EA7D1E1
1F47A1F2
1EB7A9FE
1F27B1EF
1EF7ADF0
1EB7B9EE
1EB7C5EB
1EE7B9EE
1EF7ADF0
1EE7B9EE
1EB7C5EB
1EB7B9EE
1EF7ADF0
1F27B1EF
1EE7B9EE
1EB7B9EE
1EE7B9EE
1F27B1EF
1EF7ADF0
1EB7B9EE
1ED7C5EC
1F47B5DC
1F07C1CC
1F8781A5
1E27DD72
1D975DA1
1EB74DC5
20E7218A
1B66E954
17B5E4FE
1A44B0AB
19F4BC9D
19F4D88D
1964DCDA
1BF4C928
1C66312A
1CF77530
2096FD57
1EF8055D
20D73962
1D17ED48
1E25CD76
18C1F5D0
0A63F91C
0B6314A5
0AB280AD
0DC1CCB7
0C13C09E
0E1398B6
104374BB
0F71E0E4
09235CE8
0EA2B51A
10641D30
0FC4D159
1074C585
0DA54DA6
0D94A196
0F24DD70
12043975
0EC3F975
0A946152
06A49135
03C3C17F
108141EC
12C4BDE0
153781E7
1D474DED
1CD741F4
1CB71DEA
1C26F9E1
1B86C1F0
1B4735F0
1D569DC2
1555B59F
0B5571CD
088541F8
05755209
06254A1C
07650E1D
05B4F21D
03D51DEA
0E14B5C3
15459DD4
0F3805C7
12958DB5
12945586
10045971
0905F539
07249939
0F03193B
13337152
08558148
0702C505
08F13CA8
07116090
0781587C
04C24D01
1341ED9E
1B15C999
1AD7D9C2
1FA761CB
1EC7DDC1
1F876DD4
1F17BDD6
1F9789DC
1F07C5D8
1F079DE0
1EF7C1E1
1F47A5EA
1EF7ADF0
1EB7B9EE
1EB7C5EB
1EE7B9EE
1ED7ADF0
1E07EDEB
1EC7C9E4
1F7791F3
1F079DFC
1E97C9EB
1E97D9DD
1EB7C5EB
1EF7A1FB
1F47A1F2
1EC7C9E4
1E37E1E9
1F17A9F5
1FE779F6
1EF7B5EF
1E17EDE7
1EC7C1E8
1F9791F3
1EB799F9
1E17D5C8
1E3759A7
1EA6C96B
1E970D1D
1EF64991
1E16FDE4
1EC7F544
1CF658E1
1A44CCD5
1A54DCA3
1A24E09F
1C14F498
1CD4F131
1B7639AB
1A2811AF
1C97A9E5
1EB7A5F1
1ED79200
1EF7ADF0
1D27C9E2
1B87FDAB
1A552DB9
17D3BD35
1293D48F
0D732898
1243448B
15644C89
14448C99
12754897
1213E8C5
0F83E4CE
10D400D4
10F4E4B8
1014E0B1
0E54C931
0AD435BC
06B4A9B6
082409C7
082449CC
09E375EA
0A23C1C1
0E045D91
14A2FDDB
1624CDDC
163771CE
191761FD
1C4769F1
1C571DEC
1C76F1D8
1B2679CA
19C5D5F5
19A6D5F9
1B9715B5
17F5C596
12D505B4
0DC541BC
090541DF
07753602
06352602
0574B60B
03A4DE17
08442A35
0D635A37
0DF559F9
114605B8
124455AE
102445A3
0FA48190
0EF52D42
0DC3DD23
0C523D6E
07732580
0732112F
081184D1
07F1549F
09A20059
09B28CFA
12B4DD70
1C07718E
1CA7B9E4
1E87C9ED
1F079DFC
1F7791F3
1EC7C9E4
1E17EDE7
1EF7ADF2
1FE779F6
1EE7B1F1
1E17EDE8
1EC7C1E8
1F9791F3
1F17A1F8
1E87D1EA
1F07C5E2
1D87D1EE
1E67EDE3
1FE799F2
1F876DFE
1E77C5EC
1E1811DB
1EA7C1EC
1F876DFE
1FA7A1F1
1E67EDE3
1DA7D9EA
1F479DF5
20978DF3
1F07B9EE
1D67E1E8
1E97E1E5
20579DD6
1F377DC4
1E276D9A
1D271977
1CA66D6A
1D76894B
1CE6F98F
1D2705DC
1F16F579
1DF51943
193538FC
1A44ECBF
1A2504BD
1E74C8C2
1F260527
1C47C982
1D07CDB1
1D9801DE
1F77A5EE
1FB761FD
1F9799D4
1E281DA5
1E879D8E
1E37796F
21B57538
18B4B8E8
0DC4B0E3
180384F2
1DF4B0EC
1AC4CD03
18647918
16B46926
15D3E933
13C4352F
1323C929
0FA43513
0DD35166
098279BA
034305B8
032291CC
01B2F1C5
077249D5
07F499B0
12760D9D
1FD5B5C9
1D7789CB
1EA765DB
1CF771E9
1C0721EC
1C06E5ED
1C46BDCA
1A160DB4
157675D4
16776DE6
1BC665C1
1BC529A3
185571C2
123539EE
0BF54DEA
08A531EB
070461C2
07041D8B
0633C1C1
02F43DE6
0213C5CB
0AE45D95
146441A9
1502ADE2
11A3A9A9
1752ED97
19543575
0BE4896E
01336966
02E34144
06E20506
086180B9
07B1D8B0
0C020CA8
0AD4B102
1257A953
1FB7919C
1E1811DC
1EA7BDDA
1FB781D6
201799DE
1E67EDE3
1D77DDE8
1F27A1F3
20A789F3
1F17ADF1
1D77DDE8
1E97E1E5
202799F2
1F9779FC
1E67C9EB
1EE801DE
1E37DDEC
1EC7C1E8
1F47A1F2
1EF7A1F8
1EB7C5ED
1EB7D1E4
1EB7C5ED
1EF7A1F8
1F47A1F2
1EC7C1E8
1E57E1E9
1F07B1F1
1FA791F3
1DC7B9EE
1BE7F5E7
1D6759F2
1D87BDB8
1E87758E
1F574167
1E76894D
1E651D7E
1D66D965
1D27F186
1DE795C8
1E77F183
1DF69D65
1CD5BD21
1D25E0C5
1E0538D9
1DC600CD
1C56F523
1CC78182
1EE771B7
1E57ADE7
1E97B5EA
1E9751F8
1E775DBC
1E675D82
1E970D78
1EF6F168
1FB6C149
1AA64933
14765D2A
15155D37
10A74126
12851970
1343BD9B
1234219D
131385A5
10E3B99C
122205AD
0C931180
0A82019A
06723996
03020DAA
025231B7
024219B2
07032D90
0855E195
0F2551E3
1117BDD3
17F76201
1E678DE7
1C4711E0
1996C9EA
1926F1E9
18F745AD
18D63D90
165621C8
16C691F3
199629C4
1B05FD90
1A3695C1
15562A0B
122555F7
0B9421ED
05731D8E
0712FD18
08C1E17F
039329B0
03226985
09C37D2D
0F44896C
1063CDD7
1014998F
1493E967
14C53D7E
0C9429D0
06929D86
0762451E
090148ED
0D220C93
11B1FCC6
1223D8CE
1166051D
1686C98A
1BC7DDA9
1A17C9E6
1937C1C8
1BE685C6
19D7BDCA
1BE7C5E8
1E37E1E9
1EE7B1F1
1FA791F3
1EF7B5EF
1E47E1E8
1EC7C1E8
1F7791F3
1F17A1F8
1EB7C5ED
1F07C1E5
1F67A9EE
1F07A1F3
1E77C5EC
1EA7D5E8
1F27B1EF
1F279DF4
1EE7B9EE
1EA7D5E8
1EB7BDEC
1F27A1F3
1F67A9EF
1ED7C5EC
1E87C5E1
1CE7B9D7
1D16C1C4
1E1631A9
1C571588
1DC75176
2066F15F
1E86754C
1A96D179
1C27A599
1F27B5BC
1F37A9E3
1FC7B1BD
1E87BD97
1E872D61
1E87411D
20563D01
1DD6ECBF
1B26E938
1C07D999
1FF791AB
1EC7C9B4
1F773194
1EC73D67
1EB6CD57
1E76E93A
1E46C946
1F969156
1FF6F542
1DE7852A
2005D91A
1844A503
0BE57542
0BF4DD9D
0BB4C5A9
0C4519AD
0E14B9B9
0AF541B3
0AD411C6
05E405C1
022361BF
025229CB
005245B1
00F21D9F
01E20564
0A127519
1192DD32
12123964
0CA5054D
14475D3E
2096ED7C
1C1679C3
16D6C1C1
167715BC
18962DA8
19A53996
1705F5BB
1536D9DE
16F61DCF
1BE5BDB8
1DB6D1CC
17B7D1E6
1835A9CF
0EB335C2
01A2C194
0551F968
05E27D8A
00044D92
0082B182
08A20D5A
0C236D86
0E13C5CB
1133DDB2
155285BA
13A449AF
0C14E5C2
0923797C
0A91AD3F
079240F4
10B2FCA2
18F3B4C0
19553CCF
1B95A104
1B961538
1B66BD5A
1687E173
1875BD5B
1D334D4A
1875A56F
19E7D196
1FC7ADC3
1ED7C5EC
1E67C9EB
1EE7B9ED
1F67A9EF
1EF7ADF0
1E77C5EC
1EA7D1E9
1F27B1EF
1EE7A1F4
200771F2
1F079DFC
1E17EDE7
1E97DDDA
1F47A1F0
1F279202
1F17ADEF
1E97DDDA
1E47E1E8
1F1799FC
1FE779F6
1EB7C9E7
1DC815CC
1E0711CF
205519AC
1E96A93A
1E66E94C
1E77195F
1F86F150
1EB6E140
1BA7B586
1CD7B5DE
1E67D1EC
1F279202
1FB785F5
1DE7C5E2
1C481DAE
1C86A5A4
1C15F54A
1C964CD7
1CD5A968
1B36BDD2
1B4795A4
1D268DA0
1E96314A
1EA688E4
2015A0FE
1EA670F1
1E169115
1DB64943
1B973D3A
1CE6B552
2025A508
1A8510B5
13743D4D
0FD47DCA
0CD505C9
0C64FDD3
0BB51DDF
0A5505F1
0904F5F9
0734A207
04C4D5E0
0553A5D9
062265B9
0491F587
04611129
0811ECA0
0CF1A0AA
0E81F8A5
103210CC
1304D4B4
158758FF
1676B195
17F6619E
170575B7
1515519F
17054184
1785A9B2
15A625DE
16358DE7
19B679CA
1CA78DCF
19A749F4
1826D595
0EF3F570
0371F9A1
04E1E5A1
0601F1B0
0302A1B2
03B1899F
06624161
07537985
0B33EDBA
0F14ADB3
1153A9D5
0FF4C5C1
0F250DC0
10E45971
0E82ED35
0A227D0B
10D3F0B1
170530C4
18C51CF7
19D5B0E4
1B7594E2
1D153D13
19657939
1A63C4ED
1973D079
16E38515
1A65FD6F
2037819B
1EA7B9E9
1DB809E3
1EE7B9EB
20176DF7
1EF7A1F8
1DE7F9E6
1E97D9DD
1F679DF2
1EB7A600
1FE7A1EE
1F3791F7
1E27D1EB
1E57F9E0
1F27B1EF
1F7779FC
1F27B1EF
1E57F9E0
1E37CDEB
1F3791F7
1FE7A1F1
1EA7D1E9
1DF7C9DB
1D0771D4
1D06D1A4
1CA7ED4E
1E976157
1E474956
1EC6D945
21064536
1F773D88
1DB801E0
1E67C1ED
1F5779FC
1FF79DD0
1E280DA0
1F36E182
1CA5E163
17962D46
1A45F135
1C55D952
19F6955D
19C62566
1C94E182
1B46313C
1BE6810D
1D463CFD
1D6674E5
1F05C0EB
1E5510F3
1AC5F0EC
1B46ECE3
1FC5C0F2
1CA4F0FC
17551D37
14445988
0ED53582
0D44F595
0AC519BE
0A04F1EE
0954FDF1
09A4F9F7
0A150DE5
08155DCF
0A4365C8
06F239B2
01C2356E
0351B534
03A1E0FA
098174CD
0D41F4D2
10E200E4
0F14D8FA
11470520
1BC4E534
19636D3C
13A3DD22
1624F0F7
1805C953
1416C1AE
13A631C8
18170DC0
1DD71DD9
1AD741F2
1B85DDAD
10E36D84
03028585
0521E57C
05324D75
03330967
04621164
05A1CD51
02D36979
08B3DDBA
109385BC
1152DDCA
0DC489C6
101661BB
1924D989
14331562
0AF3C10A
1134E4A3
18A4DCB6
1964ACCF
194520C6
1AB520C6
1BC540E0
18054CFE
16B468D0
152384A4
0EB498FF
18F51D62
2146D59B
1E47C9EA
1DB7DDE9
1ED7C5EC
202799F2
1F3795F5
1DE7D1EB
1E67EDE3
1F67A9EF
1EE77DFC
1EC7B9EE
1EC7B9EE
1EE7B9EE
1EE7B9EE
1EE7B9EE
1EE7B9EE
1EE7B9EE
1EE7B9EE
1EE7B9EE
1EE7B9EE
1EE7B9EE
1EE7B9EE
1EF7BDE4
1E0761E3
1E16ADC7
1DC7318F
1DD7816A
1EE71157
1FE6C938
1FE6C912
1DE73582
1DD775F4
1EE7B9EE
1EE79DF0
1F6785B1
20072D78
22D59159
1DE698FE
1A066541
1BD5AD8E
1E45454C
1DD5E8F3
1EC5411B
1CF60D22
1AE71119
1AD6353B
19668506
1B55B4EA
1D151CBF
1CB4E08C
1C4458A6
1B859C97
1C05E0DE
1A559134
1667010C
1755F51E
15E63D27
13B5A944
11250D9B
0DF4BDEC
0A64F9EC
09D519ED
093559EA
0734E5F8
063425E1
067365C8
055365B1
05E289AE
06921149
09D214D9
0C023CD0
105320B6
16F270EF
1473F8F7
165384C9
1252F0A1
0F51A0BA
14D3D47D
1915F8F3
1595F19E
14A515D2
184669D2
1D56F1DD
1B06D9F9
1A4689A1
10E4017F
06021580
05722D4F
0452753E
03826935
0341FD39
06228926
06B3F15D
0C6405B2
1532CDBC
13C3759E
1293A9D7
122575EA
14168D89
13643D79
0F83E522
1484BCAE
1A04EC9F
1A34F096
1A44EC9E
1C150CA1
1D856CA8
1A75E4AF
1A74D0B8
17B4ACAB
12F538F1
19159D36
1C478D7D
1D179DF1
1EE7B9EE
1EE7B9EE
1EE7B9EE
1EE7B9EE
1EE7B9EE
1EE7B9EE
1EE7B9EE
1EE7B9EE
1DB7CDEE
1E77E1E5
1FA7A1F1
1F7779FC
1EA7C1ED
1E57F9E0
1EB7B9EE
1F7779FC
1FA7A1F1
1E97E1E5
1DE7D1EB
1F27A1F3
202799EC
1E67C5E4
1E0755C3
1ED6C5A6
1E46F978
1FE6B955
20B6C942
1FC6753B
1CB7016F
1E0765A7
1FF791C4
1E17F1DE
1DF7ADC3
1F474DAB
2106F558
1D181CE2
1D26611D
1E15D53B
1E85B92A
1F160511
1FC630FF
1D7704E0
1E75ECED
1C452CF2
18656CE4
1994D8E9
19D4F8BA
1A649496
1984B89E
19E4E8A6
19E534C5
1B64F8F1
1B75C0DD
1CD634D1
1FB5C0DB
1A865CD1
17F5212F
13046983
0C14E1B2
0A5511E7
097505EF
05E4E5FA
035459E7
0783DDCF
0A93DDCB
094359D6
09128D97
0A72214F
07C3914A
0C75393D
16540D4C
1312C163
0CA3B4F6
0982ACB7
04C22CBE
134218B5
1C845912
1516397D
1275D1B9
16F699D9
1CC6C9E2
1A76FDEF
1B55DDAE
1203E986
0722A577
06221955
03C23945
02E2093C
01621D3F
08321D42
0B83B17F
0D459DB4
14D4ADBD
158425C0
1474B59A
1335E965
16849550
1673CD30
13D488E6
1745109E
1B74E0A0
1AB5109B
1A84ECA0
1DE49CA9
1E7598D5
1987BCE7
1B364916
1B24B14A
18650118
1C449CF4
1A967966
1B97B1E8
203791ED
1EF7ADF0
1DA7D9EA
1E97DDE7
1FE7A1F1
1F6785F9
1E77C5EC
1EE7F5E0
1DA805EA
1EB7D1E1
1FB785F5
1F279202
1E87D1EC
1E97E1DA
1EB7C5ED
1F279202
1F8791F4
1EB7D1E1
1DE7F9E6
1EF7A9F5
20176DF7
1E97B5EE
1D6815BE
1E8765A5
1FA6D57D
1EE6FD46
1D576942
1E16B158
1D96C55E
1E571D5F
1EA7719B
1D2781DE
1BB7EDD4
1C46D5ED
1B473572
1C367510
1D454512
1E75BCEE
1FF5BD13
1DB64D2C
1C46CCEE
1CF5C0D3
1DA4ACC5
1BD50497
1A54E8B6
1A0500CF
1A0538AA
1A84F091
1A44EC9B
1A84FCA3
1B04ECA3
1BC5189D
1D24ECA5
1D15689E
1EC4F09C
1C656086
1B04F4CA
1514F507
0F04D977
0C1455F0
07F4F9EE
06146E06
03F42DF4
079461D5
09C541D3
07F3BA0B
05A2D9EB
0D12E9B3
11E3F9D4
1365A5E8
17D6319D
1574E97F
10D540FE
0CA350B3
07D130E2
0BF24CC3
0D644913
11050980
16C4E1C7
188649EB
1C46E1E3
1A66C9ED
199685A0
10A45D82
07823986
06224D55
05022D47
04020D3A
02E1F54C
0752694F
0A3365A3
0CA501E9
105685C0
125509DE
12354969
1674690D
1CA20D23
194414D7
177530A9
19B50897
1C14B0A5
1AB524A2
1A8504A2
1BE4F0A1
1C54E516
19F6396C
17581170
190639C8
1AD56933
1D25A485
1C75D546
1CE6F9F0
202771ED
1EE7B1F1
1DB805E5
1EC7C9E4
1FE779F6
1F2795FF
1E67D5EA
1F27C5DC
1E67C1ED
1EC7D1E9
1F67B1EF
1F279DF4
1EB7B9EE
1EA7D5E8
1EE7B9EE
1F279DF4
1F27B1EF
1EA7D1E9
1E77C5EC
1EF7ADF0
1F67A9EF
1EE7B9EE
1E87D1D4
1E67E5BD
1FE7259A
1E86BD72
1C46C549
1E564D2B
1EA6853A
1EA69D4D
1E76D951
1D472156
1DF67158
1C65A55F
1965E924
1B552500
1AE57902
1DE5B905
20A60D17
1C06ED20
1BD5B4F2
1C7484C3
1A04D4AF
1A55009F
1AB504A8
1A6534AF
1AE504A6
1B44F09C
1B1508A4
1AD524AD
1AB528B9
1B2540C4
1BC550BF
1B156CBB
1B6500BA
1C94D4B4
1D14D8D3
16D558EB
14C3494A
1002F183
0953A5B8
06C3C9F9
04B40DEA
09142DDC
0D6455D4
0803D9E0
033325D1
1282B5B6
1B855DC1
1887D5D6
1CE6B1B6
1A85B597
17F4E564
0F53993E
0622AD0F
068160E6
00035D08
0B65112B
1995197C
18D70DA4
1CE695B6
19E711B6
1AC5A591
0FB4C965
04B38588
05B275A3
04B2BD81
0521E579
03D1FD6C
07C2115E
0883858B
0BF4F5B8
124521AC
1224B1B3
1214A15B
16E4050F
19F424F0
1A1524BD
1BC518BC
1BA518BB
1AE530E1
19559D00
19C548DB
1A74F0B6
199504E8
1BF4D920
1B467532
1907C54B
1CF63515
1EA58CC9
1BC64D5B
1C5759E6
1FA78DEA
1EE7B9EF
1E67C9ED
1ED7C5EC
1F67A9EF
1F27A1F3
1EB7BDEC
1EE7D1E8
1F9795F0
1F17A9F5
1E87D1EA
1EC7C9E4
1F17ADEF
1F279DF9
1F17ADEF
1EC7C9E4
1E87D1EA
1EF7A9F5
1F7791F3
1EC7BDEB
1E27E1E9
1EC7B9EE
1F9795EB
1EE789E7
1F0739BE
1EA6F993
1F465D4A
1EC6C0EA
1E967912
1D464139
1C165908
1CB608E0
1E0538D8
1C6588B7
1B755CC4
1BF550CD
1BD584F5
1E05891F
1FA62122
1C360936
1C447CF9
1B94CC91
1A64EC9B
1A94FCA6
1B05049E
1B04E89A
1AF4CCA3
1AB4FCA6
1A3540AC
1A6528BB
19E560D0
175530F0
13A5F0D7
14E4D4E8
1424E8DF
14E4B0DB
14D4D4DE
1453A901
17D04541
0E128D01
0682F176
054375E6
0543E5E1
07E411E2
0A049DBD
08A345C5
067249D0
1154E583
1B07AD9D
1B1789FF
1C577DCC
1A461DBA
16A57DB6
0D9475BE
0404453B
065234E0
0501750F
0AA368FC
11844D4C
13058595
1705C999
15C5A1A8
1644D984
0EF4615C
06A4019C
069391DB
053451A3
0552A5A3
0401ED8F
0792AD57
0A637D76
0D748190
1284B185
1184B57F
11B46544
16A490FC
1A1560CF
1B255CB6
1C1530CB
1B553CDC
1A056D22
19655D6D
19C58114
1A7530C5
1A2524BA
1C5554A8
1E5540EB
1BC65D13
1BF64D07
1E361100
1E963D7D
1D8745E6
1E27E5E0
1EC7B9EE
1F8791F4
1EE7B1F4
1E57E1E9
1EC7C9E4
1F17ADEF
1EB7B1F7
20579DEF
1F6785F9
1DE7D1EB
1E4805DE
1F67A9EF
1FB76200
1F37ADEF
1E4805DE
1E27D1EB
1F6785F9
202799F2
1E87D5E7
1D47E1E8
1EC7B9EE
206791F0
1EE799EE
1DC79DD1
1E07A5B3
1FF71558
1E6774E9
1EB640F9
1C55E4F7
19B5B0E6
1AE51CDE
1A9550CE
1B0568C1
1BC540CA
1CE51CD4
1D6544DF
1F6510F4
1EC6450A
1976D132
18858CEB
1AA4F094
1AA5049B
1AB518A3
1B44E0B3
1B746CCA
1A74C8B6
1A44FCA4
1A54F4B0
1AA4D4BE
1AE4BCD5
156468F3
1133690F
10C31D18
10031119
0DE42900
0E43A531
0D84094E
0F331173
08232185
00F3319D
034399AC
0623A5CC
0713ADEF
09336DC7
09F245B3
04D411BF
106689B6
1F3725D4
1D7795FD
1E56F9D6
1B95D1BD
1795817D
0DE5593C
07437908
095164D8
0571F11C
07A24D63
07B3FD81
0AF511AC
0FF55DB4
1024CDD2
0FA4EDAE
0E9369B2
093431A4
09A3F1AE
0AB37999
07A2A58F
02E2B18A
07C2E97D
0B63B589
0D24E58E
1134D996
0FC5059D
10A4654D
179478EA
1CE50CD7
1C0590C7
1C8548C9
1BE540C7
1AB558F1
1A15A914
1AE57CFE
1B44F0F0
198580DF
1BD588DB
1DB5A8F2
1BF63500
1B06213A
1ED5C178
1FF6D1AB
1D67E1E0
1D37E9E3
1EB7C5EB
206791F3
1F3791F7
1DA7D9EA
1E37F9E0
1F67A9EF
1EE771FE
1FC785F1
1F07A9F8
1E57E1E9
1EB7D1E1
1F37ADEF
1F1799FC
1F17ADEF
1EB7D1E1
1E87D1EA
1F07A9F8
1F9791F3
1EC7C1E8
1DF7EDE7
1EC7B9EE
1FB785F5
1ED7ADF5
1DF7E5E6
1C6741EC
1AB73976
1C864914
1DE548F2
1CF594B3
1CC528C1
1B9554C1
1AB56CC4
1AB554CA
1AD530D2
1AC564D1
1B2570C3
1E45D4AC
1EC738E1
1C669145
1C05A0F2
1C153093
1AA51C9C
1B2524A2
1BA508C3
1914E4E5
16B500C4
15B4F4A5
1464F4AF
1394FCB9
12F4DCCB
0E732903
0C402958
09D11551
0A90396C
07A19154
0671B596
06C2B5C2
04A541B5
0343C606
028285D8
04F2E185
05C395B5
05937DF8
06D335BB
0DC31178
115415D3
16365A11
1DE795F7
1CD77A00
1C7745CE
17F629B4
12F5C141
0DF440E8
0882A8D8
092254AA
07B24D2D
0BE2F19F
10F385B4
11B515B3
149589BE
13D5E1CD
133651B7
123531C7
0FC5199C
0BD46181
08336981
06130D72
0332F190
0722F5A9
09F3ADA5
0E24719F
12D4E1AB
0F449DCA
0E837D6B
1573ECE4
19C534D5
1A7540E5
1BA534CD
1BE530B4
1C3500C5
1B759CC3
1B25E8DE
1AF5A505
198634FE
1B65C10E
1C85C900
1D95E0F1
1DA5F16B
1DD6B1D4
1E97A1D6
1E27C9EA
1DF7EDE7
1EC7BDEB
1FB785F4
1EF7A9F5
1E37E1E9
1EC7C9E4
1F47A1F2
1EB7A9FB
1EB7B9EE
1ED7C5EC
1F27B1EF
1F17ADF1
1EE7B9ED
1ED7C5EA
1EE7B9ED
1F17ADF1
1F27B1EF
1ED7C5EC
1EA7C1EC
1EE7B9EE
1F27B1EF
1EE7B9EE
1EA7C1EC
1ED7C5EC
205765A5
1C26F962
1866492F
1B053103
1A458924
1B955950
1C75E905
1C0598D0
1AE564CA
1A6550C2
19856CC6
1865E8C2
191568C9
1EC544C7
2136A4F5
1E17113D
1ED61CF6
1E84CCB8
1AB4E8D9
1B0518F9
1C44C11B
16B5312E
13449936
10D48134
0DE4A13E
0B94F545
0B44414B
04C30D5F
0001796C
0000D961
0000915E
0000355E
0000D182
033045C0
0392CDAD
0004F5A5
0302F19E
07C1718C
0692E19E
0353F9B9
0462EDBB
140225B2
1C1529C7
1A47ADEC
1E0771ED
1C07A5E4
1C66C1B5
15961D84
10E47939
0DE2E0EC
07729D10
09722D36
0743D17A
0F83DDE1
16B4F5D2
167625C4
17D669C7
1796F1C6
197651C4
17B629BB
17F51997
0DB4F162
0543A557
05533D35
04A2E166
07F27D96
09737574
0F047D50
16248959
0D75AD50
0B439526
15723CE6
18C450C9
18D53CC9
1AB538C3
1B9534BF
1C4538C8
1C15A4C8
1C35C4DF
1C25ACFD
1BE5D0FE
1BF5B505
1C05851E
1F65253B
1ED6A981
1D37E5CC
1EB7C9DD
1EE7B9EE
1F27B1EF
1EE7B9EE
1EA7C1EC
1ED7C5EC
1F27B1EF
1F17ADF1
1EE7B9EE
1EF7C5EC
1DD7F9EA
1EB7D1E1
1FB785F4
1F4791FF
1EB7C5EB
1EB7D9DA
1EB7C5EB
1F1799FF
1F9791F3
1EB7D1E1
1E17EDE7
1F17A9F5
20176DF7
1EF7B5EF
1DE7F9E4
1D97A9E8
1E87595C
1D5658E1
1B1554E7
1CA5E8C7
1DE6014E
1C366DCD
1B67A134
1C75F8DC
1B3540D4
1AA538BC
19E534C5
19B534CD
1A84B8DE
1DD5A0CD
1F3768EE
1DF72140
1D7724EF
16A5D4C0
0DC4FD16
0E43CD71
0BF48179
0AA381A9
06E3F1B3
06E345D6
042441D1
04439DF0
026465BB
01B259C6
000119A3
0000E567
0000A154
0020893D
00207161
01A0B57B
0330ED98
01D24D9B
0292D572
0482615F
0492C17B
071289A5
0B1191D1
12B491A0
19F795A1
1B3749F1
1D1715E7
1AA6CDE1
1906599C
13348178
0CC31D33
0EE2C8D2
0FC2254F
10247188
11B631B1
15A5FA06
18A6BDEA
19C6B9E0
1A2719D6
1896A5E0
173645D7
12656DDA
0D153596
0A53C56E
0722894C
0682D506
05B2B13F
0A62ED6E
1082C54D
12043109
1663C914
0EA42111
0B0268FD
10E318AE
1454CC9E
1654B0B9
171568B7
198528CC
1BC51CD3
1BC5A8CD
1C65DCDD
1C25B8F5
1BE5BCF7
1B85B0FC
1B45553B
1D267158
1E97B58F
1DE7D5E1
1DE7F9E4
1EF7ADF2
20176DF7
1EE7B1F1
1DE7F9E6
1EC7C9E4
1FB785F4
1F1799FC
1E87D1EA
1F27C5DF
1DC7CDEC
1E87EDE3
1FE7A1F0
1F9779FC
1EA7C1EC
1E4805DE
1EA7C1EC
1F7779FC
1FA7A1F0
1E87EDE3
1DE7D1EB
1F479DF5
206791F3
1F07B9EE
1DC7D9E0
1BC7EDD6
1CD6E563
1E352900
1A25B12B
1D565553
2086D595
1DA795D3
1F16F553
1F3534EE
1B653CD0
1B1514B5
1A2520BA
1A4514C1
1B04ACD5
1EE4FCD7
20B62D0D
1DA74546
1ED6A111
100614E0
03E39D29
05511D6E
00D1ED78
0190B9B1
0001C9AD
00A0D5D7
000211C0
003175D5
000221B1
00713DB0
00A11990
0030E171
0000CD6B
00909167
0100BD6E
00010D73
0001058D
028089B1
0361C98B
02D24178
02C23D98
0951B5C4
0A5451B2
1196DDA0
1D36E9BC
1C2705DD
1C569DD8
18A651D3
1814BD75
11E2A527
0672D93A
0F72355A
1234D97A
15E7759C
1F86E9CD
1D7781E9
1DB6F5F1
1DC701EC
1E46E9D1
1A0679BF
1794FDC3
0E545DB6
0503D991
0732697E
06A27167
06C25D54
04F31D6D
0B73D185
13142569
1145593C
12D4913E
0B747935
070314EF
0E82C08E
13139482
1583788E
1723B0AF
17F510B5
1A7588CC
1AE5FCE4
1CC5BCEE
1C759CF6
1BB5B103
1AA5D10E
17D69D56
1B476D9D
205799C0
1E87EDE3
1DB7DDE9
1F27A1F2
206791F3
1F17ADF1
1DB7DDE9
1E97E1E5
1FE7A1F0
1F6785F9
1E67C9EB
1EE7F5E0
1EB7C5ED
1EE7B9EB
1F17ADEF
1EE7B1F1
1EE7B9EE
1EE7C1EB
1EE7B9EE
1EE7B1F1
1F17ADEF
1EE7B9EB
1EB7C5ED
1EE7B9F1
1F37A9F1
1EE7B9EE
1EC7D1DB
1DE779D3
1E37015C
1ED620ED
1CE5897C
1D26B1E0
1E77C9DB
1DF799F4
1ED79956
1E1624DA
1B5544CB
1A4520AB
189524AE
12F488C1
0C9454D8
11140CEE
1175D11E
17667165
1F66A128
1404F11D
0C31314E
0791092A
02B0B154
0150FD6F
00611182
00712995
0081758A
00917985
01513186
00A1457F
00114579
00211576
00010D7F
01111986
02D0E97E
01E1556A
01C1297F
0291518B
0311AD8F
0661CD98
09D1C1B3
0E246590
13068D9C
16A6E1D3
1BA6D5CD
1AD681CF
1A1641C7
142589CC
10E41D3B
12534C9B
11922546
1334D597
156791A6
191765F8
1D0789F2
1D7729F9
1DE6CA03
19472DFD
1507B1B9
12D515BE
0EF361BB
09A34593
04F2B584
04C2A169
04528181
08629193
0BA30DA5
0CD3E5AF
0D75498D
0F04799E
0E650972
0AF3CD70
09520D08
0D72806A
0FA3744E
11527C5E
1360FCBE
15D450AF
1B3600C4
1B75BD08
1C359900
1C558CF6
1C25990E
1BF69510
1B67617C
1CA779F7
1EE7ADEF
1EC7BDEB
1EB7C5EB
1EF7B5EF
1F37ADEF
1EE7B9EE
1EB7C5EB
1EE7B9EB
1F17ADEF
1EE7B1F1
1ED7C5ED
1EE7B9EB
1FD7A5EE
1F3795F5
1E37CDEB
1E67EDE3
1F27B1EF
1F6785FB
1F27B1EF
1E87EDE3
1E77C5EC
1F3795F5
1FA7A1F1
1EA7D1EA
1DE7D9EA
1EE7B9EE
202781EA
1F0769E6
1EF72193
20761152
1DB691A3
1D07A5E5
1EB7C1E4
1E37F1E1
1FE75187
1E05FD40
1AC55CF8
19B4FCAC
18C40CD5
0C4374FC
0032B90D
0720E932
0553D922
1046A512
2225BD0E
14D5ECFC
0CF2F138
0940B962
00915162
0061516D
0061357D
00514D87
00716D6F
0061BD54
01216171
00414D88
00013D8D
00511D93
0002598E
0111DDAF
01F26D9F
02C1FDA6
0192A5A1
0281BDC1
010265A5
09B181AA
0B7449A6
1207599A
1EC6EDC1
1B078DD5
1A56A9D2
19A5F1CC
17A5FDB3
0DE5DDA1
05D4FD7D
1202CD70
1594ED8B
1727A998
1E973DC2
1D1775E2
1CA739F0
1D76DA02
1E06D9E4
153785BC
11953DD0
0D12B9E9
03A31DBA
04027D9F
02A29D9D
024295A0
01D299A0
0B0271A1
1243816C
0FD3D54C
0DF3D134
0FF2D132
0D444930
09541158
09A240EF
0DB1686F
0DF1F879
0C01A49A
065344BC
109508D6
1D857CE5
1C25AD00
1BA584FB
1CA55CF6
1AC6513D
1CF70D88
20776199
1E7811A2
1F074DC7
1F27A9D2
1FF7A5DF
1ED7C5EA
1DE7D9E9
1ED7C5EC
1FE7A1F0
1F27A1F3
1E37CDEB
1E97E1E5
1F67A9EF
1EF789F9
20276DF2
1F1799FC
1E17EDE7
1E97DDDA
1F47A1F2
1F278A06
1F17ADF1
1E97DDDA
1E47E1E8
1F1799FC
1FE779F6
1EB7C9E7
1D8811E4
1D77B9EE
1DB74DFA
1D9789F6
1D6819B8
1E67499A
1D9705D8
1DC76E06
1EB7C5EB
1E77E5D7
1EA7FDA4
1CC6599A
1B15152F
1494B0B2
0E635CF8
08724938
0380FD41
05412D24
07311935
0B43C504
10E594EA
1014E10D
1013A93B
0901F977
00024169
00117570
00512D7B
0051497C
00D14558
00E16D31
00B16161
02514192
048101A5
06932D80
0954C97F
099459AE
08D4B1AC
0A6431BD
090559A7
0AA419C7
0AD3E1A5
10647170
12B62DA6
1756DDF4
1D374DEA
1AB6F5F6
19165DDB
176625B7
15562D95
13960976
11A5A5BB
150589F8
159755D9
193715E9
1CE6F1E3
1CC71DD6
1D16F1ED
16F6B209
10970DC8
0F3571B4
0EF301E0
09C351CE
05B31DAE
0452F58B
02F28DB5
04B255D9
069245C7
0C53C98E
12C54118
141470D9
1662E8CB
14E47877
140508CB
0E237952
0B5158F0
0AF19857
09419C8D
0C7230B4
0D441CD5
14052908
1C05E8F2
1B85ACF6
1B2574F6
1CA64CDC
1D17096C
1D67120C
1F1771B6
1DC7556D
1DF5E1B8
1EC6D9CB
20477DD4
1EC7C1E8
1D8815E2
1EC7C1EB
20176DF7
1EF7A1F8
1DE7F9E6
1E97D9DD
1F7791F3
1EB7A600
1FA7A9EE
1F279DF4
1E67C9EB
1E97E1E5
1F27B1EF
1F4785F9
1EF7B5EF
1E77E1E5
1E77C5EC
1F279DF4
1F97A5F1
1EB7C5EB
1DE7D1EB
1C07D5EB
1B6741CF
1D17A59C
1EC7C1AC
1DE7DDBD
1DB791DD
1E5791F8
1EE7B9ED
1E87EDE3
1FC78998
1C86E955
1AC57D13
0E94E0C1
03232120
04017D79
02B16974
02C1716D
02D18163
04518D59
01A41D07
0AA468E7
1612ED30
0C716182
00319D7B
00B11982
0001696D
0001895E
01011D5A
01210151
0001696E
04216196
0533319A
0BB5A18E
17553DA7
138625A6
12B575A5
1534E9A0
166501A8
1495ADA6
152515B1
1945B99F
1D0665BD
1C5715DE
1DE6C5D8
1A26E1CC
17A665B7
15B6219E
1375E9A5
18E619A0
1DF651C2
1C06F1DD
1B66F1E7
1B86A9F7
1AC6FDE5
1BD709D8
1EB60DED
11862DED
05C58DF5
0773E210
05F40A05
050461F4
0633A5DD
044369BB
02F2B1C9
07722DD2
0873B5B2
0D454990
14E55976
16152166
16556950
17060134
1AA4FD2C
11240927
09F234D3
08518863
0401C468
0FF19873
174394B8
16E5DCF9
1BA5B501
1AD59D09
18C60539
1C86AD62
20572DAA
1E1791F6
1DB789CC
1AC761A7
18A691B9
1DA671B9
208759CB
1EB7C5EB
1DE7D1EB
1EC7B9EC
1FA7A1F0
1F07A1F3
1E37CDEB
1E77E1E6
1F27B1EF
1EE795F7
1E87D1ED
1EE7C1EB
1F37A9F1
1EE7B1F4
1EB7C5ED
1EC7C1E8
1EC7B9EE
1EF7A9F5
1F17ADF1
1EC7C1EB
1E87D1EC
1EE7B1F1
1F47A1F0
1D4749F6
1D9609BE
1D66CD58
1B97B59B
1C3759FA
1C27DDEA
1D17A1EB
1D67C5ED
1D1759FD
1CA7A580
1C666128
1B356D00
0FE410E6
04E1ED5B
03C1A1A2
02A1A9AB
04E195B6
07819595
0AF26561
0DF39505
0D943CB6
0E93810B
0821D178
00314D87
00016185
0001D55C
00713D4B
0100B962
01813162
01F19978
08726983
0CB461A4
107539E0
15F579D9
15560DCD
15F631A2
15A58589
1514C1AF
153501BC
15154DD8
17B609E9
19D741CC
1B96B5D8
1DE609CC
1C2689A7
1C26019C
1AF62581
1C34A9C9
1BB65DC7
1CB749C7
1C871DE1
1C5705EC
1B0705F5
19A741E2
162611F1
124525F2
0BF51DDE
06944A17
05D4363D
04B49231
05342637
05E3D614
04D35DF6
04A255EA
0933A1A6
0D34EDA2
11E585AF
16E5F5CA
176679E4
171789DF
17163212
16F5B97F
0FE3B912
0871B4D6
0781BC68
06817C4D
0C52041D
0EB3B093
13E4C117
1AB5B50B
1B16290C
1BE5ED8A
1CD6B9F0
1E67C5DF
1D87B9E9
1C77D9DE
1B16C5EF
193621D2
1C37218E
1EC7F1B3
1EE7B1F1
1F47A1F2
1EF7B5EF
1E87D1EA
1EE7B9EB
1F47A1F2
1EF7A9F5
1EB7C5ED
1EE7BDE8
1DB7D5ED
1E87EDE4
1FE7A1F1
1F7779FD
1E67C1ED
1E2805DE
1EA7C1ED
1F7779FD
1FA7A1F1
1E67EDE4
1DA7D9EA
1F279DF4
206791F3
1CC7CDEC
1C16D599
1E854954
1B565956
1C96A967
1E36E962
1D37A952
1ED6DD68
1D46B572
1C56793B
1CF56517
1C64E105
1043C905
03F26962
0421A5AE
0361B9AF
0781E5AD
0C221969
12731D12
1903D4E6
0E74FCB6
08C2D92B
05712D96
00017588
00016181
00B11D6D
0100B15D
0001056F
01E15981
03B1F18D
0F02299E
16946D9D
1475CDB4
14861DBC
169695C1
1A4649B4
1605F9AB
11A591C1
15D431EC
14F5B5DF
172625EC
1906D5E2
1A6675F3
1AB6C9E1
1BD701D2
1D86F1C5
1D5769AD
1F06A1CF
1D4775CD
1D374DDD
1D1745EA
1D173DE6
1B173DE3
1B85D9FB
10D4E20E
0464F5FD
0514A1F1
05545A03
05446E0D
05646A21
05D3FE3E
05E429FF
04B419C5
02D42DBB
0AF4E5A1
133555B4
1655F1C6
198685D7
1A27A5DD
1E270DDA
191685DA
15C58D75
0E933931
04C254E3
0681F486
0791A07A
0AE08C7E
08429C82
10F47089
1C44A0D6
1AC734EF
1EC6994A
1E47558A
1F577997
1D77DDA0
1E66F18C
1CC64574
1886B198
1A979DB0
1E17C5CD
1F27A1F3
206791F3
1F17ADF1
1DB7DDE9
1EB7DDE5
202799F2
1F9779FC
1E77C5EC
1EE7F5DF
1DF7F5EC
1EB7D1E4
1F8791F4
1F1799FF
1E97C5ED
1E97D9DD
1EB7C5ED
1F1799FF
1F7791F4
1EC7C9E4
1E17EDE8
1EF7A9F5
1FE779F6
1DE7ADEF
1CB8056B
1DC6A50E
1DE57D04
1DB5FCD3
1EB59CE2
1DC630DC
1F257CF0
1D3604E8
1C161CE2
1B95C0E7
1B256CF1
0FB37926
0351D983
02E1A9BB
02B1A1B7
0661B9AF
0A91F94E
0E5388CF
1174E8BB
0C2350F0
06A18D5B
03917D9D
00C1B187
00D10985
0090A579
0170D160
01B11182
05D1A59B
0A5225A3
11F3E58C
1905FD75
18B67186
199641A9
19E699BF
1AB6D1BE
18B6A5C7
1626D5C8
17B651D7
17270DD1
1906E5DF
19C771E1
1AE719F8
1AA789F5
1C274602
1CF77DF8
1D4761F7
1DA751F4
1DB759EF
1E1735F5
1BF76DF3
1A07A5DE
15A619F3
10A4DA11
0B04521D
04D43E11
068449FE
08D3E9FA
06D481E0
0534A608
04E46A39
0474D9E2
08B4A198
0BB4ADAA
11E555AE
1865C1C7
195631E2
1A76ADEF
1A671DFE
1BA725CC
1B06B1A6
1A06A94C
0FD48126
06B1D10A
07B248A0
08828096
085170A9
0761287A
0CF22C2A
12D1FCC9
15F5291A
1DD63526
1D56B941
1D172552
1CB69579
1D45F93E
1D1664EB
1BC66D71
1C371DE7
1D57F9DF
1EB799F4
1FB779F6
1ED7B1F1
1DF7F9E6
1ED7C9E4
1FB785F4
1F1799FC
1E87D1EA
1F07C5DF
1EE7B9EE
1EE7B9EE
1EE7B9EE
1EE7B9EF
1EE7B9EE
1EE7B9EE
1EE7B9EE
1EE7B9EF
1EF7B5EF
1EE7B9EE
1EE7B9EE
1EE7B9EE
1EE7B9EE
1EC7B9EE
1F9795A5
1D474D60
1BE65942
1C759920
1B45BCFD
1BA5A4E1
1BB58CEB
1B9578F5
1A360903
19D5E121
1B94B92B
0FF2B54F
01422D88
01B1B1BB
01C1BDB1
0531A9A9
07C24966
09A39D14
0EB2C138
09718D68
01B1C180
01E1C59A
03D11D78
02909556
0000B95C
0250B565
03A18544
0A42691F
12228D07
1685C8A9
20851D28
1BF7A962
1DA6F59D
1CD6C9CC
1C66B1C2
1C4721AB
1D06EDBC
1BF73DC3
1BF6F1D3
1C46F9DC
1C3725E6
1CA70DF7
1C974DF9
1D674202
1DF76DFC
1DB775FA
1D8771F8
1E0775F4
1EE765DA
1B27C5B7
1B15E9DA
10E4B5F1
053455FF
06137A14
04045600
07445DFE
0A846DFA
0794C5F3
0554ADFF
04D4920C
0424CDE0
0D4481BD
13C565C3
1875E1D3
1DA631D1
1C9695D0
1B86E9E1
19B741F3
1996D5E7
1D0655DE
1FD66D9E
0FE61D70
04B38513
0922C087
0BE24484
0771DC82
03814473
06E03C6C
03A268AD
0D65A4D1
1D559CFA
1BE6391B
1BD62932
1B659555
1976113E
1CA5FD33
1E168567
1E17019E
1EE745AB
1ED785BA
1F377DCB
1EC7C9D7
1EF7C1E2
1EE7B9EE
1EE7B9EE
1EE7B9EE
1EE7B9ED
1EE7B9ED
1FD785F1
1F17A1F8
1E37E1E9
1EB7D9E0
1F37A9F1
1F1799FF
1F17ADF1
1EB7D1E1
1E67D5EA
1F17A1F8
1FB785F4
1EC7C1E8
1DE7F9E6
1EC7B9EE
1FF789D6
1DE749C1
1C76E988
1D065952
1D95D119
1DE608CF
1F1564EA
1DA664DF
1D967517
1C25C960
1B255948
0F235558
01E1CD9D
01D1CDBB
0241C9AD
03C1C59F
04E1ED8E
06B2297C
09E171A2
06218DB6
02C1B5A9
02213DA9
0230C167
0180DD17
0040BD41
01F0F962
03A1CD0A
0791D0C4
0DF078AA
0FA28043
13324111
15A475A8
17C78597
1A06D1DE
1D2615D1
1CE67DAB
1C56CDB9
1BF6E9CD
1C76A5DC
1CD6F9DC
1D5731E5
1D5751F0
1D7765F6
1DB76DFE
1DF791FC
1DB785FE
1D5795FB
1AF75201
184785C3
17B5DDB0
16C421D9
0FA411DC
09D355F3
07741DE6
04B509E1
07A4C5F6
09E4F5FB
0804DA0A
06A4ADF7
0C24A1DE
11C479E0
1425C9C1
16F6BDCF
197695F7
1B770DD5
1C26F1C2
1BD729D4
1B96D9F3
1BB66206
1C76D604
1D378DD5
1415B5E7
0EF27959
0CD24084
0862786B
08C21C5F
0A212C6F
09F15C65
0AD090BF
0F3340C7
14E548CC
18E5A0F8
1DF59908
1C862D0C
1B766138
1C365569
1CA6D15B
1DF6D158
1F66A977
1F071D88
1F173DA8
1F0779C5
1F6789DF
1E97ADF8
1E17EDE8
1EA7D1E1
1F47A1F0
1EB7A9FB
2047A1EE
1F6785F9
1DE7D1EB
1E4805DF
1F57ADF0
1FA76A00
1F27B1F0
1E4805DF
1E37CDEB
1F6785F9
202799F2
1EA7D5E8
1D67E1E8
1EE7B9EE
207791E3
1E97A1D6
1D7759B9
1D97099E
1D86D183
1E46B165
1E26ED63
1D97E54F
2086F14C
1EE5D94E
1C752159
0F735580
009285A0
01F1FDB5
02E1C1B4
0281A9B1
01B1C9A7
0271B1A4
02C1D59C
0341E597
04D1758B
02510D82
00011967
0000D552
0040B965
0230E571
0361A151
01B21537
031148D4
0500946F
02717CBD
11013522
19147D6E
170725CE
1C167DCD
1D75B9D1
1B86A9D0
1B4701DD
1BE6F1DA
1D471DD3
1E9739DF
1DF79DE7
1E7769F1
1E5789F4
1E877DEE
1DF79DE6
1E971DDF
18D6F1D4
1535ADC8
1433D9CA
0E14B5C3
0D2415DD
0B3419D9
091489CB
0714B9E5
08B4BE02
0A64E1FC
086531F4
0774D9FB
13149DFB
1C55C1E0
1AA761BF
1C56EDDA
1B86F5EC
1B76C1DF
1C56D9CC
1D06E9D8
1D16A9EB
1C86DDF0
1C8751EE
1DA745E3
159755D8
1484553B
1220CCAC
058200A5
08B2B0A6
0D12C0AB
0B231CAC
0B0268CB
0F6180EE
0E03E4D0
152588C2
1FA51900
1CB6E90E
1D668956
1C96599C
1AF6E594
1D0671A3
1DE6C590
1E76E982
1E7715AD
1EE741D8
1F876DE6
1E9799F5
1DB7DDE9
1E37F9E0
1F67A9EF
1EE771FD
1F67A1F0
1EE7B1F4
1E87D1EC
1EB7C9E7
1F17ADF1
1F07A9F8
1F07B9F0
1ED7C9E7
1EB7C5ED
1F17A9F5
1F679DF2
1EE7C1EB
1E57E1E9
1EE7B9EE
1F679DF2
1E87B5F1
1D97DDEA
1D9789ED
1C97C1EE
1D576DFB
1D17C9EC
1DE7A5E8
1ED7E978
1D271123
19F68546
0ED44992
03C23DB9
0341E1B5
0261ADBD
0211A9C0
01B1B1C0
0261C5BE
02E21997
0291D17F
02618969
0171714F
00018565
0000E98B
00305D92
01B1157B
02E1E18D
02B1B1B7
04219506
05915459
06809866
0CC1B845
1102C12C
14F575EC
1CD721C4
1C26E5CB
1A771DDA
1B0701EF
1B9705DF
1C1701D1
1BD739DE
1CA739F0
1DA731F2
1CE735F5
1BE775E2
19071DDD
1656E1C2
13C5B1BD
11844DC4
10C4D19E
0DF65992
1094D1CA
11E43DCB
0D0501AE
0A0471E9
09949A12
0984CDFE
0E3459F8
12441E10
1685E1FB
1B5769DC
1BB725E9
1C36F1EC
1AB6DDED
1A7631F1
1B16CDD6
1C271DD2
1C4705D8
1C0721E0
1CA731E8
1D4745EA
193705F5
16E6F10E
10339C73
054170E1
0852D8F7
0B8468E7
0C037913
09E464D5
111368C0
17F270D1
18446CA0
1DD2FD1E
1AB53949
18B6D974
1AA70DBF
1C57C5BB
1D9735D4
1EA70DA5
1EA72D70
1E56F5B1
1E6739E7
1F3759ED
1EA7A1F0
1E77D5E9
1EB7C9E7
1F17ADEF
1EC7B1F4
1E37C5EF
1EA7D1E9
1F67A9F1
1F3791F7
1EB7B9EE
1E97E1E5
1EE7B9EE
1F5791F7
1F67A9F1
1EC7D1E9
1E67C9EB
1F17ADF1
1FA7A1F0
1EE7B9EE
1E27D1EB
1EA7D1E9
1F67A9EF
1F07A1F3
1EB7ADE3
1E97EDCF
1FD751D9
1F47A1CE
20C6F9A1
1C078D5B
1A95E189
0E7529A6
04C329BB
04C19DC2
01A1B5C2
01B1ADC4
01A1BDBC
02C1C1B4
0401CD9A
01D1BD84
00018188
00A1558A
01216980
00012D7F
0000C195
01A10D9B
03B1A1A5
0371F9B4
0521CD5B
0531D0FE
06114CB6
08513466
051320DE
10C5CD3F
2016C17F
1BB799CA
1A7729C5
1B2721B8
1BE6F9C1
1B7695D1
19E6E1CF
1B66FDD1
1D66D1DA
1BE6C5E1
1A66D9CC
1456A9BF
0F65C9C2
0E3485CD
097559A5
0F54A19D
12B51DAE
1564BDD4
16558DC0
0EB695A9
0B7531B0
0AD4D19F
0A6419BC
14D345DA
19A581DA
19877DE2
1DA73DE6
1D16FDEC
1BD71DEB
18D761E7
1786BDEA
197709D8
1BA715DA
1BC719DF
1BF715E5
1CB709EB
1D3725EB
1C5729EF
1E76316E
10C45109
0172ECF3
08D344AE
108304D2
107280FF
0BE47918
1214D553
19250946
14E6052B
13B5095D
1774298B
1675D99C
19A789AB
20277DC1
1EC7E1D2
1EF791C3
1E5765B2
1D274DCC
1DA779DF
1E47ADE3
1EA7C9E9
1F67A9EF
1F279DF4
1EA7C1EC
1EE7DDE5
1DA805EA
1EB7D1E1
1FB785F5
1F279202
1E87D1EA
1E97E1D7
1EB7C5EB
1F279202
1F8791F4
1EB7D1E1
1DE7F9E6
1F17A5F5
204761F8
1EF7B5EF
1DB809E3
1EA7CDE4
1FB779F5
18C72E08
1057F1D6
12267DD5
10E69DD1
133605DD
155585DB
1315BDCA
1274F5D7
0C548DDD
082331D1
05725DB7
0211BDC7
0251C5C6
02B1C9B7
0281C9AA
0271CD98
0171898C
004139AD
00916DC1
0151C592
00F13D77
00D03DAF
018121BA
02F1B5B5
0321D9BC
036205B0
04F181B5
07018114
08417474
06F1CCB3
114458BB
19779124
19B71DE5
1BF6B1BE
1BB6D18A
1A57459C
19F6B5C5
191695C0
1B6691B7
1DD669C2
1926A5C7
14C6D1AB
1635A9AD
179479C2
14F5B5A1
12570971
13A59980
1334EDB5
15F5D5C4
187715B0
106631D1
09E5018E
0C042141
0D332182
13F54177
1A179197
1B875DF2
1D5761EA
1D5731E8
1CE731EC
198709F5
178621FF
1966D1E4
1BB725E1
1BD715E8
1C0705EA
1C7711EB
1CC735EA
1C4721EF
1C1735AB
12E4E5A1
0CC16548
0DE2AC7C
100258AE
12F428AE
15958142
1655E1ED
16B76DC0
1535BDE0
0FB68DA6
13B50DA0
1554B1C6
170639C0
196765C8
1B8771EB
1CF80DE3
1DF789F5
1EE73DF0
1E57A1DA
1DA80DD7
1EC7C9E4
1FE779F6
1F2795FF
1E67D5EA
1F27C5DC
1DF7CDEE
1E97DDE7
1F97A5F1
1F6785F9
1EA7C1EC
1E57F9E0
1EA7C1EC
1F4785F9
1F67A9F1
1E77E1E6
1DF7CDEB
1F27A1F3
202799F2
1F07B9EE
1DF7D5E9
1E87D5E6
20A715DC
1495E5E2
078539E8
08836E04
04847DE8
075455E7
0944A1E3
08B511DE
08D519E1
08750DE8
0A43EDE0
0682BDDC
015259CF
02D1EDC2
03D1CDB6
0251CDA7
013195A0
0121519B
000185AF
00C1A9C6
0251C19A
01519576
00312D95
0101A99F
02B1A5AE
02D1BDBB
03F1C169
0691C917
0A0170B9
09F0F85F
0711707E
12F1D09B
18F4B92A
17173DC7
1C86A5C1
1CB5DDC2
1A9651B8
19167DB5
17C675C3
1AF625D7
1DB645B3
1636C58B
1076297C
1834C57D
1CA51577
1BF6F150
1F865161
1995A579
1225C18F
1736CD8C
1F266D78
11F6A55E
08D4797F
0CC2E98E
0AD469A4
12E6BDA4
1E870DC5
1DA749EC
1D9741E9
1DE735E7
1E1739E6
18D785E3
163661EC
18C701CB
1C3705D7
1BF715E4
1C0711E4
1C6711E5
1CB71DE8
1C3721ED
1C4709C9
13372DA2
0FF48D34
1072F8AD
09C440F8
14557140
2165A936
1D870518
2014DD1A
1BA40CFF
1384A952
1274C5AF
118529B7
13C559C4
14C649B9
1986B5BA
1E86E5CD
1E77C1D3
20678DDE
1F37A9E4
1E07D1E4
1EC7D1E8
1FE7A1F0
1F6785F8
1E77C5EC
1ED7E9E3
1F17ADEF
1EE7B1F1
1EB7C5ED
1EC7C1EB
1EE7B9EE
1EE7B1F1
1EE7B9EE
1EC7BDEB
1EC7B9EE
1ED7B1F1
1EF7ADF0
1EC7B9EE
1EB7C5ED
1EE7B9EE
1F17ADEE
1ED7ADED
1F17B5AD
13756DA8
07C2DDEF
060311F1
0502E9EE
05C369DC
073359F1
06D419F5
064511EE
0754F5FF
08750DE8
0603D9F0
03E2A9DE
039221BD
0281E5B3
0221A1A8
01C155AA
0131A19D
00A1D5B3
01A1EDCB
0332159C
0201BD79
00E11994
01518195
02518DA8
02A179BF
04616D24
07B1A083
0A41BC56
09416036
0850A853
0D41A847
0FF2D91F
14453DDB
1B8711BA
1B065DD8
1AF599CF
14B531C0
0A46EDBE
0FE55E03
1196999E
13B5996D
13D5A149
16654D2D
1934B147
18B58141
1746C93F
1835A575
1894F58D
19363578
1C964139
12C5091C
0992DD89
0E2331B7
117431E7
16564DFC
1DE735E5
1DF731E7
1E1721E9
1D8735E7
1D373DE4
17D6ADF0
1534AE06
18363DC8
1C1705CB
1B9705E1
1B5715E0
1BC701E2
1BD715E6
1B9701EF
1B96F9E5
17B6CDDF
15967D3D
167530B0
12652D54
165525F5
1BE5DD2F
174424A4
12820C81
0F92C01B
0A0384F2
0CA3EDCD
0EC5B5A7
11A4C9C0
11E589A2
1545DD8C
19757DC0
1B0621DD
1AD7EDCF
1CF7C1EE
1F17ADEF
1EF7B5EF
1ED7C5EC
1EE7B9EB
1EE7B9EE
1EC7B9F1
20179DEF
1F4785F9
1DE7D1EB
1E37F9E0
1F37ADEF
1F876DFE
1F27B1EF
1E57F9E0
1E37CDEB
1F4785F9
1FE799F2
1E87D5E9
1D77DDEA
1EC7B9EE
202791F3
1F0795F4
1F86E9CD
1194EDCC
01C3CDE3
02A31DEA
027315DC
033301D0
035321DF
0592F5F5
05F3F1E8
06C4D9DE
0994B5E3
05A521DF
062355CD
050201B2
0181D5B7
01E171C1
0131A9B7
0161E9AC
00D251C9
023231F4
0332C9AB
02520984
00619D93
0101A596
0181A9AA
01C199C2
03317D4E
0820CCE8
0812A492
0791C87D
06713869
0870A455
04028D09
0FA471B8
1DC5C1C4
19370DD6
1B454D8E
14D1F16F
0433959E
0992420A
0C836D62
13E3A8CF
19640D01
1435E516
15145D51
15E3797F
12057D47
17D5653F
1D55495C
18F6E953
1AF54144
11E3E934
0663717B
10F2E5BD
16653DCC
17D76DE1
1E072DE5
1E1729E6
1E3729E5
1D1749E1
1CB709DC
146759CD
0FC5ADCC
16764192
1C96C5B5
1B46FDE0
1B26CDDF
1B66CDDB
1B66E5DD
1B26F5E1
1B06FDDC
1BB715D6
1E96657D
1FA53532
1CD5796B
195581AA
1A243D09
10314895
0001545F
03D0343E
0161F08E
0972D0EF
13D2E8F1
13631CF7
11E3BD1A
1045B91E
1594013A
1A73DD32
1906A97B
1AB7E1EB
202791F3
1F3795F5
1DF7D5E9
1E67EDE1
1F67A9EF
1EE77DFC
200779F2
1F17A1FB
1E17EDE8
1E97D9DD
1F27A1F2
1F278E03
1F17ADF1
1E97D9DD
1E37E1E9
1F079DFC
1FD779F6
1EA7C9E7
1D9809E5
1EC7B9EE
200775F8
1EF7A9F8
1DE80DC3
120609C9
071359F4
052339E0
033321CD
035319B7
0362F9CB
0432F5DB
0552D9E3
0553B9D5
05C431E5
0463F207
03A3C5C3
03E28598
0291C9BC
0281D5CD
02A1EDC5
04326DB3
05231DD7
04D3B9FE
04C4DD9C
03C31D7D
01D18D9F
01F1C197
0211D9AB
0381ADC5
0511E970
07F34101
07F62C92
0802ECB2
0511B481
0761503A
06F12D07
0B43B194
1195A9B5
147629FA
19170920
1304649A
09D20550
0951A1D5
0C40E117
0FB24427
1351CCCE
0F33514A
0E837D6B
11240D81
1285D529
1665010D
18E48D46
1774F96C
18946D4D
1054112D
08432D7F
11747998
1906B9A9
1AE70DE9
1DF719E7
1D9721E6
1D2735E2
1C06F1E6
1B5691DB
15660DD6
12E3C1D2
18156D6F
1C371991
1B76C9E4
1BA649E6
1B76A5D4
1BA6B9D4
1B86D9D4
1B86E5D6
1BD705D6
1C573DAD
1BC6459F
19368D74
1295596D
0BA52CAD
0931E834
0260643B
0350681C
04006C25
08014C19
0E60C431
0CE17C2F
0D20CCAF
0D11D107
11C0FCD8
1784C43D
1DE6AD09
1D8749F6
200779F6
1F07A9F8
1DF7F9E6
1EB7D9DD
1F67A1F0
1EB7A9FE
1F57B5EE
1F17ADF1
1EA7C1ED
1EA7D1EA
1EF7B5EF
1F07A1F3
1EE7B9EE
1EA7D1EA
1EA7C1ED
1EF7ADF0
1F27B1EF
1EB7C5ED
1E67C1ED
1EE7B9EE
1F67A9EF
1F17ADF1
1F07A1DE
1127C9CD
07F561D9
07B341DD
03933DD7
03431DD3
02B30DDA
028309E0
0262F9E0
0312E1E2
02C351E0
03030DEE
0362F5CE
03C245BB
02A241BD
033251BE
03C265C4
07B2A1C5
0993E5D7
082515EE
0A74A5B5
05B3D987
01B251A7
02B1E5AD
0321F582
05F1D95B
07B294F6
0BA47477
1363AC93
0C524CC2
0421ACCD
0710C8DA
0482514A
052389C1
06B4B9C8
0F85B5D2
1B359186
11551D49
0923893C
07B24527
05319112
07F118F6
071260F8
07D28115
0822F918
0EE3E50E
1713F121
1593E13D
12E48942
1414355D
15442542
0E34991E
07945177
1394FDB5
1EB655C2
1D5721E2
1DE70DE0
1D3711DB
1CC6EDD6
1AE6C1D3
193685D0
12F6A9C7
10850190
1A545D3E
1DE6517E
1AE6F9E0
1A76C1DD
1B36A9D6
1BA6ADD8
1BB6CDD8
1BD6E5DC
1BE6F9E1
1CB6DDBD
1AB665A5
19C57D6D
0D049539
0262E8B3
05A04C40
02D0702F
02F06C20
02C08025
0300982B
0340B832
03608C40
0210C09F
05A00913
01B3C509
1075CD22
20A6BD85
1E97BDEE
1F67B1EF
1F17ADF1
1EA7C1EC
1ED7C5EA
1F27B1ED
1EF7A1F1
1E27E9EB
1EC7C9E4
1F7791F3
1EF7A1FB
1E97C5ED
1EA7D1E1
1EB7C5ED
1EF7A1FB
1F47A1F2
1EC7C9E4
1E37E1E9
1EE7B1F4
1FB785F5
1EF7B5EF
1E47E1E8
1EE7C1E8
1F9791F3
18774204
12E679D2
0BF4BDB8
03E355E2
034339EC
02A321E9
02C319E4
031305DF
033305D8
037309CC
034301C2
0362C5CA
032299D1
02C299C3
034299B5
038299CA
06538DC7
081509D2
08C50DFF
0A3535BE
05F3C1A5
0211D9CD
0311E1C6
04923156
068250EB
08F2109A
0F32FC2C
1652A076
0D22A0BD
0621791C
05425549
0373A18A
06035DED
091351E2
0F44EDAF
17255DD2
11B46E18
0D145539
0CC3686B
0B41691D
07228587
04D3C10C
08B278CB
0B817CD8
0D8308AB
1192ED0B
10A47D45
12053D2C
1494313D
16B36D40
11642D22
0D63A997
1475A1CF
1CE735C2
1CC711E0
1CC70DD8
1C36E1D4
1BB6C1C9
1A5695BF
19163DCB
1545EDD6
14449973
1A74D4E9
1A974145
1A06D5E3
19E705D8
1AD6A1DA
1B1691DE
1B26D1DB
1B86E5E2
1B86DDED
1B9701C4
198649B0
1934ED5A
0ED2B11C
0460C4B4
0460A41F
03008C21
03108022
03307C28
05A0AC28
08D06C33
0CB1BC18
14507C8A
1143FC91
0EA6A130
16E6A207
1F6789F2
1ED7B1F1
1E27EDE8
1EE7C1E8
1F9791F3
1F17A1F8
1EA7D1EA
1F07C5E2
1D87D1EE
1E67EDE3
1FE799F2
1F876DFE
1E77C5EC
1E1811DB
1EA7C1EC
1F876DFE
1FA7A1F0
1E67EDE1
1DB7DDE9
1F479DF5
20978DF3
1F07B9EE
1D77DDE8
1E97E1E5
202799F2
1EE77DFC
1F8699E5
10D5A5D7
0214A1E0
03436DE9
027361DE
030345D5
037331D9
035321DE
033319DA
02E309D7
0282F1DA
02D2D5DC
0312D1C9
0372C5B8
025349D2
05D3E5E9
08F4C5ED
096521FF
0BB4D1CD
05D401AB
00D2B586
0452254E
065278F4
06530C96
07A2908A
1052187C
15B32C95
0BE41CB5
0503212E
04939184
058371B5
071355E6
078415E0
0CE509D3
1404FDD6
137419EF
1303B58C
0FA4151A
0BB41544
0684B55F
06931510
0A61D4B9
0932710E
0852F566
0704056C
09C6195B
1304A563
1533D160
15244D42
12E4B128
0F853D75
14B6F5A5
1D66F1BB
1C5709D3
1BE6E5D1
1B56A9D2
1A8699C6
196681BC
183659C1
15368DC0
16B4D561
1F325D12
1BB58557
19E67DCE
1AD685C9
1B1655CA
1A56B1C7
1A870DC2
1BC6C5CD
1B76BDD3
1AE6F9BD
16E6F9AF
19042945
1130ACEF
0260EC86
03908C27
02E0984A
03205C73
00B170A9
0660C104
0772F4F6
1094A8F2
1BE50D1A
1AC7FD0A
1F575187
1F27A1F0
20A789F2
1F17ADF1
1D77DDE8
1E97E1E5
202799F2
1F9779FC
1E67C9EB
1EE801DC
1E37DDEC
1EB7C9E7
1F679DF2
1EF7A1F8
1E97C9EB
1EA7D1E1
1EB7C5EB
1EF7A1F8
1F47A1F0
1EC7C9E4
1E47E1E8
1EE7B1F1
1FB785F4
1EF7B5EF
1E47E1E8
1EE7C1E8
1F9791F3
1EC7A5F8
1E07D9E4
171681F7
10C4FDEE
0A4419D8
02E399D4
032395C2
03636DD2
031359E1
02F33DE6
02F33DE9
033319E9
04A339E3
0702F5D1
06935DB0
05E38DE3
06B46E06
080531FA
0A652200
0CF549C9
0CF3CDBA
0E020D5F
0A7388BA
0AA28C97
0CB2AC59
0E828885
1243249F
14F468A3
0E341CCF
08030968
066325E4
05A351E0
0813A5D8
097461E8
0C2561F1
10B5BDC0
0F8409C1
0D22CDEB
0C748DCF
0C962179
0AF3E57B
09B1E521
0BC2B484
0B635145
0A332E17
0A4389EF
0C9465BA
1183C9A1
11B4B566
12456140
1524F133
15F53577
182685A3
1C3701AE
1B56CDCA
1A36D9C8
1A7681CF
1A2681C3
196659BA
18A61DC1
171629C2
17B5A144
1B3508C6
19C60935
19A63DB7
1AD659B4
1A9691AF
1A56BDB1
1BF6A9B7
1E0659BE
1936E5B3
144785AC
120529E9
0E34D113
0C123072
0660E85A
0A00F421
0D608871
0A02888C
07D3890B
084329A9
0435CDB4
1095CDF6
19C7E1D5
1C37B9E9
1E37E1E9
1EF7ADF2
1FB785F4
1EF7B5EF
1E47E1E8
1EE7C1E8
1F9791F3
1F17A1F8
1EB7C5EB
1F17BDE2
1F67B1EF
1F17A9F2
1EA7C1ED
1EA7D1E9
1EF7B5EF
1F07A1F3
1EE7B9EE
1EA7D1E9
1EA7C1EC
1EF7ADF0
1F27B1EF
1EB7C5EB
1E77C5EC
1EE7B9EE
1F67A9EF
1F17ADF1
1EA7C1EC
1ED7C5EA
1F27B5EA
1D27B5EB
1E75F5EB
11F445EE
027435DF
0303E1D1
0313B1E0
02A3A5EB
0203C1EF
02C391FA
02940DE1
05C41DD1
0943F5D6
0963EDD9
08447DEB
07454DF7
07F541F8
0BA519FA
0FA4E9E0
13140DD6
1414D970
0B96B4F5
0AA3E114
11F1C920
137324D6
1573AC9F
16F42CB9
0F74C4D3
09B40948
085339BF
05F36DC9
09C37DD4
0B64B1E0
0A469DDC
0FF509D1
0C734DCD
03D41DE2
0955ADE3
13B4DDB9
0F62FDAD
0862F540
0DC2BCD5
0E73F551
0D13EDEC
0CF3FDE5
0D0441D9
0CB4EDA3
0DC5E566
1224D96C
18F42D69
1C155982
19E71190
1B76BDB2
1A7669D4
190685C8
1A2609CB
1A2641B7
196645A9
189649A4
1786B998
19A5B95C
1AA55115
1895D560
18A669A8
1A566DA2
19F6DD92
1A56ADB1
1CB675D1
1F568D8B
1787213E
14B4B14E
10A25D5C
0852E4DE
09A1C885
08B1846E
0FE16453
14B24C6E
0FD5B054
14936CCF
10A39115
0A150179
1535B1E9
1FE725E1
1F17A9F2
1F67A9EF
1EE7B9ED
1E77C5EC
1EE7B9ED
1F67A9EF
1F17ADF1
1EA7C1EC
1ED7C5EA
1F27B1ED
1EF7A1F1
200779F2
1F17A1FB
1E27EDE8
1E97D9DD
1F27A1F2
1F278E03
1F17ADF1
1E97D9DD
1E37E1E9
1F079DFC
1FD779F6
1EA7C9E7
1D9809E5
1EC7B9EE
200775F8
1F07A9F8
1DF7F9E6
1EB7D5DE
1F9791F1
1E279DFF
1CC7E5D6
164615E0
101409F9
0A63F5E3
0483CDF0
044441EC
049471F3
06C485FC
086519D5
086501BE
077529D8
07A4E9FA
06F559F6
074555FC
079555F6
0E0535F2
146529E8
1255C9D2
0EF7518D
0CE56198
09643DA8
0FE49194
17D49D13
1844649B
174434C8
140498E8
1104BD2E
0BE39D92
059379B4
0863ADC9
0A1485E4
0A953E02
0DF4D5D6
0C93D5B9
08C3C1FC
0AD55217
10758DCF
0EC3CDB9
0AA3A169
0E946100
0FB5F53F
0E04D9BD
0C0465DD
0FE491EC
134555B3
0FA4F995
0CD405A1
1414E57F
1BB55D92
1A4629A0
1966A5B2
199655D6
1916ADBE
1A3661B4
1B3635A6
1AE65193
1B45F993
19A63D85
1A355D82
19E5556B
18D5758E
19C5F9A7
1BB62597
1B86B57F
1C168DB3
1A8659E9
1926E557
15A4F501
13D1DCF1
0F624890
0B92008F
0AD1E88A
0A01C88B
10C21C80
1802089C
1783F48D
1F2150C2
1A645078
19D40140
1AC65DCA
1E47FDCB
1F17A1FB
200779F6
1EC7C1E8
1D9809E3
1EC7C1EB
200779F6
1F07A9F8
1DF7F9E6
1EB7D9DD
1F67A1F0
1EB7A9FE
2017A5EE
1F5791F7
1E27D1EB
1E57F9E0
1F37ADEF
1F876DFE
1F27B1F0
1E57F9E2
1E37CDEB
1F4785F8
1FE799F2
1E87D5E9
1D77DDEA
1EC7B9EE
202791F3
1F3795F5
1DE7D1EB
1E87EDE3
1FA7A9EF
1F7779FC
1EB7C1E2
1A282DC8
1A35DDE9
11940A03
0454D9EF
059529E2
078509E6
0B8531E3
0FF52DDF
0B6579D7
076561E9
07356DF7
074565FB
073569FE
073571F5
10A531F1
18D5D9B7
1376F178
12C519A5
10637DCD
08053DC0
0D482994
1C26195E
1B247923
16849903
1864B4E2
19C4A128
10F31196
04D3A5A2
085339C1
098419CC
08D561CE
0CE439CC
0EB33DC8
0C1479DC
0A06C1DA
0FA515CE
10F325CA
0E13D961
1224F0EC
15558153
0FB525D1
0B14D9CD
13D495C5
1BB4D5AF
1094A1AB
04950198
0ED5FD70
1B359587
1A25A198
1886099D
19C5E1AF
1A762D9F
1AB6998E
1C264994
1B66D587
1CB63994
1996DD84
19B5C57C
1A353969
1865A58A
1A0601AA
1C065D93
1BF71976
1F16017F
19963D6C
16158936
11A3911F
0B729CE5
0C62389D
0C0220AE
0BD1ECC0
08A324F9
1082C154
1494D53B
16367130
1C35AD3E
1D972D1A
21C69184
1E480DC3
1E37D9DC
1F5791F7
202799F2
1EB7C9EA
1D77DDE8
1EB7C5EB
202799F2
1F3795F5
1DE7D1EB
1E67EDE3
1F67A9EF
1EF77DFA
1F17ADEE
1EF7B5EF
1EE7B9ED
1EE7B9EB
1EE7B9EE
1EE7B1F1
1EE7B9EF
1EC7B9EE
1EC7B9EE
1ED7B5EE
1EE7B9EE
1EC7B9EE
1EB7C5ED
1EE7B9EE
1F17ADEF
1EF7B5EF
1EE7B9EE
1EE7B9EE
1F07B9F0
1EE7B1F1
1EE7B9EE
1CC7CDEA
1AC7E9D9
16E655F0
11E56DF5
0D4581E3
092549E2
0A5569D8
0B15B1E4
091575FE
06F56A00
06D571FF
06D56A01
0AD55603
0F0539FA
1115E5E0
1306F980
0F254962
0B4325BB
0BA381D7
0AC479FF
10E715FF
1B47E5A3
1B662986
1B749D45
1BC598C9
1A96A0F5
1635195E
11B3DD8C
0D13ADA1
08A359BB
07C3F9BD
08B3A5C3
0B03A5C1
0C0441D5
0C7541E0
0F950DC3
1063B1C1
0FA38966
127520E2
13C68546
10B579E5
0EE4A9CC
1505498F
1B15BD8F
12B4FDAF
0AD421B6
11B54188
1975D97C
19B5CD81
19E5D17F
1A85CD7E
1B759984
1B35F17E
1C05A194
19F5F99C
196595AB
18B5A9AF
1885A985
1995995D
19B5BD87
19B5E5B1
19C66996
1AE5E192
1DF4A55F
1B155D00
192550F9
1574010F
1391FCF5
13C2FC94
1681F8CF
14844CBD
13C55550
15C5CDEF
16180DD1
193755F6
1A77E1EC
1CF78DF5
1EB7B9EE
1EC7BDEB
1EE7B9ED
1EF7B5EF
1F17ADEF
1EE7B9EE
1EB7C5ED
1EE7B9EE
1F17ADEF
1EF7B5EF
1EE7B9EE
1EE7B9EE
1EE7B9EE
1ED7B5EE
1DF7CDED
1E97E1E5
1FA7A1F0
1F6785F9
1EA7C1ED
1E57F9E2
1EA7C1ED
1F4785FB
1F67A9F1
1E77E1E5
1DE7D1EB
1F27A1F3
202799F2
1F07B9EE
1DF7D5E9
1EC7D1E8
1FE799F2
1F6785F9
1E67C1ED
1E87EDE3
1F27B1EF
1F9779FB
1F77B1E5
1D8801CF
1E56A5EC
146615F9
098631E3
099559DF
0755A5E4
07356DF4
06B575F9
067581FE
065589FA
0E8551FB
15C5C9CF
12367DA3
11F54996
0A23BD94
000385C5
07F2DDFB
0B7519F8
116841DF
1E27DDC4
1C27E5A6
1D16796F
1F85C928
1EC66532
1BA6E93F
1CC52D5A
11B45166
0573F591
04D385BB
0363A5C5
08735DD6
0C0409C9
0CB525B4
108481BA
11B325D3
0EF46174
1314D927
15759974
11A621CA
10E571BD
15F5F593
1B5601A7
147575CF
0D255DCC
1394F1CB
189579A2
1945E180
1A95C986
1AA5D18A
1A95E18A
1A85CD8F
1A45C59B
1735E9A4
15757198
17D4C58F
17E55D79
19A58D6B
1B45A985
1A159DA4
18B5E193
18858D91
18B53D6A
1AC4C545
1AC54140
1765254B
1484C552
17350149
19357950
1AE76538
2016F990
1E77F1CB
1F87ADE3
1F4785F9
1EA7C1ED
1E57F9E2
1EA7C1ED
1F6785F9
1FA7A1F0
1E97E1E5
1DE7D1EB
1F17A9F2
202799F2
1F17ADF1
1DE7D1EB
1EC7D1E8
1FE799F2
1F6785F9
1E77C5EC
1ED7E9E1
1DA805EA
1EB7D1E1
1FB785F5
1F279202
1E87D1EC
1E97E1DA
1EB7C5ED
1F279202
1F8791F4
1EB7D1E1
1DE7F9E6
1F17A9F5
203769F7
1EE7B9EE
1DB809E3
1EC7C9E4
1FE779F6
1F1799FF
1E37E1E9
1E97DDDA
1F17ADEF
1F478A03
1F67A1F0
1E27E1DA
1D07F9E5
18F73205
13E755DB
141689C5
146575E1
1085D9DC
0E5539F7
0E551205
0D9565F8
10D605E3
1426C99E
1045D584
0D044D9D
06D3A9A4
000341DC
05B399FE
0A24CE07
125749F2
1DB809E3
1D57B9F1
1D5799AC
1E36D176
1DB68D68
1CA6B150
1C86712E
13F4E92C
09B3FD73
0753A1AA
049395C6
069389E1
08D399C4
09545D98
0995119B
0FB449BE
12D59979
1535ED4C
18D5099A
142561D0
1184E1CE
1645F9A5
1A1751A9
16A691DF
12C64DE7
1575C1F3
18455DC4
1895B184
18E5BD8E
1A561D90
1C363990
1B261196
1A35CDA4
17F5A9AF
16D53185
19252951
1A854D66
1A95A977
1AF5E97D
1A75CD8C
19C5D986
1975B983
18E5C573
19C5856A
19160975
1325E192
0A8729BB
1316AA08
19B799F4
1C2789F9
1DC7FDE4
1EA7D5DE
1F9791F3
1F279202
1EB7C5ED
1E97E1DA
1E87D1EC
1F279202
1FB785F5
1EB7D1E1
1DB805E5
1EE7B1F4
203769F9
1EE7B1F1
1DB805E5
1EC7C9E4
1FE779F6
1F2795FF
1E67D5EA
1F27C5DC
1E37C5ED
1EA7D1E9
1F67A9EF
1F3795F5
1EB7B9EE
1E97DDE7
1EE7B9EE
1F5791F7
1F67A9F1
1EC7D1E9
1E67C9EB
1F17ADF1
1FA7A9EF
1EE7B9EE
1E37CDEB
1EA7D1E9
1F67A9EF
1F07A1F4
1E67C1ED
1E77E1E6
1EF7B5EF
1F3795F5
1F27B1EF
1E97DDE7
1E77C5EC
1F27A1F2
200785E2
1E37D5C9
1E66DDE1
17E731DD
14C60994
17C4994F
16B4E16C
1396F161
15D5E595
0D0579C1
05A479C3
041331CA
000385E5
04F38A05
078555FD
100825DD
1E57BDE7
1EE7B9EE
202791C6
1E3751A2
1C96ED78
1D06F945
1F35E93C
17649D3D
0D941184
0A1369CC
0583B1C3
04E3C9BE
0453C9C0
059369CA
052401C1
114371D1
1865C1A1
1557F579
1985F1B1
150595C8
0FE5A1C3
1735A9BA
1CF675B6
19D779B2
19C6C1CB
1796B5D5
16F5FDBA
17B59996
16B5FD94
1986B18B
1DD68D98
1B9665A9
19D605AB
17F5E9A7
17355D80
1AD50D53
1C757D65
1B45E979
1B15E182
1AD5D98B
1AB5D984
1A65CD80
1A45B17B
1A758179
19F59987
11F555A1
07B641BB
1277ADC3
20177DDC
1F17ADF1
1E67C9EB
1EC7D1E8
1F67A9EF
1F5791F6
1EE7B9EE
1E97DDE7
1EB7B9EE
1F3795F5
1F67A9EF
1EA7D1E9
1E37CDEB
1EF7ADF0
1F97A5F1
1EE7B9EF
1E37CDEB
1EA7D1E9
1F67A9EF
1F279DF4
1EA7C1ED
1EE7DDE7
1F7795F0
1EF7A9F5
1E87D1EA
1EC7C9E4
1F17ADEF
1F07A9F8
1F07B9F0
1ED7C9E7
1EB7C5ED
1F17A9F5
1F679DF2
1EE7C1EB
1E57E1E9
1EE7B9EE
1F7791F3
1EE7B1F1
1E67D5EA
1EB7C9E7
1F17ADF1
1EF7A9F8
1EC7B9EE
1EC7C9E4
1EB7C5ED
1EF7A9F8
1F47A1F2
1EC7C1E8
1E57E1E9
1E67B5F1
1E579DF4
16472202
0EE7512B
11549494
0EF33D00
0F64E526
1254F591
0974C206
01E499E8
0183DDD5
0003B9F1
0313FE01
05D4A611
0F6701F6
1C27ADE8
1CB741F7
1B8801D8
1B3709E1
1A16D995
1C065550
1CE6353A
13655D38
09944996
0693C9E3
034401BE
0474199A
056411B8
04F3C1DC
04A391DA
0F6455BD
1716A9BC
17E6DDEE
1C6569EA
18460DB9
15A5B1C5
17F575CD
1925F1BF
1A2675B2
1B76CDBA
184655D6
14E64DB7
1705C1A2
1825ADA8
1AE6659A
1D57359B
1BD6B1BC
1B25F9B9
1905B5AA
17C52984
1A55594C
1B85F55F
1B35E182
1AF5D987
1AC5D98B
1A95E983
1A85D57E
1A35D180
1A15C182
19B5E589
10553DA5
07D405D9
10F5F5BE
19B7F9B9
1C67CDEA
1F679DF2
1F17A9F5
1EB7C5EB
1ED7C9E4
1F07B9EE
1F07A9F8
1F17ADEF
1EC7C9E4
1E87D1EA
1EF7A9F5
1F7791F3
1EE7B9EB
1E57E1E9
1EE7B9EE
1F7791F3
1EE7B1F1
1E67D5EA
1EB7C9E7
1F17ADF1
1EC7B1F7
20579DEF
1F6785F9
1DE7D1EB
1E4805DE
1F67B1EF
1FA76A00
1F27B1F0
1E4805DF
1E37CDEB
1F6785F9
202799F2
1EA7D5E8
1D67E1E8
1EE7B9EE
206791F3
1F3795F5
1DB7DDE9
1E57F9E0
1FA7A9EF
1F876DFE
1EB7BDEC
1E2809DC
1E77C5EC
1F876DFE
1FE799F2
1E67EDE3
1D77DDE7
1ED7A5F0
21F6F197
16276D2A
0FD4D8EA
0DA230AB
01441D1E
0773E9BC
0C84FDC0
05F47DEE
000445E7
0043D9E4
0033F1F2
02140E01
01F551FA
0BD7A9D8
1BB6F1AB
1D25F98A
1C165565
1A36AD42
1A05DD5C
1BD53172
1B060566
0EF61171
04F4D9A3
0443C5CE
01441DC7
03A44DC4
06A429C2
049431BF
02B41DC4
10938DCF
18C601CF
17A7D5E1
1BC6FDE4
19D749CF
1A2661C4
1A14A1CE
1505A5B7
1A5591B6
1E5625B5
1995B9CF
13C615BA
175561BA
18B5D5B8
1C55F5BF
1E76E9BF
1B9759CB
1B7679BB
1985E9A4
17757181
1AE5095A
1BE5A968
1B25DD81
1AE5D586
1AC5D98A
1AB5D984
1AB5C182
1A75C583
1A45CD84
1A45B190
0DB5AD9E
0294C1CD
0F7401EF
17560DE2
198809D8
203795ED
1F7779FC
1E37CDEB
1E4805DE
1F27B1EF
1FA76A00
1F67B1EF
1E4805DE
1DE7D1EB
1F6785F9
206791F3
1EC7D1E9
1D67E1E8
1ED7C5EC
206791F3
1F3795F5
1DB7DDE9
1E37F9E0
1F67A9EF
1EE771FE
1FD785F1
1F17A1F8
1E37E1E9
1EB7D9E0
1F37A9F1
1F1799FF
1F17ADF1
1EB7D1E1
1E67D5EA
1F17A1F8
1FB785F4
1EC7C1E8
1DE7F9E6
1EE7B9EE
1FD785F5
1EF7A9F5
1E17EDE7
1EB7D1E1
1F67A1F0
1F1799FC
1EB7C5EB
1E97D9DD
1E87D1EA
1F1799FC
1F9791F3
1EC7C9E4
1DF7F1E4
1926BA04
15063544
1124B899
0D5268AB
1073EC61
11557927
10E5C20B
11D69DC7
09D4A1C9
0003C9EA
0003FDEF
006421F6
00D43DFF
01346E08
0E8641E7
1F16D95F
1E1680F3
1F3498F4
1E454CB9
1EC48929
1CA62162
1C66F578
14964DB2
0F7475C1
099405B0
02441DD4
039421F5
053459CC
04749DA2
042471B2
0AF4C5B5
0E96B9C7
15472DFB
1C87A1F4
1BD799FA
1AF809AF
1AC69990
18E5D1A1
1AD67590
1CF7018F
1AE689A7
18965DAF
1A1635B5
1B4639C5
1CD6B1CA
1E1755D2
1D0719EF
1CF6B9C3
1A96119F
18157983
1A656958
1B35E965
1AF5D980
1AD5D185
1AB5D189
1A95DD85
1AA5C984
1A95BD87
1A45C987
19F5DD8F
0E6565A8
03E43DDB
08D449ED
0D54ADFF
15A66DF1
1F2791E8
1EC79DFC
1E67D1EC
1EB7D1E1
1F17ADF1
1F1799FF
1F37A9F1
1EB7D9E0
1E37E1E9
1F17A1F8
1FD785F5
1EE7C1EB
1DE7F9E6
1EE7C1EB
1FD785F4
1EF7A9F5
1E17EDE7
1EA7D1E1
1F47A1F0
1EB7A9FB
1EE7B9EE
1EE7B9EE
1EE7B9EE
1EE7B9EF
1EE7B9EE
1EE7B9ED
1EE7B9EE
1EE7B9EF
1EF7B5EF
1EE7B9ED
1EE7B9ED
1EE7B9EE
1EF7B5EF
1EE7B9EE
1EE7B9ED
1EE7B9ED
1EE7B9ED
1EE7B9EE
1EE7B9ED
1EE7B9ED
1EE7B9EE
1EE7B9EF
1EE7B9EE
1EE7B9ED
1EE7BDEA
1EE7BDE8
2166C19D
14C61151
0A5450F1
0AC22099
0283CCE2
13247D3A
22161189
1AC7E9D9
1B0639C9
0FC389D4
000419E0
00042DF1
00D435F7
000461FC
00051DEE
0E866DCC
20F70D7C
1B87F52F
1B65A14B
1F047D4A
1CD63D6A
1BB7CD8F
1E477DB0
17F7FDC1
16F5CDB6
0FF39DAD
03C3F9C1
03E421D7
0324DDCF
038525D4
04E4E5D2
085429DD
0755E1CD
12F6D9CA
2006F9DE
1EB7BDEA
1F47A9D1
1C8791BB
1AA6E9BB
1B174DA2
1C3729B4
1C66F9C8
1CA6D5CC
1D16D1CE
1D56E1D5
1DB745D4
1EB73DDD
1E1749E8
1ED6C5C7
1BB625AB
1875A187
1B252163
1B75A96B
1AE5D57D
1AD5C981
1AC5BD87
1A95CD85
1A95C986
1AA5C186
1A65C987
1A45B591
0DD5D99C
0344D5C9
02F445EA
0094F5E7
10C581E3
200685E7
1E47C1EC
1EF7B5EF
1EE7B9EF
1EE7B9EE
1EE7B9ED
1EE7B9EE
1EE7B9EF
1EE7B9EE
1EE7B9EE
1EE7B9EE
1EE7B9EE
1EF7B5EF
1EE7B9EE
1EE7B9ED
1EE7B9ED
1EE7B9ED
1EE7B9EE
1EE7B9ED
1EE7B9ED
1DF7F5EC
1EB7D1E4
1F8791F4
1F1799FF
1E97C9EB
1E97DDDA
1EB7C5EB
1F1799FF
1F7791F3
1EC7CDE1
1E17EDE7
1EF7A9F5
20076DF7
1EF7B5EF
1DF7F9E4
1ED7C9E4
1FB785F4
1F17A1FB
1E57E1E9
1EB7D5DE
1F17ADF1
1F279202
1F47A1F2
1DA7DDDD
1C37F5E1
1896BA05
15066549
0FA498B0
0A8214A4
0F53BC34
13246124
17F5DA00
1DE7F1D5
1CC7C9DF
1C877DA7
0EF54D9F
000435DB
00043DF7
00F445FA
00045DFC
000471F2
0E35E1C3
1CC8118A
1D7709A0
1FE511C4
1E36559D
1B4815A9
1CE7C9E2
1EB799F2
1967A200
14F7B9A0
0E94C987
0423ADB3
05A45DB2
05C5B1CC
04F58A09
0405D9E9
069539DE
086509CF
0E763D9F
1536BDC4
1846D9F4
1A47B9ED
1B174E04
1C56E1EF
1CF705CD
1CE769D6
1D0739EC
1CE75DE9
1D772DED
1D674DEA
1E073DEC
1EB739E9
1E7731E7
1E9731C3
1BC655B4
19059192
1AB56D60
1AF5D569
1AD5C97C
1AD5C17F
1AA5C582
1A85D583
1A95C987
1AB5BD88
1A55C587
19F5D58F
14C565A3
10F42DD1
0B84C9D5
08A40DE5
0D6515C8
113671D5
17D731EF
1F7795F1
1F1799FF
1EB7C5EB
1E97DDDA
1E97C9EB
1F1799FF
1F8791F4
1EB7D1E4
1DF7F9E6
1EF7ADF2
20076DF7
1EE7B1F1
1DF7F9E6
1ED7C9E4
1FB785F4
1F1799FC
1E87D1EA
1F07C5DF
1DB7D5ED
1E87EDE4
1FE7A1F1
1F7779FD
1E77C5EC
1E2809DC
1EA7C1EC
1F7779FD
1FA7A1F1
1E67EDE3
1DA7D9EA
1F279DF4
206791F3
1F07B9EE
1DA7E1E8
1EB7DDE5
202799F2
1F7779FC
1E37CDEB
1E57F9DF
1F27B1EF
1FA76A00
1F87B1DB
1C7825B3
1D069DA2
1395A987
0A053903
091340A1
017410E2
11F4E11C
21C5D186
1DE7A9E3
1DF7D9E0
1E37FDDF
20C6F5D3
100599D6
000515EA
000455FB
00F45DFC
000471FC
0004A5ED
0F4485DE
1D1689C2
1DF731CC
20E6D5CF
1ED7BDB6
1DE7E1CB
1E87EDE3
1FE7A1F1
1AD7A1FB
18C69197
11040D57
03442192
0863D5CE
0AE51DD5
0725E5E9
04F5EDE8
0595DDE8
0675B1E2
0895FDD1
0AD621D1
13156DE2
18A63DDD
1A1771D0
1F668DCF
1FE685BD
1F1701D1
1E674DEA
1E874DEA
1E874DEA
1E9749E9
1E9745E8
1EC735E5
1EC731E3
1F76F1CB
1BF681BA
1935BD8D
1BA5095E
1B359D67
1AC5C57B
1AB5C17E
1AB5C181
1AA5C983
1A85D585
1AA5C186
1A65C186
19F5C98E
1A85B598
1A85C5C0
118695DB
0BE5B5E2
0A8419F9
02D619D3
10F731BA
20B731DB
1F7779FD
1EA7C1EC
1E2809DC
1E77C5EC
1F7779FD
1FE7A1F1
1E87EDE4
1DA7D9EA
1F27A1F3
206789F3
1F17ADF1
1DB7DDE9
1EB7DDE5
202799F2
1F9779FC
1E77C5EC
1EE7F5DF
1E87D1ED
1EE7C1EB
1F37A9F1
1EE7B1F4
1EB7C5ED
1EC7C1E8
1EE7B9EE
1EF7A9F5
1F17ADF1
1EC7C1EB
1E87D1EC
1EE7B1F1
1F47A1F2
1EE7B9EE
1E87D1EA
1EE7B9EB
1F47A1F2
1EF7A9F5
1EB7C5ED
1EE7C1E8
1F07B9EE
1D47B5F5
1BB7D9C4
1BA655BA
1B853166
13A4E900
0B34D8A7
10245455
11645540
16E5E605
1DE7B1E5
1E27B9F1
1E97C9EB
1EC7C1E8
1F07B5E3
15F67DFD
0DD4D60C
06F4A5F9
000489FC
00047DFC
000479EF
0BA511CF
168715CE
1A476DF7
1E97A5F1
1E97B5F1
1E87D1EC
1EE7C1EB
1F37A9F1
1BC781FA
1A272567
1384E503
0874117A
07F491CE
075599C8
0825D5D4
0935E9E8
0745D201
0555D200
06B5D1FF
0845DDD2
0E6585AD
151499D1
11C5EDC4
106639B6
14F62DAF
17771DC5
1A9749EC
1E874DEA
1E874DEA
1E8751E7
1E9741E6
1EB731E3
1ED721E0
1F071DCA
1C1679C4
1A059D8F
1B75594C
1AC5D55C
1AC5C57A
1AD5C17C
1AB5C17F
1AA5C981
1AA5C984
1AB5C984
1A75C585
19F5D58C
1B66258C
1AD751B5
16F74DFB
12F7DDD3
13D625DF
1414CDDC
17667991
1B275DBC
1C8799F7
1EC7B9EE
1EC7C1E8
1EB7C5ED
1EE7B1F4
1F37A9F1
1EE7C1EB
1E87D1EC
1EE7B1F1
1F47A1F2
1EF7B5EF
1E87D1EA
1EE7B9EB
1F47A1F2
1EF7A9F5
1EB7C5ED
1EE7BDE8
1FA7A9EE
1F279DF4
1E67C9EB
1E97E1E5
1F27B1EF
1F6785F9
1F27B1EF
1E97E1E5
1E77C5EC
1F279DF4
1FA7A1EE
1EC7C9E6
1E07C9E9
1EC7B9EE
1FA7A1F1
1F07A1F3
1E37CDEB
1E97DDE7
1F67B1EF
1F5791F7
1F07C9D4
1B281DAF
1BE60D8A
1BA4855B
1964310D
13D3B8C5
0BA428EC
1823A921
1FA59984
1C77C9E5
1E37CDE7
1EA7D1E9
1F67A9F1
1F3791F7
1EA7C5E6
1B3811D5
1B9629F7
0E34C610
000525FB
000499F7
000481F3
0AC3FDF5
12F5F1EE
165809E7
1DF7D5E9
1EB7C5EB
1FA7A1F1
1F279DF4
1E67C9EB
1BE7F9E4
1EB5D570
1963B100
0DD3F551
08A5198B
0495B9B3
08C5D9E3
0DD5B5E9
0935DDEC
0495F5F5
04D5D602
04F5EDE9
0895D9D5
0CC561DC
07555DDB
0165A9D4
0BB4ADE4
11E5F5E0
168795D4
1E974DE0
1E874DEA
1EA745E7
1E973DE5
1EA72DE0
1ED715DF
1F26FDD0
1BC6CDC5
1A55D185
1D04AD49
1B557D5C
1AB5C17C
1AF5BD81
1AD5BD85
1AA5C585
1AB5C986
1AE5C185
1A95BD85
1A35C589
1E059D8F
1EB6E9B9
1D47C9ED
1E17C9DE
1DA7E1CC
1FF661E2
1C6601E0
153781D8
194805E4
1EF7ADEF
1F4785F9
1F27B1EF
1E97E1E5
1E67C9EB
1F279DF4
1FA7A1F1
1EB7C5EB
1DE7D1EB
1EC7B9EC
1FA7A1F0
1F07A1F3
1E37CDEB
1E77E1E6
1F27B1EF
1EE795F7
20276DF2
1F1799FC
1E17EDE7
1E97DDDA
1F47A1F2
1F478A06
1F37A9F1
1E67DDDA
1D97E5E8
1BA73A06
17D7B9EE
191715EE
171831DE
1BE769F6
1F5771F9
1EA7A5F8
1DE7F9E6
1EB7D9DD
1F9791F3
1D179603
1A97FDB7
1945C1AA
17D3E55B
1653E4E2
150388AF
14F3A471
1343792E
181575B6
1DD799BD
1DA7B5F4
1DB805E6
1EB7D1E4
1FB785F7
1F279202
1E67D5EA
1CD7F1D6
1B77EDDB
15D66605
0FB571FC
078551E0
006471F9
06C475F8
0BD5060B
138725FA
1D8815E1
1EB7C9E7
20176DF7
1F1799FC
1E17EDE7
1CD725EC
1F44F571
17D3E4DF
0E22F53E
0F14A95D
1145919F
0D2589F8
0935E1E5
0975E9D7
0995EDEC
07A5E202
05C5EE02
0935CE04
0CD5B9EE
07E5D5D7
040535E9
0804ADF5
0B449601
143661DF
1E9759D7
1E9749EB
1EB739E8
1EA735E4
1E9735DE
1EB71DDB
1EC71DD0
1C56ADD0
1B05FD7C
1C155528
1A15B950
1A45B581
1AD5BD85
1AA5B98B
1AB5BD8A
1AB5BD88
1AC5BD87
1A95BD85
1A45CD84
1DB6117D
1F172DAE
1DE7A5F0
1D8811E4
1E17CDE7
1EB781F7
1CC72E09
1947E1EB
1C07E9DA
1EF7ADF0
1F278A06
1F47A1F2
1E97DDDA
1E17EDE7
1F1799FC
20176DF7
1EC7C1E8
1D8815E2
1EC7C1EB
20176DF7
1EF7A1F8
1DE7F9E6
1E97D9DD
1F7791F3
1EB7A600
1FD7A5EE
1F3795F5
1E37CDEB
1E67EDE3
1F27B1EF
1F6785F9
1F27B5E9
1DE7F9D8
1F46D5CB
1A75FDBA
13E605B4
16C4CDC9
15962181
1B46B549
21867D83
1EC7D59E
1F7765A9
1EE8059E
21171DA6
1BD7A590
1B35D961
18535D43
10D380FC
105350BA
0DC3B0E8
1532C133
15B57970
1877BDB8
202799D6
1EF7ADF2
1DE7D1EC
1EA7D1E9
1FA7A1F1
1F4785F9
1E77BDEE
1E47EDE2
1EB7BDE7
1E9795EA
202691ED
0F66B1DC
010565F1
03D451FC
02558DF1
0EA7A1CF
1E57A9DB
1EC7D1EB
1FE7A1F1
1F3795F5
1E37CDEB
1A8811E1
1C160974
17134D1C
0AE3E524
14250D18
1E454583
11B52DFD
04D5D9F1
09A5E1ED
0EC5B9F2
0A95F5F0
06B601F2
0A25E1F6
0C468DE8
0726E9E4
04B5D5E7
054449F5
018521E0
10B605C3
1FB6C9D0
1E874DEA
1EA741E6
1EA73DE0
1EB725DC
1EC719D7
1ED70DD1
1C070DCB
1BF5F183
1D549140
19D5515D
19B5BD81
1AB5B986
1AB5BD8A
1AB5BD88
1AB5BD88
1AB5BD87
1A95BD87
1A95B582
1F358580
203701AE
1E27C1EE
1DE7D1EB
1EA7D1EA
1FA7A1F1
1F3791F7
1E87B9ED
1E67EDE3
1EF7B5EF
1F4785F9
1F27B1EF
1E67EDE3
1E37CDEB
1F3795F5
1FE799F0
1ED7C5EA
1DF7D5E9
1ED7C5EC
1FE7A1F0
1F27A1F3
1E37CDEB
1E97E1E5
1F67A9EF
1EF789F9
1EB7C5ED
1EE7B9EB
1F17ADEF
1EE7B1F1
1EC7B9EC
1EC7C1E8
1EF7C1E2
1D4711ED
1D55CDAF
1CE53961
1B44DD6A
1945915B
1B64511D
1AB498BD
18D4B127
16856983
14B6497F
1835919D
1A95C971
17D5B14D
1754A8F7
1673C09D
14F2DC9F
16045C68
18743D13
18E5859E
1877D9AB
1B57BDEF
1E87D1EC
1EC7C1ED
1F17ADF1
1EE7B1F1
1EB7C5ED
1EC7BDEB
1EF7ADF0
1EF7A9F5
1EE7B9EF
1E77C5EA
1E07D1E2
11C6D9F6
06A561FF
0664D9EF
05C461FB
120671C8
1F67B5CC
1EE7B1F1
1EB7C5ED
1EE7B9EB
1F17ADEF
1D07B1F2
1BC7F165
1564F125
0BA3692A
1164C8E5
1466E943
0FA665E0
0CC57E00
0B45AE06
0A05D1F4
0C15DDE3
0E35C5E8
1186D1D3
15379DD9
13071202
11A671E3
107555CF
0F442DDA
15B62999
1D2731B6
1D9741EC
1EA745E4
1EC72DDF
1EE715DA
1EE709D4
1EF705D2
1CF6BDD6
1C362D83
1B555936
18152D65
18F59587
1AB5BD85
1AB5BD88
1AB5BD88
1AB5BD88
1AB5BD88
1A85B989
1A95AD80
1DD61D6B
1E17D597
1E67ADEF
1F47A1F2
1EE7B1F1
1E97C5ED
1EC7C1EB
1F17ADEF
1EE7B1F1
1EC7B9EC
1EC7C1E8
1EC7B9EC
1EE7B1F1
1F17ADEF
1EE7B9EB
1EB7C5EB
1EF7B5EF
1F47A1F0
1EF7B5EF
1EB7C5EB
1EE7B9EB
1F37ADEF
1F07B1F1
1ED7C5ED
1EE7B9EB
1DC7CDEC
1E87EDE3
1FE7A1F0
1F7779FC
1E77C5EC
1E2809DC
1F178DE8
1B56E5FC
18B5FDC6
1F53BDAB
1D360995
17181D85
1AF5412B
19F1E4DF
0F035CED
0E73391E
0C340545
12E261A2
13C49D3D
11E4C10B
11445CC6
14839C87
134494D8
18760D1E
1FC65573
1E87B5B1
206799D0
1EA7D1EA
1D67E9E9
1EA7D1EA
202799F2
1F3791F7
1DE7D1EB
1E57F9E0
1F67A9F1
1FA76A00
1F27B1F0
1E57F9E0
1E67B9E6
1347A5ED
0B45E9FC
091535F2
04F571F2
13E5E9E6
2196FDE5
1F279DF4
1DA7D9EA
1E87EDE3
1FE7A1F0
1F5779FC
2096E996
16B4DD56
0AB3D135
10733506
0FF5654C
0CB86181
1246BDC0
0CC5ADF5
04E625ED
0D45C9F4
1316E5DF
1887E5CE
204775E7
1EB781F9
1EB6E1EA
1B9645DC
171651DA
18D6E5CB
1B46F1DA
1C6765E3
1EB73DE0
1EE71DDF
1EF70DD7
1F26FDD0
1F56E9CC
1D16F5C8
1D06118F
1AD51D5A
15659967
17C5C979
1AC5B580
1AB5BD87
1AB5BD87
1AB5BD87
1AC5B984
1A85C182
1AA5997C
1F05397B
1E8731A3
1E77BDEE
206791F3
1F279DF4
1DA7D9EA
1E57F9E2
1FA7A9EF
1F7779FC
1EA7C1EC
1E2809DC
1E77C5EC
1F7779FC
1FE7A1F0
1E87EDE3
1DB7DDE9
1F17ADF1
206791F3
1F17ADF1
1DB7DDE9
1EB7DDE5
202799F1
1F9779FB
1E77C5EC
1EE7F5E0
1DD7F9EA
1E77CDE1
1F178DF3
1DF77E02
1C57DDEA
1C878DE2
1B77DDE5
1A872200
19270DC6
1C267196
1AC7C1B5
19672600
19A6F528
17A4448B
11C2D89C
1283707C
13A350E1
14142130
152564DA
137470B8
10941492
12A4385F
1045AD22
16C63DF8
1D07F9E0
1E67A5FB
1FE779F8
1EC7C1EB
1DB805E5
1EC7C1EB
1FE779F6
1EF7A1F8
1E17EDE7
1E97D9DD
1F47A1F2
1F279202
1F17ADF1
1EB7D9DD
1E67E1E5
15372A01
0E555214
0F8529FD
10054202
17B6A1E6
203775E4
1EF7A9F5
1DE7F9E6
1EB7D1E1
1FB785F4
1F2795FF
1ED7F598
1685B172
0EF2FD5D
0FB370FD
10830968
12358190
1477ED82
1416D1C7
136615E9
15A6F5E5
175835D2
1B97D1E5
1FB785F4
1EC79DFC
1DB7E5E9
1C5779E7
1937EDEA
1A872608
1C564E09
1D56EDE8
1EB73DDD
1EE71DDE
1F170DD4
1F36EDCC
1F66C9C8
1D96A5C5
1CF61999
1B35956D
17A5DD6A
1965AD71
1AB5B97A
1AA5B986
1AB5BD85
1AB5B986
1AE5B582
1AC5B17E
1AC5A577
1DE61163
1D88098F
1E77ADEF
20176DF7
1EF7A9F5
1DF7EDE7
1EA7D1E1
1F7791F3
1F1799FF
1EB7C5EB
1E97DDDA
1E97C9EB
1F2795FF
1FB785F4
1EB7D1E1
1DE7F9E4
1EE7B1F1
20176DF7
1EE7B1F1
1DE7F9E6
1ED7C9E4
1FD785F4
1F3799FC
1E87D1EA
1F27C5DF
1F17ADCE
1E77DDB6
1F1745C4
1D674DC5
1C172DC1
1C3689CB
1A2725C2
1B0705CA
1C16F9AC
1CD70D8D
1D4715A8
1BF6D1CA
1C763D64
1764951B
0F8448E2
14E3ACAC
178424C5
1575CCC7
198440C6
15A35CBB
10038099
1412D087
11F4C104
17C67D83
208701B9
1EF7ADF0
1F27B1EF
1EE7B9EE
1EB7B9EE
1EE7B9EE
1F27B1EF
1EF7ADF0
1EB7B9EE
1EB7C5EB
1EE7B9EE
1EF7ADF0
1EE7B9EE
1ED7C5EC
1EE7B9EB
1517FDE8
0F062DF8
1684E9F5
18D661E7
1A87E1DA
1F37B5E4
1EE7B9EE
1EA7C1EC
1ED7C5EC
1F27B1EF
1F17ADF1
1FC771C5
1586E1A7
0E84A186
0DE3ED3F
0C038D4A
1792FD56
1DC52975
1C17AD8F
1FD735C1
1EA7C5DC
1EB7C1E4
1EE7B9ED
1F27B5EA
1F17B1E8
1F378DEC
1ED7C5EA
1EE7B9EB
1C67C5EC
1B6719DE
1DF6CDC5
1F271DCD
1EF71DDE
1F56FDD4
1F56DDCC
1F36D1C3
1D56D1BA
1D75E994
1D653D69
1B159566
1B755172
1AD5A177
1A95C182
1AC5B981
1AE5B582
1B15A97F
1B05AD7C
1B359173
1FB53970
1F9715A0
1E57BDEE
1F27B1EF
1EE7B9EE
1EA7C1EC
1EB7C5EB
1EF7B5EF
1EF7ADF0
1EE7B9EE
1ED7C5EC
1EE7B9EE
1F17ADF1
1F27B1EF
1ED7C5EC
1EA7C1EC
1EE7B9EE
1F27B1EF
1EE7B9EE
1EB7BDEC
1EE7B9ED
1F27B1EF
1F17ADF1
1EE7B9EE
1EF7C5EC
1B1761B3
1C16E1A4
1C9695A0
1C36CD90
1BB7018E
1C66D595
1CC6ED93
1CC6F592
1D36D196
1D76E995
1E36CD92
1CF6D98C
1BA6F581
1715A999
11857D2C
154488CE
173424C0
15F428AA
16A304B9
1563C09E
16633098
14D34885
1183D0E7
17C5652D
1EE6798A
1D7779EC
1E17EDE7
1EF7ADF2
1FE779F6
1EF7ADF2
1E17EDE8
1EC7C1E8
1F7791F4
1EF7A1FB
1E87D1EA
1E97D9DD
1EB7C5EB
1F17A1FB
1F679DF2
19875DF0
1635CDF6
199679C5
1B77B9CB
1C87CDED
1DE7F9E6
1EC7C1E8
1FB785F4
1F07A9F8
1E57E1E9
1EB7D1E1
1F47B1E2
18E681FF
152441DC
12F42986
11E3693A
14D348DD
1672E163
16053DA9
14F851A1
1A478DF1
1EC78DF3
1D57ADF5
1BB7FDDF
1CC711E5
1C1709F7
1D4775FD
1EE7B9EB
1D67B9E1
1CE755BF
1EE6ED9D
1EC755B6
1ED719DE
1F26F9D4
1F36E1CA
1F56D1BF
1DA661BD
1CF59993
1B858D57
18B60155
1A25A963
1AC5C170
1AB5B580
1AD5B57F
1AF5A57F
1B25957E
1B15917B
1B259D6E
1EB5FD57
1F976D95
1E67A9F0
1DE7F9E6
1EB7C9E7
1F9791F3
1EF7A1F8
1E67D5EA
1EB7D1E1
1F17ADF1
1F1799FF
1F37A9F1
1EB7D1E1
1E57E1E9
1F07A9F8
1FB785F5
1EC7C1EB
1DE7F9E6
1EC7C1EB
1FB785F4
1EF7A9F5
1E37E1E9
1EC7C9E4
1F47A1F2
1EB7A9FB
17A699CE
19B595DB
186681BA
1A961DB7
1B26B197
1CF6D581
1F768980
1E37156D
1E26D17E
1DD70986
1E66E184
1DB6C582
1DA65182
1916457A
1635C111
1734DCB1
171414B9
14437CBE
0E9454CE
124538D9
1A73F4AD
16F3107C
0E93E106
16046D92
1B36ADAE
1AA80DE1
1D77DDE8
1F27A1F3
20A789F5
1F27A1F3
1D77DDEA
1E77E1E5
1FE799F2
1F876DFE
1E67C9EB
1E1811DB
1EA7C1EC
1F876DFE
1FA7A1F1
1BC811E0
19F749E5
1DA741D8
20B779E3
1EB7C5ED
1D37E5E8
1EA7D5E8
206791F3
1F6785F9
1DE7D1EB
1E4805DE
1F77ADE8
1A6799F0
185639B8
17153578
1604212E
11F320E3
0AE3191B
1192755E
12A52D45
17E7293B
21F66169
1C87E166
1CD6417E
1CA5C97B
196699BB
1B4775FA
1EF7B5EA
1DA815DB
1EA751C3
2155F5B8
1F76E1C2
1EC715DC
1F06EDD3
1F36E1C7
1FC6B1B4
1D466DA3
1BC5B586
1A954563
18055D68
1975916A
1AF5AD72
1AD5B97D
1AE5AD7C
1B15957C
1B358979
1B656D79
1B558173
1FD5756E
20E701A4
1E27C1EE
1D37E5E8
1E87D5E7
202799F2
1F7779FB
1E37CDEB
1E4805DE
1F27B1EF
1FB76201
1F67A9EF
1E4805DE
1DE7D1EB
1F6785F9
206791F3
1EA7D1E9
1D37E5E8
1EB7C5EB
206791F3
1F3791F7
1DB7D5EB
1E37F9E1
1F67A9F1
1EE771FE
1B7709C9
1BE6F1D2
1B9759BC
1CF6EDB9
1E669D99
1F26C96E
2255697F
1E369557
1C167571
1B966D88
1A171D75
19B64185
1905AD84
1616396B
147680EE
1514A0A2
125424B1
14E40CB5
1594B8F3
13E53536
15051CBC
18840859
19032D34
1955B5C1
1BD7D1BB
1CD7D5E7
1E37E1E9
1EE7B1F1
1F8791F4
1EE7B1F1
1E37E1E9
1EC7C1E8
1F47A1F2
1EF7A1F8
1EB7C5ED
1EC7C9E4
1EC7B9EE
1EF7A1F8
1F47A1F2
1D77CDE7
1BD7E9EB
1DD799F7
1F8791F4
1EE7B9EE
1E37E1E9
1EE7B9EB
1F9791F3
1F17A9F5
1E87D1EA
1EC7C9E4
1F17ADEF
1C57B1F8
1A47DD9D
1A667567
1AF4E122
14A438CA
0ED2E4D9
1072C8C9
122290DB
13B43CC2
1853ED00
1594892C
1603A534
15A4C90D
13D60D84
1716B209
1AB7E1E8
1CF73DF2
1D37F1B9
1F26F5A7
1E6735BC
1E570DDA
1EE6C9D3
1E86C1C8
1E36D5A3
1D460594
1BF57981
1A452D69
19147181
19855174
1AC5BD72
1AC5B57B
1AE5AD79
1AF5A177
1B258575
1AC57573
1A556D78
1DA64967
1F67A99B
1E87B1EF
1E37E1E9
1EC7C1EB
1F679DF2
1EF7A9F5
1E87D1EA
1EB7D1E4
1F07B9EE
1F17A1F8
1F17ADEF
1EC7C9E4
1E87D1EA
1F17A9F5
1F9791F3
1EE7B9EB
1E37E1E9
1EE7B9EE
1F8791F4
1EF7A9F5
1E67D1EC
1EB7C9E7
1F17ADF1
1EB7B1F7
1EF799D7
1EE7E1CD
1FD78DD5
1F47B1D3
1F877DBC
1E580594
1F9709AC
1B9711AE
1846A9BA
1A44FDE2
17165DB4
160569BB
1296255C
1286E4FC
17C490D0
1602C89B
0E33BCC7
16F3810B
1CA53CF6
146690F2
117524EA
1B13C8DF
1DA5954E
1BA7D9B5
1EA7C1D3
1F07A1F3
1F67A9EF
1EB7C5EB
1E37CDEB
1EB7C5EB
1F67A9EF
1EF7ADF0
1E77C5EC
1EA7D1E9
1F27B1EF
1F3795F5
1EF7B5EF
1EA7D5E8
1EB7B9EE
1F279DF4
1F67A9F1
1ED7C5EC
1E67C9ED
1F07B9F0
1F97A5F1
1F17ADF1
1E67C9EB
1EC7D1E9
1F67B1EF
1F279DF4
1EA7C1ED
1E77E1E6
1EF7C5C5
1CD7CDA2
1D965187
15B56D63
0D34E53E
0E22A53F
0AE2E500
0B92D8C8
0AA340E3
0B62C114
0AA35101
0F531CFF
10948920
1446353B
1C856972
1F156D97
1F46E98C
1F6691AD
1E3709C0
1DA735D9
1E66D9CE
1DF69DC0
1E2625A0
1DD55989
1BD56979
1965716A
17850978
18D58970
1AC5A974
1AB5B97A
1AE5B176
1AD5B571
1B357D6B
1A457962
1845CD8B
1C365DAF
1F4769C5
1EE7B9EE
1FA7A9EF
1F17ADF1
1E67C9EB
1EA7D5E8
1F27B1EF
1F279DF4
1ED7BDED
1E97DDE7
1EA7C1ED
1F279DF4
1F67B1EF
1EC7D1E9
1E67C9EB
1F17ADF1
1F97A5F1
1F07B9F0
1E67C9ED
1ED7C5EC
1F67A9F1
1F279DF4
1EB7B9EE
1EE7D1E8
1DD7F9EA
1EB7D1E1
1FB785F5
1F179A02
1E87D1EC
1E37E5DA
1E17CDED
1CB77206
1AA7C1EC
1AC70DE9
18C7B9C0
14B5E5D1
0DB67137
11A4ACCE
15B294B6
16531062
155390D5
17E4E134
1A7700E2
177604DA
14F47928
19F5493D
1B27FD6B
1C67D9DB
1E17EDE7
1F079DFC
20076DF7
1EC7C1E8
1D9809E2
1EC7C1E8
20076DF6
1EF7A1F8
1E17EDE7
1EB7D9DD
1F679DF2
1F478A03
1F17ADEF
1E97DDDA
1E37E1E9
1F1799FF
1FE779F6
1EC7C9E4
1DB805E5
1EE7B1F1
203769F9
1F17A9F5
1DC805E5
1EB7D1E1
1FB785F5
1F179A02
1E87D1EC
1E87E9D9
1E87D1EC
1DB79E01
1CF79DF2
18971DF1
12681187
15154571
17C2B92A
1183609C
0C02F0B9
0BD2F8C9
0B732CC6
0DE2F8CB
10E28CC6
1203A89E
16129507
1A358913
1F77CD35
1F47119F
1E6715BF
1E1709E0
1E86DDC9
1E366DB9
1E65C596
1D55916A
1BC5716F
19A53576
18548988
19354D77
1AD5B174
1A75B17B
1A45B574
1A457973
1A454D66
1C358550
1DA581AE
1D26DDEC
1DA80DDC
1EE7B9EE
203769F7
1F17A9F5
1DE7F9E4
1EB7D9DD
1F9791F3
1F179A02
1EB7C5ED
1E97E1DA
1E87D1EC
1F179A02
1FB785F5
1EB7D1E1
1DC805E5
1F07B1F4
203769F9
1EE7B1F1
1DB805E5
1EC7C9E4
1FE779F6
1F2795FF
1E67D5EA
1F07C9DC
1DF7CDED
1E97E1E5
1FA7A1F1
1F6785FB
1EA7C1ED
1E57F9E0
1EA7C1ED
1F6785FB
1FA7A9EC
1DD7E9DD
2046597D
1824D120
0DE43CEC
106288CF
0DC344E7
16626D21
18E4D948
1975C193
1BE6415D
19459D43
14D5A170
1C54E1AB
1EA711B5
1D37F9E1
1E37CDEB
1F3791F7
1FE799F2
1EB7C9EA
1DB7DDE9
1EB7C9EA
1FE799F0
1F3795F5
1E37CDEB
1E87EDE3
1F67A9EF
1F9779FC
1F27B1EF
1E57F9E0
1E37CDEB
1F4785F9
1FE7A1F1
1E97DDE7
1DA7D9EA
1EF7ADF0
202791F3
1F27A1F3
1DE7D1EB
1E97E1E5
1FA7A1F1
1F6785FB
1EA7C1ED
1E57F9E0
1EA7C1ED
1F6785FB
1FA7A1F0
1E97E1E4
1E77C1BC
1C47DD8F
1EB5757E
15143157
09343515
0BE2DCEE
0BB2FCD4
0BD304BC
0C62B8B8
0B42A8B2
0733A91C
1325DD65
21B6F17D
2036EDB5
1E9721C6
1E1731DB
1E96E1CA
1DD685BC
1D36199D
1CF58183
1B95717A
19357171
17950576
19257567
1B259D6F
1A45B57A
1A257D72
19E5396E
1865718C
1DC541B1
208685C9
1DB7E1E0
1DB7DDE6
1EE7B9EE
202799F2
1F27A1F3
1DF7D5E9
1E87EDE3
1FA7A9EF
1F6785FB
1EA7C1ED
1E57F9E0
1EA7C1ED
1F6785FB
1FA7A1F1
1E97E1E5
1DE7D9EA
1F17A9F2
202799F2
1EF7ADF0
1DA7D9EA
1E97DDE7
1FE7A1F1
1F6785F9
1E77C5EC
1ED7E9E1
1F07B9EE
1EE7B9EE
1EE7B9EE
1EE7B9EE
1EE7B9EE
1EE7B9EE
1EE7B9EE
1EE7B9EE
1EE7B9ED
19C705FD
1765E52B
17144065
14F27896
16345C71
19347907
19958988
1887DD94
1B56F1EB
1DE6CDBB
1C16C988
1926F9B3
1C46D1E3
1DD7B9DE
1E57B5EF
1EE7B9EE
1EC7B9EE
1EC7B9EE
1EC7B9EE
1EE7B9EE
1EC7B9EE
1EC7B9EE
1EC7B9EE
1EE7B9EE
1EF7B5EF
1EE7B9EE
1EE7B9EE
1EE7B9EE
1EE7B9EE
1EE7B9EE
1EE7B9EE
1EE7B9EE
1EE7B9EE
1EE7B9EE
1EE7B9EE
1EE7B9EE
1EE7B9EE
1F07B9EE
1EE7B9EE
1EE7B9EE
1EE7B9EE
1EE7B9EE
1EE7B9EE
1EE7B9EE
1EE7B9EE
1EE7B9EE
1EE7B9EE
1F07B9EE
1D37C1EE
1B87E1DC
18B63DF4
14E5D963
1494D0E0
158290E4
10D33CA5
0E2284B3
0F1298AD
0F622565
1525DDBC
1F47E59E
1F9721C4
1E7741CD
1E871DDB
1ED6F9CA
1E86B5BB
1E3685A1
1D06058E
1BE56987
19954D74
1844857C
19753161
1AA5BD65
1A15917C
1A054971
1BD5715D
1CF585B0
1D468DEE
1E07C9DF
1E57BDEE
1EE7B9EE
1EE7B9EE
1EE7B9EE
1EE7B9EE
1EE7B9EE
1EE7B9EE
1EE7B9EE
1EE7B9EE
1EE7B9EE
1EE7B9EE
1EE7B9EE
1EE7B9EE
1EE7B9EE
1EE7B9EE
1F07B9EE
1EE7B9EE
1EE7B9EE
1EE7B9EE
1EE7B9EE
1EE7B9EE
1EE7B9EE
1EE7B9EE
1EE7B9EE
1ED7B5EE
2017A5EE
1F5791F7
1E27D1EB
1E57F9E0
1F27B1EF
1F7779FC
1F27B1EF
1E57F9E2
1EE7ADB1
14A76584
0EC4DD49
15329505
11B53507
1836FD1A
22967172
1F27C5A4
1E47D5BE
1E97F1D7
20576DD1
1FC79DBA
1F6789CA
1E4805CE
1E87C1E5
1F5779FC
1FA7A1F1
1E77E1E5
1DA7D9EA
1EF7ADF2
201795F3
1EF7ADF2
1DA7D9EA
1E77E1E6
1FA7A1F1
1F5779FA
1E77C5EC
1E37F9E0
1EB7B9EE
1F7779FC
1FA7A9EF
1E87EDE3
1DE7D1EB
1F3795F5
202799F2
1ED7C5EC
1DB7DDE9
1EC7D1E9
20179DF1
1F5791F7
1E27D1EB
1E57F9E0
1F27B1EF
1F7779FC
1F27B1EF
1E57F9E0
1E27D1EB
1F5791F7
202799F2
1EC7D1E9
1DB7E1E1
1EC7D1DB
21E6E9A4
1B07754F
17F5915C
1294455D
0AA45554
11B2397B
0F252D96
1407FDB3
1F677DB8
207699C9
1F0711CF
1EB729DE
1F1705D3
1F36E1C9
1F86B1B7
1CD699A4
1B35ED94
18A5CD7A
17051D71
19B4F15C
1B15596A
1995A57B
19155997
1DC545AC
1FF689C1
1D67FDD3
1DF7D9E2
1F27A1F3
202799F2
1EE7B9EE
1DA7D9EA
1EA7D1E9
1FE799F2
1F4785F9
1E37CDEB
1E57F9E0
1F27B1EF
1F7779FC
1F27B1EF
1E57F9E0
1E27D1EB
1F5791F7
202799F2
1ED7C5EA
1DB7DDE9
1ED7C5EC
202799F2
1F3795F5
1DE7D1EB
1E67EDE3
1F67A9EF
1EE77DFC
200771F2
1F17A1FB
1E27EDE7
1E97DDDA
1F27A1F0
1F279202
1F17ADF1
1E57D9DE
1E38156A
1B85853A
18D2897F
1735693B
14C83D70
1A6765F7
1F9771F9
1EC7A5F8
1DF7F9E6
1EB7D5DE
1F9791F3
1F179A02
1EB7C5ED
1E97E1DA
1E67D1EC
1EF79A02
1FA785F5
1EB7D1E1
1DC805E5
1EE7B1F4
201769FA
1EE7B1F4
1DC805E6
1EB7D1E4
1FA785F5
1EF799FF
1E67D5EA
1E97E1DA
1EB7C5ED
1F179A02
1F9791F3
1EB7D5DE
1DF7F9E6
1EF7A1F8
20076DF7
1EC7BDEB
1DB809E3
1EB7C9E7
1FE779F6
1F17A1FB
1E27EDE7
1E97DDDA
1F27A1F0
1F278E03
1F27A1F0
1E97DDDA
1E27EDE7
1F17A1FB
20076DF7
1EC7C1E8
1DB809E3
1EC7BDEB
1FE76DF7
1C2791FB
17E831DE
1696CDF0
11C76DD6
157639E2
1417E1CD
1927DDDC
1E67EDBE
1FC6F9BA
1E974DC9
1EA72DE2
1EC721DC
1EF6FDD8
1F26F5CB
1D1691C7
1BD5EDAE
19B5A98D
1874ED79
19D50151
1A753569
18A54586
17251DC4
1AA659E0
1E87ADD1
1E37D9DE
1DF7F9E4
1EF7A9F5
20076DF7
1EC7B9EE
1DB805E5
1EB7C9E7
1FD779F8
1EF799FF
1E37E1E9
1E97DDDA
1F17ADEF
1F279202
1F27A1F0
1E97DDDA
1E27EDE7
1F17A1FB
20076DF7
1ED7BDE8
1DB809E3
1EC7BDEB
20076DF7
1EF7A1F8
1DF7F9E6
1EB7D9DD
1F679DF2
1EA7AE00
1F37A5EE
1EF7ADF3
1EA7C1EC
1EC7C9E6
1EF7ADEE
1F079DF6
1EF7B5EF
1DF7D1E7
2006CD7B
21D3B141
1A15216A
19A8116E
1EE7C9B0
1EC7B9EE
1F37A5F1
1EF7ADF2
1E97C9EB
1ED7C9E7
1F27B1EF
1F07A9F6
1ED7BDED
1EA7D5E6
1EA7C1ED
1EF7A9F6
1F37A9F1
1ED7C5E9
1E97CDEB
1F07B5F1
1F67A9F2
1F07B5F1
1E97CDEC
1ED7C5EA
1F37A9F1
1EF7A9F5
1EA7C1ED
1EA7D5E6
1ED7BDED
1F07A9F6
1F27B1EF
1ED7C9E7
1E97C9EB
1EF7ADF2
1F37A5F0
1EC7B9EC
1E67C9EB
1EB7C5EB
1F37A9F1
1EF7ADF3
1EA7C1EC
1EC7C9E6
1EF7ADEE
1F079DF6
1EF7ADEE
1EC7C9E6
1EA7C1EC
1EF7ADF3
1F37A5F1
1EB7C5EB
1E67C9EB
1EC7B9EC
1F37A5F0
1EF7ADF2
1EA7C9E9
1ED7C9E3
1F9789DF
1F27B1D3
1EF7A9DD
1E67CDE5
1F575DC3
219609B6
1F2711BF
1E8741DA
1E9741D4
1F1711D1
1F3719C5
1D16EDBF
1BD665A3
1A160185
18B56D69
1A54CD4E
19855155
17B5216F
13E5DDAA
17F799CD
1F77A1DA
1ED7C9E7
1E97C9EB
1EE7B9F1
1F37A5F1
1EC7B9EE
1E67C9EB
1EB7C5EB
1F37A9F1
1EF7A9F5
1EA7C1EC
1EC7C9E6
1EF7B5ED
1F079DF6
1EF7ADEE
1EC7C9E6
1EA7C1EC
1EF7ADF3
1F37A5F0
1EC7BDEB
1E67C9EA
1EC7B9EC
1F37A5F0
1EF7ADF2
1E97C9EB
1ED7C9E7
1F27B1EF
1EF7A9F6
