1F07C1EE
1EE7B1EA
1EC7B1EE
1ED7C1F3
1EE7B9ED
1EE7A9E7
1EE7B9ED
1ED7C9F4
1EC7B5EF
1EE7B1EA
1F07C1ED
1ED7C1F1
1EA7ADEF
1ED7B9EE
1F07C1EC
1EE7B1EB
1EC7ADEF
1EE7C1F3
1F07BDEE
1EF7B1E9
1EE7B9EF
1ED7C9F5
1EC7B5EF
1EE7B1E9
1F07C1ED
1EE7C1F2
1EC7B1EF
1EF7B9ED
1F27C5ED
1EF7B9ED
1EC7B1EF
1EE7C1F1
1F07BDEC
1EE7A9E8
1EC7B1EE
1ED7C9F5
1EE7B5EE
1EF7A9E8
1F07BDED
1EE7C1F3
1EC7ADEF
1EE7B1EB
1F07C1ED
1ED7B9EF
1EA7ADF0
1ED7C1F1
1F07C1ED
1EE7B1EA
1EC7B1EE
1ED7C1F3
1EE7B9ED
1EE7A9E7
1EE7B9ED
1ED7C1F3
1EC7B1EE
1EE7B1EA
1F07C1ED
1ED7C1F1
1EA7ADF0
1EE7B9EF
1F27C1ED
1EF7B1EB
1EC7ADEF
1EE7C1F3
1F07BDED
1EF7A9E8
1EE7B9EE
1ED7C9F5
1EC7B5EF
1EE7B1E9
1F07C1ED
1EE7C1F1
1EC7B1EF
1EF7B9ED
1F27C5ED
1EF7B9ED
1EC7B1EF
1EE7C1F2
1F07C1ED
1EE7B1E8
1EC7A9E7
1ED7C9E7
1EE781D6
1ED7A9C5
1EC759C5
1E87A9C6
1E4741C4
1E9799C3
1EE765CB
1EC7B9D4
1EA78DE1
1ED7C1EF
1F07C1EC
1EE7B1E9
1EC7B1EE
1ED7C1F3
1EE7B9ED
1EE7A9E7
1EE7B9ED
1ED7C1F3
1EC7B1EE
1EE7B1EA
1F07C1ED
1ED7C1F0
1EA7ADEF
1ED7B9EF
1F07C1ED
1EE7B1EB
1EC7ADEF
1EE7C1F3
1F07BDEE
1EE7B1E9
1E97D9EF
1ED7C1E8
1F17A1EF
1EE7A9F6
1EC7C1ED
1EC7C5E4
1ED7C1ED
1EE7ADF6
1F07A9EF
1ED7C1E8
1EA7D9ED
1EE7B5F2
1F2791F0
1ED7B5EE
1E97D9EC
1ED7BDEA
1F2799F0
1EF7ADF6
1EC7C9EE
1ED7C5E6
1EF7B1EF
1EF7A9F8
1EF7A9EF
1ED7C5E6
1EB7D1ED
1EF7B1F4
1F3799F0
1EE7BDEC
1EA7E1EC
1EE7BDEC
1F3799EF
1EF7B1F2
1EB7D1EC
1ED7C1E6
1EF7A9EF
1EF7A9F8
1EF7B1EF
1ED7C1E6
1EC7C9EE
1EF7ADF6
1F2799F0
1ED7BDEA
1E97D9ED
1ED7B5F0
1F2791F1
1ED7B5F2
1E97D9ED
1ED7C1E8
1F17A1EF
1EE7A9F6
1EC7C1ED
1EC7C5E4
1EC7C1ED
1EE7A9F6
1F17A1EF
1ED7C1E8
1E97D9ED
1ED7B5F2
1F2791F1
1EE7B5F0
1EA7D9ED
1EE7BDEA
1F2799F0
1EF7ADF6
1EC7C9EE
1ED7C5E6
1EE7B9EF
1EE7ADF8
1EF7A9EF
1ED7C1E6
1EB7D1EC
1EF7B1F2
1F3799EF
1EE7BDEC
1EA7E1EC
1EE7BDEC
1F3799F0
1E77A9F4
1DB7D1EC
1C7761E4
1B4779E0
1AF6EDDC
1AB6D9BE
1AD6A5A0
1AF669A1
1AE689A2
1AE639A1
1B168DA0
1B4689AD
1B46CDBA
1B4719D4
1CA745EE
1E17D9EA
1E87C5E6
1F07A9EE
1EE7ADF6
1ED7C1ED
1EC7C5E4
1EC7C1ED
1EE7A9F6
1F17A1EF
1ED7C1E8
1E97D9EC
1ED7B5F0
1F2791F0
1ED7B5F0
1E97D9ED
1ED7BDEA
1F2799F0
1EF7ADF6
1ED7C9EE
1F07BDE6
1E27C1EE
1EC7D9E9
1F67A9EE
1F0789F4
1EA7BDED
1EB7E9E6
1EC7BDED
1F0789F4
1F47ADEE
1EC7D9E9
1E47C9ED
1EF7A9F1
1FA7A5EF
1EE7B9EE
1E27C9EC
1ED7D1EB
1F87A9EF
1F0791F4
1E87C1EE
1EC7E9E8
1F07B5EF
1F1789F6
1F27B1EF
1EC7E9E8
1E67C5ED
1F0799F3
1FA7A9EF
1EE7C9EC
1E27D1EC
1EE7C9EC
1FA7A9EE
1F07A1F1
1E67C9EC
1EC7E9E8
1F27B1EF
1F1789F6
1F07B5EE
1EC7E9E7
1E87C1ED
1F0791F4
1F87A9EF
1ED7D1EB
1E27C9ED
1EE7B1EF
1FA7A1F0
1EE7A9F1
1E27C9ED
1EC7D9E9
1F67A9F0
1F0789F8
1EA7BDEF
1EA7E9E6
1EA7BDED
1F0789F4
1F67A9EE
1EC7D9E9
1E27C9ED
1EE7A9F1
1FA7A1F0
1EE7B1EF
1E27C9ED
1ED7D1EB
1F87A9EF
1F0791F4
1E87C1ED
1EB7E9E7
1EE7B9EE
1F0789F6
1F27B1EF
1EC7E1E8
1E67C5EC
1F07A1F1
1FA7A9EE
1EE7C9EC
1E27D1EB
1EE7C9EB
1FA781D7
1E0781C3
1C66D1B4
1A1689A5
17C639A7
172599A9
1685ED9E
16D5A994
1725F198
1755D99C
1785F59D
1795E19E
17A611A5
17C5E1AD
17E655B7
1A8669C1
1D2715D0
1E37E1E0
1F47B1EA
1F0789F4
1EC7B9ED
1EB7E9E6
1EA7BDED
1F0789F4
1F67A9EE
1EC7D9E9
1E27C9EC
1EE7A9F0
1FA7A1EF
1EE7B1EF
1E27C9ED
1ED7D1EB
1F87A9EF
1F1791F4
1EA7C1ED
1F27E9E7
1EB7C9EE
1ED7BDEA
1F07A9EE
1EE7B1F2
1ED7C1ED
1ED7C1E8
1ED7C1ED
1EE7B1F2
1EF7A9EE
1ED7BDEA
1EB7C9ED
1EE7B5F0
1F17A1EF
1EE7B5EE
1EB7C9ED
1EE7B9EC
1F17A9EF
1EF7B1F2
1ED7C1EE
1EE7D1EA
1EF7B9EF
1EF7B1F4
1EF7B1EF
1ED7C1EA
1EC7C9EE
1EE7B5F2
1F17A9EF
1EE7BDEC
1EB7D1EC
1EE7BDEC
1F17A9EE
1EE7B5F0
1EC7C9ED
1ED7C1EA
1EF7B1EF
1EF7B1F4
1EF7B9EE
1EE7C1E8
1ED7C1ED
1EF7B1F2
1F17A9EF
1EE7B9EC
1EB7C9ED
1EE7B5EE
1F17A1EF
1EE7B5F0
1EB7C9ED
1ED7BDEA
1F07A9F2
1EE7B1FA
1ED7C1F1
1ED7C1E8
1ED7C1ED
1EE7B1F2
1F07A9EE
1ED7BDEA
1EB7C9ED
1EE7B5F0
1F17A1EF
1EE7B5EE
1EB7C9ED
1EE7B9EC
1F17A9EF
1EF7B1F2
1ED7C1ED
1ED7C1E8
1EE7B9EE
1EE7B1F4
1EF7B1EF
1ED7C1EA
1EC7C9ED
1EE7B5F0
1F17A1EE
1EA7B9EC
1E47D1EB
1C6749EA
1A8729BE
19864D92
1885717C
17A5A166
16C5496E
16B58176
16A5A17F
16F5B988
1745D98F
1775E196
17A5E999
17C5F19C
17F5F99E
1805F5A0
1815F99A
19362594
1A6631B7
1CA71DDA
1EF7B1E6
1EE7B1F2
1ED7B9ED
1ED7C1E8
1ED7C1ED
1EE7B1F2
1F07A9EE
1ED7BDEA
1EB7C9ED
1EE7B5F0
1F17A1EF
1EE7B5EE
1EB7C9ED
1EE7B9EC
1F17A9EF
1EF7B1F2
1ED7C1ED
1EF7B9E8
1F47B1ED
1EF7A9F0
1EA7BDED
1ED7D1EA
1F07B5ED
1EF7A1F1
1EE7B9ED
1EC7D1EA
1EA7BDED
1EE7A9F0
1F27B1EE
1ED7C1ED
1E87C1ED
1EE7B9EE
1F47ADEF
1EF7A9F0
1EA7BDED
1EE7C9EB
1F27C5EE
1F07E9F2
1EE7CDEE
1ED7D1EB
1EC7B9EE
1EF7A1F2
1F27B1EF
1ED7C9EC
1E87C1ED
1EE7B1EF
1F47ADEF
1EE7B1EF
1E87C1ED
1ED7C9EC
1F27B1EF
1EF7A1F2
1EC7B9EE
1ED7D1EB
1EE7B9EE
1F07A1F1
1F27B1EE
1EE7C9EB
1EA7BDED
1EF7A9F0
1F47ADEE
1EE7B9ED
1E87C1ED
1EE7C1ED
1F47ADEE
1EF7A9F0
1EA7BDEF
1ED7D1EE
1F07B5EF
1F07A1F1
1F07B5ED
1ED7D1EA
1EA7BDED
1EF7A9F0
1F47ADEE
1EE7C1ED
1E87C1ED
1EE7B9ED
1F47ADEE
1EF7A9F0
1EA7BDED
1EE7C9EB
1F27B1ED
1F07A1F0
1EE7B1E9
1ED7D1E2
1EC79DE0
1EF7A9DF
1F2789DB
1ED7C9D8
1E878DD2
1E77B1CC
1E66D9B5
19E6619E
1565E98D
1505197C
14A54172
15354169
15C55D71
16458179
16C5A182
1715C18B
1765D992
1795E999
17C5F59B
1806019E
1846059F
184609A1
1846099E
17F6099B
17A63DAD
1B26B1BF
1EA77DD4
1EC7D1EA
1EE7B5ED
1EF7A1F1
1F07B5ED
1ED7D1EA
1EA7BDED
1EF7A9F0
1F47ADEE
1EE7C1ED
1E87C1ED
1EE7B9ED
1F47ADEE
1EF7A9F0
1EA7BDED
1ED7C9EB
1F07B5EE
1EC7A1F1
1F5789EC
1EF7A9F6
1E97D9EC
1EC7C9E2
1F07A9EE
1EF7A1FA
1EF7B1EE
1EC7C9E2
1EA7D1EC
1EF7A9F6
1F4791F0
1ED7C1EA
1E67E9EC
1ED7B9EE
1F5789F1
1EE7ADF4
1E87E1EC
1ED7C9E4
1F27A1EF
1EF7B9FA
1ED7C1EE
1EC7CDE2
1EB7C9EE
1EF7A5FA
1F3799F0
1ED7C5E6
1E77E9EC
1EE7B5F2
1F6789F2
1EE7B5F2
1E77E9ED
1ED7C5E8
1F3799F1
1EF7A5FA
1EB7C9EE
1EC7CDE2
1ED7C1EE
1EF7A5FA
1F27A1EF
1ED7C9E4
1E87E1EC
1EE7ADF4
1F5789F0
1ED7B9EC
1E67E9EB
1ED7BDEA
1F5789F0
1EF7A9F6
1E97D9EC
1EC7C9E2
1F07A9EE
1F07A1FA
1F07A9EE
1EC7C9E2
1E97D9EC
1EF7A9F6
1F5789F0
1ED7BDEA
1E67E9EB
1ED7B9EC
1F5789F0
1EE7ADF4
1E87E1EC
1E87C5E4
1E87A1EE
1E477DF8
1E0799E4
1DF77DD0
1DE751D2
1D8739D4
1D36F1CA
1BE705C0
1A9721B6
19C64DAC
1905897F
17158152
1525095C
15152966
15054169
1585556C
16057174
1675917C
16F5A985
1745C98E
1795E195
17D5F19C
1816019E
18460DA0
187611A1
187615A2
187619A2
184615A2
181609A3
1B46B1A4
1E77C9C3
1EB7C9E2
1EF7B1EE
1EF7A1FA
1F07A9EE
1EC7C9E2
1E97D9EC
1EF7A9F6
1F5789F0
1ED7BDEA
1E67E9EB
1ED7B9EC
1F5789F0
1EE7ADF4
1E87E1EC
1EC7C9E4
1F17A9EF
1EC7B1FA
1F67B1ED
1EF7A1F2
1E87C1ED
1EC7D9E9
1F07B1EE
1F0791F3
1F07B5EE
1ED7D9E9
1EA7C1ED
1F07A1F2
1F67ADEF
1ED7C9EC
1E47C5ED
1ED7B9EE
1F67A9EF
1EE7A9F1
1E67C5ED
1EC7D9EA
1F27B1EE
1EF799F3
1EC7BDEE
1EB7E1E9
1EA7BDEE
1EF799F3
1F47ADEF
1ED7D1EB
1E67C5ED
1EF7B1F0
1F87A9F0
1EF7B1F0
1E67C5ED
1ED7C9EB
1F47ADEF
1EF799F3
1EA7BDEE
1EB7E1E9
1EC7BDEE
1EF799F3
1F27B1EE
1EC7D9EA
1E67C5ED
1EE7A9F1
1F67ADEF
1ED7C1ED
1E47C9EC
1ED7C9EC
1F67ADEF
1EF7A1F2
1E87C1ED
1EC7D9E9
1F07B1EE
1F0791F3
1F07B1EE
1EC7D9E9
1E87C1ED
1EF7A1F2
1F67ADEF
1ED7C9EC
1E47C9EC
1ED7C1ED
1F67ADEE
1EE7A9F0
1E67B1E7
1E27C9DF
1DE769DE
1D8719DE
1D2735DA
1D1741D7
1D0715CF
1C2701C7
1B4681B5
18F639A3
16A5C592
1524E181
13A5256E
1445195C
14E52D63
1525496A
1565596D
15D56971
16458579
16B5A981
1725C189
1775E191
17C5F197
1816019E
186611A0
188621A2
18A621A2
18A629A3
18A62DA4
189631A5
18862DA5
1B6649A6
1E4765C7
1EA7D9E9
1F07B5EE
1F0791F3
1F07B1EE
1EC7D9E9
1E87C1ED
1EF7A1F2
1F67A9EF
1ED7C1EC
1E47C5EC
1ED7C1ED
1F67ADEF
1EE7A9F1
1E67C5ED
1EC7D9EA
1F27B5EE
1EC799F3
1ED7C1EF
1EE7BDEE
1EF7B9EF
1EE7B5F0
1EE7B9EE
1EE7B9EC
1EE7B9EE
1EE7B5F0
1EF7B9EF
1EE7BDEE
1EE7C1EE
1EE7B9EE
1EF7B1EE
1EE7B9EE
1ED7C1EE
1ED7B9EE
1EE7B1EF
1ED7B5F0
1ED7B9EE
1ED7B9EC
1EE7B9EE
1EE7B5F0
1EE7B9EE
1ED7B9EC
1ED7B9EE
1EE7B5F0
1EF7B1EF
1EE7B9EE
1ED7C1EE
1EE7B9EE
1EF7B1EE
1EE7B5EE
1ED7B9ED
1ED7B9EC
1EE7B9EE
1EE7B5F0
1EE7B9EE
1ED7B9EC
1ED7B9EE
1ED7B5F0
1EE7B1EF
1ED7B9EE
1ED7C1EE
1EE7B9EE
1EF7B1EE
1EE7B9EE
1ED7C1EE
1ED7BDEE
1EE7B9EF
1EE7B5F0
1EE7B9EE
1EE7B9EC
1EE7B9EE
1EE7B5F0
1EE7B9EF
1ED7BDEE
1ED7C1EE
1EE7B9EE
1EF7B1EE
1ED7B9EE
1EC7C1ED
1E5791EC
1DF779E3
1D7775DA
1CF721CF
1B66BDC4
19D6E1D1
182671DE
1676C9CC
182655BA
19E5E1A0
17757D86
1514E16E
14A4F956
1435195E
14A53166
1525496A
15655D6E
15B57172
16157D76
1675997E
16D5B186
1735D18D
1795E994
17F6019A
184611A0
189621A2
18A629A4
18B631A4
18D639A4
18F641A6
18C63DA8
18A631A8
1BB6C9A8
1EC7B1CC
1ED7B5F0
1EE7B9EE
1EE7B9EC
1EE7B9EE
1EE7B5F0
1EF7B9EF
1EE7BDEE
1ED7C1EE
1EE7B5EE
1EF7B1EE
1EE7B9EE
1ED7C1EE
1ED7B9EE
1EE7B1EF
1EE7B5F0
1EE7B9EE
1EE7B9EC
1E47C1EF
1ED7D9EA
1F67ADEF
1F1791F4
1EC7BDEF
1EC7E9EA
1EC7BDEF
1F0791F4
1F47B1EF
1ED7D9EA
1E67C9ED
1F07A9F0
1FA7A5EF
1EF7B9EE
1E47C9EC
1ED7D1EB
1F67A9EF
1EF799F4
1E87C1EE
1EC7E1E8
1F07B5EE
1F1789F5
1F27B1EE
1EC7E1E8
1E67C5ED
1EF7A1F3
1F87A9EF
1ED7C1EC
1E27C9EC
1ED7C1EC
1F87A9EE
1EF7A1F1
1E67C5EC
1EC7E1E8
1F27B1EE
1F1789F5
1F07B5EE
1EC7E1E8
1E87C1EE
1EF799F4
1F67A9EF
1ED7D1EB
1E47C9ED
1EF7B1EF
1FA7A5EF
1EF7A9F0
1E47C9ED
1EC7D9EA
1F47ADEF
1F0791F4
1EC7BDED
1EC7E9E7
1EC7BDED
1F0791F4
1F47ADEF
1EC7D9EA
1E47C9ED
1EF7A9F0
1FA7A5EE
1EE7B1ED
1E278DEB
1DD769EA
1D8775DE
1CC779D3
1C060D98
1945D95D
16854177
1334D992
0FE5FDA3
1435B1B5
18856190
1604F96B
1384F159
14250947
14C51947
15154947
1565414B
15B57150
1605695F
1655896E
16A59177
16F5B180
1745C58A
17B5F194
1826099B
187629A2
18C62DA4
18C631A6
18C63DA7
190649A8
194651A9
190659AB
18C671B3
1C0701BC
1F4779D8
1F0791F4
1EC7BDED
1EC7E9E7
1EC7BDED
1F1791F4
1F67ADEF
1ED7D9EA
1E47C9ED
1EF7A9F0
1FA7A5EF
1EF7B1EF
1E47C9ED
1ED7D1EB
1F67A9EF
1F0799F4
1EA7BDEE
1F17E1E8
1E77E1EF
1ED7C5E6
1F3799EF
1F07A5F8
1ED7C9F0
1ED7CDE8
1ED7C1F0
1EF7A5F8
1F27A1EF
1ED7C5E6
1E97E1EC
1EF7B1F2
1F6789F0
1EE7B5EE
1E77E1EB
1ED7C1E8
1F3791F0
1EE7A9F8
1EA7D1EE
1EC7C9E4
1EF7B1EF
1F07A1FA
1F17A9EF
1ED7C9E4
1E97D9ED
1EF7ADF6
1F5791F0
1ED7BDEA
1E67E9EA
1ED7BDEA
1F5791EF
1EF7ADF4
1E97D9EC
1ED7C9E4
1F17A9EF
1F07A1FA
1EF7B1EF
1EC7C9E4
1EA7D1EE
1EE7A9F8
1F3791F0
1ED7C1E8
1E77E1EC
1EE7B5F0
1F6789F1
1EE7B1F2
1E77E1EC
1EC7C5E6
1F2799EF
1EF7A5F8
1ED7C9ED
1ED7D1E2
1ED7C9ED
1EF7A5F8
1F2799EF
1EC7C5E6
1E77E1EC
1EE7B1F2
1F5789EF
1E4779EC
1D3761EA
1B8731E8
19E779DA
18B569CC
1783C161
17943CF6
17A3711E
16359146
14C6A97B
158581B0
1644F980
15D4E150
1564E144
1604F938
16B4F930
16E51928
1725012D
17152D32
1705414C
16A55166
16457970
16958D7A
16E5A987
1795D994
1846119C
18962DA4
18E641A6
18F641A8
190649AA
193655AC
196661AD
197651AE
199641BF
1C5725D0
1F27A1E4
1EF7A5F8
1ED7C1ED
1ED7CDE2
1ED7C9ED
1F07A5F8
1F3799EF
1EC7C5E6
1E57E1EC
1EA79DF2
1F0789F1
1EB7B5F0
1E77E1EC
1ED7C1E8
1F3791F0
1EF7A9F8
1EB7C9EE
1F07C1E4
1EA7B9EE
1ED7C1EC
1F07B1EE
1EF7A9F0
1EE7B9EF
1EE7C9EF
1EE7B9EF
1EF7A9F0
1F07B5EE
1EE7C1ED
1EC7BDEE
1EF7B1EF
1F27B1EE
1EE7B9EE
1EA7BDED
1ED7C1ED
1F07B5EE
1EE7B1F0
1EC7BDEE
1ED7C9EC
1EE7B5EE
1EF7A9F0
1F07B5EE
1EE7C9EC
1EC7BDEE
1EF7B1F0
1F27B1EE
1EE7B9ED
1EA7BDED
1EE7B9ED
1F27B1EE
1EF7B1EF
1EC7BDED
1EE7C9EC
1F07B5EE
1EF7A9F0
1EE7B5EE
1ED7C9EC
1EC7BDEE
1EE7B1F0
1F07B5EE
1ED7C1ED
1EA7BDEE
1EE7B9EF
1F27B1EF
1EE7B1EF
1EA7BDED
1ED7C1EC
1F07B1EE
1EF7A9F0
1EE7B9EE
1EE7C9EC
1EE7B9EE
1EF7A9F0
1F07B1EE
1ED7C1EC
1EA7BDED
1ED7B1EF
1F0785E5
1DA749DC
1C46B1CF
194689C3
1644ED9D
14A2F977
13040D71
15E3F16C
18C58D67
19375962
19A5D94F
16D4B93D
1404E524
15A4B90B
1744F904
17F508FE
18A518FA
18C520F6
18E51CFA
187508FE
1805250B
16F50118
15E5452E
16356944
1685A170
1775B99D
186615A3
18B641AA
190649AB
192651AC
194655AD
196661AE
198655AB
19F649A8
1A66E5C5
1CB7B1E2
1F07B1E9
1EF7A9F0
1EE7B9EE
1EE7C9EC
1EE7B9EE
1EF7A9F0
1F07B1EE
1EB7C1EC
1E6765C0
1E676195
1E66D1B0
1E87B9CC
1EA7BDDC
1ED7C1ED
1F07B5EE
1EE7B1F0
1EC7BDEE
1EF7C9EC
1F27A1ED
1EE7B1F2
1EB7C9ED
1ED7C1E8
1F07B1EF
1EF7A9F6
1EF7B1EF
1ED7C1E8
1EC7C9EE
1EF7B1F4
1F27A1F0
1ED7BDEC
1E97D9ED
1ED7B9EE
1F27A1F0
1EE7B5F2
1EA7D1ED
1ED7C1E8
1F07A9EE
1EE7ADF4
1ED7B9ED
1ED7C5E6
1ED7C1ED
1EF7ADF4
1F17A9EF
1ED7C1EA
1EA7D1ED
1EE7B1F0
1F3799F0
1EE7B1F0
1EA7D1ED
1ED7BDEA
1F17A9EF
1EF7ADF4
1ED7C1ED
1ED7C5E6
1ED7B9ED
1EE7ADF4
1F07A9EE
1ED7C1E8
1EA7D1ED
1EE7B5F2
1F27A1F0
1ED7BDEE
1E97D9ED
1ED7BDEC
1F27A1EF
1EE7B1F2
1EB7C9ED
1ED7C1E8
1F07B1EF
1F07A9F6
1F07B1EF
1ED7C1E8
1EB7C9ED
1EE7B1F2
1F27A1EF
1DA7A9EC
1C3791DC
18F669CC
15C591B5
1534899E
14A2C160
16B48D22
18D59182
192615E2
198779B0
1966297E
1954B124
18950CCA
17E528C8
18F56CC6
1A1548C5
1A458CC4
1A7548C4
1A1578C4
19B550C7
195544CA
18F550CA
17C53CCA
16A538EC
1735590E
17D5B95A
1865FDA6
190649AB
192651B0
195659B0
19665DB0
198661B0
196659B0
195649A9
1B26CDA2
1CF759CB
1DD799F4
1EC7C9EE
1ED7C1E8
1EF7B1EF
1EF7A9F6
1F07B1EF
1ED7C1E8
1EB7C9ED
1C6755F2
1A169195
18B5BD38
1764A970
1B2649A8
1EE799CD
1EC7B1F2
1EA7D1ED
1EC7C5E8
1EF7B1EE
1EC7B5F4
1FA7ADED
1F0799F3
1E67C5ED
1EC7E9E7
1F27B1EE
1F1781F6
1F07B1EE
1EC7E9E7
1E87C5ED
1F0799F4
1F87A9EF
1EC7C9EB
1E07CDEC
1ED7B9EE
1FA7A5F0
1EF7A1F2
1E47C9ED
1EC7E1E8
1F47ADEE
1F0789F5
1EC7B9ED
1EB7F1E6
1EA7C1ED
1F0789F5
1F67A9EF
1EC7D9E9
1E27C9EC
1EF7A9F0
1FC7A1F0
1EF7A9F0
1E27C9ED
1EC7D1EA
1F67A9EF
1F0789F4
1EA7C1ED
1EB7F1E6
1EC7B9ED
1F0789F5
1F47ADEE
1EC7E1E8
1E47C9ED
1EF7A1F2
1FA7A5F0
1ED7C1EE
1E07CDEC
1ED7C9EB
1FA7A9EF
1F0799F3
1E67C5ED
1EC7E9E7
1F27B1EE
1F2781F6
1F27B1EE
1EC7E9E7
1E67C5EC
1F0799F2
1FA79DE9
1C87C9E1
196619CB
145539B5
0F4469AD
112351A6
13051D99
18D6F18D
1EA6C18D
1C77618D
1A46495E
19A5212F
19056522
1A65A915
1BC62522
1C56912F
1CE6692D
1C96992C
1C46592D
1B66312F
1A85F510
1A3568F1
19E578E2
18A568D3
176504EF
1845110C
19259941
19664176
19A65595
19A661B4
19A665B3
19B671B3
19C65DA4
19766195
19263984
1C575174
1F86C9A5
1F0791D6
1E87C1DE
1EC7E9E7
1F07B1EE
1F1781F6
1F27B1EE
1EC7E9E7
1E6785BB
1A174190
15C58D47
131460FF
1064ED54
17C529A9
1F26FDCD
1EB7A1F2
1E47C9ED
1EB7E1E8
1F27B1EE
1EA789F5
1F2799ED
1EE7B1F4
1EB7D1ED
1ED7C5E6
1F07B1EE
1EF7A9F6
1EF7B1EE
1ED7C1E6
1EC7C9ED
1EC7B1F4
1EC7A1EF
1EA7BDEA
1E97D9EC
1ED7B9EE
1F2799F0
1EE7B1F2
1EA7D1ED
1ED7C1E8
1F07A9EF
1EE7ADF6
1ED7B9EE
1ED7C5E6
1ED7C9EE
1EF7ADF6
1F17A1EF
1ED7C1E8
1EA7D9EC
1EE7B5F0
1F3799F0
1EE7A9F0
1EA7D9ED
1ED7BDEA
1F17A1EF
1EF7ADF4
1ED7C9ED
1ED7C5E6
1ED7B9EE
1EE7A9F6
1F07A9EF
1ED7C1E8
1EA7D1ED
1EE7B1F2
1F2799F0
1ED7B9EE
1E97D9EC
1ED7BDEA
1F27A1EF
1EE7B1F4
1EB7D1ED
1ED7C5E6
1F07B1EE
1F07A9F6
1F07B1EE
1ED7C5E6
1EB7D1EC
1E17A5F2
1D8779E4
1785D5D6
1193D9BA
13C4599E
15F389A6
174579AE
18A779D3
19E6FDF8
1B372198
1AC63538
1A65290C
1AF5D0E0
1B862120
1C568D60
1D37317C
1D471598
1D673996
1D671194
1D675197
1CE6F19A
1C76F159
1BA62518
1AE5C0FA
19953CDC
185468F3
1914F90A
19D56128
19B5E146
1996697F
18C66DB8
180671B7
161611B6
14264198
1224E17A
1024F160
11B4B546
1354E97F
18F625B8
1E97C9CF
1EC7C1E6
1EF7B1EE
1EF7A9F6
1F07B1EE
1C1789E6
1937298A
1575412E
11B400FA
1494C0C6
17858138
1B367DAA
1EE799CE
1EC7B1F2
1EA7D1ED
1EC7C1E8
1EF7A9EF
1EC7B5F6
1EA7B9EE
1ED7C1ED
1F07B5EE
1EF7A9EF
1EE7B9ED
1EE7C9EC
1EE7B9ED
1EF7A9EF
1F07B5EE
1E87C1ED
1E07BDED
1E97B1EE
1F27B1EE
1EE7B9EE
1EA7BDED
1ED7C1ED
1F07B5EE
1EE7B1F0
1EC7BDEE
1ED7C9ED
1EE7B5EE
1EF7A9F0
1F07B9EE
1EE7C9ED
1EC7BDEE
1EF7B1EF
1F27B5EE
1EE7B9ED
1EA7B1ED
1EE791ED
1F27A9EE
1EF7B1EF
1EC7BDED
1EE7C9EC
1F07B9EE
1EF7A9F0
1EE7B5EE
1ED7C1ED
1EC7B9EE
1EE7B1F0
1F07B5EE
1ED7C1ED
1EA7BDEE
1EE7B9EF
1F27B1EE
1EE7B1EE
1EA7BDED
1ED7C1ED
1F07B5EE
1EF7A9EF
1EE7B9ED
1EE7C9EC
1EE7B9ED
1EF7A9EF
1F07B1ED
1D37B9EC
1B66B9D5
129439BF
09C4C1C2
1334D1C6
1CA5D9BB
1D7791B0
1E46C19B
1B066986
17C5E951
1925291D
1A860D2C
1C46D93C
1E06DD5C
1E57417D
1EA7498A
1E476197
1DE7218D
1E372983
1E87358C
1E775195
1E66FD67
1D26813A
1BE5F50B
1A9560DC
194508E4
19E510ED
1A855CFE
1A05810F
1986015C
17F679AA
1665A961
12752918
0E83B0F8
0AD1F0D9
072250D1
0721A8CA
072304F2
12E4511A
1EA6397B
1EC7A9DC
1EE7B5E4
1EE7C9EC
1EE78DBF
19776993
1404FD3A
10D2A0E2
0DA44117
1625214C
1EA6798C
1EA7B9CD
1EA7BDDD
1ED7C1ED
1F07B5EE
1EE7B1F0
1EC7B9EE
1EF7C9ED
1E77E1EF
1ED7C5E6
1F3799EF
1F07A5F8
1ED7C9ED
1ED7CDE2
1ED7C1ED
1EF7A5F8
1F27A1EF
1EA7C5E6
1E37E1EC
1EC7B1F2
1F6789F0
1EE7B5EE
1E77E1EB
1ED7C1E8
1F3791F0
1EE7A9F8
1EA7D1EE
1EC7C9E4
1EF7B1EF
1F07A1FA
1F17A9EF
1ED7C9E4
1E97D9ED
1EF7ADF6
1F5791F0
1ED7BDEA
1E67E9EA
1ED7B1EA
1F5791EF
1EF7ADF4
1E97D9EC
1ED7C9E4
1F17A9EF
1F07A1FA
1EF7B1EF
1EC7C9E4
1EA7D1EE
1EE7A9F8
1F3791F0
1ED7C1E8
1E77E1EC
1EE7B5F0
1F6789F1
1EE7B1F2
1E77E1EC
1EC7C5E6
1F2799EF
1E27A5F8
1D27C9ED
1DF7D1E2
1ED7C9ED
1ED7A5F8
1EE799EF
1D7785E6
1C0781C7
17D651A8
13B629CB
16C645EE
19D779D0
19F651B2
1A159963
19657114
18C4F90B
1AB60D02
1CA7114D
1D371D98
1DC73999
1DF7359A
1E375998
1D771D96
1CB6C184
1CF6C972
1D370981
1D773590
1DB73976
1CB6995C
1BB6391C
1A9598DC
197550D6
19D53CD0
1A4588D4
1A0588D8
19C5A13A
18F5899C
1834910B
1253887A
0C816859
09C19C38
0710C043
06C1404E
06813865
0CD2E87C
13352927
17B5D1D2
1C37B9DA
1A0785E2
17E75991
13E54140
0FF2C8EB
12E42C96
15D54134
1A7665D2
1F2789E1
1EC7B5F0
1E77E1EC
1ED7C1E8
1F3791F0
1EF7A9F8
1EB7C9EE
1F07C1E4
1E47C1EF
1ED7D9EA
1F67ADEF
1F1791F4
1EC7BDED
1EC7E9E7
1EC7BDED
1F0791F4
1F47ADEE
1ED7D1E9
1E67C5EC
1F07A9F0
1FA7A5EF
1EF7B9EE
1E47C9EC
1ED7D1EB
1F67A9EF
1EF799F4
1E87C1EE
1EC7E1E8
1F07B5EE
1F1789F5
1F27B1EE
1EC7E1E8
1E67C1ED
1EF799F2
1F87A5EF
1ED7C1EC
1E27C9EC
1ED7C1EC
1F87A9EE
1EF7A1F1
1E67C5EC
1EC7E1E8
1F27B1EE
1F1789F5
1F07B5EE
1EC7E1E8
1E87C1EE
1EF799F4
1F67A9EF
1ED7D1EB
1E47C9ED
1EF7B1EF
1FA7A5EF
1EF7A9F0
1E47C9ED
1EC7D9EA
1F47ADEF
1D5791F4
1B67BDED
1D17E9E7
1EC7B5E6
1EC791E6
1EC769E3
1DB741E1
1CA741C2
1D2769A3
1DA679A6
1A56A9AA
1705D16C
1674A12E
15E4DD28
17D4C922
19C5DD38
1C47094F
1EC7316E
1E27518D
1D870182
1DA70977
1DC6E17D
1CA6F983
1B869978
1BB6396E
1BE6AD79
1C774185
1D06E57F
1C467979
1B85D929
1A9580D9
19A4C4C4
19D510AF
1A0550C3
1A0578D7
1A058512
1A05814E
1A04E530
12430913
0A82A8BF
08C2586B
0701CC72
06716879
05E18C7C
06D0F080
07C2A8CC
10A2C119
19856941
1537396A
10E58D48
0E638126
0BE46123
14F61120
1E06917F
1ED7A9DF
1FA7A5E7
1EF7B1EF
1E47C9ED
1ED7D1EB
1F67A9EF
1F0799F4
1EA7BDEE
1F17E1E8
1ED7C1EF
1EE7BDEE
1EF7B9EF
1EE7B5F0
1EE7B9EE
1EE7B9EC
1EE7B9EE
1EE7B5F0
1EF7B9EE
1EE7B9EC
1EE7C1ED
1EE7B9EE
1EF7B1EE
1EE7B9EE
1ED7C1EE
1ED7B9EE
1EE7B1EF
1ED7B5F0
1ED7B9EE
1ED7B9EC
1EE7B9EE
1EE7B5F0
1EE7B9EE
1ED7B9EC
1ED7B9ED
1EE7B5EE
1EF7B1EE
1EE7B9EE
1ED7C1EE
1EE7B9EE
1EF7B1EE
1EE7B5EE
1ED7B9ED
1ED7B9EC
1EE7B9EE
1EE7B5F0
1EE7B9EE
1ED7B9EC
1ED7B9EE
1ED7B5F0
1EE7B1EF
1ED7B9EE
1ED7C1EE
1EE7B9EE
1EF7B1EE
1EE7B9EE
1ED7C1EE
1ED7BDEE
1EE7B9EF
1DD7B5F0
1CC7B9EE
1CE789EC
1D1791E0
1C873DD4
1BF739D8
1AE6CDDC
19E6E1BD
1A166D9E
1A55B182
18859566
16C48908
13E45CAA
111478ED
16655D30
1BC6A966
1D37199C
1EB7598F
1DA71582
1CA6716B
1BF67154
1B463162
1905D970
16D6796D
1995D96A
1C663172
1CF6C57A
1D96A988
1B164596
18A53136
18646CD6
182330B2
19245C8E
1A2538B2
1A2550D6
1A3578EB
1AD5ED00
1B768156
17C53DAC
1413E125
10038C9E
0C02B0A1
0A8284A4
0912A894
0A520084
0B91D072
10B34860
15D3F8A9
14F48CF2
141420FF
12C4D10C
1185295B
162601AA
1AD751CB
1C7755EC
1E27B1ED
1E77B1EE
1ED7C1EE
1ED7B9EE
1EE7B1EF
1EE7B5F0
1EE7B9EE
1EE7B9EC
1F67B1ED
1EF7A1F2
1E87C1ED
1EC7D9E9
1F07B1EE
1F0791F4
1F07B5EE
1ED7D9E9
1EA7C1ED
1F07A1F1
1F67ADEE
1ED7C9EC
1E47C9ED
1ED7B9EE
1F67A9EF
1EE7A9F1
1E67C5ED
1EC7D9EA
1F27B1EE
1EF799F3
1EC7BDED
1EB7E1E8
1EA7BDED
1EF799F3
1F47ADEE
1ED7D1EA
1E67C5ED
1EF7B1F0
1F87A9F0
1EF7B1F0
1E67C5ED
1ED7C9EB
1F47ADEF
1EF799F3
1EA7BDED
1EB7E1E8
1EC7BDED
1EF799F3
1F27B1EE
1EC7D9EA
1E67C5ED
1EE7A9F1
1F67ADEF
1ED7C1ED
1E47C9EC
1ED7C9EC
1F67ADEE
1EF7A1F0
1E87A1DC
1E57D9C8
1E2725C2
1CC6F9BD
1B66C5B7
1A4699B1
192665B2
1825D9B4
172619A1
1715C18E
1705A568
16C57942
1684E0F2
1163D8A2
0C440CD7
1505910D
1DC68951
1E376196
1EA74D90
1D37398B
1BC6A563
1A46193B
18C4C944
1573C14E
1224B95D
1784816D
1CE6217F
1D86F992
1E26D596
19F6C99B
15C58D65
1633D930
16A450FD
1873F8CB
1A44F0D5
1A5520DF
1A65BD1B
1BA63958
1CE70593
1D4791CF
1DA6118A
17555146
1104C940
0EA3513A
0C43CD0A
0DD298DB
0F6344C2
10C4A0AA
122404F5
14B2E141
17452554
17367968
1725B55E
17657955
17A6458C
1A26B1C4
1CA701C9
1E07A9CF
1F6789DF
1EE7A9F0
1E67C5ED
1EC7D9EA
1F27B5EE
1EC799F3
1F5789EC
1EF7A9F6
1E97D9EC
1EC7C9E2
1F07A9EF
1EF7A1FC
1EF7B1EF
1EC7C9E2
1EA7D1EC
1EF7A9F6
1F4791F0
1ED7C1EA
1E67F1EC
1ED7B9EE
1F5789F1
1EE7ADF4
1E87E1EC
1ED7C9E4
1F27A1EF
1EF7A5FA
1ED7C1ED
1EC7CDE0
1EB7C9ED
1EF7A5FA
1F3799F0
1ED7C5E6
1E77E9EC
1EE7B1F2
1F6781F2
1EE7B1F2
1E77E9ED
1ED7C1E8
1F3799F1
1EF7A5FA
1EB7C9ED
1EC7CDE0
1ED7C1ED
1EF7A5FA
1F27A1EF
1ED7C9E4
1E87E1EC
1EE7ADF4
1F5789F0
1ED7BDEC
1E67F1EB
1E67BDEA
1E6789EE
1D0745F2
1BB759C9
1B86D5A0
1B660997
1AA6498E
19F5F98E
1956218E
18B5F18D
1875E98C
1845E985
1855DD7E
1865B14E
16D5D11E
1545B0DC
10C3849A
0C4250C2
13E484EA
1B96913D
1CD6DD90
1E274992
1D971D94
1D16D15B
1B85A122
1A031927
18C4492C
1784314E
1A859170
1D96D98D
1DD6EDAA
1E26E9A5
1BF6C1A0
19C66995
19C5D98A
19D64149
19C54508
19B578F8
1AE5A4E8
1C16294C
1CE6FDB0
1DC7D1D1
1E17A5F2
1E7789F0
1B1719EE
17C7D1DF
164661D0
14D6A981
1484F532
14440913
162508F4
1814A142
19659190
1AB719AA
197691C4
1835B962
1725A900
1615A14E
1815E19C
1A2601A6
1B36A9B0
1C5719D1
1D676DF2
1E87E1EB
1EC7C9E4
1F17A9EF
1EC7B1FA
1F47B1ED
1EF7A9F0
1EA7BDED
1ED7D1EA
1F07B5EE
1EF7A1F2
1EE7B5EE
1EC7D1EB
1EA7BDED
1EE7A9F0
1F27B1EE
1ED7C1ED
1E87C1ED
1EE7B9EE
1F47ADEF
1EF7A9F0
1EA7BDED
1EE7C9EB
1F27B1EE
1F07A1F2
1EE7B9EE
1ED7D1EA
1EC7B9EE
1EF7A1F2
1F27B1EF
1ED7C9EC
1E87C1ED
1EE7B1EF
1F47ADEF
1EE7B1EF
1E87C1ED
1ED7C1EC
1F27B1EF
1EF7A1F2
1EC7B9EE
1ED7D1EA
1EE7B9EE
1F07A1F2
1F27B1EE
1EE7C9EB
1EA7BDED
1EF7A9F0
1F47ADEE
1EE7B9ED
1E87BDE1
1DF7B9D6
1D6705CF
1B2699C8
18E699B5
18C621A2
18A6259B
18962995
18861595
18660995
1846018D
18D5F985
19661D74
19962164
19C62D28
16E668EC
140408C4
1022409D
0C42B0A7
12D3A8B2
19656902
1B863952
1DA68556
1E07215B
1E66B151
1CD68147
1B458552
1C16215D
1CE5F979
1D96B995
1E46E9A7
1E36F9BA
1E26FDB7
1DF6E9B4
1DC6D9AE
1D66E9A8
1D06595D
1B156912
1925A905
1B75D0F9
1DC68959
1E37C1B9
1EA7B9D4
1EF7B1EF
1F47ADEE
1EE7B9EE
1E87B9E6
1DF7C1DF
1D66DD9D
1B46915C
19262D65
1B96D96E
1E06A597
1E17B1C0
1E275DCF
1BB701DE
1946699B
16E5D958
14856568
16153978
17A5C592
1875E1AD
1946C9CC
1BF719EC
1EA799EB
1ED7C9EB
1F07B5EE
1EC7A1F2
1EB7C9EE
1ED7BDEA
1F07A9EE
1EE7B1F2
1ED7C1ED
1ED7C1E8
1ED7B9EE
1EE7B1F4
1EF7B1EF
1ED7BDEA
1EB7C9ED
1EE7B5F0
1F17A1EF
1EE7B5EE
1EB7C9ED
1EE7B9EC
1F17A9EF
1EF7B1F2
1ED7C1EE
1EE7C1EA
1EF7B9EF
1EF7B1F4
1EF7B1EF
1ED7C1EA
1EC7C9EE
1EE7B5F2
1F17A9EF
1EE7BDEC
1EB7D1EC
1EE7BDEC
1F17A9EE
1EE7B5F0
1EC7C9ED
1ED7BDEA
1EF7B1EF
1EF7B1F4
1EF7B9EF
1EE7C1EA
1ED7C1EE
1EF7B1F2
1F17A9EF
1EE7B9EC
1EB7C9ED
1E87B1EE
1E6799D8
1CD6F5C2
1B4639B0
1A26619E
191659A1
18F641A4
18D641A0
18C6359C
18B6299C
18660D9C
1826198D
18F6217E
19C67164
1966914A
19168102
14A42CBA
1031C8AD
0E0284A0
0BE2888D
12A3947A
197538C7
1AA5BD14
1BE5791B
1C261D22
1C665947
1C26616C
1BE6597D
1CC6958E
1DA6E1A4
1DF6F9BA
1E5719C2
1DF721CA
1DA729C9
1DB711C8
1DD729C7
1CD709C6
1BD6D971
1B35C51C
1A95F913
1B35F90A
1BD66966
1CF6E9C2
1E27A1D7
1E67B5EC
1EB7C9ED
1ED7B5EE
1F07A1EE
1A9711EE
163681BA
17A5F586
191749B7
1B6745E8
1DB771EC
1E078DF0
1E57B1F4
1D0759F8
1BB711D4
18E615B0
1624E182
17B59554
1946017F
1A3681AA
1B3711C8
1D2769E6
1F17A9EC
1EF7B1F2
1ED7C1EE
1EF7BDEA
1E27C1EE
1EC7D9E9
1F67A9EE
1F0789F4
1EA7BDED
1EB7E9E6
1EC7B9ED
1F0789F5
1F47ADEF
1EC7D9E9
1E47C9ED
1EF7A9F1
1FA7A5EF
1EE7B9EE
1E27C9EC
1ED7D1EB
1F87A9EF
1F0791F4
1E87C1EE
1EC7E9E8
1F07B5EF
1F1789F6
1F27B1EF
1EC7E9E8
1E67C5ED
1F0799F3
1FA7A9EF
1EE7C9EC
1E27D1EC
1EE7C9EC
1FA7A9EE
1F07A1F1
1E67C5EC
1EC7E1E8
1F27B1EF
1F1789F6
1F07B5EF
1EC7E9E8
1E87C1EE
1F0791F4
1F87A9EF
1ED7D1EA
1E27C9EC
1E37B1EF
1E473DD0
1BB651B2
192651A9
193661A1
194655A2
192649A4
1906459E
18F64199
18E5E575
1875F152
1805653F
1916012D
1A267549
19473966
18658513
126208C1
0C62C4B9
0BF388B2
0B82B8A2
1282E892
198504E8
19D6093E
1A25A520
1A458102
1A65D138
1B76516F
1C866D8B
1D76F9A8
1E6719BB
1E6739CE
1E673DD1
1DC751D5
1D2731D3
1D8709D2
1DE725B6
1C47399B
1AA5F157
1B54E113
1C05C115
1AF5B117
19E5D93D
1BC5D963
1DA6D5A0
1DE7C1DE
1E27C5E5
1ED7B9ED
1F86F9AB
17466169
0F04E160
14038157
1906419E
1B3781E6
1D677DEC
1DF761F2
1E8741EF
1E57A9EC
1E2729D1
1AF689B7
17C5FDA7
19563998
1AE6B5B2
1C0711CC
1D2771D9
1E57D1E7
1F87A9ED
1F1791F4
1EA7C1EE
1F27E9E8
1E87D9EF
1ED7C1E8
1F27A1EF
1EF7A9F6
1EC7C1ED
1EC7C9E4
1ED7C1ED
1EF7A9F6
1F17A1EF
1ED7C1E8
1E97D9ED
1EE7B1F2
1F4791F0
1EE7B5EE
1E87D9EC
1ED7BDEA
1F3799F0
1EF7ADF6
1EB7D1EE
1ED7C9E6
1EF7B1EF
1EF7A5F8
1F07A9EF
1ED7C5E6
1EA7D1ED
1EF7ADF4
1F4799F0
1EE7BDEC
1E87E1EC
1EE7BDEC
1F4799EF
1EF7B1F2
1EA7D1EC
1ED7C5E6
1F07A9EF
1EF7A5F8
1EF7B1EF
1ED7C9E6
1EB7D1EE
1EF7ADF6
1F3799EF
1ED7BDE8
1E87D9EC
1E87A5F0
1E9759C9
1C76E1A2
1A6659A3
19E669A4
196659A4
18E649A4
1866499D
16C57596
1525414F
1584E508
15E388F2
17E4E8DC
19E6292F
19B68D82
19965925
15746CC8
1153C0C6
0DF328C4
0AA1E8B7
12D400AA
1B05E909
1AD61168
1AB59925
1A7564E2
1A35212A
1A15E572
1A06119A
1B467DC2
1C9751D2
1D0715E2
1D8759E1
1D5739E0
1D3749DE
1CA721DC
1C1731A6
1A85FD70
18F4D93D
19C5410A
1AA67917
1A25B524
19A57914
1B05C504
1C76196A
1D6751D0
1E67D9DE
1AA6F5EC
16F62968
1434B0E4
11832106
16153128
1AA6B986
1BD73DE4
1D07A1EC
1D4721F4
1D9651EA
1CC70DE0
1BF769CF
1A16A1BE
184659CD
1A86BDDC
1CD789E5
1D6789EE
1E07D9EB
1E97BDE8
1F3799EF
1EF7A9F6
1EC7C9EE
1F07C1E6
1EE7B5ED
1EE7B9EE
1EE7B9ED
1EE7B9ED
1EE7B9ED
1EE7B9EE
1EE7B9ED
1EE7B9ED
1EE7B9ED
1EE7B9EE
1EE7B9EE
1EE7B9EE
1EE7B9EE
1EE7B9EE
1EE7B5EE
1EE7B9EF
1EE7B9EE
1EE7B9EE
1EE7B9EE
1EE7B9EF
1EE7B9EE
1EE7B9EE
1EE7B9EE
1EE7B9EF
1EE7B9EE
1EE7B9EE
1EE7B9EE
1EE7B9EE
1EE7B9EE
1EE7B9EE
1EE7B9ED
1EE7B9ED
1EE7B9EE
1EE7B9EF
1EE7B9EE
1EE7B9EE
1EE7B9EE
1EE7B9EF
1EE7B9EE
1EE7B9EE
1EE7B9EE
1EE7B9EE
1EE7B5EE
1EE7B9EE
1EE79DDA
1D4781C6
1BA701C8
1A9699CA
1986B1C1
18A641B9
17C5AD97
14940975
11653162
1294E150
13C4A549
16B3F942
19A5D954
1A367966
1AC61123
188590E0
1644C8DA
100370D4
09C364E2
132548F0
1C86412B
1BE6C167
1B462134
1AA56101
1A058D0F
18C6191D
17856140
19259963
1AC5F173
1BB67183
1CA64978
1CF6F16E
1D46596B
1BC70968
1A45DD40
18C4B119
1744BD00
1844D8E7
194568F4
19553102
19657D0F
1A55A91C
1B46A57D
1CF791DE
1EA6D9A2
16862166
0E64A13D
11332115
14054552
1827718F
1C4731B3
1C7719D7
1CA74DDA
1CA731DD
1CA6A9D5
1B36D1CD
19C6CDCB
194641CA
18C691C7
1BC6D9C4
1EC75DD8
1ED7B9ED
1EE7B5ED
1EE7B9EE
1EE7B9EE
1EE7B9EE
1EE7B9EE
1EE7B9EF
1F3791EC
1EE7ADF4
1EA7D1EC
1ED7C5E4
1F07B1EE
1EF7A9F8
1EF7B1EE
1ED7C5E4
1EB7D1EC
1EF7ADF4
1F3799EF
1ED7BDEA
1E87E1EC
1ED7B9EE
1F3791F1
1EE7B1F4
1E97D9ED
1ED7C5E6
1F17A1EF
1EF7A9F8
1ED7C1EE
1EC7C9E4
1EC7C9EE
1EF7ADF8
1F27A1F0
1ED7C5E8
1E97E1EC
1EE7B5F0
1F4791F0
1EE7B5F0
1E97E1EC
1ED7C1E8
1F27A1F0
1ED7A9F8
1E87C9EE
1EA7C9E4
1ED7C1EE
1EF7A9F8
1F17A1EF
1ED7C5E6
1E97D9ED
1EE7B1F4
1F3791F0
1ED7B9EC
1E87E1EB
1E07ADEA
1D9791ED
1CC755F0
1BF799DF
1B16EDCE
1A462191
18D5E154
17669976
17D63598
184631A0
19B5EDA8
1B26C979
1B766D4A
1BD5E921
19C620F8
17B668EE
135438E4
0EF2F90D
16157936
1D37194E
1C76F566
1BB6D143
1A961520
198598F4
160520C8
1283C0E6
11C3CD04
11147114
11443924
11847110
136428FC
154428F8
16A520F4
181490DB
169484C2
151498C3
16C4ACC4
188520D2
193568E0
19F5A10A
1B465934
1C974190
19A6A1EC
16B5E166
14248CE0
11A31913
15B54D46
19C7619E
1B9779F6
1D6789E0
1D9771CA
1DD749C8
1D2711C6
1C7651C0
1C36D5BA
1C06C1C8
1B96D9D6
1B36D1C1
1B86E5AC
1BE759CC
1D8785EC
1F3791F0
1EE7B1F4
1E97D9ED
1EC7C5E6
1F07A9EF
1EC7B1F8
1F87ADEC
1EF799F2
1E67C1EC
1EC7E1E7
1F27B1EE
1F1789F5
1F07B1EE
1EC7D9E7
1E87C1EC
1F0799F2
1F87A9EE
1ED7C9EB
1E27C9EC
1ED7B9EE
1F87A5F0
1EE7A1F2
1E47C9ED
1EC7E1E8
1F47BDEE
1F0791F5
1EC7BDEE
1EB7E9E7
1EA7C1EE
1F0791F5
1F67ADEF
1ED7D9EA
1E47C9ED
1EF7A9F0
1FA7A1F0
1EF7A9F0
1E47C9EB
1ED7D1E7
1F679DE6
1EC789E6
1E279DDB
1E77E1D0
1EC7ADE2
1F0789F5
1F47ADEE
1EC7E1E8
1E47C9ED
1EE7A1F2
1F87A5EF
1ED7C1ED
1E27CDEC
1ED7C9EB
1F87A5ED
1EF799F0
1E67A9E3
1D97B9D7
1CC6EDA6
1D16C975
1D66FD92
1D1729B0
1CC6E5A6
1CB6C99D
1CA6B579
1CC69156
1CE6592F
1B06A909
192540ED
16A410D1
1424C4FE
1906892C
1DE6F53E
1D072950
1C269532
1A968915
1905A500
134510EC
0D8340E8
0A7170E4
076234CB
06E198B3
066200A4
09D12095
0D42E09E
1194C0A8
15E3C893
1464407E
12E37C7D
1554207C
17C450C0
1925B104
1A86013C
1C36E174
1DE66D6F
1655D96B
0EC48146
11D32121
14E5615C
1A37A198
1F8789C3
1F0791EF
1E87A1E4
1EC7E1DA
1F0795DB
1DA779DC
1C4729D0
1D4771C5
1E4755D5
1DF791E6
1DA725D3
1B5699C1
1906E9C5
1C4771CA
1F8789DE
1EE7A1F2
1E47C9ED
1EB7E1E8
1F27B1EE
1EA789F5
1F07A9ED
1EF7B1F0
1EF7C1ED
1EF7BDEA
1EF7B1EE
1EF7B1F2
1EF7B9EE
1EE7BDEA
1ED7C1ED
1EE7B1F0
1F07A9EE
1EE7B9EC
1EC7C9ED
1EE7B9EE
1F07A9EF
1EE7B5F0
1EC7C9ED
1ED7C9EA
1EF7E1EE
1EE7BDF2
1ED7B9EE
1ED7BDEA
1ED7C1EE
1EE7B5F2
1F07B1EF
1EE7BDEC
1EC7C9EE
1EE7B5F0
1F07A9F0
1EB7B5F0
1E67C9EB
1E075DE6
1DA781DD
1DC755D4
1DE749C8
1DA76DBC
1D7791D7
1E3795F2
1EF7B1EE
1ED7BDEA
1EC7C9ED
1EE7B5F0
1F07A9EF
1EE7B9EE
1EC7C9ED
1EE7B9EC
1F07A9EE
1B47B1F0
1797C1E8
1A2789E0
1CC711BB
1D674196
1E1769AF
1DC765C8
1D8771AD
1D370192
1CF6B97A
1B26B162
1956413E
16B5051A
1423E8EC
15F4C0BE
17C588F0
1A365922
1CA7112E
1C169D3A
1B85D922
18C5F10A
1615690D
0FD41110
0992C0EA
081200C4
06916083
05E17442
0540D838
07E1102E
0A818045
0C02605C
0D91984B
0C41E03A
0AF0F837
0C520034
0DB258AE
13541928
18F5D16E
18F61DB4
18F5C14F
1534D0EA
11733126
14752162
1787A9A6
1A7761EA
1D6799E9
1B6709E8
197791E9
1AA715EA
1BD7B1EE
1C2789F2
1C8771E1
1D572DD0
1E3799E3
1E1795F6
1E0799E6
1B56E1D6
18B641BF
1AE6D1A8
1D1781CC
1DE7A9F0
1EC7C9ED
1ED7BDEA
1EF7B1EE
1ED7B5F2
1E87BDEE
1F07C9EB
1F87B1EE
1F27A1F2
1EC7BDED
1ED7D9E9
1EE7BDED
1F07A1F2
1F27B1EE
1ED7C9EB
1E87C1ED
1EF7B1EF
1F67ADEE
1EF7B9EE
1E87C5ED
1EE7C9EC
1F47B1EE
1EF7A1F1
1EA7C9ED
1EC7D1EA
1EE7B5EE
1EF799F3
1F07B5EE
1ED7D1EA
1EA7C1ED
1EF7A9F1
1F47ADEF
1ED7C1ED
1E67C5EB
1E77C1EA
1E8701D6
1D3661C3
1BE725C8
1CC709CE
1DA719BC
1CE701AA
1C2759B0
1D6789B7
1EA79DD4
1EF7A1F1
1F47B1EE
1EE7C9EB
1E87BDEB
1EF7B9EC
1F67A5EC
1EF7B1ED
1E87BDEC
17A7C9EB
10C7ADEB
16C799EC
1CC77DD3
1DC7C1BB
1EC7A1C7
1E8799D4
1E4745C2
1DC711B0
1D472589
19874163
15C53916
127340C9
0F248CE8
15458908
1B65CD0E
1B664115
1B66312B
1B266942
1AE5B542
1705F942
1324C159
0C630970
05A2FD4B
05B27127
05C22100
04F200DA
042190A5
05F0D071
07C16C70
0681B070
0541945C
0420B048
0300BC3A
0350982C
03A1846E
0D8290B0
17648928
15B601A0
14058175
1414794B
14250D66
17268982
1A26F1AF
1AB6A9DD
1B46218E
17D57140
14656972
168539A5
18A6C5C3
1AB791E2
1CC71DD0
1D7641BF
1E2721DA
1E4799F6
1E6779E4
1B6719D3
18665DBF
198611AC
1AA6E1C8
1CF7C1E4
1F47ADEA
1F07A1F1
1EC7B9ED
1F07D1EA
1E77E9F0
1EE7C5E6
1F6799F0
1F17A5FA
1EC7C9ED
1EC7CDE0
1ED7C1ED
1EF7A5FA
1F27A1F0
1ED7C5E6
1E87E1EC
1EF7ADF2
1F6781F0
1EE7B5EE
1E77E9EB
1ED7C1E8
1F4791F0
1EF7A9F8
1EA7D1ED
1EC7C9E2
1EF7B1EF
1F07A1FC
1F17A9EF
1ED7C9E2
1E97D9EC
1EF7A9F6
1F5789F0
1EC7BDEA
1E37F1E7
1D4745E4
1C5619C2
1C56CDA0
1C67B1B4
1CA739C8
1CE711B0
1CB6D598
1C87498A
1D17617C
1DB799BA
1D9795F8
1D7791EF
1A8721E6
17A7D1E8
1736D5EA
16C761EC
1736D5EE
17A7D9EA
15D739E6
141799EF
188755F8
1CF789EC
1DD7B9E0
1EC7C9E0
1E8765E0
1E46F9D7
1C5741CE
1A778999
17A60D64
14E428EE
15945078
165588E5
1785C152
18B5E12D
18E55508
19151129
1985A54A
1A049962
1655417A
12B4A1A5
0E242DD0
09A3B9AD
0983898A
0972B97E
0852DD72
07429913
088260B4
09C1B09C
09620884
0902606D
0741B456
0590B83D
05810C24
0570982E
0AF20838
1073C0E2
1294FD8C
14C5D19C
1605E5AC
175609A7
19D6B1A2
1C56F1B9
17D635D0
1354D134
13142898
12D370FC
16F58560
1B169999
1C2731D2
1D4739C0
1CA6F5AE
1C0719D2
1CD751F6
1DA799E3
1AE6C9D0
182611C0
18C621B0
196631C4
1C572DD8
1F4791E8
1EF7A5F8
1EB7C9ED
1F07BDE2
1E67C1EF
1ED7D1EB
1F47B1EF
1F0799F3
1EC7BDED
1EC7D9E8
1EC7B9ED
1EF799F3
1F27B1EF
1ED7D1EB
1E87C1ED
1EF7A9EF
1F67A9EE
1EE7B9EE
1E67C5ED
1ED7C9EC
1F47ADEF
1EF7A1F2
1EA7BDED
1ED7D9E9
1F07B5EE
1F1799F4
1F27B5EE
1ED7D9E9
1E87C1EA
1EF7A1EC
1F6795DB
1EB7B9CB
1E0775AC
1C17498E
1A267969
1B870945
1CE6BD52
1C87195F
1C266D51
1C85F943
1CE6655B
1CD71974
1CC75599
1C3791BF
1BA6C9A8
16356192
10C53D94
0F747196
0E24CDA3
0F7471B1
10C529AE
1415A9AB
1765E5BB
1A4699CB
1D26BDC9
1DF7D9C7
1EC77DD2
1E8741DD
1E474DBF
1AF771A1
17A6615E
15D5491B
1404A4E0
18C458A5
1D8590E2
19C6191F
16051D28
16642932
16C5BD68
17F6899E
192619AA
15B5D9B7
1245B5BA
0FF551BD
0DA4E5B2
0D6541A8
0D2471AC
0BC429B0
0A63F16B
0B146927
0BC37D0C
0C4260F2
0CC2D8E1
0A7310D1
082264C0
07B248B0
0741C8A1
08614092
09830CEC
0F846147
1585B978
180749AA
1A86DDB3
1C8749BD
1E86FD9C
14F6697B
0B64091B
0E52F0BB
1144DD2E
1766D9A2
1D8705BE
1DA769DB
1DC741CE
1BD741C1
19E70DCA
1B6701D3
1CE6FDD0
1A6669CD
17E639BF
180631B1
182671BC
1BB739C8
1F4789DD
1EF7A1F2
1EA7BDED
1F07D9E9
1EF7B1EE
1EE7B5F0
1ED7C1EE
1ED7BDEC
1EE7B9EE
1EE7B5F0
1EE7B9EE
1ED7BDEC
1ED7C1EE
1EE7B5F0
1EF7B1EE
1ED7B9EC
1EC7C1ED
1ED7B9EE
1EF7B1EF
1EE7B5F0
1ED7C1EE
1EE7B9EC
1EF7B1EE
1EE7B5F0
1EE7B9EE
1EE7BDEC
1EE7C1EE
1E77B1F0
1E17B1E9
1DF769E2
1DE771C7
1C4721AC
1AB6E172
19560938
17F57911
18A584EA
195520F0
192590F6
18F590F2
192550EE
1965412D
1B362D6C
1D171179
1BD71586
1AA6A962
1465093E
0E335940
0E938542
0F02F15B
0E236574
0D42B172
0F13C170
10E3C187
1424F59E
1764F9A6
16D625AE
165719C4
17F6A1DA
199789A7
18263974
16C54923
15D514D2
14F4D0D2
1734F4D2
198648DF
14D538EC
10345124
1525715C
1A1739A7
1AD729F2
1B9771F3
19D6F1F4
182711CF
14B635AA
114549B8
0F6561C6
0D95A9DA
0CB4E9EE
0BD4A1C4
0BD4E19A
0BE5797D
0D142960
0E539156
0FE4654C
11738144
0CE35D3C
08630914
09126CEC
09C2D0F7
0D63E902
11156955
14F609A8
18E6D9C0
1896F5D8
1847597F
11049D26
09D20102
0E7360DE
13163961
1766BDE4
1BB739E4
1BD729E4
1C0721DC
1AC6E9D4
1996E1C2
1AB6D5B0
1BD6F1BD
1A3691CA
189639BE
18B639B2
18E631B5
1BD70DB8
1EC7C1D2
1ED7B9EC
1EE7B1EE
1ED7B5F0
1F87ADED
1EF799F3
1E67C5ED
1EB7E1E8
1F07B5EE
1F0789F5
1F07B5EE
1EC7E1E8
1E87C1ED
1EF799F3
1F67A9EF
1EC7C9EB
1E27C9EC
1ED7B9EE
1F87A5F0
1EF7A1F2
1E67C5E1
1ED7D9D0
1F47ADE2
1F0791F4
1EC7BDED
1EB7E9E7
1EA7B9DD
1E2781D4
1DA73DD5
1D06E9D7
1C66D58B
19E68140
1765951B
169480F6
15C4BCE3
15C478D0
15C4A8DC
15C478E8
15C4F0F6
15D47905
15E52920
19A5513C
1D664953
1B87116B
19A5F931
12A4C0F7
0BA35CF7
0DC360F7
0FE38D0A
0CD3811D
09C31119
0A12F116
0A63D139
0E04895C
11A4A58B
0FC4A9BA
0DE545B7
1164A1B5
14E53983
1564A952
15E4D112
15E4F0D2
15E4BCD8
15B468DF
1584DCFD
0FF4311B
0A647D59
13E61198
1D6705C5
1DB771F2
1E076DF2
1E0771F2
1E0735DD
197729C8
14E62DBB
117559AE
0E0561CE
0DA539EF
0D4505DB
0CA501C7
0C0531B6
0DF539A6
0FE55D7A
1557794E
1AC5996D
1224A98C
0983AD53
09C2991B
0A02C516
0B531111
0CA4253A
11F49964
1745757A
14A66191
1204B12D
0D22B8CA
08422CBC
0E9260AF
14E47520
1766A992
19E6BDB0
1A16E1CE
1A46B9C6
19C661BF
1946A1C0
1A0689C1
1AC6CDC6
1A06B9CC
1946A9C9
197649C6
19A6BDCE
1BF711D6
1E47A1DF
1EB7D9E9
1F27B1EE
1EB791F4
1F4791ED
1EE7ADF6
1E97D9ED
1EC7C9E4
1EF7B1EF
1EF7A5FA
1EF7B1EF
1EC7C9E4
1EA7D1ED
1EE7ADF6
1F3799F0
1ED7C1EA
1E77E9EC
1ED7B9EE
1F4791F1
1EE7ADF4
1E97D9D4
1ED7C5B4
1F27A1D6
1EE7A9F8
1EB7C1ED
1E57BDE2
1DF7B9CD
1E1759B8
1E46E1C2
1BF6C1CC
19B68150
185588D4
16F478C4
16948CB4
163488B5
1724A4B6
182490C8
191558DA
1A0540FB
1A25C11C
1A559914
1B66090C
1C75B12E
17C54950
13256900
0F13C8B0
0B1200AE
0CB2F4AC
0E5460B9
0D63A0C6
0C7328C1
0B8318BC
0AA408EB
0DE3FD1A
11246970
1084A1C6
0FE4B1AB
1124A990
12741960
13348130
14046901
12D490D2
11B4C8DF
106480EC
0F24911B
0F139D4A
0F13698F
163609D4
1D6761E3
1D6761F2
1D6761F1
1D1741F0
1CD729EB
1AB71DE6
18A6F1BE
13C5D596
0EF551C3
0DE53DF0
0CD539F2
0CC525F4
0CB519F0
0D1521EC
0D75399E
12F61550
1886C996
13B5D5DC
0EF47193
0E338D4A
0D829935
0CC3A520
0C138120
1043DD20
14840135
1104754A
0D8258DC
0A82086E
07819877
0AB20080
0DF298E0
13E48D40
19D6317C
1B26CDB8
1C8689B1
1C46D9AA
1C06C1BE
1C76FDD2
1CE701D0
1C7739CE
1C0771D4
1C2735DA
1C5769E7
1D6781F4
1E87D9ED
1EC7C5E6
1F07A9EF
1EC7B1F8
1F07B5EE
1EE7B1EF
1EC7B9EE
1ED7C1ED
1EE7B9EE
1EE7B1EF
1EE7B9EE
1ED7C1ED
1EC7B9ED
1EE7B1ED
1F07B5ED
1EE7B9EE
1EC7B9EE
1EE7B9EE
1F07B5EE
1EE7B1EF
1EC7B9E1
1EE7C1D4
1F07B1D5
1ED7B1D6
1EA771B6
1DF79997
1D4745B0
1E1751C9
1EE7219C
1AF6B970
1705AD20
16C4A8D1
1684A8C7
1694B8BE
16A4D8F5
1895012D
1A861D46
1C672160
1E46ED75
1E87B18A
1EC72181
1D278979
1B85FD77
14130176
0CA3E112
0B9300AE
0A828CAA
0BA218A6
0CC388B4
0DF380C3
0F2374C5
0D0248C8
0AE348E2
0DC300FD
10A43125
1144C94E
11E4D96D
10F5418D
1004B17A
1114D967
1224714F
0FD42938
0D844D32
0B24492D
08C3B554
0E42497C
13C50DAF
189749E3
1D6759E6
1D1751EA
1CC72DE0
1C3709D7
1BA6E1DE
1C0739E6
1C66BDBB
1625C191
0FE55DAB
0E2539C6
0C6539D3
0CE541E0
0D6519DD
0C34F9DB
0B04F9B9
10A4D998
1645C5B5
155779D3
1465999D
12B49167
11044557
0E457148
0B845531
0EA3611B
11C3CD33
0D65194B
0902D0ED
07E18090
06C18481
06E17872
070260E1
1062C150
19C5F58F
1C47A1CF
1EC769CF
1EC7C1D0
1EC775D6
1EE7B1DD
1F0791DE
1EE7B9DF
1EC79DE2
1EE7B9E5
1F07A9EA
1EE7B1EF
1EC7B9EE
1ED7C1ED
1EE7B9EE
1ED7B1EF
1E97D9EF
1ED7C1E8
1F17A1EF
1EE7A9F6
1EC7C1ED
1EC7C9E4
1ED7C1ED
1EE7ADF6
1F07A9ED
1ED7C1E4
1EA7D1EB
1EF7B1F2
1F4791F0
1EE7B5EE
1E97D9EC
1ED7BDEA
1F27A1EF
1EB7A5F4
1E57B9D4
1DA749B4
1CF6C180
1CD6D14C
1CC67193
1D771DDA
1E379977
1AA61D14
1714D0F1
16F4C8CE
16D4C8CB
1814E0C8
19552936
1AA659A4
1C07C1C5
1D5799E6
1EB7A9EF
1EC7A1F8
1EE7B1EF
1DD7B5E6
1CC7B9C1
18C5859C
14D41924
10D3BCAC
0CE318A6
0FF348A0
131428B0
12C45CC0
1284E0CA
10E3E0D4
0F53D0DA
1043F0E0
114498DB
10B48CD6
1024A930
0E045D8A
0BF49994
0C342D9E
0C84619E
0CC3D59E
0D140186
0FF47D6E
12D3B98E
15E52DAE
190739D0
1AF755F2
1CE769EA
1C972DE2
1C5701D0
1AE695BE
198621D2
1AA6E9E6
1BC709B9
17D5DD8C
13E53194
1115419C
0E5531B4
0D752DCC
0CA519CB
0BB4C1CA
0AD4D9D5
0D0479E0
0F33F9D5
11A571CA
1425F1A7
12B4A184
1144817A
1124A570
11150143
0EA3E516
0C32B931
0A53554C
088258FF
07E1C4B2
0751888B
08D1F864
0A52B0E2
1344F160
1C4741A3
1D77A5E6
1EB7C1EE
1EE7A9F6
1F17A1EF
1ED7C1E8
1E97D9EC
1EE7B1F0
1F4791F0
1EE7B5F0
1E97D9ED
1ED7BDEA
1F27A1EF
1EF7ADF4
1EC7C9ED
1EF7BDE6
1E27C1EF
1EC7D9E9
1F67A9EF
1F0789F5
1EA7BDED
1EB7F1E6
1EC7BDED
1F0789F5
1F47ADEE
1EC7D9E7
1E47C9EC
1F07A9F1
1FC7A5EF
1EF7B9EE
1E27CDEC
1ED7D1EA
1F87A1DB
1E9779CC
1DA751AC
1C76F98D
1B466978
1BC67964
1C46E99C
1CE719D5
1D86ED8D
1A555946
17253114
1724E0E3
1724F0E3
1994E0E4
1C060D42
1CC781A0
1D87A1C3
1E57E1E7
1F27ADED
1F1781F3
1F0799D9
1E87E1C0
1E0775A7
1D87498E
1D05B545
1624C0FD
0F446CF6
1453D0F0
1964E101
17A4E912
15E4A11B
14D49124
13C42D25
12D45926
11E3FD1B
10243111
0E63993E
0B22F96B
07E33975
0762E980
06E3257D
09C2D17B
0CA49187
14C5F194
1CE61DB2
1D9779D1
1E476DDB
1D5771E5
1C672DE2
1C2701DF
1BE6D1D8
19A631D2
176671D9
194741E1
1B2685B6
1985818C
17E5B181
14157176
10455599
0E1529BC
0BE46990
0B441964
0AA3E585
096441A7
0823D18B
0E046970
13E49D7F
12B3818E
11841575
1413A15D
16A49D5A
0EA48157
06A3553C
07533121
080238E1
07F1B8A1
07E1F4A0
0AC2389F
0DA4690C
1637117A
1EC779B0
1EB7F1E7
1EA7B1E0
1F0789D9
1F67A1E1
1EC7D9E9
1E27C9EC
1EF7A9F0
1FC7A1EF
1EF7B1EF
1E27C9EC
1ED7D1EA
1F87A9EF
1F1791F4
1EA7C1ED
1F27E9E7
1EA7D1EF
1ED7BDEA
1F07A9EF
1EE7ADF4
1ED7C1EE
1ED7C5E8
1ED7C1EE
1EE7ADF4
1F07A9EF
1ED7BDEA
1EB7D1ED
1EF7B5F0
1F37A1EF
1E37B1EE
1D47D1EC
1D8765EA
1DC799C7
1DD755A4
1DE72185
1C668166
1AE57971
1C36C17C
1D87A9A6
1DE785D0
1E57B1A4
1C469578
1A35C138
1A15B4F8
19F540FC
1AA5D500
1B56B14E
1CC74D9C
1E4769C2
1E77A9E8
1EA7B1EB
1E4769EE
1DF759C4
1D973D9A
1D46F98D
1D56E180
1D66B167
1996294E
15C60947
15154D40
1476A152
13752164
1284296C
12547174
12340170
1104156C
0FE2D15C
0D73694C
0B02914C
08C2A14C
06827157
06528D62
0622795D
0A336158
0E458989
123569BA
163751D7
1A474DF4
1E5791E6
1C671DD8
1A76D9DA
1A66F5DC
1A5719E1
18E63DE6
178631E1
18869DDC
198649B4
19F6198C
1A66A16E
17464D50
1435897E
0EA469AC
09234955
096304FE
09A26136
0833556E
06D2A942
0BC38516
10C49957
11243D98
1184B971
13443D4A
15155171
0F246998
0932E947
08C278F6
0851A8C3
0B523490
0E6260B5
10E3D8DA
1365A937
18169994
1CC7A1BE
1BF7A1E8
1B3789D2
1B66A1BC
1B9789D3
1D17ADEA
1EA7D1ED
1EE7B5F0
1F37A1EF
1EE7B5EE
1EA7D1EC
1ED7BDEA
1F17A1EF
1EF7ADF4
1ED7C1EE
1EF7BDE8
1F27B1ED
1EE7A9F0
1EA7BDED
1ED7C9EB
1F07B5EE
1EF7A9F1
1EE7B9EE
1ED7C9EB
1EC7B9ED
1EF7A9F0
1F27B1EE
1EE7C1ED
1EA7B9E5
1D87A1DD
1C66D9BF
1C3661A2
1C06F999
1D172990
1E26E57A
1C567164
1A86B189
1CA771AF
1EC7A1CA
1EF7A9E5
1F27A1CA
1E3791AF
1D47097F
1D06F94F
1CC62D2A
1BB68906
1AA6A95C
1CD799B2
1F0781BB
1E97A9C5
1E2729A4
1D871984
1CE6B971
1CB6C15E
1C86AD65
1D26916D
1DC6D965
1D07315D
1C45E936
15E4B90F
0F852547
0F54D97F
0F24C986
0FE5118E
10A4D991
0F452995
0DE4458F
0AC41989
07A37D7C
06629170
05228D5F
0542694F
05624123
0AA2B0F7
0FE33D11
0FB2D92B
0F84D948
16F6D966
1E66F18F
1B7699B9
1886ADBB
18A6E9BD
18C639B5
183579AE
17A60DBF
17C6C1D1
17E635BB
1A6601A5
1CE6EDA1
1A87999D
1825E18D
0F43B17E
0662E952
07825126
08A2CD48
0714116A
0582CD44
0992711E
0DA3B156
0F94218E
11843D7E
1283516F
1384A184
0FA4F19A
0BC3A14F
0A322905
08A264D8
0EC310AB
14E3E4CF
170520F4
19259521
19F6094E
1AC69972
19476996
17C5BD61
17C3F12D
17C5B56E
1B7781AF
1F27A1CE
1EE7C1ED
1EA7C1ED
1EE7B9ED
1F27B1EE
1EE7B1EF
1EA7BDED
1ED7C9EC
1F07B5EE
1ED7A9F1
1F4789EC
1EE7A9F6
1E97D9EC
1EC7C9E2
1F07A9EE
1EF7A5FA
1EF7B1EE
1EC7C9E2
1EA7D1EC
1EF7A9F6
1F4791F0
1ED7C1EA
1E77E9DB
1D6721CC
1C559993
1C86915A
1CC6C96B
1D26F97C
1D86D96F
1CE6C162
1C5771A2
1D87A1E2
1EB7C9EE
1EF7A5FA
1F3799F0
1E47B5E6
1D67D9C6
1BC6B1A6
1A35F959
1A560D0C
1A75D16A
1B46CDC8
1C1761B5
1C06A1A2
1C06395E
1BF6511A
1BE5B11E
1BE64522
1BE6693E
1B96455A
1B56F163
1BA6996C
1C05B925
1764F8DE
12D4693C
1184BD9A
104511A1
10050DA8
0FD529B3
0EF515BE
0E1501C2
0CA4B9C6
0B34C1AD
0A13D594
08F2D168
0732593C
058178E9
08220096
0AD1E899
0C33809C
0D9268BA
127498D8
1766C139
17F6899A
1896599C
1705A59E
1585718A
16856576
1795D19E
173639C6
16E5C9C2
1A068DBE
1D2779D4
1B2741EA
1936B19D
0FE42550
06A2614F
0772594E
0842715A
0742E966
06420946
08728D26
0AB39955
0DE42584
1124D18C
11842594
11E4F198
11B5259C
11948158
0E133914
0AA2B0ED
1003D4C6
157500EA
16B5150E
17F5890B
18D57D08
19B55926
17E58144
161410F1
14F3DC9E
13D3D909
19660574
1F0771AF
1EB7B5EA
1E77E9EB
1EE7B9EC
1F5789F0
1EE7ADF4
1E87E1EC
1EC7C9E4
1F17A9EF
1EC7B1FA
1F67ADED
1EF7A1F2
1E87C5ED
1EC7E1E8
1F07B5EE
1F0791F4
1F07B5EE
1EC7E1E8
1E87C1ED
1EF7A1F2
1F67ADEF
1ED7C9EC
1E47B5E1
1D4769D6
1C46D5A9
1CE7897D
1D872D7B
1D371979
1CE6BD65
1D865151
1E272D9F
1E67E1EE
1EA7BDF1
1EF791F4
1F479DD7
1E67D1BB
1D86E192
1A95F96A
17A60559
18F5E149
1A45E95D
19B67171
19261D70
19854170
19E61D53
1A664936
1AE61927
1B163919
1B45B912
1A15310C
18E5C515
1A56891F
1BC5C117
18F51110
1625293C
13C4A169
11652572
1034F17B
0F050D9A
0EA501BA
0E4505BD
0E8509C1
0EC511B5
0DC539AA
0CC3BD85
0932B160
05A26D2E
05B1F8FC
05C344D5
08B6D8AF
0BA384BC
0E0268CA
1064A10A
1486714A
18A51937
1573E924
12440D17
14E4E10B
1785C15C
16B691AD
15E629B6
19A6F1C0
1D672DD4
1BD741E8
1A46119F
1093D156
06E2BD44
07624933
07E29935
07731937
07025D25
07622913
07C3694A
0C440982
10C3F980
1083817F
1044B597
13D631AF
17652573
12039138
0CA3B102
115490CC
1604C4DB
1664B0EA
16C504EB
17B510EC
18A53D01
16853916
146468E6
122398B7
0FE46D09
1765495C
1EE6F1A4
1E97C1EC
1E47C9EC
1EE7C1ED
1F87A9EF
1EF7A1F1
1E67C5ED
1EC7D9E9
1F27B1EE
1EB791F4
1ED7B9EE
1ED7B9EE
1EE7B9EE
1EE7B9EE
1EE7B9EE
1EE7B9EE
1EE7B9EE
1EE7B9EE
1EE7B9EE
1EE7B9EE
1EE7B9EE
1EE7B9EE
1EE7B9E7
1DE769E0
1CF6D1C0
1D171DA0
1D47498B
1D56F176
1D76B15B
1D46A140
1D17199D
1DF781FA
1EE7B9F4
1EC7A5EE
1EA779BF
1E571D90
1E05E15F
1BB6652E
1966415A
1A15E186
1AC58150
1AC5D51A
1AC5692C
1AA6013E
1A86B948
19A61D52
18D63931
18F59910
191518E7
1854D0BE
179470C8
188560D2
1985B90A
18859542
1796893D
1705C538
1685F943
14A5854E
12C52182
10D4F1B6
0EE509B9
0EB51DBC
0E9549BE
0CE4E9C0
0B4441A2
0A63A184
09939173
08E2E562
08426112
09B38CC2
0B3270BF
0EC330BC
1262F0DB
12B414FA
1313B0D2
0FB310AA
0C6200A5
1223C4A0
17E5C11A
1695F194
154559AB
191679C2
1CE709D4
1B86F5E6
1A3689A1
1134415C
0832793A
07B27118
07429910
06A28508
06023104
04F2A900
03E3E140
0B543D80
12C38975
1283F56A
12543196
14459DC2
1646598F
13047D5C
0FC3F917
10848CD2
1154D0CC
1424D0C6
16F4D0CB
1844F8D0
19A550DC
18559CE8
1714C8DC
152494D0
1335010A
17D59944
1C775199
1DA799EE
1EE7B9EE
1EE7B9EE
1EE7B9EE
1EE7B9EE
1EE7B9EE
1EE7B9EE
1EE7B9EE
1EE7B9EE
1E47C1EF
1EC7D1EA
1F47ADEF
1F0791F4
1EC7BDEE
1EC7E1E8
1EC7B9EE
1F0791F4
1F47ADEF
1ED7D1EA
1E67C5ED
1EF7A9F0
1F87A9EB
1E97B9E7
1DA751C8
1D56D9AA
1D06E98C
1D86B16F
1E06BD63
1D067158
1C06E189
1D9751BB
1F278DD0
1E97D9E6
1E0795CE
1E4749B7
1E86E975
1CD78133
1B264140
1B35E94D
1B45CD3F
1BD60132
1C662128
1BC6A91F
1B25D916
18F5390D
16C54906
16D4E100
16E4E4E0
169488C0
1644A4C8
16C4D0D1
174518EC
18250908
19059D07
1A55F906
1BA5B907
19160908
16852D37
1304A166
0F84E58E
0EF519B7
0E650DBC
0C14E1C1
09C459A9
0BA40991
0D841D8F
0C23B18E
0AC2F553
0AC28918
0AC3952C
0F94F940
14645939
10F34933
0D83A8F3
0A02A8B3
068228AF
0F6278AB
1844A116
16761981
14A5D1A5
188699CA
1C66E9D5
1B4709E1
1A2611A0
11D43960
0982ED3D
0812691B
06A26911
05D23907
0502410A
0282710E
0003DD55
0A65819C
14C4FD95
1494998E
1464F17C
14C5C16A
1524C545
14041921
12E478F7
0FC4D8CD
0CA4D0CC
11E4F0CC
1724D4CD
18E4B0CF
1AA58CFF
1A37212F
19C61D39
1824F944
16850D24
1844C905
1A066576
1CC799E8
1F87A1EB
1EE7B1EF
1E47C9ED
1ED7D1EB
1F67ADEF
1F0799F3
1EA7BDED
1F17E1E8
1E77E9F0
1ED7C5E6
1F3799F0
1EF7A5FA
1EC7C9EE
1EC7CDE2
1ED7C1EE
1EF7A5FA
1F27A1F0
1ED7C5E6
1E87E1EC
1EE7B1F2
1F5789F0
1EB7B5EE
1E27E1D1
1DE755B4
1DB6D98E
1D26D968
1CA7216C
1C66A170
1C36B176
1D16F97C
1DF759AD
1D7779DE
1D07C1DE
1C36F5DE
1B67018B
1A964538
19D56126
1AF5B514
1C15D12F
1B763D4A
1AD67925
19E5A100
18F4C8E4
1804ECC8
1714D8DC
1724F4F0
173510D9
1714D0C2
16F4D0C9
1734E0D0
1774D8CF
1814FCCE
18C4E8D1
194544D4
19C4F0CB
18B530C2
17B4F0EC
1454E516
1104D964
0F3495B2
0D64F9BA
0BB489C2
0A0441B0
0C54759E
0EB531AC
0C140DBA
09734194
0DD3656E
12446999
1545C9C4
18463198
1525156C
12050114
0CB33CBC
077188B9
0B2274B6
0ED43112
1285116E
164539A0
19366DD2
1C36F9D7
1AF6DDDC
19C681A0
11848964
0952A141
0852911E
07626912
06924506
05D23111
05C2AD1C
05C3A96A
0CF51DB8
143651B5
13D545B2
13754162
14948512
15B2E0FC
15A43CE6
1594F8D7
13F4E0C8
1254B0CD
14C500D2
1744E8D0
1804E0CE
18D51122
19663176
19F79197
194655B8
18A5793F
197568C6
1A45E154
1CC715E2
1F5789E9
1EE7B5F0
1E77E9EC
1ED7C1E8
1F4791F0
1EF7A5F8
1EB7C9ED
1F07BDE2
1EA7BDEE
1EE7C9EC
1F27B5EE
1EF7A9F1
1EC7B9EE
1ED7C9EB
1EE7B9EE
1EF7A9F1
1F07B5EE
1ED7C9EC
1EA7BDED
1EE7B1EF
1F27B1EE
1EE7B9EE
1EA7BDDD
1E87C1CD
1E6725A8
1CD6B984
1B469D66
1BD64149
1C667558
1C969167
1CC6C16E
1C66F176
1C066D6C
1A25C963
1845CD3C
18653116
1885711D
1AB5B924
1CE61537
1B16A94B
19459D15
1804A0E0
16C4C4D6
1714E0CD
1764ECD4
177510DC
1784ECD3
1794D8CA
17A4F0D2
17A508DA
17A510E3
181528EC
188538EA
183548E9
17E4F4E1
1864D8DA
18E4ECF1
15B53109
1283B52B
0F73694D
0C63E17D
0B5409AE
0A4429A7
0D1459A0
0FE4919E
0C04119D
08235D85
10F3616E
19C5B5A5
1AF799DD
1C26C5B4
1955E18C
16851559
0F73C926
0862BCF2
06E1A8BF
056318F7
0EA4C930
17E5556E
19F6E9AC
1C06ADB2
1AB6F9B9
1965D587
1144C956
09239157
08A2D159
0822F145
07624931
06A24D29
09127121
0B83AD5A
0F94F994
13A54190
1314E98D
1284B54D
1464390D
164458F9
174508E5
18450CE4
182508E3
18052900
17B5811D
176530FD
1734E0DD
17050102
18950928
1A264D50
1A775178
1AC61937
1AA580F6
1A86456B
1CD759E1
1F2799E8
1EE7B9EF
1EA7C1EE
1EE7C1ED
1F27B174
1EF7A8FC
1EC7B973
1EF7C9EB
1F27A1ED
1EF7B1F2
1EC7C9ED
1ED7C1E8
1EF7B1EE
1EF7A9F4
1EF7B1EE
1ED7C1E8
1EC7C9ED
1EE7B1F2
1F17A1EF
1ED7B9EC
1E97D1ED
1ED7B9EE
1F27A1EA
1EA791E6
1E2741C3
1D66F9A0
1CA66161
1C568122
1C16593A
1B363552
1A562930
1A25DD0E
19F540FB
192564E8
186540EE
18B540F4
19157914
1AB5A134
1C662140
1A46014C
1824B106
1794BCC0
1704D0C9
1744E4D2
1784E8CD
1764D0C8
1744C0CD
1754E4D2
176518DB
17750CE4
178540F7
15E5190A
14558904
13E4BCFE
1374C0F8
13A498F2
13D4B8F7
1243D8FC
10C168F2
0D12D0E8
09732141
09E3B59A
0A64099E
0C343DA2
0E04A991
0B939580
0922C977
1294F96E
1C0771B2
1C6781F6
1CD769D1
19D641AC
16D5A99E
1004A190
0934012C
07B248C8
0641C0DD
0BF364F2
11B4693C
14758986
1745D98E
1665B996
1595116F
10446D48
0B04096E
0AC3CD94
0A844178
08A2F55C
06D25141
09A2E526
0C83A94B
0FC49570
1314D96C
1274D168
11E47938
14C49D08
17A540F6
182538E4
18A528F1
185534FE
18157133
18058168
17F5792A
179518EC
174508E3
18C534DA
1A455109
1A363138
1A36212F
1B45FD26
1C565983
1D7751E0
1E97D1E7
1ED7B9EE
1F27A1F0
1EE7B5F2
1EB7D0F9
1ED7C000
1EF7B0FA
1EC7B5F4
1FA7ADED
1F0799F3
1E67C5ED
1EC7E9E7
1F27B1EE
1F1781F5
1F07B1EE
1EC7E9E7
1E87C5ED
1F0799F3
1F87A9EF
1EC7C9EB
1E07C9EC
1ED7B9EE
1FA7A5ED
1EC7A1EC
1DE78DD7
1DF789C2
1E06FD77
1CE7092D
1BC62124
19D5C91C
17E5890C
17E518FD
17E538F5
183548ED
188530F1
191520F6
19A54901
1AC5390D
1BE62D31
19768956
1705650D
1724D0C4
1744E4CB
1774F8D2
17A4D8DA
175488E3
1704C0DA
1714E0D1
1724E0D9
1744D0E1
1764C8F0
13C470FF
10239901
0F936103
0F035102
0EE41102
0EC3C51D
0EE41938
0F037543
0AC3594F
06834160
0883A972
0A83D58B
0B53F1A5
0C23B984
0B22D163
0A241988
143651AE
1E473DD2
1DE799F6
1D8715D0
1A5611AA
17259975
10951941
0A0360FB
0891B8B6
072228EF
0952A129
0B84015B
0F05018D
12856199
122501A5
11C5058D
0F53D176
0CE44578
0CE4197B
0CE3B964
09F2F94E
0702E14A
0A432946
0D83E55D
1004E175
1284F57B
11E51182
1144753E
152488FA
190514F7
190570F4
19053CF1
189530EF
18254D0E
1855992D
1885711A
18050107
17855D04
18F57102
1A65A115
1A060928
19A60D50
1BE5F978
1E26EDAF
1E17C9E6
1E07CDE9
1ED7C1ED
1FA7A573
1EF7A0F9
1E47C8F6
1EB7E0F4
1F27B174
1EA789F5
1F3799ED
1EF7B1F4
1EB7D1ED
1ED7C5E6
1F07B1EE
1EF7A9F6
1EF7B1EE
1ED7C5E6
1EC7C9ED
1EF7B1F4
1F27A1EF
1ED7BDEA
1E87D9EC
1ED7B9EE
1F3799F0
1ED7B1F2
1E77D1EB
1CC749E4
1B17018E
1A962538
1A15590F
198570E6
18F520E9
18753CEC
180548EF
17F538F2
17E520F5
181548F8
185550EF
1A95A8E6
1CD6D923
1B167560
19559114
18550CC8
1764F8CD
17C504D2
182500E8
1694E4FE
1504D8E7
1434BCD0
1374B8D7
1304BCDE
1294A8E9
0E1350F4
099110FE
0921B508
08B1190D
08620912
08223943
09C31974
0B650195
0933F5B6
0702E180
0883114A
0A13B979
0A33C5A8
0A537977
0E236D46
1204799A
18167DEE
1E2799F2
1D6781F6
1CB741CF
187639A8
1445914D
0EE418F2
0992B0CB
0E125CA4
12A28902
11C35960
10F3F97A
13453594
15A5A9A4
15A5EDB4
15B639AC
13D559A4
11F52183
0E846962
0B239151
09533540
07931953
0A234166
0CB3E170
1034957A
13B5118B
1154D19C
0F03C144
132408EC
174520F8
17D53504
186528F2
18651CE0
187500E9
18B574F2
1905B90A
18C59522
1885F926
1935B12A
19E5B921
1A95CD18
1B561171
1CE6D9CA
1E7799DB
1E77BDEC
1E87D9EC
1ED7B9EC
1F3798F6
1EE7B000
1EA7D0F4
1ED7C1E8
1F07A9EF
1EC7B1F6
1EC7B9EE
1EE7C1ED
1F07B5EE
1EF7B1EF
1EE7B9ED
1EE7C1EC
1EE7B9ED
1EF7B1EF
1F07B5EE
1EE7C1ED
1EC7BDED
1EE7B9EE
1F07B5EE
1EE7B9EE
1EC7BDED
1EE7C1ED
1F0761EC
1B96D1EB
18261582
18453919
18658936
19358153
1A05D527
191578FB
182548F3
17B530EC
174540F0
172598F5
17053CF2
1A6548F0
1DC68129
1CB6E163
1BA60520
1994E0DD
1784ECF6
18152110
18A4F523
15D53137
1304A532
1164812E
0FC48D37
0EC4C141
0DC43539
08632132
0301C51F
02B1490D
02611106
01F0C900
01814524
04A11949
07C30D66
07A49983
07831D5D
08920938
09A3295D
0913F982
08833172
1132F962
19E595A6
1BF791EB
1E0779E8
1CF791E5
1BE6CDB4
16A60984
11647D31
0D4308DE
0922B8F2
13A28107
1E23D953
1A4449A0
16654DA9
179631B3
18C671BA
1936D9C2
19A669B7
185639AD
17055581
1034D956
09639936
08C33917
08230134
0A02E151
0BE39D49
10648142
14E4BD4B
10D56155
0CC39D13
1122B8D1
158460E0
16A518EF
17C520EB
184520E8
18C52CEF
192580F6
1985A509
1985A11D
1985B920
1975A923
19658D32
1B356942
1D06B18D
1DE7C1D8
1EC7BDE3
1EE7B9EE
1F07B5EE
1EE7B9EE
1EC7BD71
1EE7C0F4
1F07B571
1EF7B1EF
1EE7B9EE
1EF7C1ED
1E87E1EF
1ED7C5E6
1F3799EF
1F07A5F8
1ED7C1ED
1ED7C9E2
1ED7C1ED
1EF7A9F8
1F27A1EF
1ED7C5E6
1E97D9EC
1EF7B1F2
1F5789F0
1EE7B5EE
1E87E1EB
1DF7A1E8
1D7729ED
1AE621F2
18554976
19D5B8FA
1B66115D
1B8695C0
1BA73965
19E5CD0A
183530F8
17B51CE6
174518EC
17351CF2
1734C8F6
1A458CFA
1D670930
1CB6ED66
1C06C92C
15F57CF2
0FE4C120
0F44014E
0EB4815F
0CF3C570
0B34097E
0A93918C
0A044198
0983D1A4
0904498A
0632B170
03619941
02E15512
02611900
0260FCEE
0270F906
03D1451E
05318937
06029550
06E2F13B
07729926
0812F141
0992E95C
0B22596D
1334CD7E
1B4759B3
1C1749E8
1CF729DE
1B16DDD4
1936599A
1334B160
0D335115
0DA2F0CA
0E12B11A
1614996A
1E2611A5
1BF629E0
19D6C9D9
1A76C9D2
1B1711D1
19A6B1D0
184659C3
145591B6
10652180
0CC3DD4A
0922C11C
08C2D8EE
0862D115
0BD3353C
0F433123
1184390A
13D4090C
0F64190E
0B02A0E2
0F132CB6
132490C8
146494DA
15B528E5
170510F0
186518F5
190584FA
19B5B909
1985A518
1965A91A
19259D1C
18E57144
1B86696C
1E3789A9
1E57C1E6
1E87E1EB
1EE7B1F0
1F5789F0
1EE7B5F0
1E87E1EC
1ED7C1E8
1F3799EF
1EF7A9F6
1EC7C9ED
1F07BDE4
1E47C1EE
1ED7D9E9
1F67ADEE
1F1791F4
1EC7BDED
1EC7E9E7
1EC7BDED
1F0791F4
1F47ADEE
1ED7D9E9
1E67C5ED
1F07A9F1
1FA7A5EF
1EF7B9EE
1E47C5E6
1D17C1DF
1BE6C5B2
1A354986
1885A976
1B765166
1E66E99F
1DD789D8
1D46D971
1AC5510B
18452CF5
17C500DF
174504E3
175500E7
1764BCEF
1A3518F7
1D062932
1CB7096D
1C66793C
1255910C
08437514
0681A91C
04C23130
04116145
03621D53
03D18162
04426566
0441F96B
0442695C
0401C14D
03C19533
03115919
02614113
02E1190D
03614115
0301791D
02A1792F
04714142
0642313C
06628136
06828D4D
0A226165
0DC46984
153691A4
1CA6F5BC
1C4711D5
1BE6C1CB
193669C1
16850163
0FC31106
0902F514
0E02C123
1304F167
189721AC
1E270DC9
1DB781E6
1D4719E3
1D5721E0
1D6705CB
1A2689B6
16E5519F
10549189
09C3D963
0952C13E
08E2B92E
08C2A11F
08A3353D
0DA3F95C
12A4614F
12B53142
12C4A137
0E04592D
094304E2
0D02C898
10C3889F
123388A6
13A3CCC2
15D4E8DE
180560F7
18F5C910
19E5A913
19959117
1945A121
18D5B92B
1866656C
1BE741AE
1F6795CB
1ED7D9E9
1E47C9EC
1EF7A9EF
1FA7A5EF
1EF7B1EF
1E47C9EC
1ED7D1EA
1F67ADEE
1F0799F3
1EA7C1ED
1F17E1E8
1ED7C1EE
1EE7B9EC
1EF7B1EE
1EE7B5F0
1EE7B9EE
1EE7BDEC
1EE7B9EE
1EE7B5F0
1EF7B1EE
1EE7B9EC
1ED7C1EE
1EE7B9F0
1F07B1EF
1EE7B9EE
1ED7C1E2
1DD775D6
1CD6E178
1BA6051A
1A75C176
1C86D9D2
1E97B9E1
1E379DF0
1DE7597E
1B15F90C
184530F2
174500D8
1644F8DA
122460DC
0E1418E8
10A408F4
13358134
18064974
1CE6894D
13C4E526
0AB1D908
077188EA
04413902
03E1751A
03818929
03C1A538
0411D935
0421DD32
0441A92E
03E1B12A
0381A925
03518520
03318126
0401952C
04D17924
04A1BD1C
0471A128
0531CD34
05F2193D
08324D46
0A72695A
1014856E
15B6599C
18A6CDCA
1BA6E1C6
1AC69DC2
19F661B8
1575ADAE
1104392D
101354AC
0F22B914
13C5017C
187739B5
1AF755EE
1D8789ED
1D6745EC
1D4701ED
1AD72DEE
187759C5
1405419C
0F93D17C
0BF3855C
0852F147
07F2D132
07A2C141
0A52F150
0D037166
0ED4257C
10B5317B
10C4A17A
10D4F963
0D33E94C
099250E3
0BE2807A
0E334076
0E329072
0E31A09F
139440CC
1905C0F9
1935AD26
1975911E
19758516
19859928
1A965D3A
1BB72995
1D477DF0
1ED7B1EE
1ED7B9EC
1ED7C1ED
1EE7B5EE
1F07B1EE
1EE7B9EE
1ED7C1ED
1EE7B9EC
1EF7B1EE
1EE7B5F0
1EE7C1EE
1EE7B9EC
1F67B1ED
1EF7A1F1
1E87C1ED
1EC7D9E9
1F07B5EE
1F0799F4
1F07B5EE
1ED7D9E9
1EA7BDED
1EF7A1F1
1F47ADEF
1ED7C9ED
1E67C9ED
1EE7B9EE
1F6795E8
1E9779E3
1DC719A2
1D163162
1C66A9A4
1D9799E6
1EC7B9E7
1EA7D9E8
1E87419D
1B660953
18455514
16C4E0D6
154430E4
0D0378F3
04C29CF0
071170EE
0963A913
13661939
1D65DD2C
1545A11F
0D233116
0871710E
03C1AD16
03B1B11E
03A1A127
03C1B930
03E1C921
0411F913
0441C522
03C1B931
0341A933
03A19936
04028146
05224157
0642B155
06426153
0642D95A
05F23962
05A2A558
0A02314F
0E64657B
1606F1A8
1DA705C0
1C2771D8
1AA6B9C7
195621B6
180611A4
11C5B193
0B84B968
1063513D
15451D75
199751AD
1DE741C6
1D6771E0
1CE745E6
1D1709ED
1D4701D8
186739C4
138561AB
0DE35992
08435174
0792C956
06E2D957
06A2D158
0662D158
0BE2F159
1163DD46
10140134
0EC3E522
0ED32910
0EE43D27
0C64093F
09E270D5
0AC1A86B
0BA2207C
0A31E08E
08C30CC0
1164C0F3
1A057909
1985A11F
19057D19
19656113
19C63556
1C66F999
1F0759AB
1EA7D9BD
1E4755CB
1ED7A1D9
1F6751E2
1EE7C1EC
1E67C9EC
1EE7C1ED
1F67ADEE
1EF7A9F0
1E87C1ED
1ED7D1EA
1F27B1EE
1EC799F3
1F5789EC
1EF7A9F6
1E97D9EC
1EC7C9E2
1F07A9EF
1EF7A1FC
1EF7B1EF
1EC7C9E2
1EA7D1EC
1EF7A9F6
1F4791F0
1ED7C1EA
1E67F1EC
1E07B1EE
1DB761EF
1DE78DF0
1E27E1CD
1DA739AA
1D2719D2
1DF781FA
1ED7C1ED
1EB7CDE0
1EA7C9BD
1B86719A
18653937
134484D4
0E3370EF
0992910A
050170F9
063194E8
076198F3
0CD3B4FE
1255390B
1124B518
0FF3D925
09E27132
03E2612A
03B1CD22
03919925
03B1B128
03D1A10E
03D1ACF4
03E1B916
0501C138
0631A942
09D3554C
0D74A967
0D546982
0D44A986
0DB4558A
0E25298D
0DD44990
0D841174
11548D58
1526119D
1936DDE2
1D5759E4
1B7709E6
199679C8
181631AA
16A61991
1545E578
13F5A9A3
1635C5CE
188721D6
1A9711DE
1CA709D8
1CB725D2
1CD711E0
18E6C1EE
1506C1C4
12256D9A
0F539991
0C63AD88
0973596C
08432150
0722D967
0822C97E
0922C170
0E33FD62
13551927
12D460EC
126338C9
12E440A6
1374D0EC
0EA3B132
09E1C8C7
0921B05C
0861C083
0B425CAA
0E33F0E2
13E5051A
19A5C919
19159918
18956914
1A661110
1C46E984
1D5739F8
1E6769C1
1D17298A
1BD629A8
1D96A1C6
1F5629D8
1ED765EA
1E67F1EB
1ED7BDEC
1F5789F0
1EE7ADF4
1E87E1EC
1EC7C9E4
1F17A1EF
1EC7B1FA
1F47B1ED
1EF7A9F1
1EA7C1ED
1ED7D1EA
1F07B5EE
1EF799F3
1EE7B5EE
1EC7D1EA
1EA7BDED
1EF7A9F1
1F47B1EF
1ED7C1ED
1E67C5ED
1D37B9ED
1C0735CF
1D4779B1
1E8725BF
1E37B9CD
1DE789DF
1E6799F2
1EE7B9ED
1ED7D9E9
1EC771AD
1BA6C171
18857929
0FD488E1
07230905
0631F12A
0541D525
0551D920
0561E11A
0651F114
0743B903
0D0420F3
12C36912
0B621931
0401F12D
03C19129
0381C11F
03A1D116
03C1850D
03A16904
0381C120
0651E93D
09235D5F
10056981
16E5758F
1596119D
14452190
15252184
1605418C
15B5B995
15654D93
18A5E192
1BE68DB4
1C7721D7
1D06E9CE
1AC6E1C6
188665AE
16E61997
1545E198
18D62999
1C6685B6
1C1701D4
1BC701DB
1B96D1E2
1B6705DA
1C1711D2
1CC669D1
14C629D0
0CC561C8
0BF429C0
0B2439BA
0AE471B4
0AA3DD97
0903917A
0762FD78
09A2B977
0BE3E57A
1095317D
1545656D
15A5395E
16056953
1705D949
18052133
10F4211D
09E25CC0
07819863
0521AC6A
0C61E072
13A3BCC7
1675A11C
1945A520
18B59124
1825E94D
1B769977
1EC735B4
1E4799F1
1DC77DD2
1B9739B4
196691B3
1C5699B2
1F4711CF
1ED7C1ED
1E67C5ED
1ED7B9ED
1F47ADEE
1EE7A9F0
1E87C1ED
1EC7D1EB
1F07B5EE
1EC7A1F2
1EC7C9EF
1EE7BDEC
1F07B1EF
1EE7B5F2
1ED7C1EE
1ED7BDEA
1ED7B9EE
1EE7B1F2
1EF7B1EF
1ED7BDEC
1EC7C9EE
1EE7B5F0
1F07A9EE
1D6759EC
1BD649AF
1C163572
1C6589B1
1CD6E5F0
1D57C1ED
1DA799EA
1E07B9EE
1D6769F2
1CD7699D
1AB64148
18A5691B
0FE400EE
0722411C
06721D4A
05D22151
07322558
08A22941
0B72C92A
0E43A0FC
0E63FCCE
0E9398FF
09224D30
03B1B930
03A1C530
0392091A
03719104
0351390C
04319914
0511F92B
0A22CD42
0F44817C
12E55DB6
1695B1B7
16D5BDB8
1724A99B
1605357E
14F5098C
1565419A
15D589B3
186635CC
1B0729CC
1B86CDCC
1C1651B9
1B6699A6
1AB62995
1A063184
1965319F
1B1681BA
1CD741CA
1CA729DA
1C7719E0
1BB715E6
1B0731DC
178635D2
140561C2
0FF529B2
0BF479CC
0B9475E6
0B44B1E3
0B1461E0
0AF419C2
0993A5A4
0832D18A
0C33D570
1034F184
13E58D98
17A611B4
18B689D0
19C759DE
186661EC
1705C17A
0FB3D108
0861F0B9
0741BC6A
06317852
0A31F43A
0E4388AC
1374BD1E
18B5A127
19860130
1A661187
1C76E5DE
1E97B9E4
1E07ADEA
1D77B9E4
1B66E1DE
195649BE
1C07059E
1EC7C9C7
1EE7B5F0
1F07A9EF
1EE7B5EE
1EC7C9ED
1EE7B9EC
1F07A9EF
1EE7B1F2
1ED7C1EE
1EE7B9EA
1E47C5EF
1ED7D9EA
1F67ADEF
1F0791F5
1EA7BDEE
1EB7E9E7
1EC7BDEE
1F0791F5
1F47ADEF
1EC7D9EA
1E47C9ED
1EF7A9F1
1FA7A5EF
1DA7B9ED
1BA6CDA1
1AF58956
1A45CD68
1B86997A
1CC6D17B
1CF7597C
1D26D17F
1C06A983
1AE65D57
19D5792B
18C50515
0FF3D900
07229D29
06C22953
06623555
09227157
0BE2992B
109368FF
154410ED
0FD498DB
0A62FD0A
06E1C93A
0361D133
0381C12D
03A1891A
03413108
02E1711A
04C1C92D
06A25140
0E02D153
1564C97A
15D5D9A1
164619AC
182689B8
1A0601AB
16F6019E
13E59DA6
1514B9AF
1645DDBF
183649D0
1A26D9D5
1AA6A1DB
1B26DDD4
1C0709CD
1CE701C3
1D3751B9
1D86D1C5
1D6769D1
1D4751DA
1D3751E3
1D2749E0
1BE739DD
1AA631D7
12F531D2
0B44E5C4
0B34A1B6
0B2475BE
0B4489C7
0B648DD5
0B5449E3
0B4451B8
0A24218D
09042187
0EC4D982
14857199
174609B1
1A0699C8
1BC781DF
1D8725D4
19C699CA
16059170
0E737116
06E258CC
0711F083
0741B075
0810F067
08E27C8C
108428B2
1824BCEF
1A66C12C
1CA68D65
1D87399F
1E6761AB
1DC7A9B8
1D26ED9A
1B36517D
1946999D
1BC769BE
1E47ADD7
1EF7A9F0
1FA7A5EF
1EF7B1EF
1E47C9EC
1EE7D1EA
1F87A9EF
1F1791F4
1EA7BDED
1F17E1E7
1E97E1F0
1ED7C5E8
1F27A1F0
1EF7A9F8
1EC7C1EE
1EC7C9E4
1ED7C1EE
1EF7A9F8
1F17A1F0
1ED7C1E8
1E97D9ED
1EE7B1F2
1F4791F0
1E37A9EE
1D37A994
1BC6753A
1A65891F
1AA5D504
1AE59909
1AF6010E
1B158911
1A75E114
19D5E911
1925A10E
18856110
0F63A512
06423937
0612295C
05E22159
08424956
0AA26915
0E2380D4
11A4A0DE
0CB354E8
07C20116
0621FD44
04820937
03C1852A
0311311B
03B14D0C
04519129
07B22D46
0B22B155
11D43964
18960178
1906618C
198651A2
1A36A1B8
1AF6D1BB
1996A5BE
1836B9C1
18A665C4
1926F1CC
1A36E5D4
1B5759DF
1BB725EA
1C1779EF
1CC755F4
1D7781F1
1D876DEE
1DA761EB
1DB765E8
1DD751EA
1CC76DEC
1BB781E0
174639D4
12D529D3
0EC4A1D2
0AC461C6
0BC46DBA
0CC431B1
0C148DA8
0B74B1C7
0B3495E6
0B04C1AE
0D049176
0F04B985
13A56594
1855F1AF
19965DCA
1AE6C9DC
1B7729EE
1C0721CB
1AE6B1A8
19C67966
10B47524
07B210E0
0852449C
09027098
07C1A494
0691506D
0AD21C46
0F1268B7
15351D28
1B662944
1BD69960
1C46F173
1B969186
1AE60151
1AD62D1C
1AC6697D
1C7729DE
1E27D9E7
1EA7A1F0
1F2791F0
1ED7B5F0
1E97E1EC
1EE7C1E8
1F3799EF
1EF7A9F6
1EC7C9ED
1EF7BDE4
1EE7B9EE
1EE7B9EE
1EE7B9EE
1EE7B9EF
1EE7B9EE
1EE7B9EE
1EE7B9F3
1EE7B9F8
1EE7B5F3
1EE7B9EE
1EE7B9EE
1EE7B9EE
1EE7B9EE
1ED7B9EE
1EC781B7
1CA71980
1A86455A
19C5A135
1905A51E
19058908
19057D0E
18E57114
18C5DD27
1885C93A
1844F12E
0ED32123
05626D40
0562295D
05622D56
07623150
0962A12B
0BB39106
0E031913
09921920
05221933
05622946
05A1A523
04112101
02812D07
0421410E
05C1DD04
0AB2A8FA
0FA2F0ED
15B568E1
1BC56134
1C475987
1CC6F1A6
1C56E1C5
1BE6C5BC
1C3711B3
1C86F5BC
1C4731C6
1C06FDCD
1C4709D4
1C8731DE
1CC729E9
1D0759EE
1D8759F4
1E077DF3
1DE781F2
1DC77DF0
1E1781EE
1E676DDA
1C5791C6
1A462DC0
12A501BA
0B046DBB
0AA3D1BC
0A4465BB
0C5481BB
0E64A1BA
0CF4D1BA
0B84B5C1
0B24A1C8
0AC4B5AC
0FE4A990
150589A5
189611BA
1C2671BF
1BF6B9C5
1BC6F9D6
1B2739E8
1A86E1D9
1C0691CB
1D86999F
1305D974
08835D03
09A2A092
0AC25088
0781E07F
04414869
05209054
060248A6
101520F9
1A25991A
1A26193C
1A26154B
1965B15B
18A5F952
1A75F949
1C468578
1D2701A8
1E0741B6
1E5779C5
1EA77DD1
1EC7B9DE
1EE7B9E6
1EE7B9EE
1EE7B9EE
1EE7B9EE
1EE7B9ED
1EE7B9ED
1F4799ED
1EF7ADF4
1EA7D1ED
1ED7C9E6
1F07B1EF
1EF7A9F8
1EF7B1F8
1ED7C5F8
1EB7C9F6
1EF7ADF4
1F3799EF
1ED7BDEA
1E87E1EC
1ED7B9EE
1F3791DA
1D8745C6
1BE6D996
1B465166
1AB5D134
1AC5DD02
1AE5710B
1B262D14
1B76513D
1A25E166
18E5794D
0F239D34
05723149
05923D5E
05C23954
0692394A
07625941
08B28938
0A022148
07F22958
05F22950
0501C948
04214910
036134D8
02B128F4
04317110
05C1F8DF
07E1F8AE
0A110886
0D027C5E
1002C0F0
14E4CD82
19C739AA
1AB6DDD2
1BB659BD
1BD695A8
1BF6D9B8
1BF6F5C8
1C06C9CE
1CA70DD4
1D4741DE
1D775DE8
1DA771EE
1DE77DF4
1E3799F5
1E0791F6
1DD799F5
1C1755F4
1A5751CA
17E5F9A0
1574A9A0
110471A0
0CA3C1A3
0C0445A6
0B64E9B1
0D04D1BC
0EA509C4
0D74EDCC
0C44B9BB
0F84C9AA
12D4D1AA
15B5D9AA
18A6B1C5
1A36B5E0
1BD711D0
1C06F5C0
1C3729D1
1BD6F5E2
1B76A1E8
1C7701EE
1D8781D9
15C5D9C4
0E02F126
0B525488
08B25879
08720C6A
08416066
08518062
08611096
0E534CCA
144508F1
17657D18
1A95A124
1B360D30
1BE64153
1BC65576
1BA6B174
1C76B972
1D56B186
1DB7119A
1E1739B3
1E7775CC
1EE791E0
1EB7B1F4
1E97D9ED
1EC7C5E6
1F07A9EE
1EC7B1F6
1FA7B1ED
1F0799F3
1E67C5ED
1EC7E9E8
1F27B5EF
1F1789F6
1F07B5F3
1EC7E9F1
1E87C1F2
1F0799F3
1F87A9EF
1ED7C9EB
1E27CDEC
1EE7B9EE
1FA7A1E4
1E7799DB
1D474DC1
1CD701A8
1C66C991
1C96A97A
1CC6D57C
1D77897E
1E26DD6C
1BD5F95B
19855D56
0F83B151
0582B957
05D2615D
06223959
05C22155
05623150
05B2214C
06023D49
06624946
06C1F937
04B19129
02A17915
02C14102
02E1350E
0451691A
05C1F50F
05223904
048174AF
0460C85B
044190A2
0D81E8EA
16C4D15A
192701CB
1B86A1C1
1B7611B7
1B66C1C6
1BB709D5
1C0701D2
1D0729D0
1E074DDB
1E2799E7
1E4779EB
1E5791EF
1E6789D9
1E2799C4
1DE735C8
1A16E9CD
1645CDAE
13745990
10A4D998
0F7461A0
0E44559D
0D64999A
0C84BDAF
0DB4D9C5
0EE4FDC3
0DF529C2
0D04E1C1
13F501C0
1AE619C2
1B9741C5
1C4701D2
1BE709DF
1B86D9D2
1C16E9C6
1CA701D0
1C86D9DA
1C66FDE0
1CF759E7
1D8751DE
188721D5
13847D31
0D11688E
06A2009A
0972A0A7
0C42CCAD
0B8308B3
0AC288BE
0C9200C9
0E63C8DB
14B538EE
1B054516
1D16A13E
1F267D6C
1D16719B
1B06D19E
1BD689A2
1CA6C99A
1D16E192
1D8719B4
1E3751D6
1EE77DE3
1E97A1F1
1E47C9EC
1EB7E1E8
1F27B1EE
1EA789F4
1F17A9EE
1EE7B5F2
1EC7C9EE
1ED7C1EA
1EF7B1EF
1EF7B1F4
1EF7B9EF
1EE7C1EA
1ED7C1EE
1EF7B1F2
1F17A9EF
1EE7BDEC
1EB7D1ED
1EE7B9EE
1F17A9EF
1EA7B5F0
1E37C9ED
1DD789EA
1D87B1EE
1DA779F2
1DD7B9ED
1E27A1E8
1E77A99C
1BF6CD50
1986595F
1064756E
0742A165
0682555C
05C2295E
05922560
05622960
05E23D60
0662714A
05C22D34
0531E91F
0451C10A
0381D11B
0311692C
02A10128
04519124
0612413F
05F22D5A
05D1D0D9
05815858
0540D055
0A51CC52
0F63210B
1605B1C4
1CB721C5
1C06F1C6
1B5719D4
1BA711E2
1BF711D7
1C2709CC
1C5739D9
1CE745E6
1D8749E8
1D1749EA
1CA769BE
1A771192
1856C19C
1555C1A6
1254A193
1244F180
12460990
126505A0
12849997
1045058E
0E0499AE
0E24C9CE
0E44E9C3
1094A9B8
12F4A1C7
179615D6
1C3759DB
1C372DE0
1C4709DF
1B46F1DE
1A5669D5
1B56DDCC
1C5721CF
1C5711D2
1C5729D9
1CD73DE0
1D5751E3
1A9709E6
17D6813D
0EF37494
0621A8BC
09D2E0E4
0D9428F4
0D038504
0C7410E6
0FA374C8
12D2E8C6
152460C4
1783A108
19455D4C
1B16A986
1C1701C0
1D1799C9
1D573DD2
1D9711AE
1D77118A
1D5701B5
1DF74DE0
1EA771E7
1EA7A5EE
1EB7C9EC
1ED7C1EA
1EF7B1EE
1ED7B5F2
1E87BDEF
1ED7C9EC
1F27B1EF
1EF7A1F2
1EC7B9EE
1ED7D1EA
1EE7B9EE
1F07A1F2
1F27B1EF
1EE7C9EC
1EA7C1ED
1EF7B1EF
1F47ADEE
1EE7B9EE
1E87C5ED
1ED7C9EC
1F27B1EE
1EE7A9F0
1EA7A9E5
1EC7D1DB
1EE765D8
1ED799D5
1EC70DAA
1C274180
1985FD85
1145298B
09036176
07323161
05622D62
05622963
0562315E
06123959
06C23D47
05321936
03A1DD34
0401C133
0461D12D
03619928
02614931
0461993B
06621D4C
06C2695D
0722291A
06B200D7
0641809B
07215860
0802F8D6
12F5894C
1DE6CD8E
1C9779D1
1B4719C6
1B9711BC
1BE6F9C0
1B46B1C5
1AA6E1C8
1BB701CC
1CC6F1D0
1BD6E1D4
1AE6DDB5
16D68996
12C5B999
1094B99C
0E652D8C
1124C17C
13E54191
155519A7
16C5B9A6
132649A5
0F852192
0E94C97F
0DA44588
1343F192
18E5D1B9
1B3761E0
1D874DE0
1CE719E0
1C4729E1
1AB749E2
1926C1D9
1A9701D1
1C0719D4
1C2721D8
1C4721DC
1CB721E0
1D2739E2
1CA739E5
1C264978
10E4490C
05A2C0E1
0A4318B7
0EE328CE
0E82D8E6
0E244D18
12B4D94A
17452D46
15A5C942
14051155
15849169
1705E591
1B1751B9
1F277DCA
1ED7C9DC
1E8785CC
1DD759BD
1D2749CE
1DC779DF
1E67A5E5
1EC7C1EB
1F27B1EE
1EF7A9F1
1EC7BDED
1F07D1EA
1E77E9F0
1ED7C5E6
1F3799F0
1EF7A5FA
1EC7C9ED
1EC7CDE0
1ED7C1ED
1EF7A5FA
1F27A1F0
1ED7C5E6
1E87E1EC
1EF7ADF2
1F6781F0
1EE7B5EE
1E77E9EB
1EC7C1E8
1F2791EF
1A972DF6
160779DD
156661C4
14C671C3
15860DC2
1645B9B9
1505CDB0
13C531AC
0F84B9A8
0B438987
0872C566
05B23966
05E24166
0612415C
05E23952
05C23145
04C1F138
03D1B94A
0461ED5C
05022140
0401A924
0300F93B
0491B552
06223159
06725160
06C2715B
07221556
0791D8E2
0771906E
0761E8A1
10D42CD4
1A471958
1AE719DC
1B96C1B9
1B56C196
1B1719AA
1A66B9BE
19B699B8
1B16A1B2
1C7699B8
19D6A9BE
1736A1AC
16B5C59A
1644E996
15F5C192
15A6A185
14D59178
14052193
16E5F1AE
19D6F1B5
13F619BC
0E24E176
0E041D30
0DE3794E
14954D6C
1B4751AB
1C675DEA
1D8769E5
1D4741E0
1D0741E3
1AC70DE6
188651DE
1A56D9D6
1C2729DA
1C3721DE
1C4719DF
1C9725E0
1CF741E2
1C9731E4
1C3721B4
13B51184
0B420107
0C72AC8A
0DA290A9
11940CC8
1595714A
17660DCC
193731C6
1675E5C0
13B649A3
14653586
1525099C
180645B2
1AE741CC
1C7769E6
1E07E9EB
1E2791F0
1E5759E7
1E5799DE
1E67E9E3
1ED7C1E8
1F4791F0
1EF7A5F8
1EB7C9ED
1F07BDE2
1E67C1EF
1ED7D1EB
1F47B1EF
1F0799F3
1EC7BDED
1EC7E1E8
1EC7BDED
1EF799F3
1F27B1EF
1EC7D1EB
1E67C1ED
1EF7A9F0
1F87A9EF
1EF7B9EE
1E67C5EC
1EC7C9EA
1F273DD7
164601C4
0D6525BA
0C03D1B0
0AA47DAD
0C3471AA
0DC4B9AD
0DE509B0
0E0511B3
0DC509B7
0D84319F
09C32987
0602B176
06626166
06C2495B
05C23950
04C20147
0461C93F
0401F551
04D22164
05A22946
04A1F129
03A1A538
04C21148
05E22153
0622395E
06621D23
07A210E9
08E1B8A0
07D13057
06C18875
0EB23093
16A4E12D
194711C8
1BE6BDBB
1B1621AE
1A4669AE
198681AF
18C679B8
1A7659C2
1C2675AB
17D69194
1385ED7E
16A50969
19C5656B
1B56C16E
1CE66571
1885C175
1425AD85
1886A196
1CE68183
14D64971
0CC46962
0D735153
0E24797C
15E681A5
1DA71DC5
1D9759E5
1D8751E2
1DA749E0
1DC74DE0
1AD761E1
17E671D4
1A16F1C7
1C4711D1
1C4721DB
1C471DDB
1C8721DC
1CC72DDF
1C8731E3
1C470DC7
1696D9AB
10E4856C
0EA3112E
0C64053A
14B55947
1D05D947
1C16C147
1B252525
17445903
1364C147
1354F98C
13454598
14F581A5
16A63DAD
1A16B1B6
1D8701C8
1E87B1DB
1F8799E0
1EF7A9E6
1E67C1E8
1EE7C9EB
1F67ADEE
1F0799F2
1EA7BDED
1F07D9E9
1EF7B1EE
1EE7B5F0
1ED7C1EE
1ED7BDEC
1EE7B9EE
1EE7B5F0
1EE7B9EE
1ED7B9EC
1ED7B9EE
1EE7B5F0
1EF7B1EF
1EE7B9EE
1ED7C1EE
1EE7B9EE
1EF7B1ED
1EC7ADEC
1EA799BF
14B58192
0AC35197
09F3719C
09234997
0A13A992
0B03B1A1
0BB445B0
0C7501BB
0D14F9C6
0DC509B7
0AE40DA8
08130987
07128D66
0612515A
0572154E
04E1D94A
04D20946
04D23959
05B25D6C
0692714D
0542152E
03F19936
04B1ED3E
0582094D
05B2055C
05F1C0EC
0761B47C
08E1C85E
07A16840
0660E049
0A91C452
0EC32903
154579B4
1BC709BD
1AC685C6
19C5E9B3
155565A0
10E679B9
12E585D2
14E6599E
14C5896A
14B58151
15C54538
16E4E941
1785854A
1826795E
17A5B572
17353978
18F62D7E
1AC63152
1314ED26
0B63314E
0ED3A576
125499AA
17F669DE
1DA749DF
1DA745E0
1DA739E0
1D6745E0
1D3749DE
1946B9DC
156521CA
18C651B8
1C2709C8
1BF679D8
1BD719D8
1C070DD8
1C3721DD
1C0715E2
1BE709DA
1946C9D2
16B631D2
1504F5D2
135521CC
169581C6
19D5D944
1AF424C2
1C125084
13D29C46
0BA370EC
0EE43992
12259995
12F50198
13D5898F
1635D986
18A5C1A6
1A8659C6
1C77B9DA
1DB7B1EE
1EF7B1EE
1EE7B5EE
1EE7C1ED
1EE7B9EC
1EE7B9EE
1ED7B9F0
1F87ADED
1EF799F3
1E67C5ED
1EB7E1E8
1F07B1EE
1F0789F5
1F07B5EE
1EC7E1E8
1E87C1ED
1F0799F3
1F87A9EF
1ED7C9EC
1E27C9ED
1ED7B9EE
1F87A5EF
1ED7A1F0
1E270DC9
132521A3
0823E19D
07E36197
07A3518C
07F34182
0843618F
0993599D
0AE419A4
0C74D1AC
0E04C9AE
0C1501B1
0A239586
07C2795C
0562415C
0531F95D
05021D59
05524955
05A2A571
0692A98E
07830564
05E2593B
0441FD3E
04B20941
05221950
05521960
0581D90B
073140B7
08E28898
0771D07A
06015062
0670E04A
06E290EB
1144A98C
1BA615AE
1A7701D0
1945917F
1122B92F
0903A568
0B52F1A1
0DA3A13C
11C3C0D8
15E44904
14F5A131
14049142
13B3F954
1365594D
16D56947
1A45855B
1976A96F
18A56549
11541124
0A03894D
10438176
168581AA
1A1749DE
1DA741DE
1DB741DF
1DC741DE
1D3751DD
1CA719D5
17C719CD
12E5A9AF
17763191
1C0639B4
1BB4A9D7
1B6649D3
1B86E1D0
1BA6F5D3
1B9701D7
1B8705D4
1C0719D1
1C8679C4
1B6571B7
1A45ADA6
1875B996
16A4790D
19D1B085
1D01345B
10706031
03E1CC87
0A72E0DE
110338E4
110360EB
1103E50F
12656933
13C4412B
16944124
19668988
1C77B9ED
1F87A5EF
1EF7A1F1
1E67C5EC
1EC7D9E8
1F27B1EE
1EB791F4
1F5791ED
1EF7ADF6
1E97D9ED
1EC7C9E4
1EF7A9EF
1EF7A1FA
1EF7B1EF
1EC7C9E4
1EA7D1ED
1EF7A9F6
1F4791F0
1ED7C1EA
1E67E9EC
1ED7B9EE
1F5791F1
1EE7B1F4
1E77E1D4
14B601B4
0AF3B1A3
09838192
08135982
08034972
0803397E
0893458A
0933398E
0A23E192
0B1449A6
0A141DBA
0913D986
0782CD52
0602415F
0622516C
06426168
07C2C964
0953698A
0A13F1B0
0AE4A97C
08033548
05220146
05622544
05B24154
06823564
0752492B
0A2334F2
0D0548D3
0962D0B4
05D1B07B
06715442
071190D3
0D73E564
13E5A99F
16A641DA
1966A94C
11D434BE
0A427117
0A225970
0A1180DB
0CA24046
0F3248B8
0F13952A
0F03C144
11744D5E
13F5913D
1534F91C
1684C93E
16552560
1634B141
10842522
0AE3614C
1244AD76
19B6A9AA
1B9715DE
1D8731DE
1D5735DE
1D2741DC
1C2705DA
1B36B1CC
16E621BE
12944194
1745856A
1C0701A0
1B9649D6
1B2681CF
1B56BDC8
1B96D1CA
1BA6E9CC
1BB6F1CE
1C070DD0
1C6729B6
1AD65D9C
19567181
13C55166
0E44A8D7
0F01D448
0FC07832
0970741C
03308023
06A1442A
0A111034
0A01943E
0A01488F
0BA23CE0
0D51A0B1
14947482
1BD67937
1D975DEC
1F5791F0
1EF7B1F4
1E97E1EC
1ED7C9E4
1F17A9EE
1EC7B1F8
1F27B9EE
1EF7B1EF
1EC7BDEE
1ED7C9ED
1EE7B5EE
1EE7A9F0
1EE7B9EE
1ED7C9ED
1EC7BDEE
1EE7B1EF
1F07B5EE
1ED7C1EE
1EA7BDEE
1EE7B9EE
1F27B1EE
1EF7B1EF
1EC7A1E1
164759D4
0DC541B2
0B239991
0883758B
08235986
07C34D8A
07A3498E
07833D8D
07D3318D
08238593
08135999
08033980
0752A967
06A2A168
0712B16A
0782C56F
0A431175
0D042198
0DA511BC
0E44AD8C
0A23D95C
06029D59
06225156
06424D38
07B2391B
0922A8DF
0D2400A4
1123A4AD
0B6278B6
05A1C8B1
067130AC
07428516
09B3B181
0C24AD9A
12D5B1B4
1985C17E
12850948
0B839122
090280FD
0681D8E1
078180C6
08827CDD
0942A8F4
0A0308FE
0F43E908
14843519
13A4292B
12C49D39
13447148
13C45D33
0FC4791F
0BC43D59
14553194
1CE68DB7
1D2731DB
1D6725D8
1CF721D5
1C8701CF
1B26D1C9
19C695C3
160681BD
12450D79
1724A935
1C066585
1B7701D6
1AE6D1D0
1B36C1CA
1B86C9CC
1BB6E1CE
1BE6F5D2
1C1709D7
1C46E9BC
1A5671A2
18659D6A
0F247932
05E2A8B3
04308035
0280802A
0280781F
02808824
02D0A02A
0320BC31
0310A038
0300EC80
04F0A8C8
06E374FF
12957937
1E46D192
1EB7B9EE
1F27B5EE
1EF7B1EF
1EC7BDED
1EE7C1EC
1F07B5ED
1ED7A9EF
1EA7D9EF
1ED7C1E8
1F17A1EF
1EE7ADF6
1EC7C1EE
1EC7C5E6
1ED7C1EE
1EE7ADF6
1F07A9EF
1ED7C1E8
1EA7D1ED
1EE7B5F2
1F3799F0
1EE7B5EE
1EA7D1EC
1EE7BDEA
1F27A1EF
1A7739F4
15D661C2
0F54CD90
08E39195
0863799A
07E36196
07E35992
07F3498D
08034988
08234980
07F33D78
07C3117A
0772F17C
0722E972
0762E568
07A2F177
0A83C186
0D64F9A7
0E1515C8
0ED5219C
0A53D570
05E2516C
06825D68
0732711D
080264D2
08D22094
0D32D056
1192D887
0C42BCB8
0701D0E7
07C28D16
0883A15A
0A43A99E
0C13B196
1195058E
1725A1B0
1304E1D2
0EE4492E
0C83308A
0A21E8E8
0972D946
08D38902
096284BE
0A01D8B8
0CE308B2
0FC338F6
1154853A
12F51935
13646130
13D3D926
11443D1C
0EC3F167
15C5C1B2
1CD731C5
1CB721D8
1CA719D2
1C16F1CC
1B96D1C2
1A76A1B8
195659BA
16A605BC
13F4C95E
1754E100
1AC6F16B
1AC6E1D6
1AD701D1
1AF6B9CC
1B16B1CE
1B66E1D0
1BC6F9D7
1BC6F5DE
1BC701C3
198659A8
17452153
0DE300FE
04910890
03A0AC22
02B09022
02B08822
02C08826
0480C02A
0640A82E
0A11BC32
0DE12871
1033D4B0
1286194E
18C6B5EC
1F0799EE
1ED7B5F0
1EA7D9ED
1EE7BDEA
1F27A1EF
1EF7ADF4
1ED7C9ED
1EF7BDE6
1E27C1EF
1EC7D9E9
1F67A9EF
1F0789F5
1EA7BDED
1EB7F1E6
1EC7BDED
1F0789F5
1F47ADEE
1EC7D9E8
1E47C9EC
1F07A9F1
1FC7A5EF
1EF7B9EE
1E27C9EC
1ED7D1EA
1F87A9EF
1EB791F4
1DE6D9D5
1395B1B7
094485A9
08A3A19B
08038D92
0833798A
08636D8C
0843618E
0823598B
07D34988
07833588
07932188
07A3197A
07B3096D
07C37588
0AC411A4
0DC4D5B6
0E9529C9
0F64E5A1
0A940979
05C2D547
06F26116
082288DB
0852D0A1
08827491
0D424881
120350A6
0D33D8CB
08631D10
09139955
09C39D77
0AE3A999
0C043DA1
106519A9
14C541AC
138499AF
12441961
10041914
0DC41131
0B74794E
092310FA
099208A7
0A02A0EE
0A832936
0B03F94C
0F15A163
1324C144
13842926
13E47D27
12D4B129
11C52969
1746B9AA
1CC6FDBC
1C5711CE
1BE6F1CA
1B46C1C7
1AA6A9BD
19C689B4
18E665B5
174679B7
15A50156
179328F5
1985A55B
1A2691C1
1AC69DBE
1AB679BC
1AA6B9BF
1B2701C2
1BA6D5C5
1B76D1C9
1B46F1BD
18B6D1B2
16247D37
0CB168BC
03410471
03109826
02E0AC40
02F0905A
03017092
063138CA
0962F0E5
11148101
18C52D27
1B77694D
1E273D9D
1EF7A9EE
1FC7A1EE
1EF7B1EF
1E27C9EC
1ED7D1EA
1F87A9EF
1F1791F4
1EA7C1ED
1F27E9E6
1EA7D1EF
1ED7C1EA
1F17A9EF
1EE7ADF4
1EC7C1ED
1EC7C5E6
1ED7C1ED
1EE7ADF4
1F07A9EE
1ED7C1E8
1EA7D1EC
1EE7B5F0
1F3799EF
1EE7B5EE
1EA7D1EC
1EE7BDEA
1F27A1EF
1EC7ADF4
1E77C9E9
18A695DE
12E539BD
0DB4519C
0883B98F
0883AD82
0893998B
08638D94
08337996
08337998
08336196
09338194
0A435183
07139172
03E3C99A
08D48DC2
0DC529C6
0F3531CA
10B549A6
0ED41982
0CF29923
0BA35CC4
0A62889A
0B829470
0CB2988E
0FE338AC
131448C5
0EC3F4DE
0A733939
0A337D94
09F39994
0BC3E594
0D9489AC
108569C4
1385B9A8
10C45D8C
0E036995
0F84B59E
1105C97A
0D640156
09C240F3
0B32A890
0CB37925
0CE3B5BA
0D23E9A3
0F548D8C
11842954
1274C91C
13654129
1494F536
15C5516C
18E679A2
1C06F9B3
1B66D9C4
1AC6D9C3
1A8699C2
1A4691B9
199669B0
18E639B1
17F55DB2
1715994E
17E500EA
18C5F14B
199655AC
1A7671AC
1A8699AC
1A96B9B0
1B86B9B4
1C7689B4
1A16D1B4
17B729B8
13D561BC
0FF4A11B
0AB23C7A
05810852
0781102A
0980F85E
09F27C92
0A7370FE
0B13716A
0BC5699D
13C5DDD0
1BC7A9DD
1D37A5EA
1EA7D1ED
1EE7B1F0
1F3799EF
1EE7B5EE
1EA7D1EC
1EE7BDEA
1F27A1EF
1EF7ADF4
1ED7C1ED
1EF7B9E6
1F27B5EE
1EF7B1F0
1EC7BDEE
1ED7C9EC
1EE7B5EE
1EE7A9F0
1EE7B9EE
1ED7C9EC
1EC7BDED
1EE7B1EF
1F07B5EE
1ED7C1ED
1EA7BDED
1EE7B9EE
1F27B1EE
1EF7B1EF
1EC7BDED
1EE7C1EC
1F07B5EB
1DC7A9EB
1C8655CE
12C4B1B1
0903FDA1
08E3F192
08C3D199
0883C9A0
0843DDA5
0893C1AA
08E415A0
0AE43196
0CE42D98
0674299A
000499B0
06E539C6
0DC535C6
0FE531C6
120519B1
1314819C
1424F960
1065F924
0CA3CD0B
0EC260F2
10E358D4
1283B8B6
142430D1
105480EC
0C83FD33
0B53897B
0A23A585
0CA3D18F
0F24D1AC
10B649C9
12452DA8
0E03B987
09C42DA2
0F0589BE
14451995
0F53816C
0A63191B
0CE2E0CB
0F641139
0F5449A8
0F4451A4
0F9481A0
0FE4ED76
1165994C
12E4E94E
16549151
19C59977
1A86E99E
1B46C1B1
1A7689C4
19A691BD
19C639B7
19E659AC
196651A2
18E5719F
18B3299D
1884E962
18455928
1805D566
191669A4
1A2675A0
1A56C19C
1A86ADAF
1BE6A1C3
1D46A593
18B6C163
1424CD45
0EF2E927
09C2E0D3
08C1E080
07C19C6B
0BF1A857
1022887B
110500A0
11E394D4
1003B908
0E24D967
1675E1C6
1EC745DB
1EF7B1F0
1F27B1EE
1EE7B9ED
1EA7BDED
1EE7B9ED
1F27B1EE
1EF7B1EF
1EC7BDED
1EE7C1EC
1F07B5ED
1ED7A9EF
1F5791ED
1EF7ADF6
1EA7D9ED
1EC7C9E4
1EF7A9EF
1EF7A1FA
1EF7B1EF
1EC7C9E4
1EA7D1ED
1EE7A9F6
1F3791F0
1EC7C1EA
1E67E9EC
1ED7B9EE
1F5791F1
1EF7B1F4
1E97E1EC
1ED7C5E4
1F27A1EE
1E67A5F8
1DA7C1DF
1785F9C6
116399B4
0DA401A2
09E3F9A7
0A4451AC
0AB479B4
0C349DBC
0DB509AA
0D74ED98
0D3511AD
09F4F1C2
06C541C6
0A3541CA
0DA541C6
117551C2
155571BC
14A5D5B6
1406D19D
10854584
0D14517C
1164B574
15B4B91A
151458C0
147440DD
131488FA
11C4B12E
0DC3D962
09D3A176
0BF3E98A
0E24A9AC
0F7549CE
10D4F9A8
0EA41D82
0C8411B0
0FD565DE
133599B0
0FF42582
0CC3C144
0F944106
1275A14E
10C4F196
0F2499A5
11D4DDB4
14857198
11B5057C
0EE43974
1445096C
19A5A183
19C63D9A
19E6A1AF
19D675C4
19C6A9B8
1A1671AC
1A7651A0
1A465D94
1A16198E
19556188
18A59177
18457D66
17F5A181
1946199C
1A964194
1B06A58C
1B76A1AF
1A8685D2
1996A972
14A4E512
0FC268D2
0D027092
0A52208C
09B20486
0911E885
0D925084
12228099
1403F4AE
15E230AA
162448A6
16746131
1A867DBC
1EA7D9D9
1EF7ADF6
1F5791F0
1ED7BDEA
1E67E9EB
1ED7BDEC
1F5791F0
1EF7B1F4
1E97E1EC
1ED7C9E4
1F17A9EE
1EC7B1F8
1F87B1ED
1F07A1F2
1E87C5ED
1EC7E1E8
1F07B1EE
1F0789F5
1F07B5EF
1EC7E1E9
1E87C1ED
1EF799F2
1F67A9EF
1EC7C9EC
1E27C9ED
1ED7B9EE
1F87A5EF
1EF7A1F1
1E67C5ED
1ED7D9E9
1F47B1EE
1F0791F4
1EC7B9E6
1C47E1D9
19C5EDCA
126489BC
0B04C9B8
0C1509B4
0D24FDB5
0FD539B7
128551B5
100569B3
0D8545BD
0D8551C8
0D854DCA
0D8551CD
0D8555C7
131561C2
18A601A5
16469989
13E5398A
10B3F98B
0D85199D
140771B0
1A86216A
17A4B924
14C4A50E
15E4B8F8
1704D12A
1043915D
0983B96C
0B53897C
0D244593
0E4541AA
0F647596
0F53B983
0F44A9A6
10B661CA
122535A7
10A3B984
0F240143
1254C102
15857556
124541AA
0F04E5A1
1414E999
1925458F
1204D186
0AE4C17C
1235B972
1985C57F
1905D18C
18861996
193609A0
19E6419A
1A769195
1B065D94
1B26C194
1B465593
1A06B992
18C5DD7A
18556963
17E5C181
1976219F
1B066D95
1BB6F18C
1C663181
19263176
15E57542
10A3C10F
0B62C0D4
0B22589A
0AE248A4
0AA228AE
0A6320EB
0F433128
1424E13A
1706294D
19E5BD4C
1C56E14B
1EC6B58F
1EA7E1D4
1E87C5E3
1F07A1F2
1F87A9EF
1ED7C1EC
1E27C9EC
1ED7C1ED
1F87A9EF
1EF7A1F1
1E67C5ED
1EC7D9E9
1F27B1EE
1EB791F3
1EF7B1ED
1EE7B5EE
1EE7B9ED
1EE7B9EC
1EE7B9EE
1EE7B5F0
1EE7B9EF
1ED7B9EE
1ED7B9EE
1ED7B5EE
1EE7B9EE
1ED7B9EE
1ED7C1EE
1EE7B9EE
1EF7B1EE
1EE7B5EE
1EE7B9EE
1EE7B9EE
1EF7B9EF
1EE7B5F0
1EE7B9EE
1DA7B9EC
1C77B9E1
18466DD6
142599C9
114581BC
0E7539B7
0F4555B2
102599C0
0EC569CE
0D6551CE
0D5555CE
0D5551CF
0FB55DD0
122561C9
1415E9C2
1616A18F
1185295C
0D038977
0DD3E192
0EA4B1BF
1586E1EC
1C77A1BA
1A563988
1834E93F
18E574F6
19A65127
15A53158
11A43163
0EA3F56E
0BA3A17A
0BD41986
0C13E185
0D83F184
0EF4799D
107549B6
1205299E
10E41D86
0FC3D142
12B4E4FE
15B6315E
136595BE
1124D99E
1565657E
19B5E987
13C52990
0DE44984
13454578
18B5E97B
18D5E57E
18F5E97D
1955E97C
19B5C97D
19E6097E
1A25D989
19561594
1895C998
1845D59C
17F5C17E
1855A960
18C5D981
19360DA2
19B66997
19C6058C
19E50953
18855D1A
17354113
13742D0C
0FC280D7
10931CA2
116280BC
12D43CD6
14554951
16F5FDCC
19A7B1DC
1AF749EC
1C57B9EE
1D878DF0
1EC7B9EE
1ED7B9EC
1EE7B9ED
1EE7B5EE
1EF7B1EE
1EE7B9EE
1ED7C1EE
1EE7B9EE
1EF7B1EE
1EE7B5EE
1EE7B9EE
1EE7B9EE
1EE7B9EE
1ED7B5EE
1E67C1EE
1ED7D1EA
1F47ADEE
1F0799F3
1EC7BDEE
1EC7E1E9
1EC7BDEE
1EF799F4
1F27B1EF
1EC7D1EA
1E67C5ED
1EF7A9F0
1F87A9EF
1EF7B9EE
1E67C5EC
1EE7C9EB
1F67A9EF
1F0799F3
1EA7BDEE
1ED7D9E9
1F07B5EE
1F1791F3
1F27B1E7
1E37D9DC
1D46DDDA
168631D8
0FC5F1C7
0EC549B6
0DC575BE
0D8551C6
0D4555CA
0D3561CE
0D2565CC
11F571CB
16C5E9B5
152649A0
13855182
0CD3E965
06238982
0AF359A0
0FC52DC4
1717C1E9
1E67BDD2
1D07A9BC
1BA6797D
1BF5E13F
1C465950
1B06B161
19C56958
11F4794F
0A23F165
0973A97C
08C3BD85
0BB3B18E
0EA44991
10452194
11E4BD8F
1123C18A
1064795A
1324D12B
15E59970
149611B6
13457DA1
16C5F18C
1A46299D
1595A1AF
10E559A9
146531A3
17E5A990
18A5F17E
1965E981
1975F185
1985FD86
1965F188
1945ED90
1795F998
15E58987
16851176
17257D70
1865A96A
19A5D57F
1905D194
1865F58C
17E5B185
17656163
17F50141
18856146
1655394B
1424DD49
16051947
17E58955
1B170964
1E47019E
1EB7D1D8
1F27ADE5
1EF799F3
1EC7BDEE
1EC7E1E9
1EC7BDEE
1F0799F3
1F47ADEE
1ED7D1EA
1E67C5ED
1EF7B1F0
1F87A9EF
1EF7B1EF
1E67C5ED
1EE7C9EB
1F67A9EF
1F0799F3
1EA7BDED
1F07D9E8
1E77E9F0
1ED7C5E6
1F3799F0
1EF7A5FA
1EC7C9EE
1EC7CDE2
1ED7C1EE
1EF7A5FA
1F27A1F0
1ED7C5E6
1E87E1EC
1EF7B1F2
1F6789F0
1EE7B9EE
1E77E9EB
1ED7C1E8
1F4791F0
1EF7A9F8
1EA7D1ED
1EC7C9E2
1EF7B1EE
1F17A1FA
1F47A9EE
1E97C9E2
1DF7D9EB
1AB731F4
178719D7
169671BA
15A5A9BC
13A5D9BE
11B559C6
119541CE
117579CA
141601C6
16B691A2
1305AD7E
0F547176
0AC3C96E
0633618E
0A73DDAE
0EB4F1CA
16970DE6
1E77E9EB
1DF7B1F0
1D7779BC
1CC6C988
1C168979
1B76956A
1AE6514D
13C4E530
0CB40951
0B13C972
0973B985
0AC3C998
0C13D985
0D146172
0E14F180
11248D8E
14458973
15E5C558
17855183
15458DAE
131519A4
1716019A
1B1729B4
185695CE
15A649CE
16B5F1CE
17C5A1A6
1805C97E
1855D986
19A62D8E
1AF65190
1A262D92
1955F997
17D5D19C
16555976
17754950
18957962
1925C974
19B6017D
1955ED86
18F5F182
1895D57E
1835D173
1865A168
18A60979
14F5D18A
1156A9BB
1676A1EC
1B9781EF
1D0785F2
1E77E1EB
1EC7C5E4
1F27A1EF
1EF7A5FA
1ED7C1EE
1EC7CDE2
1EC7C9EE
1EF7A5FA
1F3799F0
1ED7C5E6
1E77E9EC
1EE7B5F2
1F6789F1
1EE7B5F0
1E77E9EC
1ED7C1E8
1F4791F0
1EF7A5F8
1EB7C9ED
1F07BDE2
1E87BDEE
1ED7C9EC
1F27B1EE
1EF7A1F1
1EC7B9EE
1ED7D1EB
1EE7B9EE
1F07A1F2
1F27B1EF
1EE7C9EC
1EA7C1ED
1EF7B1EF
1F47B1EE
1EE7B9EE
1E87C1ED
1ED7C9EC
1F27B1EE
1EE7A9F1
1EA7BDEE
1EC7D1EB
1EE7B5EE
1F27A1F1
1F67B5EE
1F07D1EB
1EA7BDED
1EF7A9EF
1F4791E2
1E67B9D5
1D8705D6
19D719D7
1625F98E
15F4D145
15C50D5E
16369178
16A5E58D
10E569A3
0B247192
08B36981
06439987
09F3D18E
0DA545B9
1617A1E5
1E87B5E9
1EE7B9EE
1F4791CF
1D9741B0
1BE6D58B
1BF6C967
1C06014F
15A4C938
0F443960
0CB3C188
0A23D585
09D3E183
0983DD84
09E3A185
0A4411A1
1133F9BD
1825E1AC
18A7719B
192615A3
1605B9AC
12E59DA8
1765D1A4
1BE695B0
1B2749BD
1A66C5C3
1906B1C9
17A611A9
1775B989
1745FD8E
19D69994
1C66A19C
1AE679A5
196625A0
1816019B
16C57D75
18654150
1A05AD65
19E6017A
19C5FD80
19A5F986
1985F581
1945E97D
1905D178
18E5A973
18C5C17F
13A5618B
0E85E1AB
16E749CB
1F4789DD
1EF7B1EF
1EA7C1ED
1EE7C9EB
1F27B1EE
1F07A1F1
1EE7B9EE
1ED7D1EB
1EC7B9EE
1EF7A1F1
1F27B1EE
1ED7C9EC
1E87C1ED
1EE7B1EF
1F47B1EF
1EE7B9EF
1E87C1ED
1ED7C9EC
1F27B1EE
1EF7A9F1
1EC7BDEE
1F07D1EB
1F17A1ED
1EE7B1F2
1EC7C9ED
1ED7C1E8
1EF7B1EE
1EF7B1F4
1EF7B9EF
1EE7C1EA
1ED7C1EE
1EF7B1F2
1F17A9EF
1EE7BDEC
1EB7D1ED
1EE7B9EE
1F17A1EF
1EE7B5F0
1EB7C9ED
1ED7C1EA
1EF7B1EF
1EE7B1F4
1ED7B9EE
1EE7C1E8
1F07C1EE
1F07B1F4
1F07A9EF
1ED7BDEA
1EB7D1ED
1E97B5F0
1E77A1F0
18F711F0
1376A156
10F44CBC
0E7360F3
10E4C12A
13551179
0E34E1C8
092481AE
07F3E594
06D3C981
09541D6E
0BE4B9A9
1476C5E4
1D1799E8
1D0751EC
1D07D1E2
1BB711D8
1A66C19E
1AA64964
1AE62952
14054140
0D24516F
0B13FD9E
09140186
09C40D6E
0A741983
0A03E998
0993C1C2
110495EC
188699E5
1986DDDE
1A95D9C4
188625AA
1685D1AC
17B5B5AE
18F619AD
1A2681AC
1B66D1B8
19066DC4
16B641AC
1745D994
17E5D197
1A666D9A
1CE721A9
1B86C1B8
1A3629A9
1885E19A
16E55975
18657550
19F60168
19D5FD80
19B5F983
1995F986
19860181
1955ED7C
1925E97D
1905DD7E
18F5F985
1285458C
0C14319B
13E5E5AA
1BB7B1CB
1D67B5EC
1F17A9EF
1EF7B1F2
1ED7C1ED
1EE7C1E8
1EF7B9EE
1EF7B1F4
1EF7B1EE
1ED7C1E8
1EC7C9ED
1EE7B1F2
1F17A1EF
1EE7B9EC
1EB7D1ED
1EE7B9EE
1F17A1EF
1EE7B5F0
1EB7C9ED
1ED7C1EA
1EF7B1EF
1ED7B5F4
1FA7ADED
1F0799F3
1E67C5ED
1EC7E9E7
1F27B5EE
1F1789F6
1F07B5EF
1EC7E9E8
1E87B5ED
1F0799F3
1F87A9EF
1ED7C9EB
1E27CDEC
1EE7B9EE
1FA7A5EF
1EF7A1F1
1E47C9EC
1EC7E1E8
1F47B1EE
1F0789F5
1EC7B9ED
1EB7E9E6
1EA7BDED
1F0789F5
1F67A9EF
1EC7D9E9
1E27C9EB
1EC7A9EE
1F6709A3
1816E959
10C49CFE
0BF260A4
0723C114
0B940984
1005059A
0B9489B1
07242DA7
0743E19E
0763F998
08C42193
0A2519B5
12E721D8
1BA6E9B0
1B362188
1AC65173
19D6795F
18E5E164
19557169
19C60D6E
1265C974
0B04A981
0983E18E
08040D8E
09B4418F
0B64398C
0A24318A
08E415A3
10E409BD
18E629D1
1A7799E5
1C070DDA
1B1731CF
1A2679B8
181521A2
1605BDA1
1935D1A0
1C6661AA
1915F9B5
15C60DAA
1725999F
18863DA6
1AF631AE
1D66FDBE
1C3749CE
1B0691B3
19060999
17058D77
18754155
19E5CD6A
19C5F97F
19A5F582
1995F985
1985F581
1965E17E
1945E57F
1935E980
1925D987
1165898E
09A4999D
10E469AC
182631C7
1BD7C9E2
1F87A5EB
1F0791F4
1E87C1ED
1EC7E9E7
1F07B5EE
1F1789F6
1F27B5EE
1EC7E9E7
1E67C5ED
1F0799F3
1FA7A5EF
1EE7C9EC
1E27CDEC
1EE7C1ED
1FA7A5EF
1EF7A1F1
1E47C9EC
1EB7E1E8
1F27B1EE
1EA789F5
1F4799ED
1EF7ADF4
1EA7D1ED
1ED7C9E6
1F07B1EF
1F17A9F8
1F27B1EF
1EE7B9E6
1EB799ED
1EF7A1F4
1F3799EF
1ED7BDEA
1E87E1EC
1EE7B9EE
1F4799F0
1EE7B1F2
1E97D9EC
1ED7C5E6
1F17A9EE
1EF7A9F6
1ED7C1ED
1EC7C9E4
1EC7C9ED
1EF7A9F6
1F27A1EF
1ED7C1E8
1E87D9EA
1A46D5EC
1615F957
110468C2
0C0288A7
0F63AC8C
12C54135
1405DDDE
154671BC
0DF4B19A
06B3D1A1
0733FDA8
07C421B0
08343DB8
08B469C2
12F621CC
1D36C978
1BA66124
1A14D905
1A0544E6
1A04E12A
1AE62D6E
1BD6D98B
16863DA8
1134B193
0CF4297E
08B41997
09B435B0
0AC45996
0A64757C
0A145985
0EB4C98E
136671BD
185711EC
1D5799F0
1CE791F4
1C87C1C5
1A869196
1885F195
1A667594
1C56F19D
1AA691A6
190661A8
19D691AA
1AA761B6
1C370DC2
1DC759D3
1D0731E4
1C46D1BE
19D62D98
17759979
1895895A
19C5F96C
19A5F57E
1995F181
1985F184
1975F982
1965E980
1955E181
1935E982
1925F989
11855990
09E4419F
0D2475AE
1074E9C3
17A679D8
1ED799E7
1EC7A9F6
1EB7C9EE
1ED7C5E6
1EF7B1EF
1EF7A9F8
1F07B1EF
1ED7BDE6
1EA7D1ED
1EF7ADF4
1F4799F0
1EE7BDEC
1E87E1EC
1EE7BDEC
1F4799EF
1EE7B1F2
1E97D9EC
1EC7C5E6
1F07A9EE
1EC7B1F6
1EE7B9EE
1EE7B9EE
1EE7B9EE
1EE7B9EF
1EE7B9EE
1F17B9ED
1F47B9EE
1F17B9EF
1EE7A9EE
1EE7B9ED
1EE7B9ED
1EE7B9EE
1EE7B5EE
1EE7B9EE
1EE7B9ED
1EE7B9ED
1EE7B9ED
1EE7B9EE
1EE7B9ED
1EE7B9ED
1EE7B9EE
1EE7B9EF
1EE7B9EE
1EE7B9ED
1EE7B9EB
1EE7B9EA
1EE6E5A4
15D5E15E
0CC410F9
0A023895
074370E4
12D49133
1E66558A
1C77B9E1
1A8661B9
10640191
0644019F
073421AD
082435B2
07B451B8
0744D1BA
130639BC
1EC72191
1C17C167
1965C554
1A44E941
1B264575
1C8789AA
1DE769BD
1AA7A9D0
1765E9A3
10640176
09640188
09C4299A
0A24B5A1
0AB4F1A9
0B44C9A4
0C9451A0
0DE599B1
1646A9C2
1EA725D6
1EC7B9EB
1EE7A1D8
1CF771C6
1B06E1BA
1BA729AF
1C471DBA
1C4701C5
1C46E9C6
1C86E9C7
1CC739CD
1D7749D3
1E2751DA
1DD759E2
1D86E9C2
1AB649A2
17E5BD7F
18C5595D
19A5C96C
1995F17C
1985E97E
1975E181
1965ED81
1965E981
1965E581
1945E982
1925DD88
11A5A98F
0A24AD9C
097449AA
08C4C1B3
137599BD
1E26CDD5
1E87B9ED
1EE7B5EE
1EE7B9EF
1EE7B9EE
1EE7B9ED
1EE7ADEE
1EE789EF
1EE7ADEE
1EE7B9EE
1EE7B9EE
1EE7B9EE
1EE7B5EE
1EE7B9EE
1EE7B9ED
1EE7B9ED
1EE7B9ED
1EE7B9EE
1EE7B9ED
1EE7B9ED
1E97E1F0
1ED7C5E8
1F27A1F0
1EF7A9F8
1EC7C1ED
1EE7C9E2
1F07C1ED
1F07A9F8
1F17A1EF
1ED7C1E6
1E97D9EC
1EE7B1F2
1F4789F0
1EE7B5EE
1E97E1EB
1EE7C1E8
1F3799EF
1EF7ADF6
1EB7D1ED
1ED7C5E4
1EF7B1EF
1EF7A5FA
1F07A9EF
1E37C5E4
1D77D1E8
19E6D1EC
1656215E
101450D0
09D2309C
0E336868
12947121
18761DDA
1E67D1DF
1D97B1E4
1CC759B6
11B54588
06A4199D
077431B2
084441B5
07944DB8
06E451B2
1225C5AC
1D77C1AB
1CC715AA
1C2599A3
1C66799C
1CB7C9C1
1DA7B1E6
1EA7A1EF
1B7789F8
185751B3
10C4D16E
0933C179
0AF45584
0CB569AD
0C5561D6
0BF589C4
0CC519B2
0D94F9A5
1285FD98
1786A1BD
19C6E1E2
1C0799EC
1C2755F6
1C5701E0
1CB711CA
1D2761D7
1D2749E4
1D3761E4
1D5741E4
1D7759E4
1DC751E4
1E2751E2
1DF749E0
1DD739C6
1B0675AC
1835B986
18D59160
1985E96D
1975E57A
1975E17C
1965E57E
1965F180
1965E982
1965E182
1935E582
1915F188
1575818E
11E4899A
0F44E1A6
0CB441A4
10B521A2
14C651C3
19E721E4
1F17A1EE
1EF7A9F8
1ED7C1ED
1EC7C9E2
1EC7C1ED
1EF79DF8
1F27A1F0
1ED7C5E8
1E97E1EC
1EE7B1F0
1F4789F0
1EE7B5F0
1E97E1EC
1EE7C1E8
1F3799EF
1EF7A9F6
1EC7C9ED
1EF7BDE4
1E47C5EF
1ED7D9EA
1F67ADEF
1F0791F5
1EA7BDED
1EB7E9E6
1EC7BDED
1F0791F5
1F47ADEF
1EC7D9E9
1E47C9ED
1EF7A9F1
1FA7A5EF
1EF7B9EE
1E47CDEC
1EE7D1EA
1F87A9EF
1F0791F4
1E87C1ED
1EC7E1E7
1F07B5EE
1F1789F6
1F27ADE0
1D97E1CA
1C06ADA4
14E5A17E
0DC4CD15
0A5310AD
06E39CE8
1264C923
1DE62184
1E27A1E5
1E67C5E6
1EB7E1E7
1F0721CE
1305A1B5
0704C5B6
07B449B7
086455B8
077459B9
068471B1
1154C9A9
1C26ADBA
1D8739CC
1EE705C9
1E97A1C6
1E47C1D7
1ED7D9E9
1F67ADEF
1C5791F5
1946819A
11243940
09040568
0C240990
0F451DAB
0DF5A9C6
0CA5A1C5
0CF599C4
0D4579BD
0ED5B9B6
1065E5B9
14C599BC
19265DC7
1B6751D2
1DA6C5D9
1DD6B9E0
1E071DE2
1E1761E4
1E2761E4
1E2761E4
1E275DE3
1E2759E2
1E274DDF
1E2749DD
1E2711C8
1B5699B3
1885D985
18F54958
1965BD68
1965E179
1965E17B
1965E17D
1965E97F
1965F181
1965E581
1935E181
1905E987
1955E18D
19A601AB
152671CA
10A5A1BF
0E0461B4
0B65A9B8
1556D9BC
1F4751D8
1F0791F5
1EC7BDED
1EB7E9E6
1EA7BDED
1F0791F5
1F67ADEF
1ED7D9EA
1E47C9ED
1EF7A9F0
1FA7A1EF
1EF7B1EF
1E47C9EC
1EE7D1EA
1F87A9EF
1F1791F4
1EA7BDED
1F17E1E7
1EC7C9EF
1EE7BDEC
1F07B1EF
1EE7B5F2
1ED7C1EE
1ED7BDEA
1EE7B9EE
1EE7B1F2
1EF7B1EF
1ED7BDEC
1EC7C9EE
1EE7B5F0
1F07A9EF
1EE7B9EE
1EC7C9ED
1EE7B9EC
1F07A9EF
1EE7B1F2
1ED7C1EE
1EE7BDEA
1EF7B9EE
1AC7ADF2
16A7A9D1
17D675B0
19156960
1354CD10
0D9460CD
0F93F48A
11946934
17E621DE
1E37A9E7
1E77B5F0
1EC7C1ED
1ED7BDEA
1EE7B1E6
17F68DE2
110511CF
0C74B5BC
07E471BB
073461BA
069451B0
0FA515A6
18C6F1CA
1BB761EE
1EA7A9EF
1EB7B5F0
1EC7C9EE
1EE7BDEC
1F07B1EF
1CC77DF2
1A96E982
1344CD12
0C041157
0CC4999C
0D9561A9
0E6599B6
0F45B9C6
0E15A5D6
0CE599D5
0DB5A1D4
0E85A1B5
11B57596
14F4F9A2
1465E5AE
13D611D2
169625F6
1956F9ED
1BB745E4
1E2761E4
1E2761E4
1E2761E2
1E1755E0
1E1749DD
1E173DDA
1E1731CA
1B7699BA
18E5C985
19157D50
1955E164
1965E178
1975E17A
1965E17C
1965E97E
1965E980
1975E980
1945E580
1915F186
1A56398C
1B9731BD
198735EE
178779DA
16162DC6
14A521AD
18466194
1BE741C3
1D5795F2
1ED7B9EE
1ED7BDEA
1ED7C1EE
1EE7B5F2
1F07B1EF
1EE7BDEC
1EC7C9EE
1EE7B5F0
1F07A9EF
1EE7B5EE
1EC7C9ED
1EE7B9EC
1F07A9EF
1EE7B1F2
1ED7C1EE
1EE7B9EA
1F47B1ED
1EF7A9F1
1EA7C1ED
1ED7D1EA
1F07B5EE
1F0799F3
1F07B5EE
1ED7D1EA
1EA7BDED
1EF7A9F1
1F47ADED
1ED7C1E9
1E67BDEB
1ED7B9EE
1F47ADEF
1EE7A9F0
1E87C1ED
1ED7D1EB
1F27B5EE
1F07A1F2
1EE7B9DC
1687D1C6
0E262989
1224E14D
16246D0F
11C3C8D2
0D63F8F3
14D40114
1C45E57E
1D67B1E8
1E87C1EA
1ED7C9EC
1F27B1EF
1EF7A1F2
1EC7BDE9
1CE7D9E1
1B066DD9
113509D1
0764DDC4
070471B8
06A459B3
0E0449AF
156605CD
19E7B9EC
1E67C5EC
1ED7C1ED
1F47ADEF
1EF7A9F1
1EA7C1ED
1D47D1EA
1BE60573
157400FD
0F040D39
0D74E975
0BE55D9B
0EE5A9C1
11E5B1C4
0F35B1C8
0C85A9CF
0C9599D6
0CA5A1C6
0EB5A1B7
10C561B5
0D6539B3
0A0549C5
0F54D1D8
14A5F9D7
196759D7
1E275DDD
1E2761E4
1E2759E1
1E1751DF
1E0745DB
1E0731D8
1E0719CC
1BA6D9C0
1945ED81
19450143
1945A15E
1965E17A
1985E17D
1975E180
1965E580
1975E981
1985E580
1955E180
1925E583
1B55E186
1D86FDBA
1DF7B9EE
1E67B9E3
1E27C1D8
1DE6ADCF
1B3649C6
188741D8
1BB7C9EA
1EE7B1EE
1EF799F3
1F07B5EE
1ED7D1EA
1EA7C1ED
1EF7A9F1
1F47ADEF
1ED7C1ED
1E67C5ED
1ED7B9ED
1F47ADEE
1EE7A9F0
1E87C1ED
1EC7D1EB
1F07B5EE
1EC7A1F2
1F5789EC
1EF7A9F6
1E97D9EC
1EC7C9E2
1F07A9EF
1F07A1FC
1F07B1EF
1EA7C9E2
1E47D1EC
1C6749F6
1A8789EC
1A8711E2
1A87D9E8
1CB769EE
1EE789F1
1EB7ADF4
1E87E1EC
1ED7C9E4
1F27A1EF
1DB799FA
1C47B9CA
15A5E99A
0F044942
109408EA
1223A0BF
11E39894
11A3C119
17B5AD9E
1DD781C8
1E27B1F2
1E77E9ED
1ED7C5E8
1F3799F1
1EF7A5FA
1EB7C9ED
1DC7CDE0
1CE7C1E3
17D67DE6
12D591CE
0D7535B6
082461B7
0C148DB8
100529D1
1736FDEA
1E67F1EA
1ED7C1EA
1F5789F0
1EF7A9F6
1E97D9EC
1CE735E2
1B355965
149410E8
0DF3411B
10B4A94E
1375898D
115591CC
0F35B1C3
0F55B5BA
0F85C1C9
0E65B5D8
0D45B1D8
0F45B1D8
1155B1C8
0E4599B8
0B3509B9
0D24C1BA
0F14C9C2
16965DCA
1E2761D7
1E275DE4
1E2751E1
1E174DDE
1E0749DA
1DF735D6
1DF731CE
1BE6C9C6
19D6117E
19456D36
18B5C159
1915D57C
1975E180
1965E184
1965E183
1965E182
1975E181
1955E180
1935E980
1B963180
1E0731B7
1E37A5EE
1E67F1EC
1E77C1EA
1E9791F1
1D1749F8
1B97B1ED
1D37C1E2
1EE7B1EF
1EF7A1FC
1F07A9EF
1EC7C9E2
1E97D9EC
1EF7A9F6
1F5789F0
1ED7BDEA
1E67F1EB
1ED7BDEC
1F5789F0
1EE7ADF4
1E87E1EC
1EC7C9E4
1F17A1EF
1EC7B1FA
1F67B1ED
1EF7A1F1
1E87C1ED
1EC7D9E9
1F07B5EE
1F0799F3
1F07B5EA
1E77D9E2
1DE6F9C6
19D629AA
15C601A5
163529A0
16A60982
1A968965
1E86A58D
1E87A9B6
1E875DB7
1ED7D1B9
1F272DB0
1C6769A8
19A5E968
14C3D928
0FE3A0F5
0F0358C2
0E23A8E9
12034111
15E5816B
1AA779C6
1F679DDB
1EE7B1F0
1E67C5EE
1ED7C9EC
1F47ADEF
1EF799F3
1EA7B9EE
1EB7D9E9
1EC7B9E9
1E8799E9
1E46D9DA
13F679CC
09A521C2
0A2461B8
0AA549C5
148729D2
1E67A1DF
1EE7C9ED
1F67ADEF
1EF7A1F1
1E87C1ED
1C87D9E9
1A861D79
13B3B10A
0CE3D917
13F4F924
1B059977
13C569CB
0C8595CA
0F85B9C9
1285BDCB
1035D1CD
0DE5C1CE
0FE5C1D0
11E64DD1
0F2671D3
0C658DC3
0AF461B3
0984E5B1
13D5F1AF
1E26F5C9
1E2761E4
1E2755E0
1E1751DC
1E073DD7
1DF731D3
1DE725CE
1C2711C9
1A661182
1944E93B
1825755C
18C5D97D
1965DD80
1965E183
1965E182
1965E182
1965E181
1955E181
1945D97D
1BE5D17A
1E8715B4
1E77B9EE
1E67C5ED
1ED7C9ED
1F47ADEF
1EF7A1F2
1EA7B5ED
1EC7D9E9
1EE7B5EE
1EF799F3
1F07B5EE
1EC7D9E9
1E87C1ED
1EF7A1F1
1F67A9EE
1EE7C1EC
1E67C5EC
1EE7C1ED
1F67ADEE
1EF7A9F0
1E87C1ED
1ED7D1EA
1F27B1EE
1EC799F3
1ED7C1EE
1EE7B9EC
1EF7B1EE
1EE7B5F0
1ED7B9ED
1ED7BDEA
1EE7B9E6
1D1729E2
1B5611A0
19F5795E
1895295E
1815A15E
1794991D
1704A0DC
1684D92A
16658178
16462183
17C5B98E
1945E172
1745A956
1544B106
1333CCB6
113310A8
13642C9A
15A47114
1825B58E
1AB789BE
1CB7A5EE
1EC7C9EE
1ED7BDEE
1EF7B1EF
1EE7B5F0
1ED7C1EE
1ED7B9EC
1EE7B1EF
1EE7B1F2
1EE7B9EF
1EA7BDEC
1E67C1E7
15C6B5E2
0D2549CD
0C44D5B8
0B6479B9
153651BA
1F07A9D5
1EE7B5F0
1ED7C1EE
1EE7B9EC
1EF7B1EE
1DB7A9F0
1C87918E
14A4F12C
0CD38113
11A498FA
16868162
13C641CA
111589D1
1065A5D8
0FB5B1CD
10F5C1C2
1235C1C5
15669DC8
18A759DB
16D6EDEE
151659CD
12F56DAC
10E481A0
16E61D94
1CE729BC
1D8751E4
1E2759DF
1E1745DA
1E0731D5
1DF725D0
1DF721CE
1C66DDCC
1AD64186
18E57140
16F5515F
1825B57E
1965E180
1965E182
1965E182
1965E182
1965E182
1945DD82
1935D17B
1BA63574
1E17A1B1
1E87ADEE
1F07A9EF
1EE7B5F0
1EC7C1EE
1ED7BDEC
1EF7B1EE
1EE7B5F0
1ED7B9ED
1ED7BDEA
1ED7B9ED
1EE7B5F0
1EF7B1EE
1EE7B9EC
1ED7C1ED
1EE7B5EE
1F07A9EE
1EE7B5EE
1ED7C1ED
1EE7B9EC
1F07B1EE
1EF7B5F0
1EE7C1EE
1EE7B9EC
1E47C1EE
1ED7D9E9
1F67ADEE
1F0791F4
1EA7BDED
1EB7E9E6
1EC795E7
1BC701E9
18C621B2
1A14817B
1B663591
19F7A1A7
18855937
138290C7
0E8370E7
0E436908
0E040931
10B3195A
1364B137
1224A915
10E434DC
11B398A3
128478EE
17D5E13A
1D26717E
1E5799C2
1F879DD7
1ED7C9ED
1E27D1ED
1ED7C9ED
1F87A9EF
1EF7A1F2
1E67C5ED
1EC7E1E8
1F27B1EF
1F1789F6
1F07B5EF
1EC7E1E8
1E87B1E8
179759E9
10A5D1D5
0E6531C1
0C2545C4
15E601C7
1FA735DC
1EF7A9F1
1E47C9ED
1ED7D9E9
1F67ADBB
1EF7918E
1E86F96E
15A5014E
0CC3D122
0F6368F7
1205394E
13D791A6
15A689B9
1145A9CC
0CE5CDCC
11B5C1CD
1686BDD2
1AF7A1D8
1F6789E5
1E9791F2
1DC70DDD
1B0679C8
184661C6
19F6D9C5
1BA6FDD2
1CE761E0
1E2751DC
1E1739D9
1E0729D2
1E0719CC
1E0709C8
1CA701C5
1B46358D
18855156
15C59166
1795D177
1965D97C
1965E181
1965E181
1965E181
1965DD7F
1945E17E
1925C177
1B659171
1DA729AF
1EA7B9EE
1FA7A5EF
1EF7A9F1
1E47C9ED
1EC7E1E9
1F47B1EE
1F0791F4
1EC7BDED
1EB7E9E6
1EA7BDED
1F0791F4
1F67ADEE
1ED7D9E9
1E47C9EC
1EF7B1EF
1FA7A5EF
1EF7B1EF
1E47C9EC
1EE7D1EA
1F87A9EE
1F1791F3
1EA7BDED
1F17E1E8
1E87E1EF
1EA7C1E6
1ED799EF
1E278DF8
1D77C1ED
1D2781E2
1CE7B9E9
1B972DF0
1A56F9C4
1B367D98
1C1789C4
1AE729F0
19B6A151
147434B2
0F32F8A5
10336498
114380DF
12F44D26
14A528FD
12444CD4
0FE3E0B2
1113F490
12556135
18265DDA
1DF7D9E8
1E97ADF6
1F4791F1
1ED7BDEC
1E77E9EC
1ED7BDEC
1F4791F0
1EE7ADF4
1E97D9EC
1EC7C9E4
1F07A9EF
1EF7A5FA
1EF7B1EF
1ED7C9E4
1EB7D1EA
185711F0
11F579DD
126559CA
12D571CF
1916A9D4
1F5789E3
1EE7B1F2
1E87E1EC
1ED7C5E6
1F379989
1EF7A52C
1EB7C14E
16A5B170
0EA35932
0F238CF4
0FB3713B
13E57D82
181769A1
16E6BDC0
15C621CC
1836DDD8
1AA7D9E0
1CE7B1E8
1F3799EF
1EC7A9F6
1E57D1ED
1CF771E4
1B97B9ED
1BA735F6
1BC699E9
1CF70DDC
1E2751DA
1E1739D8
1E1729D0
1DF70DC8
1DE6F1C3
1C96C5BE
1B564195
1965B96C
1785D96E
1865C170
1955D978
1955DD80
1965E180
1965DD80
1975D97D
1955D57A
1945C974
1B96296E
1DE7C1AE
1E97ADEE
1F5789F0
1EE7B1F2
1E87D9EC
1EC7C5E6
1F17A1EF
1EF7A9F8
1ED7C1ED
1EC7C9E2
1EC7C1ED
1EF7A5F8
1F3799EF
1ED7C5E6
1E87E1EB
1EE7B5F0
1F5789F0
1EE7B5F0
1E87E1EC
1EE7C1E8
1F4799EF
1F07A9F6
1EC7C9ED
1F07BDE4
1EC7A1D6
1E87B9C8
1E474DC8
1D4749C9
1C4725C4
1BA6A9C0
1B0711C3
1B7701C7
1BE6F1B1
1C56F99C
1CC70DB0
1BD6E1C4
1AE64171
1564B11F
0FE428EF
1233B8BF
148434DA
153570F6
15E458DD
126388C5
0EE36CAD
1082F896
1224A510
1876618A
1EC71DBC
1EE7B1EF
1F07B5EE
1EE7B9EE
1EC7B9EE
1EE7B9EE
1F07B5EE
1EE7B1EF
1EC7B9EE
1ED7C1ED
1EE7B9EE
1EE7B1EF
1EE7B9EE
1EE7C1ED
1EE7B9EC
1917A9EC
13461DD7
166551C2
198681D1
1C47B1E1
1F07B5E7
1EE7B9EE
1EC7BDED
1EE7C1ED
1F07B5BB
1EF7B189
1EE77599
17B6B1AA
1084B16B
0EF4012C
0D63AD2D
13F3912F
1A858D6B
1C97C9A8
1EA759C5
1EB7B9E2
1EC7B9E7
1EE7B9ED
1F07B5EB
1EF7B1E9
1EE799EA
1EE7C1EC
1EE7B9EC
1D67B1ED
1BE71DD7
1D06E9C1
1E2731CC
1E2739D8
1E271DCF
1DF701C7
1DC6F1C0
1C96E1B9
1B661D8E
1A558164
1945B567
1945896B
1945C574
1955E17E
1965DD7D
1975D97D
1985D17A
1975D178
1965B970
1BC59169
1E2719AB
1E97B9EE
1F07B5EE
1EE7B9EE
1EC7BDED
1ED7C1ED
1EE7B5EE
1EE7B1EF
1EE7B9EE
1EE7C1ED
1EE7B9EE
1EF7B1EF
1F07B5EE
1EE7C1ED
1EC7BDED
1EE7B9EE
1F07B5EE
1EE7B9EE
1EC7B9ED
1EE7B9ED
1F07B5EE
1EF7B1EF
1EE7B9EE
1EF7C1ED
1BD741BD
1BC6DDAA
1BB6A1A2
1BA6C59A
1B96E99C
1BD6CD9E
1C26E19E
1C36E99E
1C56D19F
1C96E5A0
1CE6D19C
1C26D198
1B66D992
1725C18C
12F54939
13A478E6
145430D6
137420C6
129348BE
1283C4B6
127358A9
1183589C
1093D8EB
16B5613A
1CE69191
1DB77DE8
1E97D9EC
1EE7B1F0
1F4791F0
1EE7B1F0
1E97D9ED
1ED7BDEA
1F17A1F0
1EE7ADF6
1EC7C9ED
1EC7C9E4
1ED7C1ED
1EF7ADF6
1F17A9EF
1B274DE8
174601D1
19E689BA
1C9791D4
1D87B9EE
1E87E1EC
1ED7BDEA
1F3799EF
1EF7B1F4
1EB7D1ED
1ED7C5E6
1F07B1E5
19D6A5E4
14A4B9A4
12B47164
10C3B120
11F380DC
13337936
16158190
1907C9BE
1BD779EC
1EA799EF
1DE7A9F2
1D27D1E7
1CC725DC
1C6721E8
1DA781F4
1EE7B9EC
1DE7A9E4
1CF749C5
1D86F5A6
1E1751BF
1E0735D8
1E0719CF
1DE701C6
1DD6F1BD
1C468DB4
1AB5D988
1975AD5C
1835F161
18C5BD66
1955D971
1965D97C
1975D97B
1975CD7A
1975C178
1965BD76
1965C16D
1BF61964
1E8759A9
1E87A9EE
1E87E1EC
1ED7C1EA
1F27A1EF
1EE7ADF4
1EB7C9ED
1ED7C5E6
1EF7B1EF
1EF7A9F8
1F07B1EF
1ED7C5E6
1EB7D1ED
1EF7B1F4
1F3799F0
1ED7BDEC
1E87E1EC
1ED7BDEC
1F3799EF
1EE7B1F2
1EA7D1ED
1ED7C1E8
1F07A9EF
1EC7B1F6
18E699C2
1905E1BB
192681B2
1A0641AA
1AE6A99D
1C16C990
1D469D8B
1D06F986
1CC6CD8E
1CE6F997
1D06DD93
1C76C190
1BE66588
18F63980
1605912B
1514B8D7
142420D0
11B398C9
0F4420E1
12A4F0F9
160418C6
12833893
0F03E102
1504C172
1B06B1AD
1C97D9E9
1E27C9EC
1EF7A9F0
1FC7A1F0
1EF7A9F0
1E27C9ED
1EC7D1EA
1F67A9EF
1F0789F5
1EA7C1ED
1EB7F1E6
1EC7BDED
1F0789F5
1F47ADEF
1D47E1E9
1B473DDF
1D7749D6
1FA78DE2
1ED7C1EE
1E07CDEC
1ED7C9EB
1FA7A5EF
1F0799F3
1E67C5ED
1EC7E9E7
1F27B1E9
1BF781EC
18C649AC
1675596D
14245925
100350DD
0BE33503
0FA3012A
13651D46
18F6C962
1E868578
1CE7898E
1B465184
1A95F17A
19E69DB5
1C6771F1
1EE7B5EB
1E77F1E6
1E0751C8
1E0651AA
1E0701C0
1DF731D6
1DE70DCD
1DE701C4
1DE6D5B3
1BF689A2
1A05E180
1895715F
17257564
1845A969
1965CD71
1975D97A
1985D178
1975C177
1965B574
1965A172
1965AD6F
1C25C16C
1EE715AD
1E77B9EE
1E07CDEC
1EC7C9EB
1F87A9EF
1F0791F3
1E87C1ED
1EC7E9E7
1F07B5EE
1F1781F6
1F27B1EE
1EC7E9E7
1E67C5ED
1F0799F3
1FA7A5EF
1ED7C9EC
1E07CDEC
1ED7C1ED
1FA7A5EF
1EF7A1F2
1E47C5ED
1EB7E1E9
1F27B1EF
1EA789F5
1BC709C7
1BF6FDCC
1C2741C3
1C76F5BA
1CD6B19E
1D46C582
1DB5D178
1C568D6E
1B06717E
1AC6718E
1A96E98B
19664188
1845C97E
16F61574
15A6091E
167474C8
175408CA
15C408CC
1444B104
1425253C
1414E0E3
1473F48A
14E3B11A
18D5EDAA
1CD7A1CA
1DB7BDEA
1EA7D1ED
1EE7B5F0
1F27A1F0
1EE7B5F0
1EA7D1ED
1ED7BDEA
1F07A9EF
1EE7ADF4
1ED7C1EE
1ED7C1E8
1ED7B9EE
1EE7ADF4
1F07A9EF
1E17BDEA
1D37C9EE
1E279DF2
1F27A1F0
1EE7B9EE
1EA7D1ED
1EE7B9EC
1F27A1EF
1EF7B1F2
1EC7C9ED
1ED7C1E8
1EF7B1EE
1D57A5F4
1BC791B5
19E66176
1805092A
12E434DE
0DC308D1
0E92F8C4
0F72E0CE
12442CD8
15142901
1454A52A
1393F921
1484C918
1585F183
18F6C1EE
1C77B9EB
1D274DE8
1DD7C1CB
1DC701AE
1DB739C1
1DA725D4
1DA6F1CB
1D56E5C2
1D06E1A9
1B663190
19D5B179
18556162
16D4D167
18157D6C
1955D972
1965D578
1975D176
1965C574
1955B171
1905A16E
18B59971
1BB65574
1EB789B1
1EA7B1EE
1EA7D1ED
1ED7BDEC
1F17A9EF
1EE7B1F2
1EC7C9ED
1ED7C5E8
1EF7B9EE
1EF7ADF4
1EF7B1EE
1ED7C1E8
1EC7C9ED
1EF7B1F2
1F27A1EF
1EE7B9EC
1EA7D1ED
1EE7B9EE
1F27A1F0
1EE7B1F2
1EB7C9EE
1ED7C1EA
1EF7B1EF
1EC7B5F4
1EA795DB
1EE7C9D9
1F2791D9
1EF7A9DA
1EC779C6
1E77C9B2
1E2715B3
1BB701B4
1946A1B5
18B571B6
182659AB
166599A0
14A5E967
14F6512E
154490E9
17E308A4
1A83A4D2
19E3D101
19454911
15B61922
1224E504
167410E7
1AC5BD56
1CB7A1C6
1EA7B1DB
1EE7A9F0
1F27B1EE
1ED7C1ED
1E87C1ED
1ED7C1ED
1F27B1EE
1EE7B1EF
1EA7BDED
1ED7C9EC
1F07B5EE
1EF7A1F1
1EE7B5EE
1ED7C9EB
1EC7B9EE
1EF7A9F1
1F27B1EF
1EE7C1ED
1EA7C1EE
1EF7B9EF
1F47B1EF
1EF7B1EF
1EA7C1ED
1EE7C9EC
1F27B5EE
1EF7A9F1
1EC7BDEE
1EC7D1EB
1EC7B1D1
1D5799B8
1BE6698C
15C57161
0FA4BD3B
0D930116
0B8300EC
0B92E0C3
0BA338DD
0BC2F0F8
0BE354F4
0E8348F0
11247D20
1595F151
1A05A16D
1BD5C989
1DA6ED9A
1D86B9AC
1D6715C1
1D6741D6
1D66F9C8
1CC6C1BA
1C26559B
1AE5A97D
19A5A172
18159167
1685396A
17E5A16D
1945C972
1955D978
1965D174
1955D171
1945A569
18A59962
1805E185
1B4679A9
1E8769CB
1EE7B9EE
1F47B1EE
1EF7B1EF
1EA7C1ED
1ED7C9EB
1F07B5EE
1EF7A9F1
1EE7BDEE
1ED7D1EB
1EC7BDEE
1EF7A9F1
1F27B5EE
1EE7C9EC
1EA7C1ED
1EF7B1EF
1F47B1EF
1EF7B9EF
1EA7C1EE
1EE7C1ED
1F27B1EF
1EF7A9F1
1EC7B9EE
1EF7C9EB
1E87E1EF
1ED7C5E6
1F3799F0
1EF7A9FA
1EC7C9EE
1E97CDE2
1E77C1EE
1D577DFA
1C47A1EC
1B8715DE
1AD779CB
1645F9B8
11C5F150
11947CE8
1172E8B4
15132880
18B3B8DB
1944FD36
19E6911F
16D5B508
13D49126
18056144
1C379993
1D67B9E2
1E97D9EC
1EE7A9F6
1F4789F0
1ED7BDEA
1E67E9EA
1ED7BDEA
1F4789EF
1EE7ADF4
1E97D9EC
1ED7C9E4
1F17A9EF
1F07A1FA
1EF7B1EE
1EC7C9E2
1EA7D1ED
1EF7A9F8
1F4791F0
1ED7C1E8
1E77E9EC
1EE7B5F0
1F6789F1
1EF7B1F2
1E87E9EC
1ED7C5E6
1F3799F0
1EF7A9FA
1EC7C9EE
1EC7D1E2
1EC7C9EE
1E27A5FA
1D9799EF
1A4715E4
170779A6
15455568
1383490B
0FB360AE
0BE2F0BA
0BE2FCC6
0BE320C7
0D330CC8
0E82C8BE
10539CB4
122310EF
1845812A
1E67796A
1DF715AA
1D9721C1
1D8725D8
1D76F9C5
1CA699B2
1BD6098E
1AB5C56A
1995A16B
1805696C
1684E16D
17E5796E
1955D173
1925D178
1905D173
18B5A16E
18757962
19C5A556
1B25D99A
1CC701DE
1E67E9E6
1EE7B9EE
1F6789F0
1EF7B1F2
1E87E1EB
1ED7C9E4
1F27A1EF
1EF7A9FA
1ED7C1EE
1EC7CDE2
1EC7C9EE
1EF7A9FA
1F3799F0
1ED7C5E6
1E87E9EC
1EF7B5F2
1F6789F1
1EE7B5F0
1E77E9EC
1ED7C1E8
1F4791F0
1EF7A5F8
1EB7C9ED
1EF7BDE2
1E67C1EE
1ED7D1EA
1F47ADEF
1F0799F4
1EC7BDEE
1EC7E1E8
1EC7BDEE
1F0799F4
1F47B1EC
1E67D1E5
1D867D86
1634E927
0EE418F5
0E42C8C4
0DA354E1
124300FF
16E50544
18B5E18A
1A863D6C
1805A14E
1585996D
1995518D
1DA719BA
1E17D9E8
1E87C1ED
1EF7A1F2
1F67A9EF
1ED7C1EC
1E47C9EC
1ED7C1EC
1F67A9EE
1EF7A1F1
1E87C1ED
1ED7D9E9
1F27B1EE
1F1791F4
1F07B5EE
1EC7E1E8
1E87C1ED
1EF799F3
1F67ADEF
1ED7D1EB
1E47C9ED
1EE7B1EF
1F87A5EF
1EF7A9F0
1E67C5ED
1ED7D1EA
1F47ADEF
1F0799F4
1EC7BDEE
1EC7E1E8
1EC7BDEE
1F0799F4
1F47ADEE
1ED7D1E9
1E67A5CA
1CF799AB
1B85C177
13D47143
0C240511
0C02F8DF
0BE304CE
0BE300BD
0BE2C8B6
0B12B0B0
0A438D0C
14B5B969
1F26FD90
1E7709B8
1DC72DC7
1DA741D7
1D86FDC6
1C86A9B5
1B864598
1A85C17B
1985A573
1805916C
16853568
17F59165
1965C16E
1905D177
18A5A16E
18256966
17A5997F
1AF5A998
1E46C1BF
1E47C9E6
1E47C9EA
1EE7B9EE
1F87A9EF
1EF7A9F0
1E67C5EC
1ED7D9E9
1F47B1EE
1F0799F4
1EC7BDEE
1EC7E1E8
1EC7BDEE
1F0799F4
1F47ADEF
1ED7D1EA
1E67C9ED
1EF7B1F0
1F87A9EF
1EE7B1EF
1E47C9ED
1ED7D1EB
1F67ADEF
1F0799F3
1EA7BDED
1F07D9E8
1EF7B9EE
1EE7B9EE
1EE7B9EE
1EE7B9EE
1EE7B9EE
1EE7B9EE
1EE7B9EE
1EE7B9EE
1EE7B9ED
1AF711EC
1715C141
13E41C96
10B2C09B
138430A0
1654A10F
1875B17E
1AA781AE
1BC705DE
1CE6E1B9
1B86BD94
1A26E1B5
1C26EDD6
1E27A9E2
1E87B1EE
1EE7B9EE
1ED7B9EE
1ED7B9EE
1ED7B9EE
1EE7B9EE
1ED7B9EE
1ED7B9EE
1ED7B9EE
1EE7B9EE
1EE7B5EE
1EE7B9EE
1EE7B9EE
1EE7B9EE
1EE7B9EE
1EE7B9EE
1EE7B9EE
1EE7B9EE
1EE7B9EE
1EE7B9EE
1EE7B9EE
1EE7B9EE
1EE7B9EE
1EF7B9EE
1EE7B9EE
1EE7B9EE
1EE7B9EE
1EE7B9EE
1EE7B9EE
1EE7B9EE
1EE7B9EE
1EE7B9EE
1EE7B9EE
1EF7B9EE
1DE7B5EE
1CE7B9E3
195669D8
15C5C168
13A4B4F8
1192F8D5
0F2344B2
0CB2A8AF
0D52BCAC
0DF2B92A
1665EDA8
1EE7B9B7
1E6735C6
1DE749CE
1DD735D6
1DC711C7
1D36D5B8
1CA6A1A2
1B362D8C
19C5A97C
1815796C
1664D964
17C5595C
1935D169
18C5B576
1855796A
1985995E
1AC5D99C
1C86C5DA
1E57B9E4
1E97B9EE
1EE7B9EE
1EE7B9EE
1EE7B9EE
1EE7B9EE
1EE7B9EE
1EE7B9EE
1EE7B9EE
1EE7B9EE
1EE7B9EE
1EE7B9EE
1EE7B9EE
1EE7B9EE
1EE7B9EE
1EE7B9EE
1EF7B9EE
1EE7B9EE
1EE7B9EE
1EE7B9EE
1EE7B9EE
1EE7B9EE
1EE7B9EE
1EE7B9EE
1EE7B9EE
1ED7B5EE
1F87B1ED
1F07A1F2
1E87C5ED
1EC7E1E8
1F07B5EE
1F0791F4
1F07B5EE
1EC7E1E9
1E8795C1
17970199
10A4C543
119308ED
1285011A
18C69947
1F069980
1EB7A1B9
1E67B5CD
1ED7D9E1
1F4779D4
1F0791C7
1EC785D1
1EB7E1DC
1EA7B9E8
1EF791F4
1F47ADEF
1EC7D1EA
1E47C9ED
1EE7B1F0
1F87A9F0
1EE7B1F0
1E47C9ED
1EC7D1EB
1F47ADEF
1EF791F3
1EA7BDED
1EB7E1E8
1EC7B9EE
1F0791F4
1F47B1EE
1ED7D9E9
1E67C5ED
1EF7A1F1
1F87A9EF
1EE7C1ED
1E47C9EC
1EE7C9EC
1F87ADEF
1F07A1F2
1E87C5ED
1EC7E1E8
1F07B5EE
1F0791F4
1F07B5EE
1EC7E1E8
1E87C5ED
1F07A1F2
1F87A9EF
1EE7C9EC
1E47C9E7
1ED7C1E2
1F6709AC
1B572176
1745995F
12647148
0D844541
0F92E13B
11A52980
182789C5
1EA775C3
1E56D1C1
1E0729CD
1E0741D9
1E0721CF
1DE701C5
1DC6D5B5
1BE6A9A5
1A06118E
1825D978
16454166
17A52955
19058966
1885C177
18059186
1AF5A995
1DE6BDBA
1E27D9DF
1E67C5E7
1EF7A9F0
1F87A9EF
1EE7B9EE
1E47C9ED
1ED7C9EC
1F67A9EF
1EF799F3
1E87C1ED
1EC7E1E8
1F07B5EE
1F0791F4
1F07B5EE
1EC7E1E8
1E87C5ED
1F07A1F2
1F87A9EF
1EE7C1EC
1E47C9EC
1EE7C1ED
1F87A9EF
1EF7A1F1
1E67C5ED
1EC7D9E9
1F27B1EE
1EB791F4
1F4789EC
1EF7ADF6
1EA7D9EC
1EC7C9E2
1EF7A9EE
1EF7A5FA
1EF7B1EF
1E97C5E4
1E37C195
19459946
14635145
16756544
1897A199
1BC75DEE
1F0789F1
1EC7ADF4
1E97E1EC
1ED7C5E4
1F27A1EF
1EF7A9FA
1ED7C1EE
1EC7CDE2
1EB7C9EE
1EE7A9FA
1F2799F0
1ED7C5E6
1E87E9EC
1EE7B5F2
1F5789F2
1EE7B5F2
1E87E9ED
1ED7C5E8
1F2799F0
1EE7A9F8
1EB7C9ED
1EC7CDE2
1ED7C1EE
1EF7A9FA
1F27A1EF
1ED7C5E4
1E97E1EC
1EE7ADF4
1F4789F0
1ED7B9EC
1E77E9EB
1ED7C1EA
1F4791F0
1EF7ADF6
1EA7D9EC
1EC7C9E2
1EF7A9EE
1EF7A1FA
1EF7A9EE
1EC7C9E2
1EA7D9EC
1EF7ADF6
1F4789F0
1ED7BDEA
1E77E9EB
1ED7B9EC
1F3789F0
1D178DF4
1B07E1E9
18A6C9DE
164719D4
173649CA
183781D6
1B67A5E2
1E97C9CF
1E4711BC
1E0751CC
1E0745DC
1E0739D7
1DF71DD2
1DF711C8
1C36B5BE
1A8621A1
18B5CD84
16F52969
17B5314E
18756963
17957578
16C569A2
1A9685CC
1E77A1D8
1E87C5E4
1E97E1EB
1EE7B1F2
1F4789F0
1ED7B9EE
1E77E9EC
1ED7C1EA
1F3791F1
1EE7A9F8
1EA7D1ED
1EC7C9E2
1EF7B1EE
1EF7A5FA
1EF7A9EE
1EC7C9E2
1EA7D9EC
1EF7ADF6
1F4789F0
1ED7B9EA
1E77E9EB
1ED7B9EC
1F4789F0
1EE7ADF4
1E97E1EC
1ED7C9E4
1F17A9EF
1EC7B5FA
1F07ADED
1EE7B1F1
1EC7BDED
1ED7C1E9
1EE7B1ED
1EE7A9F2
1EE7B5EE
1E67C1EA
1DE6D58C
1B04592E
18255562
1B67A196
1EA7A9C2
1ED7B9EE
1F07ADEF
1EE7B1F0
1EC7C1ED
1EE7C1EA
1F07B5EE
1EF7B1F3
1EE7BDEE
1ED7C9EA
1EC7BDEE
1EE7B1F3
1F07B1EF
1EE7C1EB
1EC7C5ED
1EF7B9F0
1F27B1F0
1EF7B9F0
1EC7C5EE
1EE7C1EC
1F07B1EF
1EE7B1F2
1EC7BDEE
1ED7C9EA
1EE7BDEE
1EF7B1F3
1F07B5EE
1EE7C1EA
1EC7C1ED
1EE7B1F0
1F07ADEE
1ED7B9ED
1EA7C1ED
1ED7C1ED
1F07B1EF
1EE7B1F1
1EC7BDED
1ED7C1E9
1EE7B1ED
1EE7A9F2
1EE7B1ED
1ED7C1E9
1EC7BDED
1EE7B1F1
1F07ADEF
1ED7C1ED
1EA7C1ED
1ED7B9ED
1F07ADEE
1EE7B1F0
1EC7C1EB
1EE7C1E7
1F0791E0
1EE7A9DA
1EC7A5E1
1EA7C1E9
1E8761C9
1E4661AA
1E0721C1
1E0751D8
1E074DD3
1E1729CE
1E272DC6
1C96F9BE
1B0679A1
19561184
17A58966
17C50948
17E56D56
16B54965
1585DD9B
1A4761D2
1F07A1DE
1EE7C1EA
1EC7C1ED
1EE7B9F0
1F07ADEF
1ED7B9EE
1EA7C1ED
1ED7C1ED
1F07B1EF
1EE7B1F2
1EC7BDED
1ED7C1E9
1EE7B5ED
1EE7A9F2
1EE7B1ED
1ED7C1E9
1EC7BDED
1EE7B1F1
1F07ADEE
1ED7B9EC
1EA7C1EC
1ED7B9ED
1F07ADEE
1EE7B1F0
1EC7C1ED
1EE7C1EA
1F07B5EE
1EE7B1F3
