1F07C9F0
1EC7B1E7
1EC7A9EC
1EF7C1F6
1EE7B9ED
1EA7A9E3
1EE7BDEE
1F07C9F8
1EC7ADED
1EB7B1E7
1F07CDF0
1EE7C1F2
1EA79DEC
1ED7B9EE
1F07CDEF
1EC7B1E9
1EC7A5EC
1F07C1F6
1F07C5EF
1EC7B1E5
1EE7B5EE
1F07C9F9
1EC7ADED
1EB7B1E5
1F07C9EF
1EF7C1F4
1EC7A5EC
1EE7B9EC
1F27D5F0
1EE7B9EC
1EC7A5EC
1F07C1F3
1F07C5EE
1EA7A9E4
1EC7ADED
1F17C9F9
1EE7B5EE
1EB7A9E4
1F07C1EF
1F07C1F6
1EC7A5EC
1EC7B1E9
1F07CDF0
1ED7B9EF
1EA79DEC
1EE7C1F2
1F07CDF0
1EC7B1E7
1EC7A9EC
1EF7C1F6
1EE7B9ED
1EB7A9E3
1EE7B9ED
1EF7C1F6
1EC7A9EC
1EC7B1E7
1F07CDF0
1EE7C1F2
1EA79DEC
1EE7B9EF
1F27D1F0
1ED7B1E9
1EC7A1EC
1F07C1F6
1F07C1EF
1EB7A9E4
1EE7B9EE
1F07C9F9
1EC7ADED
1EB7B1E6
1F07C9EF
1EF7C1F3
1EC7A5EC
1EE7B9EC
1F27D5F0
1EE7B9EC
1EC7A5EC
1EF7C1F6
1F07D9F3
1EB7B1FA
1EC7DDF4
1F07CA0A
1EE7C5E7
1EB7A9E5
1EC799D5
1E97A9E3
1E476DCF
1E6799DE
1EE7A5DB
1ED7B9F1
1EA7BDED
1EE7C204
1F07D5F1
1EC7B1E6
1EC7A9EC
1EF7C1F6
1EE7B9ED
1EB7A9E3
1EE7B9ED
1EF7C1F6
1EC7A9EC
1EC7B1E7
1F07CDF0
1EE7C1F1
1EA79DEC
1ED7B9EF
1F07CDF0
1EC7B1E9
1EC7A5EC
1F07C1F6
1F07C5EF
1ED7B1E5
1EB7D9F2
1E87ADE8
1EF7A1E9
1F37BDF6
1EC7C1EF
1E67ADE4
1ED7C1EE
1F37C1F6
1EF7A9EA
1E97B1E8
1EC7D9F4
1F07BDF2
1EF791E7
1ED7B5EE
1EB7D9F4
1EB7B1EA
1EF799E9
1F37BDF6
1ED7C9F2
1E87ADE6
1EE7B1EE
1F47C1F8
1EE7A9EC
1E77ADE6
1EC7D1F3
1F27BDF4
1F0799E8
1ED7B9EC
1EC7E1F5
1ED7B9EC
1F0799E7
1F17BDF2
1EC7D1F2
1E87ADE6
1EE7A9EC
1F47C1F8
1EE7B1EE
1E87ADE6
1ED7C9F2
1F37BDF6
1EF799E9
1EA7B1EA
1EB7D9F5
1EE7B9F0
1EF791E8
1EF7BDF2
1EB7D9F5
1E97B1E8
1EF7A1E9
1F27B9F6
1EC7C1EF
1E67ADE4
1EC7C1EF
1F37BDF6
1EF7A1E9
1E97B1E8
1EB7D9F5
1EF7BDF2
1EF791E8
1EF7B9F0
1EC7D9F5
1EB7B1EA
1EF799E9
1F37BDF6
1ED7C9F2
1E87B1E6
1EE7B9EF
1F47C1F8
1EE7A9EB
1E87ADE6
1EC7D1F2
1F17BDF2
1F1799E7
1ED7B9EC
1EC7E1F5
1ED7B9EC
1F8799E8
1F67E9F4
2027D1F5
1D5795E4
1D3779E4
1C072DDC
1B06D9BB
19F66DA0
1A36699D
1A766DA2
19D63999
1A565DA0
1AA689A9
1AD6B5BA
1BD719D1
1DD791EE
1FD7D9F9
1E67B9E6
1EF7A9E9
1F47C1F6
1EE7C1EE
1E67ADE4
1EC7C1EF
1F37BDF6
1EF7A1E9
1E97B1E8
1EB7D9F4
1EE7B9F0
1EF791E7
1EE7B9F0
1EB7D9F5
1EA7B1EA
1EF799E9
1F47BDF6
1EE7C9F4
1ED7B1E6
1E27A5E8
1F67D9EE
1F67C5F5
1E5789EC
1EA7B1EA
1F77E9EE
1EC7B5EB
1E5789EB
1F47C1F3
1F47D9EE
1E47A9E5
1EB7A9EE
1FA7CDF9
1ED7B9EE
1E27A1E2
1F27D1EF
1F87C9F7
1E6791ED
1E87A9E8
1F77E9EB
1F07B9F0
1E5789ED
1F27BDF2
1F77E9F0
1E67A9E6
1E8799ED
1FA7CDF9
1F17C9EE
1E27A5E1
1F07C9EE
1FA7D1F8
1E97A1EC
1E67ADE5
1F67E9F0
1F27BDF2
1E5789ED
1F07B9EF
1F77E9EF
1E87A9E8
1E6791ED
1F87C9F7
1F37D1EF
1E27A1E3
1EC7B1EE
1FA7C9FA
1EA7A9EE
1E27A1E3
1F47D9EE
1F67C5F7
1E5789F0
1EA7B1EC
1F67E9EE
1EA7B1EA
1E5789EC
1F67C5F5
1F47D9EE
1E27A1E3
1EA7A9EE
1FA7C9FA
1EC7B1EE
1E27A1E3
1F37D1EF
1F87C9F7
1E6791ED
1E87ADE8
1F67E9EF
1EE7B9EE
1E4789ED
1F27BDF2
1F57E1EE
1E67A9E5
1E97A1EC
1FA7CDF8
1F07C9EE
1E27ADE3
1F27CA02
1FA801F6
1EB781E5
1C6705C1
1A0689A7
17C5F596
16259987
16859989
16B5A972
1725B188
1775D97E
1785C18F
1795E180
17A5D195
1735E18D
17E5F59E
199669B1
1D2749DE
2007E1F6
1F47CDF1
1E4789EC
1EC7B5EB
1F77E9EE
1EA7B1EA
1E5789EC
1F67C5F5
1F47D9EE
1E27A1E3
1EA7A9ED
1FA7C9F9
1EC7B1EE
1E27A1E3
1F37D1EF
1F87C5F7
1E7791ED
1EA7A9E8
1F77E9EF
1EE7C9F0
1EA7ADEA
1ED7A9EA
1F27BDF2
1EE7C1EE
1E87B1E8
1EE7C1EE
1F17BDF2
1EC7A9EA
1EA7B1EA
1ED7C9F1
1EF7B9F0
1ED7A1EA
1EE7B5EE
1EE7C9F1
1EC7B1EC
1EE7A9EB
1F27BDF2
1EE7C1F0
1EA7C1EA
1EF7B9EF
1F37C1F4
1EE7B1ED
1E97B1EA
1EE7C9F1
1F17C1F2
1EE7A9EA
1EC7B5EC
1EE7D1F1
1EC7B5EC
1EE7A9E9
1F07BDF0
1EE7C9F0
1EA7B1EA
1EE7B1ED
1F37C1F4
1EF7B9EE
1E97ADE8
1EE7C1EF
1F27BDF2
1EE7A9EB
1EC7B1EC
1EE7C9F1
1EE7B5EE
1ED7A1EA
1EF7B9F0
1EE7C9F1
1E97ADEA
1ED7A9EE
1F67CDFA
1EE7C1F2
1E77ADE8
1EE7C1EE
1F27BDF2
1ED7A9EA
1EA7B1EA
1EE7C9F1
1EF7B9F0
1ED7A1EA
1EE7B5EE
1EE7C9F1
1EC7B1EC
1EE7A9EB
1F27BDF2
1EE7C1EF
1E97ADE8
1F07B9EE
1F57C9F4
1F57B1ED
1EE7C5EA
1F97C9F1
1F57D1F0
1F97A1E8
1F27D9EC
2077D1F8
1E37BDEA
1C3729CF
18B61992
16557163
16254166
14654966
15D54976
1565A181
16B5A988
16A5D991
1755D996
1735E999
17B5ED9C
1745F99F
17E5F1A0
16D5F996
17C5C994
18E631A2
1D5749DA
1EE7B1FD
1F37C5F2
1ED7B9ED
1E87ADE8
1EE7C1EF
1F27BDF2
1ED7A9EA
1EA7B1EA
1EE7C9F1
1EF7B9F0
1ED7A1EA
1EE7B5EE
1EE7C9F1
1EC7B1EC
1EE7A9EB
1F27BDF2
1EE7C1F0
1EB7ADE8
1F47BDF0
1EA7A9ED
1EA7B1E9
1F27D1EE
1F07BDEF
1E97A1ED
1EE7B9ED
1F17D1EE
1EA7B1EA
1EA7A9ED
1F27BDF2
1EF7C1EE
1E87ADE9
1EE7B9EE
1F47BDF3
1EC7A9ED
1EA7B1EA
1EE7C9ED
1F27CDF1
1F37E9F7
1EE7C9EE
1EE7D1EE
1EC7B5ED
1E97A1EE
1F27BDF2
1F17C9EE
1E87ADE8
1EC7B1ED
1F47C1F3
1EC7B1ED
1E87ADE8
1F17C9EE
1F27BDF2
1E97A1EE
1EC7B5ED
1F37D1EE
1EE7B9ED
1EA7A1ED
1F27BDF0
1F27C9ED
1EA7B1EA
1EC7A9ED
1F47BDF3
1EE7B9ED
1E87ADE8
1F07C1EE
1F47C1F3
1EB7A9ED
1EA7B1EB
1F27D1F2
1F07BDF1
1EA7A1ED
1F07BDEF
1F27D1EE
1EA7B1E9
1EB7A9ED
1F47C1F3
1F07C1EE
1E87ADE8
1EE7B9ED
1F47BDF3
1EC7A9ED
1EA7B1EA
1F27C9EE
1F27C5F2
1EA7A1F4
1EE7BDEC
1F27D1EF
1EC7A5E2
1EA7A9E6
1F27B5E6
1F07C9F3
1E87C1DE
1FA7B1F7
1E6779DC
19D6619C
15655969
13951952
14A4ED5D
15154152
15C5496C
16458175
16C5A582
1725C18A
1765D992
17A5E998
17C5F19A
1816019E
184609A1
184609A1
18460D9F
17460992
17A5CD91
1AA6B1B2
1EA7B1E1
2017D1EE
1EE7B5ED
1E97A1ED
1F07BDEF
1F27D1EE
1EA7B1E9
1EB7A9ED
1F47C1F3
1F07C1EE
1E87ADE8
1EE7B9ED
1F47BDF3
1EC7A9ED
1EA7B1EA
1F17C9ED
1F07BDF0
1E97A1ED
1ED789E7
1F67C9F6
1EE7D9F4
1E37A5E2
1ED7A9EA
1F97C9FA
1ED7B1EC
1E37A5E2
1EE7D1F2
1F57C5F6
1ED791E6
1E97B1EA
1EE7E9F7
1ED7B5EE
1ED789E5
1F37C1F4
1EE7E1F5
1E57A9E4
1EE7A1E9
1F97DDFA
1EE7C1EF
1E27A5E2
1ED7C9F1
1F87C9FA
1EE799E8
1E67A9E6
1EE7E9F7
1F17BDF2
1EE789E6
1F17BDF2
1EE7E9F8
1E77ADE8
1EE799E9
1F87C9FA
1ED7C9F1
1E27A5E2
1EE7C1EF
1F97CDFA
1EE7A1E9
1E57A9E4
1EE7E1F5
1F37C1F4
1ED789E4
1EC7B5EC
1EE7E9F7
1EA7B1EA
1ED789E5
1F57C5F6
1EE7D9F4
1E27A1E2
1ED7A9EB
1FA7C9FA
1ED7A9EB
1E37A5E2
1EE7D9F4
1F57C5F6
1ED789E5
1EA7B1EA
1EE7E9F7
1EC7B5EC
1ED789E4
1F37C1F4
1F27E1F5
1E37B1E4
1EE7A1EA
1F47BDF8
1E9799E8
1D374DD0
1E0751D3
1DC749D4
1D66F1C1
1BF709C0
1C5721D2
1A867DAC
1725896D
14D4F552
12C50950
14C51566
14A54169
15654D6C
16057173
16658D7C
16D5A985
1745CD8E
1775E196
17E5F99C
1806019F
18460DA0
186611A1
187615A2
186619A3
184619A2
17C60986
1A5675A4
1EA7C9E0
1EC7CDE2
1EE7B1ED
1F97C9FA
1ED7A9EA
1E37A5E2
1EE7D9F4
1F57C5F6
1ED789E5
1EA7B1EA
1EE7E9F7
1EC7B5EC
1ED789E4
1F37C1F4
1EE7E1F5
1E47A9E4
1EE7A9E7
1F27CDFA
1F67C1F1
1E87A1EE
1E87ADE8
1F47D9EE
1F07B9EF
1E7791EC
1F07B9EF
1F57D9EE
1EA7B1EA
1EA7A1EE
1F67C5F5
1F07C9EE
1E47A5E5
1ED7B9EE
1F67C5F6
1EA7A9EE
1E67ADE7
1F37D9EF
1F27C1F2
1E6799E9
1EC7B5EC
1F47E1EF
1EA7B1EB
1E7799EE
1F47C1F4
1F27D1EE
1E67ADE7
1ED7B1EF
1F87C9F7
1ED7B1EF
1E67A9E7
1F17C9ED
1F47C1F4
1E7799EE
1EA7B1EB
1F47E1EF
1EC7B5EC
1E6799EE
1F27C1F2
1F37D9EF
1E67ADE7
1E97A9EE
1F67C5F5
1EE7C1EE
1E47A9E4
1F07C9EE
1F67C5F5
1E97A1EE
1E87B1E9
1F47D9EE
1F07B9EF
1E7791EC
1F07B9EF
1F47D9EE
1E87B1E9
1E97A1EE
1F67C5F5
1F07C9EE
1E47A9E4
1EE7C1EE
1F67C9F5
1EA7A9F4
1E67B1E7
1EF7C9E4
1DE76DE0
1CA719E9
1D2755E3
1D7741F4
1D077DE9
1CA701D1
1B4691B8
1986399E
16A59185
1394E151
13A4A54E
14451944
14E52962
1535496A
1565556D
15B56971
16458579
16B5A983
1725C58A
1785E192
17C5F197
1816019D
186615A1
189621A3
18A625A3
18A629A3
18A629A3
188631A5
1886019B
19E64994
1E4781CE
2077D9EE
1F07BDF0
1E7791EC
1F07B9EF
1F47D9EE
1E87ADE8
1E97A1EE
1F67C5F5
1EF7C1ED
1E47A5E4
1EE7C1EE
1F67C5F5
1E97A9EE
1E67ADE7
1F37D9EF
1F27C5F2
1E8799EE
1EE7C1EF
1ED7B9EE
1EF7B9EE
1F07BDF0
1EE7B9EE
1EB7B1EC
1EE7B9EE
1F07BDF0
1EF7B9EE
1EE7B9EE
1EF7C1EF
1EE7B9EE
1EE7B1EC
1EE7B9EE
1EE7C1F0
1ED7B9EE
1ED7B1ED
1EE7B9F0
1ED7B9EE
1EB7B1EC
1EE7B9EE
1EF7BDF0
1EE7B9EE
1EB7B1EC
1ED7B9EE
1EF7B9F0
1ED7B1ED
1ED7B5EE
1EE7C1F0
1EE7B9EE
1ED7B1EC
1EE7B5EE
1ED7B9ED
1EC7B5EC
1EE7B9EE
1EF7BDF0
1EE7B9EE
1EB7B1EC
1ED7B9EE
1EE7B9F0
1ED7B1ED
1ED7B9EE
1EE7C1F0
1EE7B9EE
1EE7B1EC
1EE7B9EE
1EE7C1EF
1ED7B9EE
1EE7B9EE
1EF7BDF0
1EE7B9EE
1EC7B5EC
1EE7B9EE
1EF7BDF0
1EE7B9EE
1ED7B9EE
1EE7C1EF
1EE7B9EE
1EE7B1EC
1EE7B9EE
1F57C1F2
1E7799EC
1D8779E4
1D8779DA
1FD721CD
1C36F1C4
1C86E1CE
19E6E1DE
1606C9D9
182655BA
19B5E1A1
17657986
12D4E15A
13B4BD56
13E5195E
15555D66
15A5496A
15F57D6E
16157172
16358576
16B5997D
1705BD86
1785D18D
17A5ED94
1806019B
185615A0
189621A3
18A629A4
18B631A4
18B631A4
18F641A8
18D641A8
18B6318F
1AD695A8
1EB7B1E3
1F77DDF0
1EE7B9EE
1EC7B5EC
1EE7B9EE
1F07BDF0
1EF7B9EE
1ED7B9EE
1EE7C1EF
1EE7B5EE
1EE7B1EC
1EE7B9EE
1EE7C1F0
1ED7B9EE
1ED7B1ED
1EF7B9F0
1EE7B9EF
1ED7B1EC
1E47ADE9
1F67D9EF
1F67C5F5
1E7791EE
1EC7B5ED
1F77E9F1
1EC7B5ED
1E6791EE
1F47C1F3
1F47D9EF
1E67ADE6
1EC7A9ED
1FA7C9F8
1EE7B9EE
1E47A9E4
1F27D1EE
1F67C5F6
1E7799EE
1E87ADE9
1F67E1EE
1F07B9F0
1E6789ED
1F27BDF1
1F57E1EE
1E67A9E7
1E97A1EF
1F87C9F7
1EF7C1ED
1E27A5E2
1EF7C1ED
1F87C9F6
1E97A1ED
1E67A9E6
1F57E1EE
1F27BDF1
1E6789ED
1F07B9F0
1F67E1EE
1E87ADE9
1E7799EE
1F67C5F6
1F27D1EE
1E47A9E5
1ED7B1ED
1FA7C9F8
1EB7A9ED
1E47A9E5
1F37D9EF
1F47C1F4
1E6791EE
1EC7B5EB
1F77E9EE
1EC7B5EB
1E6791EE
1F47C1F4
1F37D9EF
1E47A9E5
1EB7A9ED
1FA7C9F8
1F37B1F2
1E278DEB
1D7769F4
1D87ADED
1E777A16
1C0665AE
18A5D967
16850168
1154D943
0FE4CD57
15C5B1AF
1885D9AE
1534F95B
1384853E
13F50949
14C50542
1525494C
15652945
15C57159
16055D5C
16458978
16A59979
16D5B185
1745C98B
17B5F198
18260D9B
18A629A3
18C635A5
18B631A5
18C635A5
190649A8
194659AC
186659AE
18C62DA2
1C1701BC
1F47B9E8
1F3791EE
1EC7B5EB
1F77E9EE
1EC7B5EB
1E7791EE
1F67C5F5
1F47D9EF
1E47A9E5
1EB7A9F3
1FA7CDFA
1ED7B1ED
1E47A9E5
1F27D1EE
1F67C5F6
1E8799EE
1EA7ADE9
1F57E1EE
1ED7E1F3
1E67A9E6
1EE799E7
1F77C1F8
1EF7C9F3
1E67B5E8
1EE7C1F1
1F67C1F8
1EE7A1E9
1E77ADE6
1EF7E1F5
1F27BDF2
1EE789E5
1EE7B5EE
1ED7E1F5
1E87ADE8
1ED791E7
1F67C9F8
1EE7D1F4
1E47A9E4
1EE7B1ED
1F97C5FA
1EE7A9EB
1E57A9E4
1EE7D9F4
1F57C5F6
1EF791E6
1EA7B1EA
1ED7E9F5
1EB7B1EA
1EF791E5
1F47C1F4
1EE7D9F3
1E57A9E4
1EE7A9EB
1F97C5FA
1EE7B1ED
1E47A9E4
1EE7D1F4
1F67C9F8
1ED791E7
1E87ADE8
1ED7E1F6
1EF7B9F0
1EE789E6
1F17BDF2
1ED7E1F6
1E67A9E6
1ED799E7
1F77C5F8
1EF7C9F0
1E37A9E2
1EF7C9F0
1F77C5F8
1ED799E7
1E67A9E6
1ED7E1F6
1F17BDF2
1F2789EC
1E7785EC
1EA761E6
1C4761E8
1E977A17
1B5615CC
1253C12A
11D2CCF6
102370E5
14551D46
1696A9C9
18C655B0
1524F966
15E4E950
14F4E141
16A52138
1644F931
17051D28
16850129
17152D32
16C5414C
17F5A566
16657970
1745B97A
16A5A983
1785D594
1816119F
189631A4
18E641A8
18E641A8
190649A9
193655AC
199661B0
195649AE
188641A7
1C5721D0
1EE7A1F8
1FA7D1F8
1EE7C1EE
1E37A9E2
1EF7C9F0
1F87C5F8
1EE799E7
1E57A9E6
1FC7E1F6
204801F2
21B789E6
1F57DDF0
1ED7E1F6
1E87ADE8
1ED791E7
1F67C5F8
1ED7C9F5
1EA7A9E4
1EA7B1EC
1F07C1ED
1F07B9EF
1EB7A9ED
1EE7B9EF
1F27C9F1
1EE7B5EF
1EB7A9ED
1F07B9EF
1F07C1EE
1EC7B5EC
1ED7B1EE
1F27BDF1
1EE7B9EE
1EA7B1EA
1EE7C1EE
1F07BDF0
1EB7B1EE
1EC7B5EC
1F07C9EE
1EE7B5EE
1EB7A9ED
1F07B9EF
1F17C9EE
1EC7B5EC
1ED7B1EE
1F27BDF1
1EE7B9ED
1EA7ADE9
1EE7B9ED
1F27BDF1
1ED7B1EE
1EC7B5EB
1F17C9EE
1F07B9EF
1EB7A9ED
1EE7B5EE
1F07C9EE
1EC7B5EC
1EB7B1EE
1F07BDF0
1EE7C1EE
1EA7B1EB
1EE7B9EF
1F27BDF2
1EC7B1EE
1EA7B1EA
1EF7C1ED
1F07B9EF
1EB7A9ED
1EE7B9ED
1F27C9EE
1EE7B9ED
1EB7A9ED
1F07B9EF
1EF7C1ED
1EA7B1EA
1F27B1EE
1F07C5F5
1DF749F6
1C4721EC
1C1689E8
1644B98F
1012F8EF
13032136
1373F116
18C5B972
1F3759AD
19A66171
1434B91E
140438F9
1554B8E9
1744F904
182508E5
18A524FC
18F520E2
18E53500
186508F1
1805310D
16850109
15E51D24
16456945
16857967
1735B991
186615A4
192641A9
190649AB
192651AC
194655AD
198661AF
198655AB
18764996
1A66A9B6
1E27B1EF
1F07D9F3
1EC7A9ED
1EE7B5ED
1F27C9EE
1EE7B9ED
1EB7A9ED
1F07B9F0
1F27C1F2
1E67A5D0
1DA761C0
1E6735C9
1ED7B9F5
1EA7B9DC
1EE7C1EE
1F07BDF0
1EB7B1EE
1EC7B5EC
1F07C9EE
1EE7A1EA
1F27BDF2
1ED7C9F1
1E87ADE8
1EE7B1ED
1F47BDF6
1EE7B1ED
1E87ADE8
1EE7C9F2
1F37C1F4
1EE7A1EA
1EB7B5EC
1EE7D9F4
1ED7B9EE
1EE7A1E9
1F17C1F2
1EE7D1F2
1E87ADE8
1ED7A9EA
1F37C1F4
1ED7B9ED
1E77ADE6
1EE7C1EF
1F37C1F4
1EE7A9EB
1EA7B1EA
1ED7D1F3
1F07B9F0
1EE799E9
1F07B9F0
1ED7D1F3
1EA7B1EA
1EE7A9EB
1F47C1F4
1EE7C1EF
1E77ADE6
1ED7B9ED
1F37C1F4
1ED7A9EA
1E87ADE8
1EE7D1F2
1F17C1F2
1EE7A1E9
1ED7B9EE
1EE7D9F4
1EC7B5EC
1EE7A1E9
1F17BDF2
1ED7C9F1
1E87ADE8
1EE7B1ED
1F67C1F6
1EE7B1ED
1E87ADE8
1ED7C9F1
1F27BDF2
1F07A1ED
1DF7BDEC
1FF791FB
193675CC
15F591C2
1514859E
0B32C106
11433122
19159190
1E9771E2
1FD779FB
1BB6B97E
15E4B0F0
1443F8CA
160528CD
1634BCC6
188548C7
17B4E8C4
18B548C3
1794D8C4
186550C7
17F4ECCA
189550CB
15E4C0CA
173538E2
15C4FD0E
1835B959
1A667DA6
191649B3
194655B0
195659B0
19665DB0
19B661B2
19F67DB0
1A964996
1B06C5A2
207759D5
1F57F5F4
1EE7C9F6
1E87ADE8
1EE7B1ED
1F57C1F6
1EE7B1ED
1E87ADE8
1F87CA02
1F8821F2
1B5691A0
15D50538
13A4A922
1AD635A8
1E9799F8
1F77E1F2
1EE7D1F2
1E77B1E8
1EE7B1EA
1EF7C1F4
1FA7C9F3
1E6799EE
1E67ADE6
1F77E9EF
1F27BDF1
1E4781ED
1F07B5EF
1F77E9EF
1E87B1E8
1E8799EF
1F87CDF9
1F07C9EE
1E07A1E1
1ED7B9EE
1FA7CDFA
1E97A1EE
1E47A9E5
1F57E1EE
1F47C1F3
1E4789ED
1EC7B5EC
1F87F1EF
1EA7B1EA
1E4789ED
1F67C5F5
1F47D9EE
1E27A1E2
1EC7A9EE
1FC7CDFB
1EC7A9F0
1E27A1E3
1F37D1EE
1F67C1F5
1E5789EC
1EA7B1E9
1F87F1EF
1EC7B5EC
1E4789ED
1F47C1F3
1F57E1EE
1E47A9E5
1E97A1EE
1FA7CDFA
1EE7C1EF
1E07A1E1
1F07C9EE
1FA7CDF8
1E8799EE
1E67ADE6
1F77E9EF
1F27BDF1
1E5781ED
1F27BDF1
1F77E9EF
1E67ADE6
1E8799ED
1FA80603
1F47CA1B
196689E6
13A5399A
0F43255D
0B93512E
1304696C
1C06F1D5
1EA7D5D2
1F2761E7
1A46395A
16D520F0
1905190E
1A05A90A
1BC6592F
1D36913F
1CE69D3A
1D06993C
1C466D32
1BC6312E
1A85D909
196568E5
19E584E5
18F568DA
1764E0E6
16B51106
1925AD46
1A76418A
19A66198
19B661B4
19A685BB
19D671C9
19C6C1BD
187661DC
19268D99
1D0751DF
1F87EDEE
1EE79208
1E87B1DA
1F87E9EF
1F07B5EF
1E4781ED
1F27BDF1
1FD7E9F3
1E6811DE
1C4741D2
15C56D40
0F6460C3
106368F3
16152957
1F2781EE
20E7A1EE
1E47ADE6
1F47E1EE
1F27C5F3
1E4789ED
1ED799E9
1F47C5F4
1EF7D1F2
1E77A9E6
1EE7B1EC
1F67C5F6
1EE7B1EC
1E77A9E6
1EE7C9F1
1F07C1F4
1E87A1E9
1E77B1EA
1EE7D9F3
1ED7B9EE
1ED799E8
1F17BDF2
1EE7D1F3
1E87ADE8
1ED7A9EB
1F47C5F6
1ED7B9EE
1E67ADE6
1EF7C9F1
1F57C5F6
1ED7A1E9
1E87ADE8
1EF7D9F3
1F07B9F0
1EE799E8
1F07B1F0
1EF7D9F4
1EA7B1EA
1ED7A1E9
1F47C1F4
1EF7C9F0
1E67ADE6
1ED7B9EE
1F47C1F6
1ED7A9EB
1E87ADE8
1EE7D1F3
1F17BDF2
1ED799E8
1ED7B9EE
1EE7D9F3
1EA7B1EA
1EE7A1E8
1F37C5F4
1EF7D1F2
1E77A9E6
1EE7B1EC
1F67C5F6
1EE7B1EC
1E77ADE6
1EF7D1F3
1E87C1F2
1D577A18
17F5EDD6
0B83D985
1233F59E
0FF38962
16E561AE
1F377A17
1F785DF8
1EE721B2
1915C538
162528DD
1694B8E0
1BD6211E
1DA6E160
1F17318C
1F679D98
1FC73995
1F378594
1FB7519E
1FB7A59A
1DC6F166
1B360918
1AD5C0FC
18E510DC
169468CE
19650D0A
19556127
1965CD46
1A76698F
19F6B9B8
19F671BA
1906D1B6
18D641AA
1425617A
12F4F14B
11A4AD46
1494E950
1B76C5B8
2137C9FE
1F27D9E6
1EE7B1EC
1F67C5F6
1F57B1F6
1EB831E6
1CF729B4
1475052E
0DE400AF
0F0358C6
1655812E
1BE6A9AA
1E9799EC
1F77E1F2
1EE7D1F3
1E77ADE8
1EC7A9E9
1F07C5F6
1EA7B1EC
1F07C1EE
1F07B9EF
1EB7A9EC
1EE7B9ED
1F27C9EE
1EE7B5ED
1EB7A9EC
1F07BDF0
1EA7C1EE
1E079DE5
1E77B1ED
1F27C5F2
1EE7B9EE
1EA7B1EA
1EE7C1EE
1F07BDF0
1EB7B1EE
1EC7B5ED
1F07C9EF
1EE7B5EE
1EB7A9ED
1F07BDEF
1F17C9EF
1EC7B5EC
1ED7B1EE
1F27C1F1
1F17B9ED
1EA7A5E9
1E9791E8
1F27B5F1
1EF7B1EE
1EC7B5EB
1F17C9EE
1F07BDEF
1EB7A9ED
1EE7B5EE
1EF7C1EE
1EC7B5ED
1EC7B1EE
1F07BDF0
1EE7C1EE
1EA7B1EB
1EE7B9EF
1F27BDF1
1EC7B1ED
1EA7B1EA
1EF7C1EE
1F07B9EF
1EB7A9EC
1EE7D1F3
1F27C9EE
1EE7B9ED
1EC7A9EC
1F07D5F6
20C7B9F5
1B66FDE6
0E743953
09C28132
1104D1A2
1CA6FA03
21579223
1E47A1D2
1B166997
17C5592D
163528DB
1A85E923
1D86D950
1E071D6D
1E97419A
1EA77194
1E9761AA
1DE73191
1DD7299B
1E876197
1F6751A8
1E673976
1D76814C
1BE60910
19C560D9
1944F4DF
192510ED
1A857D06
19758103
19860D5F
1A3679BB
1665955C
14552925
0E8370E9
07E1F08B
0721889F
0431A873
07219094
1234511C
1EA7ADD7
21F7AA26
1EE7E1EF
1F67C9F9
1EE851F0
1DD769C9
1404C92D
0982A061
0DA2C0B7
1605212F
1EA769C9
2137B9F6
1EA7B9DC
1EE7C1EE
1F07BDF0
1EB7B1EE
1EC7B1EC
1F07C9EF
1ED7E1F3
1E57A5E6
1ED799E7
1F87C5F8
1EF7C9F0
1E37A9E2
1EE7C1EE
1F77C5F8
1EE7A1E9
1E47A9E6
1E97E1F5
1F07BDF2
1EE789E5
1EE7B5EE
1ED7E1F5
1E87ADE8
1ED791E7
1F67C9F8
1EE7D1F4
1E47A9E4
1EE7B1ED
1F97C5FA
1EE7A9EB
1E47A9E4
1EE7D9F4
1F57C5F6
1EE791E6
1EA7B1EA
1ED7E9F5
1EB7A9EA
1EE791E5
1F47C1F4
1EE7D9F3
1E57A9E4
1EE7A9EB
1F97C5FA
1EE7B1ED
1E47A5E4
1EE7D1F4
1F67C9F8
1ED791E7
1E87ADE8
1ED7E1F6
1EF7B9F0
1EE789E6
1F17BDF2
1ED7E1F6
1E67A9E6
1EC799E7
1EA7C5F8
1D47C9F0
1D67A9E2
1F27C9F0
1F97D5F8
1F0799ED
1DC799E6
1CA781DB
1685FDA8
167629A0
1976F1EE
20B77A03
1CC705B2
1955994F
1654A914
14E4F8DF
17C55102
1E47116C
1FF7CD98
1FA73999
1F07799A
1F8759A3
1DF73D96
1C86C176
1C369D72
1DC70982
1E276190
1E873989
1D56C55C
1D36391A
19B560DC
1C7550C4
19C538D0
1AB588D6
17B4F4D8
1925A14C
1DC6BD9C
1464912C
0BB1E07A
05316831
05C09C38
00F0C031
03F08C4E
0161382D
0801B07C
13E5293D
1CF725D2
1FF7BA09
1D2849E2
1AC759D4
13150D40
0932C87A
0BB26496
15054137
1E976DD2
21078A00
1FA7E9F0
1ED7E1F6
1E87ADE8
1ED791E7
1F67C5F8
1EE7C9F5
1EA7A9E4
1E47ADE9
1F67D9EF
1F67C5F5
1E7791EE
1EC7B5EB
1F77E9EE
1EC7B5EB
1E6791EE
1F47C1F3
1F37D1ED
1E67B1E7
1EC7A9ED
1FA7C9F8
1EE7B9EE
1E47A9E4
1F27D1EE
1F67C5F6
1E7799EE
1E87ADE9
1F67E1EE
1F07B9F0
1E6789ED
1F27BDF1
1F67E1EE
1E67A9E6
1E8799ED
1F87C5F7
1EF7C1ED
1E27A5E2
1EF7C1F0
1F87C9F6
1E97A1ED
1E67A9E6
1F57E1EE
1F27BDF1
1E6789ED
1F07B9F0
1F67E1EE
1E87ADE9
1E7799EE
1F67C5F6
1F27D1EE
1E47A9E5
1ED7B1ED
1FA7C9F8
1EB7A9ED
1E47A9E5
1F37D9EF
1F47DDFA
1CB791EE
1B6751D2
1DC7E9F8
1EC7E9F3
1EB791F4
1EC7A5F2
1D3741F0
1CA75DC9
1E0769F0
1DA789EA
1B96A9DA
17057D56
1444A10B
15E4C120
15B4C8FB
19C5C132
1E370967
1EC78583
1EB75196
1D86FD81
1D670982
1DC7158A
1D56F9B0
1B86BD81
19E6397A
1BE68970
1E474188
1D06E57F
1C767973
1B860534
1A0580F5
19A4CCC6
18F510C0
1A054CC2
1A6578DC
1A058512
1C858133
1A056951
107308A8
0A819078
09025842
07016859
05F16856
05E13867
0480F02F
07C1346F
0DF2C0AC
19864D7A
1D6739A6
10E4CD18
081380B8
0BE30CCE
15E61160
1E07CDCE
2067AA17
1FA7DDF5
1ED7B1EF
1E47A9E5
1F27D1EE
1F67C5F6
1E8799EE
1EA7ADE9
1F57E1EE
1EE7C1EF
1ED7B9EE
1EF7B9EE
1F07BDF0
1EE7B9EE
1EC7B1EC
1EE7B9EE
1F07BDF0
1EF7B9ED
1ED7B5EC
1EF7C1EE
1EE7B9EE
1ED7B1EC
1EE7B9EE
1EE7C1F0
1ED7B9EE
1ED7B1ED
1EE7B9F0
1ED7B9EE
1EB7B1EC
1EE7B9EE
1EF7BDF0
1EE7B9EE
1EC7B5EC
1ED7B9ED
1EE7B5EE
1ED7B1EC
1EE7B9EE
1EE7C1F0
1EE7B9EE
1ED7B1EC
1EE7B5EE
1ED7B9ED
1EC7B5EC
1EE7B9EE
1EF7BDF0
1EE7B9EE
1EB7B1EC
1ED7B9EE
1EE7B9F0
1ED7B1ED
1ED7B9EE
1EE7C1F0
1EE7B9EE
1ED7B1EC
1EE7B9EE
1EE7C1EF
1ED7BDEE
1F67B9EE
1E67DDF0
1E67B9F0
1DE7C9EC
1E7791E3
1C873DD4
1CD739D8
1C0711DC
1A36E1CA
1A36759E
19D5B181
1915B966
12A488F6
0F7340AA
121478C9
17659D30
1D86A97E
1F97B19C
1F0759A8
1D870982
1B767160
1B364154
1D363159
1985F970
18D67976
1955C56A
1AE63166
1C56997A
1CC6A9A7
1D36CD96
1665313E
15F3D4D6
12F33071
1683B48E
199538CE
1A3554D6
195578DE
17350500
1C168190
1D0691AC
12E3E10E
0C028C9E
08D2B08E
09222CA4
0682A8A1
0901AC84
0601D042
0B31EC60
1163F8C9
12C400F2
0DE420F1
0FE4190C
13552949
1A570DAA
1E9751E7
1DC7A9EC
1FF7B1F2
1EF7D1EE
1F57C1F0
1ED7B9EE
1ED7B1ED
1EF7B9F0
1EE7B9EF
1ED7B1EC
1F67C1F1
1E87A1EE
1E87ADE8
1F47D9EE
1F07B9F0
1E7791ED
1F07B9F0
1F57D9EE
1EA7B1E9
1EA7A1ED
1F67C5F4
1F07C9EE
1E47A9E5
1ED7B9EE
1F67C5F6
1EA7A9EE
1E67ADE7
1F37D9EF
1F27C1F2
1E6799EE
1EC7B5EC
1F47E1EE
1EA7B1EA
1E7799EE
1F47C1F3
1F27D1EE
1E67ADE6
1ED7B1EF
1F87C5F7
1ED7B1EF
1E67A9E7
1F17C9EE
1F47C1F4
1E7799EE
1EA7B1EA
1F47E1EE
1EC7B5EC
1E6799EE
1F27C1F2
1F37D9EF
1E67ADE7
1E97A9EE
1F67C5F5
1EE7C1EE
1E47A9E4
1F07C9EF
1F67D5F8
1E97A1FD
1E87C5E4
1F67D9E8
1E2779D7
1C46F9BB
1B66BDB5
1AA699AA
19263DA8
1775D99B
1725C98D
1745C16D
17055D56
18157920
16854109
0E03D8AF
0C42E08C
14E59138
1DC75183
202761AE
1EA77199
1E27398B
1BC6815A
1B761925
18C4A93C
1253C0F4
12238D12
15C4812E
1CE66991
2026F98D
1E2729AC
1CB6C99E
15C4D537
1323D8E4
16A3ECE5
1763F8A2
1A4518DE
1A6520CE
1A659110
1B66394B
1CE71D99
20D79215
1DA709C8
1715514F
11046D29
0D535111
0C4338E5
0B1298B6
0F6334BF
1484A0A4
122358CA
0F52E0AE
1745495E
1BC6798F
1725F96F
15257945
17A6097D
1A66B1CC
1CA725D2
1EF7A9EB
1F67E1F5
1EB7A9F6
1E67ADE7
1F37D9EF
1F27C5F2
1E8799EE
1ED789E7
1F67C9F6
1EE7D9F4
1E37A5E2
1ED7A9EB
1FA7CDFC
1EE7B1ED
1E27A1E2
1ED7D1F2
1F57C5F6
1ED791E6
1E97B5EA
1EF7F1F8
1ED7B9EE
1ED789E5
1F37C1F4
1EE7E1F5
1E57A9E4
1EE7A1E9
1F97CDFA
1EE7C1EE
1E17A1E0
1ED7C9F0
1F87CDFA
1EE799E8
1E67ADE6
1EE7E9F7
1F17BDF2
1ED781E5
1F17BDF2
1EE7E9F8
1E77ADE8
1EE799E9
1F87C9FA
1ED7C9F0
1E17A1E0
1EE7C1EE
1F97CDFA
1EE7A1E9
1E57A9E4
1EE7E1F5
1F37C1F4
1ED789E4
1EC7B5EC
1EF7F1F8
1E97C9EA
1F7789EA
1E679DF2
1C5759DB
1A668DA0
19760983
19A6098E
1825F98D
18A5F98E
1745F18D
1805CD8C
16C5E988
1916117E
1795B14A
1755F11E
1A55B112
0EE3109A
09E25048
139470EA
1CD69175
1EF76590
1FE749A5
1F879994
1DE6D18F
19952522
13A318DA
1703D92C
12843135
1A157170
1DF6D9B6
1E8715AA
1E26E9AE
1BC6B5A0
1A36698F
1B964D8A
1C464153
19C54908
197578E0
18F528E8
1C86293C
1F378DB0
1F47D1F0
1F37EDF2
21D789E7
1DE7CDEE
1D17D1F6
196729D0
18F6A998
1474F132
133408DF
13B468F4
15E4A124
1AA5E590
1D1719E7
1C6751C4
1765B94D
11A44D00
1525A146
1916219C
1876019A
1A6675B0
1BB719D6
1E279DF2
1EE7E1FB
1E47A9E4
1EE7A9E7
1F27CDFA
1F47BDF0
1EA7A9ED
1EA7B1E9
1F27D1EE
1F07BDEF
1E97A1EE
1EE7B5EE
1F17D1EF
1EA7B1EA
1EA7A9ED
1F27BDF2
1EF7C1EE
1E87B1E9
1EE7B9EE
1F47BDF3
1EC7A9ED
1EA7B1EA
1F27C9ED
1F27BDF1
1EA7A1EE
1EE7B9ED
1F37D1ED
1EC7B5EC
1E97A1EE
1F27BDF2
1F17C9EE
1E87ADE8
1EC7B1ED
1F47BDF3
1ED7B1ED
1E87ADE8
1F07C1ED
1F27BDF2
1EA7A1EE
1EC7B5EC
1F37D1ED
1EE7B9ED
1EA7A1EE
1F27BDF1
1F27C9ED
1EA7B1EA
1EC7A9ED
1F47BDF3
1EF7B9ED
1E87C5E3
1F17B9EB
1D6731DA
1A7699BB
18E649A0
18462184
18A5F58F
18B62986
1885F98E
1856098D
1845F189
1895F986
19662D79
19762158
19C6813C
1B566941
140440D2
0A92406F
0C420C7F
11A3A89F
19658D0A
1D263942
1DA6B562
1F872173
1E670566
1C968150
1B45694B
1B162175
1CE6458C
1DE6B9B0
1E46FDAD
1E86F9B4
1E2705B9
1DE6E9B4
1DC719BE
1EE6E9D4
1D06B974
19256931
192544EC
19E5D106
1DC6E16F
2037C1F0
1EA7D1DA
1ED7B1F0
1F47CDF6
1EE7BA14
1E882200
1F27C23C
1D67F1E2
19C691CC
19263566
1B06D987
1E0731B9
1F97B212
1E27B9E6
1C2701DC
19465195
1655D953
1484F14B
14C53950
17A59185
17E5E17D
194659B1
1C7719D7
1EA7BDF4
1FA7C9ED
1F07BDF0
1E97A1EE
1EE7C9F0
1EA7ADEA
1ED7A9EA
1F27BDF2
1EE7C1EF
1E87ADE8
1ED7B9EE
1F27C1F4
1EE7B1ED
1E97B1EA
1ED7C9F1
1EF7B9F0
1ED7A1EA
1EE7B5EE
1EE7C9F1
1EC7B1EC
1EE7A9EB
1F27BDF2
1EE7C1F0
1EA7B1EA
1EF7B9EF
1F37C1F4
1EE7B1ED
1E97B1EA
1EE7C9F1
1F17C1F2
1EE7A9EA
1EC7B5EC
1EF7D1F1
1EC7B5EC
1EE7A9E9
1F07BDF0
1EE7C9F0
1EA7B1EA
1EE7B1ED
1F37C1F4
1EF7B9EF
1EA7B1EA
1EE7C1F0
1F27BDF2
1EE7A9EB
1EC7B5EC
1EE7C9F2
1EE7C9EE
1E4799EB
1CB6EDC2
19D63998
1926219E
181659A4
191649A4
190641A0
18D6399C
19C6299B
19E66D9C
1AD61986
1A46757E
1A967168
1946894A
1A06814E
12D3B8BA
0A51C855
0DE27CA0
0CB2886E
0FE2E47A
176538EE
1A259914
19F57911
1B45E522
1D265955
1CF6956C
1F665974
1D06A58E
1FE6E1A9
1E7719BA
1E5719C4
1E3731CA
1DC729CA
1DE719C8
1E8729CC
1F47A5C6
1E66D97A
1A458D1C
1A95F8FE
19A5950A
1D066959
1FB795C2
1F77A1E8
1EE7D5EC
1EE7C9F2
1EE7B9EE
2047A1FD
1DB7D9EE
1966819B
1775E986
1CE749C1
1E07EDE8
205771EA
1EB7B9F0
2047B202
1E37A9F8
1CB711ED
1A566DB0
13E4E14D
14A4D154
17B60180
19D669AA
1A6711CF
1D6779E6
1EE7A9F4
1F27BDF2
1EE7C1F1
1EC7B1EA
1E27A5E8
1F67D9EE
1F67C5F5
1E5789EC
1EA7B1EA
1F77E9ED
1EC7B5EC
1E5789ED
1F47C1F4
1F47D9EE
1E47A9E5
1EB7A9EE
1FA7C9F9
1ED7B9EE
1E27A5E3
1F27D1EF
1F87C5F7
1E6791EE
1E87ADE9
1F77E9EF
1F07B9F0
1E5789EE
1F27BDF2
1F77E9EF
1E67ADE7
1E8799EE
1FA7CDF8
1F17C9EE
1E27A9E2
1F07C9EE
1FA7CDF7
1E97A1ED
1E67ADE6
1F57E1EE
1F27BDF2
1E5789EE
1F07B9F0
1F77E9EF
1E87ADE9
1E6791EE
1F87C5F6
1F37D1EE
1E27ADE5
1F77B1EE
1E475DD9
1A465188
1925F191
1956619A
194659A3
191649A7
190651A1
193641BE
18E62986
1815F161
18056D41
17E6014E
1A269D53
1FA73983
1865B920
0BB20842
0C61E080
0E1388C8
0B824886
0EC2E860
198558FD
1D76092F
1A258517
18E580EA
1A65A52D
1B96516F
1C86A198
1DD6F9CB
1E6751C9
1E8739E2
1E6755D7
1E2751E0
1D2719CD
1D0709D4
1DE765C6
1EC739C8
1AA5D54F
1824E10B
1C060927
1B95B11D
19E5912A
1A05D947
1DA6F9A9
1FD7C1E2
1E27B1E0
2027BA06
1F8819F3
18C66187
0F037104
0D2380E7
190651A3
1F5781F7
1D6795F2
1D8761F0
1E8761F6
1FB7AA04
1E27A5F0
1A2689C6
17C5C599
1826399E
1AE6B5B2
1C1711D4
1D2781DD
1F57D1F4
1F87CDF7
1E7791EE
1EA7ADE9
1F77E9EF
1ED7D9F2
1E77ADE8
1EE7A1E9
1F57C1F6
1ED7C1EF
1E57A9E4
1EE7C1EF
1F57C1F6
1ED7A1E9
1E87ADE8
1EE7D9F5
1F17BDF2
1EE791E7
1EE7B5EE
1ED7D9F4
1EA7B1EA
1EE799E8
1F57C5F6
1EF7D1F3
1E67ADE6
1ED7B1ED
1F77C5F8
1ED7A9EC
1E67A9E6
1ED7D1F3
1F37C1F4
1EE799E8
1EC7B9EC
1EE7E1F5
1EC7B9EC
1EE799E7
1F27BDF2
1ED7D1F2
1E67A9E6
1ED7A9EC
1F77C5F8
1ED7B1ED
1E67ADE6
1EF7D1F3
1F57C5F6
1EE799E7
1E87A9E8
1ED7D9F8
1F47D5F0
1DC759D1
1B0685A2
19465993
195649A4
182659A5
18A63DA4
189649AC
1835D196
12E5415A
12742108
10A388AC
1363C8DC
18F62956
1D577582
19D65951
13C400C8
10A3C0BA
0E2334C4
08F1E859
106364AA
1A85E94E
1E06DD68
19959927
17449CE2
18852113
1BF65D72
1C061195
1D870DC2
1FE751E5
1F1799E2
20A759E2
1F57B5E0
207749DE
1F67D5DC
1EB731CA
1B262570
1734D8FD
19351D0A
1C767941
1B560124
188578FA
1754D504
19C61958
1E578DD0
2067DA15
1F080DEC
1886297D
0EC354E4
09E3209C
12C46128
1946B9B1
1D579DE4
1D87A20F
1DF749F4
1C3651C3
1CF719E0
1CF769F1
19867DBE
194659A9
1C171DDC
1E8789F3
1E27B9EE
1F17D9F4
1E57ADE8
1EE799E8
1F57C1F6
1EE7C9F4
1EB7ADE6
1EE7B5ED
1EE7B9EE
1EE7B9ED
1EE7B9ED
1EE7B9ED
1EE7B9EE
1EE7B9ED
1EE7B9EE
1EE7B9ED
1EE7B9EE
1EE7B9EE
1EE7B9EE
1EE7B9EE
1EE7B9EE
1EE7B5EE
1EE7B9EF
1EE7B9EE
1EE7B9EE
1EE7B9EE
1EE7B9EE
1EE7B9EE
1EE7B9EE
1EE7B9EE
1EE7B9EE
1EE7B9EE
1EE7B9EE
1EE7B9ED
1EE7B9EE
1EE7B9EE
1EE7B9EE
1EE7B9ED
1EE7B9ED
1EE7B9EE
1EE7B9EF
1EE7BDEF
1EE7B9EE
1EE7B9EE
1EE7B9EF
1EE7B9EE
1EE7B9EE
1EE7B9EE
1EE7B9EE
1EE7B5EE
1F17B9EE
1EE7C1E3
1DF781D4
1BA6EDC3
1A0699BD
198689B7
1A8641A1
17C59D93
11840925
11644D2A
1454E11A
13C41D27
1343F8F4
19A5E156
1D967958
1AC6412E
19B59107
164540F8
0C0370C8
09C2088B
13854902
1C86ED56
1EB6C16C
1B462534
188560EC
1A059912
19F6192A
1785593E
17C5998F
1AC67995
1C0671C4
1CA6F9A4
1D56F1C5
1D46F992
1E37098C
1A45E542
1644B0F7
17449CF8
1814D8F2
19456CF5
193530F2
19656108
18E5A905
1B467170
204791F6
1EA7F9EA
1816217C
0E6334E2
09E32099
1404F93F
1CC771CC
1C4779C4
1C0719C4
1CA735D4
1D1731D5
1CA6B1D7
1B66D1B5
19C679B6
181641B0
18C639B1
1B76D9D2
1EC7D9F7
1FB7B9FC
1EE7C1F0
1EE7B9EE
1EE7B9EE
1EE7B9EE
1EE7B9EE
1EE7B9EF
1ED791E8
1F47C5F4
1EE7D1F2
1E57A9E4
1EF7B1EC
1F77C9F8
1ED7B1EC
1E57A5E4
1EF7D1F1
1F47C1F4
1EE799E7
1EA7B1EA
1EE7E1F5
1ED7B5EE
1ED791E7
1F27C1F4
1EE7D9F5
1E67A9E6
1EA7A1E9
1F67C9F8
1EE7C1EF
1E47A9E4
1EE7C9F1
1F67C9F8
1EE7A1E9
1E87B1E8
1EF7E1F5
1F07B9F0
1ED791E6
1F07B9F0
1EF7E1F5
1E97B1E8
1F17A1E9
1F87D5F8
1F27C9F1
1E87BDE4
1F17C1EF
1F67C5F8
1ED7A1E9
1E67A9E6
1EE7D9F5
1F27C1F4
1ED791E6
1EC7B5EC
1F27E1F5
1E87CDEA
1EB791E7
1DA791F0
1D0799F7
1BF725CE
19262172
16454154
17E69984
18F67D98
19A63190
1C5695A8
1BD6C990
1AC6414A
1B05E90B
196608F8
1CD6692D
131428E4
0D72F894
1795D936
1E671994
1DB74566
1DE6D152
1B664520
1A2598FE
12F45CC8
1133C0BD
11039D04
1144711F
12247124
12347114
12F40CFC
14C428ED
16550CF4
186490E1
15D458C2
187498BB
1724C4C4
19F520D2
17B504E0
19E5A0F8
19D60134
1F3741C0
1F6811EC
1765E17C
0E230CE0
0A0318A2
14950946
1DC761E0
1F0855F6
1E2789E6
1CD741CA
1D1749D3
1C76E5C6
1B5651A9
1B76A1BA
1A86C1CE
1C16F5D6
1AE6D1B9
1A0685AC
1CC759D1
1E77C1EC
1EF791EF
1F27C1F4
1EE7D9F4
1E67ADE6
1ED7A9E8
1F17C5F8
1F87C1F2
1E6799ED
1E67A5E5
1F67E1ED
1F27BDF1
1E6789ED
1F07B5EF
1F57D9EC
1E87ADE7
1E9799ED
1F87C9F6
1F17C9ED
1E27A5E3
1ED7B9EE
1F87C5F8
1E87A1EE
1E47A9E5
1F57E1EE
1F47D1F3
1E5791EE
1EC7B5EC
1F67E9EF
1EA7B5EB
1E6791EE
1F67C5F5
1F47D9EF
1E47A9E4
1EC7A9ED
1FA7C9F9
1EC7A9ED
1E47ADE4
1F47D1FF
1F67D1F3
1E2789EB
1E278DD6
1F27E1E0
1EC7C1E7
1E5789F2
1F47C1F3
1F57E1EE
1E47A9E5
1E87A1EE
1F87C9F8
1EE7C1EE
1E27A5E2
1F07C9F1
1F87E1FC
1EA799FD
1E684209
1EA7B9F0
1CC701AB
1BC6C991
1D6759AA
1DD729CD
1CC71DB4
1C86C9C5
1CA6C57D
1C76914C
1CE6C14A
1DB6A951
1925B109
119410C3
142468E7
1AD68944
1DE7715C
1E472962
1C26B139
1B668930
1906111B
156510FC
0D8304D9
06A17091
07617C9D
0781985F
0661206C
05B1203D
0D428086
15B4C0B4
15E488C2
140440B0
12E39884
13A420A9
17C4F8E9
1985B13E
1A861D43
1E66E195
1DE765AD
1805D965
0EC32CF1
0A9320BA
14E54556
1EC7A1EF
1F8865FA
1EA79213
1E87F9FA
1F77E211
1F07F5F3
1D4779DF
1C46FDC5
1D1771E2
1E4791E4
1F0791FA
1DA765E3
198699B5
190665A5
1CE771DB
1F87F1F8
1ED7A1EE
1E47A9E5
1F47E1EE
1F27C5F3
1E4789ED
1ED7A9EB
1F17B9F0
1F07C1EF
1EC7B1EA
1ED7B1EC
1F27C1F2
1EF7B9EE
1EB7B1EA
1EE7C1EF
1F07B9F0
1ED7A9EA
1EC7B5EC
1EF7C9F1
1EE7B9EE
1ED7A9EB
1EF7BDF0
1EE7C9ED
1EA7BDEA
1F47E1F2
1F17C9F2
1ED7B9EB
1E97B1EA
1EE7C1EF
1F17C1F2
1EE7B1EC
1EC7B5EC
1EE7C9F1
1EF7B9F0
1ED7A9EC
1ED7C1F0
1FF7C9F1
1E9785E6
1D5781DC
1D974DD4
1D9749C0
1D0745BC
1D8791D9
1F87E9F2
1F17B1EE
1EA7B1EA
1EE7C9F0
1EF7BDF0
1EF7A9EB
1EE7BDEE
1F17C9F1
1ED7B5EC
1EE7A9EA
1B87C1F0
17E7C1F4
1A97A1E0
1D3711AA
1C66FD96
1E8769B4
1EC7A5C8
1F3771B9
1C86D592
1C16B976
1B76C962
1BC6415C
1865711A
1003E8AC
12F404BE
19F588F1
1AD68122
1E97115A
1C26A53A
1BC5D915
1755910A
16A56930
0F83FD10
0792C0D5
067198C4
02216075
00E03442
0000D825
04B0442E
07A1804E
0B22285C
09D19856
0AC1803A
0790F817
09514434
0CA2588C
1694E928
1B35D1A6
1CE719B4
1765C177
0F234CEA
0BE330B5
14D53962
1CC7A9EE
1D0805EA
206799E8
1DE7A9E8
1D9791E6
1BE769EA
1D57B1F4
1D17C5F2
1DD771DA
1D3725D0
1F8799E5
1EE7C9F6
1EC799FB
1BD701D6
17C64195
19566DA8
1E5781DB
1EA7D9F0
1EE7C9F3
1EA7B1EA
1EE7B1EB
1EF7BDF2
1E87ADEA
1F57C9ED
1F87C9F4
1EC7A1EE
1EC7B1EB
1F47D9EE
1EE7B9ED
1EA7A1EF
1F27BDF1
1F17C9ED
1E87ADE8
1ED7B1EE
1F67C5F4
1EE7B9EE
1E87B1E8
1F17C9EE
1F47C1F3
1E97A1ED
1EA7BDEA
1F27D1ED
1EE7B5EE
1E8799EE
1F07B9F0
1F37D1ED
1EA7B1EA
1EB7A9EE
1F47C1F3
1EE7C1EF
1E67B5E7
1FD7C1F3
1E8739E5
1B2661A1
1BE6DDB6
1D7709C5
1DA739C4
1C5701AC
1C271DA1
1DD789BE
1EA7B5DA
1EE7A1EE
1F47E1FA
1F17CA14
1E881601
1EE7BA20
1F684615
1ED7B21F
1E888A1F
17E7CA10
10C63D8F
166799FA
1CC7C9E6
1E17C1C9
1EC7C1CF
1EE799E0
1E4755C6
1D0711AE
1D4789A3
1DB7418D
15C50909
0C234081
0F233492
16D58916
1B669140
1BF64132
1B664530
1BB66934
1AE5F151
1985F93B
1324C95A
0A03092B
05A21110
0582710A
05C1E8F2
05B200BE
0421208A
03E0D032
07C15069
0861B034
0540D02B
0330B000
0300000A
01409800
03A02C18
0C029093
1765956B
1AA601AC
14050957
10747908
1424D558
191689AC
1A2721BB
1C06A9D1
1B46BDB5
16D57146
1464D94E
13F53960
18A669AD
1E5791E6
1CC731D5
1AC6419C
1E274DE5
20179A00
1E67BDF5
1BE719E6
186619AE
16C61194
1AA6B9BE
1EC7C1EE
1F47DDF6
1EB7A1ED
1EC7B1EB
1F37D1EE
1EE7E9F5
1E77A9E6
1F1799E8
1FA7CDFA
1EE7C9F0
1E17A1E0
1EE7C1EE
1F97CDFA
1EE7A1EA
1E67ADE6
1EE7E1F6
1F27BDF2
1ED781E3
1EE7B5EE
1EE7E9F7
1E87ADE8
1ED791E6
1F77C9F8
1EB7D1F3
1E27A1E2
1EE7B1ED
1FA7CDFC
1EE7A9EB
1E37A5E2
1EE7D9F4
1F67C9F6
1F2789E4
1F27D5EA
1F87F20B
1EF7B1E4
1B46198B
1C66CDA0
1F27B1D7
1ED7C5C8
1E2711A2
1D970D98
1E474988
1B16E17C
1E2799BF
1FA81DF8
1E2791EA
1B9765E6
1C47D1F3
187729EA
1AC761DD
184719EE
1CF7D9F5
167761E6
17C799EC
19B7A1F8
1FF789E7
1EA7EDE0
1FD7C9F1
1EE77DE0
1D36F9C1
1E37B5CE
1D8789D8
19D69964
122428A2
1012F078
173588F5
1BB6D152
1A95E13F
16E4D908
14E51123
1875614A
15E4995A
15F5297A
0F74A1B4
1124EDD0
0903B9AE
0A43B58A
07D2B970
0B038972
06F2991F
06A1E8B4
0621B082
07F1AC84
08926092
05914856
0280B824
02A05424
01409800
05209838
0F53C0F3
15C5C58C
1535D1B9
17E65DAC
1956099C
197699A2
1B36F1E9
1BB72DD0
1354D128
0BE25C98
0BE370B3
15852960
195699C1
1CF765D2
1D2739CC
1B3699AE
1BB719C8
1E37ADF6
1E479A03
1AD6C5D0
17C611A5
1835FDB0
181631B0
1C7735D8
1ED791FA
1F97CDF8
1EE7C9F4
1E97A5E2
1E67ADEA
1F47D1EF
1F47C1F3
1E8799EE
1EC7B5EC
1F47D9ED
1EC7B5EC
1E7799EE
1F27BDF2
1F37D1EF
1E87ADE8
1EB7A9EC
1F67C1F4
1EE7B9EE
1E67ADE6
1F07C9EE
1F47C1F3
1E97A1EE
1EA7B1EA
1F47D9EE
1F07B9EF
1E9799EF
1F27C1F1
1F47D9EF
1E87B9E9
1EA7A1F7
1F67BDE6
1F37B9DE
1E07B9BE
1BE749B3
1A26415C
1B370978
1CE71969
1DB7198A
1C268557
1A45F94A
1CE6A96C
1D771989
1CC74996
1ED791C6
1BA709B8
14F56175
10C4B572
0E847172
0E240973
0E34718C
10C4D198
1455A9B4
176689E4
19F699DC
1D273DE9
1FC7D9FB
1EC815F8
1DB74201
1E47C9DE
1D4771D3
17A62950
14954901
140420BE
161458B5
1D86C930
1D761946
16050D24
121428F2
16C5554E
1B068991
19262DAF
1585D99B
12453D9C
0F7551C4
0DA4C9AB
0E6541D3
0D24B9BD
0A6429C1
0A63ED6A
0D546957
0BC39D14
098260CF
0CC328F5
0BE310B0
0821D89E
07F248A5
0741BC9D
04314067
098248BC
0FB46142
1586419B
1AE74A02
1A8731C8
1D6749D7
1E883DEC
178669B2
0B62DCCF
06F2F09C
11447114
1AB6D9BF
1D87A9E7
1E5769E1
1DC785DF
1BE741DF
19E6B9B5
1BB701D1
1CE741E1
1A0669BD
17E5FDB0
16C631B1
182619A6
1C5739C2
1F47D1EE
1F27A1EE
1EA7ADE9
1F37D9EE
1ED7B1ED
1EF7BDF0
1EE7C1EF
1EB7B5EC
1ED7B9ED
1EF7B9F0
1EE7B9ED
1EB7B5EC
1EE7C1EF
1EF7BDF0
1ED7B1EC
1EC7B1EC
1ED7C1EF
1ED7B9EE
1ED7B1ED
1EF7B9F0
1EE7C1F0
1F27CDEC
1EE7B1EC
1F07B9F0
1EE7B9EE
1EC7B5EC
1F07C1EF
1F27DDF0
1EB7B1EC
1E477DE2
1EB771CC
1DF78DAC
1C06E17F
18B5E138
18457900
16E518EA
175520E3
17D53CF6
17C590FE
1664A0EE
1705410B
1CA6896C
1DE7119C
1C272986
1AF6A990
1394D53E
0B135911
0E136542
0922F158
0EF39974
07A2B15D
0F23C970
0CC3C184
14B5199E
1564F997
1605F1AE
180719DF
199709DA
1D9789D2
18764D74
15654906
137478D2
15A4D0B3
178508D2
1BF64916
12A4A8EC
0F8450D6
1485495C
1C1739D2
1D47C5F2
1E7771FC
1B6755F4
1A7711E5
1325D1AA
11254995
102591C6
10D5A9F0
0E9565EE
0D44A1A6
0CB5199A
100579A9
0D643D60
0DD39138
11B4DD4C
10F3814A
0E53B93C
09630910
08F264EC
0902D0CA
0AF34D02
12956967
16E685A8
1C86D9CF
1BD7C9D8
1DA759DC
10547126
07620069
0D130CDE
19763994
1BB7D1E4
1D5739F5
1C774DE4
1C8721DE
1B9719D4
1976E1BD
196681B0
1B16F1C9
1A86A5CA
178639B3
183615B2
17A6319B
1AB6C9B8
1ED7C1EC
1F27CDEC
1ED7B1EC
1EE7B9F0
1F87C5F3
1E6799EE
1E67ADE7
1F57E1EE
1F07BDF0
1E5789ED
1F07B9F0
1F67E1EE
1E87B1E9
1E7799EE
1F67C5F5
1F07C9EE
1E27A5E3
1ED7B9EE
1F87C5F8
1EA7A1EE
1E67A9DA
1F57D9D5
1F47C1E6
1E6791ED
1EC7B9EC
1F77E9F1
1EA7C5E1
1E5781D1
1DA72DD1
1CD6E9CE
1C670597
1B76814A
17654D08
149480C6
15C484D5
15B4789E
15C448C4
15C47893
15C478D8
14F478B9
15E46CF2
18B550FC
1D66B56F
1F9711A4
19A6A15B
11B4C109
0BA2ACCA
0C4360FA
0FE40528
0D83810E
09C278F3
07E2F0F5
0A632D10
0F748953
11A4A98C
0FE4A985
0DE44578
1154A181
14E54586
1524A922
15E4E918
16B4F0D9
15E510ED
156468E2
1585591C
0DD4311B
0A62E4F3
146611A3
1D67CDF7
1F177202
1E07A1FF
1E477212
1E07EE0B
1AF729E4
14E619B6
0FC559A9
0E0529C0
0DB53A00
0D4525E3
0C3501CC
0C0501AA
0BE539D7
0FE5657C
1A6779BE
1AC735D3
1164A985
0982D91E
07329911
0A027D04
0A4310D6
0CA3A51B
11B4994C
1746059E
1A166197
1204B92F
09D2B8A2
08416C8C
09F260B4
14E53D52
1B76A9CD
19E6C5B2
1AC6E1B9
1A4685B9
1916619B
19465DAE
19F689A7
1AC6B1BF
1AA6B9C1
194679BD
183649B0
19A679BD
1BF711C9
1E47B1E4
1FC7D9EE
1F27C5F3
1E6791ED
1ED791E8
1F57C9F6
1EE7D9F4
1E37A9E4
1ED7B1EC
1F87CDFA
1ED7B1ED
1E47A5E4
1ED7D1F2
1F57C5F6
1EE799E7
1E97B1EA
1EF7E9F6
1ED7B9EE
1ED791E7
1F97D9F4
1EE7D9DC
1CE745B4
1EF7A1D0
2037F9F8
1FB7C1EF
1F980DE2
1F37B9DA
1CE70DB8
1CB6E1BA
1F5795CC
1A76816A
14F4B0D4
143478A2
151430B4
14A488B5
14A400B6
146490BD
1684B4DA
17454100
1975911C
18959918
1845410C
1905B134
18857950
13356932
0CC334B0
08A20051
0B62A0AC
0FF460F2
0C5360C6
0B33289F
092280BC
0B2408F3
0CB3B11A
10646971
145595C6
0D84B1B9
10F49D90
0E841951
11D42530
13246900
1053F0D2
1274C8E8
0F142CEC
0E44912A
0EB3814A
0A53693D
17C669D4
1D876222
1DC779F2
1DB761F4
1D8759F0
1DF729EB
1BB75DE6
1A36F1D4
12256D96
0EB551AA
0F3595F0
0D7539F2
0DD569F4
0C5519EC
0F95C1EC
0F753987
0F953950
1E96C9D4
1756BDDC
0ED4718B
0DB3694A
0B629909
0C137920
08A38126
0EF38920
12F40157
11E4AD4A
088258CD
06A1146E
0721985B
08D18880
0A3298B6
12E44D40
17B631B0
1B86E5B8
1AB689B3
1AE685AA
1B06C1BD
1CE719D2
1C1701CD
1C1721CE
1D1771DB
1C3739DA
1D1769DF
1E47B5F4
1ED7D9F7
1E57ADE6
1ED7A9E8
1F17C9F8
1F07B9EF
1EC7B1EE
1EC7B5EC
1EF7C1EE
1EE7B9EE
1EC7B1ED
1EE7B9EE
1EF7C1EE
1EC7B5EB
1EC7B1EC
1F07B9EF
1EE7B9EE
1EC7B1EC
1EE7B9EE
1F07B9F0
1EC7B1EE
1EC7B1DF
1F07C1D7
1F07C1D8
1ED7B1E3
1EA795BF
1E2799A4
1D4729A9
1E6751C9
1EE781B4
1C66B983
17054506
14A4A8B0
168494C3
1654B8BF
16A498E5
16B5010D
1A86294A
1DF7217E
1E47458A
1F37B1C0
1EC7819A
21878997
1B863586
0F8300F0
0CA28CBD
0C730076
0A823895
09521876
0CC30894
109380AC
0F239CD0
0B124899
0AE2B4BD
0CB300CF
10A4452A
1294C959
11E52D82
11D541BB
1004AD78
1154D989
1224E56C
0F042941
0D841123
0D444910
08C230F3
0742490A
13C50DB0
1D8749F4
1D67B1FD
1D6751ED
1CC72DE0
1BB709DE
1BA6E1DE
1DA739E6
1C676DE7
1535C19B
0FE4E58D
0D9539C2
0C64EDC0
0D3541E5
0D654DEA
0C04F9E5
0B046595
0DE4D977
164679E3
1AD77A31
146601B6
0EE49197
11048968
1135718B
0B839501
0AD360F5
11C4715C
12B51955
09025CD0
04518079
06C15C76
05917857
07012893
0CC2C0CC
19C639A0
2107A1D6
1EC7B5E2
1EF7C1E9
1EC799DF
1EC7B1ED
1F07BDE9
1EE7B9F0
1EC7BDEA
1EE7B9FC
1F07E1F7
1EC7B1F7
1EC7B5EC
1EF7C1EE
1EE7B9EE
1EC7B1ED
1EE7D9F2
1E77A9E8
1ED7A1E9
1F57C5F6
1ED7C1EF
1E47A9E4
1EE7C1EE
1F57C9F6
1ED7A9E9
1E67A5E4
1ED7D1F1
1F27BDF2
1ED791E7
1EE7B5EE
1EE7D9F4
1EA7B1EA
1EF7A1EA
206811F4
1F07B9E5
1E0761B4
1D36C175
1965F14C
1A46717B
2077DDDA
1ED799B6
17655114
1474D0C5
161490CE
16A4C8C4
16045CC8
18652912
1DC721A4
1F87C1F0
1FC835E6
2117A9ED
20D825F8
2157B1EF
208861E6
1F87B9FB
1AE60D9C
10E418FA
0DC2F4AC
0B031885
0E42DCA0
106428B5
11840CC0
14F4E0E6
0FE3A0D4
0EE3D0BC
0EE398E0
133498E6
0C637CD6
1234A932
0FB4C98A
0E949996
0DB48D9E
0E6461A0
0F44759E
0AC40184
0F745D6E
0E63B951
161539AE
1C773A05
1C079DF2
1D7769F3
1CA731E2
1BD701D7
199641BE
186621B5
1BB72DE6
1C9709E5
16E5A58C
12553176
10C52D9C
0DF531B5
0DC541CC
0E7519CD
0CD509CA
0CE4D9DF
0F5511E0
0DB3F9A7
1345D9CA
16F5F1DD
12949984
12F4815B
12A50170
1245016F
0C635916
0AB2B912
0CA3E94C
09325906
0811D0B2
0661886B
05110C64
0772B0AB
14052160
1CF741E4
1EB7F5E6
2027C1F8
2027FDF6
2007A1E9
1EC7BDE8
1F77D9F4
1F37C5F0
1F5791E7
1F27C1F0
1F07D9F5
1EA7B1EA
1EE7A1E9
1F37C1F4
1EE7C9F2
1EB7ADE6
1E27A9E8
1F67D9EE
1F67C5F5
1E4789ED
1EA7B1EA
1F87F1EE
1EC7B9EC
1E4789ED
1F47C1F3
1F47D9EC
1E47A5E3
1EC7A9EE
1FC7CDFA
1EE7B9EF
1E27B9E7
1F47D203
1F87DDEA
1EB779CC
1DA745A9
1C76F98A
1B46396C
1AA67942
1C46CD95
1F4719C8
1D871196
1905590C
1724CCFB
16A4E0C5
1724A0CF
16F4E0CC
1C065D56
1F0781C6
1D87ADC6
1F17E1F6
1F27C9F4
1E5781F6
1F07B5E0
1F77E1D7
1E0795AF
1F7749DE
1D06957E
1484C0F2
0F4368B6
1243D0FD
19660149
1914E929
15E50133
14B49140
13C48D3C
12C4592E
11E43129
11343109
0E63C94A
09F2F94D
07E2E15F
0762E969
06E2A15C
0682D167
0CA41D6A
1655F1E0
1CE79E13
1F277A2E
1E47D9F6
1DB771F5
1C6739E5
1C8701DB
1BE705E5
17C631D0
176609C0
1C1741E9
1B26CDC8
17D58180
17E5E98F
14457157
1045198A
0ED529D2
0BE46D91
0A041972
0AA3F98B
096441A0
08230558
0F14695E
13E539A6
11A38173
1183DD67
1353A145
16A5B5A0
10D48162
06A244F8
07733113
080238E0
05F1B88F
07E1687C
0662387C
0DA3E4EC
1A2711CF
1EC849E5
1FF7F1F4
1EA7DDEB
1E478A0F
1F67F5F5
1F47D9F1
1E27A5E3
1EB7A9ED
1FC7CDFA
1ED7B1EE
1E27A1E2
1F37D1EE
1F87C5F6
1E7791ED
1EA7ADE8
1F77E9EE
1EE7D1F1
1E97ADEA
1ED7A9EB
1F37C1F4
1EE7C1EF
1E87B1E8
1EE7C1EF
1F37C1F4
1ED7A9EB
1EA7B1EA
1EF7D1F2
1F07BDF0
1EF7A1E9
1E87C5EE
1F77D1F2
1F27CDEA
1E8799CB
1D773DA4
1D972198
1B263166
17A57933
1B46897C
1E97A9C8
1ED7C1D0
1E87B1C3
1C76A578
1905C121
17F530F8
19B540DD
19D5A100
1DB6B159
1D07599C
1DF769C9
1F87EDE8
2027B1F5
2097F9EE
1F4759C4
1D77359A
1D16F98B
1D96F180
1FB6B16D
1A56594E
19060933
16B5B540
1926A183
14756164
10E42947
1364B574
11340180
11A43D6C
0BE2D14D
0D23594C
06B2914A
0782554C
03F27154
06629162
0532792C
0A536958
1365899D
155631BA
1EB751EF
1DB829F4
1F7791F5
1C671DD8
1A66D9CA
1AC70DDC
1C1719F3
1A4691E6
17F631D1
1926C5DC
194649B0
1965F58C
1AF6A185
14458D50
13658990
11350DAC
0833493F
04E1E4FE
07126123
08F3856E
0622A927
0882B516
10649974
1314B998
11A4B969
1133B94A
15C551A1
11F52198
07C2E934
076220F6
0691A8A3
0941B090
0C92608C
1083C0DA
1675A94C
1A572994
1F67A1DF
1E4831E8
1E7789D0
1C76E5BC
1F2789CE
1E57FDEA
1EF7D1F4
1F07BDF0
1EF7A1E9
1EE7B5EE
1EE7D1F2
1EA7B1EA
1ED7A1EA
1F37C1F4
1EE7C1F2
1EC7ADE8
1F27BDF0
1EA7A9ED
1EA7B1EA
1F17C9ED
1F07BDEF
1EB7A9EE
1EE7B9EE
1F17C9ED
1EC7B5EC
1EB7A9ED
1F27BDF1
1F17C1EE
1EA7C1E7
1EA7A1DF
1C66BDB8
1A266178
1C06BD8A
1E97298C
1E272189
1A96715D
1A865171
1D6771B7
1EC7D5D7
1F47A9EF
1F27BDD1
1EB791CE
1D472D88
1CD6F980
1CC69143
1A36892B
1AA66D4D
1DD799C6
1F07E5D4
1F37A9E8
1E2745AB
1D47198A
1CE6B16F
1C86C154
1C869D61
1C569177
1DC71975
2017318E
1C46B167
1344B918
0F843D0D
0F34D981
0F247170
10051198
10A4ED97
106529A4
0DE43D8D
0B341978
07A2F159
0502913F
05222545
04D26942
0561E10B
0AC2B100
0FE40141
0BD2D8B9
0F841517
1B36D9A3
1E6805D5
1AE699AE
188659A6
1A66E9EB
18C661BF
157579AC
17A605BD
19C6C1CC
17E605AF
1806019E
1CE75DBD
200799C5
182675B3
0CB3B164
0662191E
0462510A
08A2ED50
0A741176
05825125
06427103
0DA3CD5D
12142199
11845183
10135167
1384ED98
1404F18D
0BC34539
068228DE
08A1CCB2
0D9310A8
14E480F7
18252129
19261942
1976094D
1AC6B177
1E1769B0
17C58954
10B3F0F9
17C5795F
1EC781CD
1F27E9E0
1F27C1EE
1EA7B1E9
1EE7B9ED
1F27BDF1
1EC7B1EE
1EA7B1EA
1F07C9EE
1F07BDF0
1EB7A9EE
1EC789E7
1F67C9F6
1EE7D9F4
1E37A5E2
1ED7A9EA
1F97C9FA
1ED7B1EC
1E37A5E2
1EE7D1F2
1F57C5F6
1ED791E6
1EE7C5EA
1EE7EA05
1D9731CC
18E5995B
19B5DD5A
1B76C97D
1D57057C
1D66D966
1BF68562
1EA771A6
1EE7FDE2
1EE7C9F6
1FB7D5FA
1F3799E9
20282DE6
2177D9E8
1EC771A6
1AA5F93D
16C5290C
19E5D14E
1EB7ADC8
1E0761E0
1D06E1A2
1A063954
18B5851A
19B5B10A
1AB5F922
1CA66941
1CD6955A
1E16F17F
1E57456C
1BB5B926
1343F0DE
0E74691C
14155D9A
104511AA
111551A8
110529B7
0FC549BE
103501C3
0E1515C6
0CD4C1C8
0A93F594
07E2D15E
06F2493C
026178CC
03B0E496
06B1E898
0932C09C
08A2687C
0F63D4D8
1A66C185
1A37199A
1AB659A4
18C6159E
17457175
16655D76
1745D1A4
182675C6
16D5C9A6
19F689BE
1E6779FB
1DF7F1EA
1A86B1D5
0DE3A550
05A26109
0842914E
08227161
08933D66
05720926
07A25926
0963995A
0E644184
1284D19D
12746194
1244F1A1
1295599C
1154816E
0D530914
0A62B0AB
0F339CC6
18450106
1845790E
18858916
17A53108
17755937
1915CD44
11E410E0
0F52749E
0EF3D8CC
19961174
1EC771E1
1F87E9EA
1EE7E9F8
1EC7B5EC
1ED789E4
1F37C1F4
1EE7E1F5
1E47A9E4
1EE7A9E7
1F27CDFA
1F67C1F1
1E77A1EE
1E87B1E8
1F57E1EE
1F07B9EF
1E6791ED
1F07BDEF
1F57E1EE
1E87ADE8
1E87A1EE
1F67C5F5
1F57C9EE
1E47ADDF
1CC769CD
1C46B1A0
1D77899A
1D874982
1D87197E
1CE6995C
1B26514D
1E2761AC
2047E1FE
1EA7B5EF
1E6791EE
1F47B9DF
2077D1C7
1D86F999
18D5F941
17A57937
1845E13E
1A45F961
1B767165
1925C55A
17454133
19E5F147
1B76493A
1AE6312D
1C063926
1B45E91E
17B53100
18E58906
1D268930
1BC62530
17E51116
16253D42
1304A150
1164D15D
1074F167
0F04B985
0EA501BD
0E44F1B9
0E5509CF
0EC561C9
107539DA
0CC43DA4
0762B14F
05A1F510
0011F8D5
05C29CAB
1206D934
0BA374B8
0582685A
1063F4DF
1B16717A
18A5E56A
11F3E908
1243D90A
1424E128
1785F168
180691B1
15E5D9A2
19B6F1D4
1D678DEC
1F9741E6
1A46A5C4
0EA3D151
06E20917
05024930
07E2AD39
09331935
07026D28
0492290A
07C3353D
0EA40969
10C41D8A
0D438170
10443D79
192631CA
176625B3
0E639146
0CA2FCD5
123490DF
16055D01
1624B0DF
16C4E4E3
17E510E2
18A54D05
184538D4
146424D5
0ED3989B
0FE35CC5
16954940
1EE795CC
2107C1EE
1E47ADE5
1F07C1EE
1F87C9F7
1E97A1ED
1E67A9E6
1F47D9EE
1F27C5F3
1E6791ED
1ED7B9EE
1ED7B9EE
1EE7B9EE
1EE7B9EE
1EE7B9EE
1EE7B9EE
1EE7B9EE
1EE7B9EE
1EE7B9EE
1EE7B9EE
1EE7B9EE
1EF7BDEE
1EE7B9F5
1E5785E0
1D16D1AA
1D572DA0
1E37499C
1D86F976
1CD6B14B
1AB60140
1D271999
20B82DFA
1F37BA02
1F67D1EE
1E3779D4
1D16CD90
1AE5E13F
1935C92E
1A86416C
1D76B986
1A258145
17E51D1A
17B56915
1A75F53E
1CF6B965
1BD6A952
1AB6393B
1925A910
17C518DF
16444CBE
14B470A9
16A4E4D2
1A65B911
1B263D42
1B568953
16C5B538
1875F947
1465754E
12E52176
12C56DB6
0F1509B3
0EB51DBC
0F6549D2
0DB51DC0
0CB4419C
0A93AD84
0A03917B
0AC35D62
07D260FE
0772FCC2
094270B8
0BF27CBC
0B52F0D7
11B3D4FA
0F13B0F9
0D2268AA
0962004E
0E42D0A0
1965C15C
18064D94
14F55989
190679C2
1C8709F7
1CF751E6
1A1689DA
10A4215C
082278F7
06D23918
07929918
05D25508
062230E2
03524500
0463E160
0C046980
0EB38965
10C3856A
1084317E
177669C2
1B9659D7
14C4ED5C
1003F8E3
0FB458D2
1144D0D9
134498C6
1624D0C3
17C4D4D0
19D550EC
16E53CE8
1504C8D0
1293F4D0
13E500E8
1805A544
1DC751B7
1F17F5EE
1EE7B9F4
1EE7B9EE
1EE7B9EE
1EE7B9EE
1EE7B9EE
1EE7B9EE
1EE7B9EE
1EE7B9EE
1E47ADEA
1F47D1ED
1F47BDF3
1E7791ED
1EC7B5EC
1F67E1EE
1EC7B1EC
1E7791ED
1F47C1F3
1F37D1ED
1E67A9E6
1EB7A9ED
1F87CDF4
1F87B9EC
1DA749C6
1C96D990
1D06CD85
1D96B168
1E06F171
1BE6715D
1C06A57A
1DE751BE
1F27C5DE
1FA7D9F9
1E078DCC
1D7749C6
1E87418B
1EA78170
1B265545
1985E950
1B45C13C
1B460120
1C66693A
1DD6A956
1B261D27
17D53901
16C500F4
16D4E0E7
16E4C0D7
15F488B0
164478BD
16D4D0B2
1744ECE1
17650905
1905B10C
1B35F926
1BA66932
1A86092C
16856545
1124A157
0F84A97F
0FA519D3
0E6535C6
0CB4E1C9
09C3F991
0B2409A1
0D847DA7
0CF3B1A3
0AC31D5C
072288C5
0AC2C8F9
13B4F93F
1464BD53
0FE348D7
0D8308CB
0992A88D
0680F462
0B927891
1845E968
1996198E
14A55185
189699BF
1C6731E8
1E8709DE
1A2689BE
10D4395D
09829928
06726916
06A24909
056238F8
0502410A
00027112
000274FB
0E5581BC
14C5CDC9
1284999A
14651985
1795C17B
1524C144
1194191A
12E49D00
1064D8CE
0CA3A481
1234F0C7
17250CDB
1634B0C6
1AA5DD13
1EC7216F
19C65548
1624F934
1684E91B
1544C8F1
1A062967
1F7799E9
1F87E5FC
1ED7B1ED
1E47A9E5
1F27D1EF
1F67C5F5
1E8799EE
1EA7ADE9
1F57E1EE
1EE7E9F5
1E57A9E6
1EE799E8
1F87C9FA
1EE7C9F1
1E27A5E2
1EE7C1EF
1F87C9FA
1EE7A1EA
1E67ADE6
1EE7E1F5
1F17BDF2
1ED789E5
1F47D9EE
1F77E1E7
1DD74DB4
1CD6D979
1BF68968
1DD72177
1D56DD70
1C26B164
1BB6A57C
1EC759B1
1FB809DE
1FC7C1F0
2007E9DE
1E470199
1A362938
18D56105
19153D14
1C15D12B
1CC6914A
1DA6794A
19C59900
16F4C8C8
161474C8
15A4D8D9
17D524F0
177510E0
1684ACC2
1704D0C4
1724DCD0
1624D8CE
16A4A0CE
1684E8D1
185508D4
18E4F0CB
16749CC2
17B4F0ED
12B47D16
1444D960
11C539B2
0EE4F9C7
0C64B5C2
0A344195
0C045D9E
10D531DA
0E0489BA
0AC34162
0DE3696E
1134698F
18468DC4
1A4631C7
1635596C
12A50138
09E288BC
04818857
09A218B6
0FB4312C
13D5656E
16F53994
1AA6C5D2
1D46F9FA
1C773DDC
1B2681D6
11648164
0812A106
0712411E
05526912
05820106
05B230F6
04E2751C
0583A957
0F35ADB8
187651F0
1625D9B2
15454177
1253F912
0FD2E0B4
1493FCE6
1664F8FD
1324ACC8
1174B0C5
13D4C4D2
16C4E8D1
16747CCE
189510FC
1C86F976
1EF791E0
1E87A1B8
18757917
1393F0C6
1855E140
1ED799E2
1ED789FD
1F17C1F0
1EE7E9F7
1E87ADE8
1ED791E7
2348B9F8
1ED7C9F4
1E97A5E2
1EA7B5EC
1F27C9EE
1F27C1F1
1EB7A9EE
1EC7B1EC
1F17C9EE
1EE7B9EE
1EB7A9EE
1F07BDF0
1F07C9EE
1EA7B1EA
1EC7B1EE
1F27BDF2
1EE7B9EE
1EA7BDDD
1F97C1DD
1E6749B2
1C46B977
1B465153
1B064139
1C66855B
1C869167
1CC6DD75
1DE6F185
1C069576
1995C953
18457927
174530F2
1885310D
1A45B929
1CE6694C
1E06A957
19458D11
15B4A0BC
16C484C6
1724E0C6
1764F0D6
17D510E7
1784F4D5
1724D8CE
17A500D6
17B508E1
17A510E2
181528F9
188580FD
18C548FC
17E510E8
1794D8D3
18E58919
17D53123
1283E937
0D036933
0C63E17D
0BA409A6
0A43ED98
0DA459AB
0FE52DC5
0C6411B7
08226D49
0C03614C
19C681D9
20E79A07
1C2735D1
19B5E1B2
1685997A
0F73C923
086264DC
01A1A8B1
0561C4A3
0FA4C93D
17E645AA
1C06E9CF
1C0729D2
1CF6F9D7
196679B0
1104C96E
0922F530
0732D14B
0822D93F
06B24927
06A2251E
06B27115
0B83E167
1224F98D
13A58DA3
13B4E98F
12848942
12E438EF
164458F9
181508ED
184540F1
17A508E3
18058517
18C58124
176524FA
1664E0DE
1704C0F3
16750900
1A266155
1E8751B2
1AC64D43
16F580FA
1A86055B
1E4759D6
1F27C9F3
1F37B9EF
1EA7B1EA
1F07C1EE
1F27BD77
1EB7A8F9
1EC7B171
1F17C9ED
1EE7A1EA
1F27C1F2
1EE7C9F1
1E87ADE8
1ED7B1EC
1F47BDF4
1EE7B1EC
1E87ADE8
1EE7C9F1
1F17BDF2
1ED7A1E9
1EB7B5EC
1ED7D1F3
1EE7BDEE
1EE7A1ED
1F67C1E6
1DF741CB
1DB70DA0
1B466153
1A35F522
1CB6593C
1C969152
1A26293B
1885750E
176540EC
16C4C8E8
16C540EA
17C504F4
1955790D
1BE5ED34
1BF62161
1B66494C
1574B0ED
15C448C0
16E4D0C9
1784F4D2
1774E8D1
167494C8
16D4C0C5
1764E8D2
180518DE
17750CE4
188540F5
16F5590A
19658915
1424CCFE
16E4C0EC
139494F2
1614B92B
1163A0FC
09B168A1
0851A0E8
07D3214E
0B841D9A
0A7409A2
0C8451A2
0EA4A9B9
0B738D80
06F2C90E
10546D6E
1EE771FD
1E7805F6
1E3769EC
19F649AC
1795A99C
1435B190
0CF40135
0641E8C8
0301C08E
0952B8F2
1154694F
14C59D86
1655D9B1
1655B596
12F51173
0E23E148
0B54095A
0D146194
0D04419A
09832D5C
0622510C
08328926
0C43A94D
0FC49570
1164D985
1224BD68
11D47925
14648908
1A254104
176508E4
18D528EB
186534FE
19457137
1BE67968
18457931
1694D4EC
164508D7
160484DA
17955100
1A563938
1AE62138
19257526
1B86596F
1EA7A1E0
1ED7D201
1EE7BDEE
1EE7A1EA
26C9ADF2
1EF7D0FE
0F43DC00
1EE7B0F6
22D8B5F4
1FA7C5F3
1E6799ED
1E67A9E6
1F77E9EE
1F27BDF1
1E4781EC
1F07B5EF
1F77E9EE
1E87B1E8
1E8799ED
1F87C9F7
1F07C9ED
1E07A1E2
1ED7B9EE
1FA7CDF7
1EC7A1E8
1DE771D0
1E5789DA
1E07558D
1DA70956
1BC6412D
1945C914
17E530F6
170518D9
17E510EB
188548E6
188538F3
18D520ED
19A55D06
19853904
1BE6513A
1C76894E
170504F5
1544D0C6
1744E4CB
1804F8D1
17A4DCDB
168488D0
1704D4DF
1774E0D7
172514E6
1794D0DE
17655111
14747108
10238CFE
0DD36106
0F036908
0F84112A
0EC3D922
0FA41956
0F03D95C
09B3593A
0682A539
0883A986
0A83F192
0CB3F19E
0C23D58B
0682D14C
0A22F940
166651C9
1E480A05
20B799F6
1D8759E1
19C611AD
1726018F
12F51977
0A0320EC
0441B8AA
072144B6
07D2A0EC
0B833127
1165015B
12852189
13550168
11C4A976
0DD3D140
0CE3E962
0E441983
0CE42980
08A2F955
0702792F
08B32956
0D840D67
1184E179
12850D81
1295117F
11444532
13B4891C
19058513
1A257100
190550F7
17E530F2
1825410A
19559930
18857D1D
16F500FF
178530F9
18C57105
1A65C51E
1AA6091D
19A5BD3C
1A05F963
1E2729BE
1FE7C9EE
1E07ADE1
1EE7C1EE
1FA7CD7C
1E97A0F5
1E47A8EE
1F47E0FA
1F27C579
1E4789ED
1EE799E9
1F47C5F4
1EF7D1F2
1E77ADE6
1EF7B1EC
1F67C1F6
1EE7B1EC
1E77A9E6
1EE7C9F1
1F47C5F4
1EE7A1E9
1EA7B1EA
1ED7D9F3
1ED7B9EE
1EE799E8
1F27C5F2
1FA7D1FB
1E67B5E4
1D67019B
1A862138
185558F8
1644A0E6
15D520E3
17F51CEC
182548F4
181540F2
17C520EF
185558F8
18B550D9
18B530E6
1D56D950
1D570560
18F59109
16D4ACC8
17C4F8C3
1684B4D2
18B500EB
16C4F0FE
15E4D8E6
12443CD0
1384B8D6
115450DE
1254A921
0CF308F4
049110C4
0931B908
050118FB
08420112
06E23928
0B939174
127501E3
0CF4E5B6
06B2E150
0692954A
0A83B98A
0C544DA8
0A437963
0B32B146
10D47978
1A570DEE
1EB79A29
1E57BDF6
1D7741E4
19D691A8
16659160
0D23A8F2
0842B09F
0A3160A4
0FE288E8
12B39560
0DB3F976
13152594
1405A9B6
160605B4
16B639C6
14C595A4
1305218A
0E144962
0B43913F
09332D40
08A3193F
0B137D66
0D93E169
1104C97A
14F511B3
1485999C
0F63C119
11C3B0EC
17B5210D
18D57504
186528F5
17A4ECE0
17E500DB
178524F2
1945B911
1995C922
19C5F92E
1A25ED2A
1A95B917
18253118
19C6115E
1F1765CA
1F6799EF
1EC7D1EC
1ED7D9F4
22A8ADEC
1EE798EE
0F83D800
1ED7D0FA
26399DE8
1ED7A9E9
1F07C1F6
1EC7B5EC
1F07C1EE
1F07B9EF
1ED7B1ED
1EE7B5ED
1F07C1ED
1EE7B5ED
1ED7B1ED
1F07B9EF
1EF7C1EE
1EC7B5EB
1ED7B9EE
1F07B9EF
1ED7B9EE
1EC7B5EB
1FD7C1EF
1F07BE02
1C36D1F8
1825A967
166538EA
18653120
1985812E
1A05E52B
19557903
182540F1
170530ED
174530EC
17D59906
1704ECDE
187548F4
1DC6DD40
2046E166
1BA6352B
1754E0D3
1785410B
1845214A
18A5D15A
1695317E
1304ED45
10748158
0FC4A53D
10A4C16C
0DC4794A
08932133
030104EF
015148EA
0260ACED
0120C8C6
018090F8
01711913
07C3316E
0DB499CC
0783195D
04120916
09A35568
0C03F99C
0882553B
0B92F92B
19E669DB
20879207
1E07B9F8
1E7791F7
1BE72DCC
181609B3
11647D31
0AC308C1
092178A2
115280C9
1E2575BB
1A244987
16651D9D
18D631B7
18C689C0
1A76D9E4
19A6D9D3
191639EE
170665C6
1074D983
09631D17
07733924
0822DD2B
0802E13B
0BE32D2E
11248131
14E56976
1455616A
0CC30CEF
0C12B8B3
15849CEF
18F51902
17C540F3
17E520EA
18C538F2
196580F0
1985AD0C
1995A128
1985CD24
19B5A925
1965712B
1895691A
1D06C592
2047C1F3
1EC7D1E8
1ED7B9EE
1F07B9EF
1ED7B9EE
1EC7B56F
1EF7C0F5
1F07BD73
1ED7B1ED
1EE7B5ED
1F07C1EE
1EE7E1F3
1E67A9E6
1EE799E8
1F87C5F8
1EE7C1EF
1E37A5E2
1EE7C1EF
1F77C9F8
1EE7A1E9
1E77A9E6
1EE7D9F4
1F27BDF2
1ED789E5
1EE7B5EE
1EE7E1FC
1DE79DE8
1D1729FF
1EB715F2
1625494B
14344CFA
1A761157
1FC7A5C0
1D973998
18F5910A
181530D9
175504E6
175518EF
176528F2
1754C8CD
19B564FA
1F170958
1E675966
1D76C948
143510F2
1294C103
11748D4E
11748162
0E842D70
0CE40973
0CC41D8C
0BF4419B
0C8491A4
0B4449B5
08032570
03D1991E
02613512
01F118FA
00F0A0EE
00B0F8FB
0321191E
01A18929
06229D50
07C2F151
06324926
07D2F14A
0902C15C
06025913
1274A17E
1E975A06
1D5795E8
1D4729E8
1BD711D4
1A6659BD
1444F560
0B8350EE
0981E8CA
0982B0DA
16F4CD6A
203611CF
1DE6A5E0
1C66C9E0
1A96D5D2
1C3711E1
1A76E5D0
1AE659CB
15C5EDB6
12952192
0CA3D54A
0852C0F5
060228EE
0772D110
0BF3413C
0C93311B
0F53AD0A
11D40930
0E83E10E
0A32A0AC
0E22F0B6
13E490DD
1504BCDA
193528EF
178530F0
17D518EA
189568FA
19D5B914
19A5AD18
1925A91C
1835611C
16E5711F
1AD6396C
1F8789C5
1F6801E6
1EE7E1F6
1F07B9F0
1ED789E5
1F07B9F0
1EE7E1F6
2278A9E8
1EE799E7
1F67C5F6
1EE7C9F3
1EA7A9E4
1E47ADE9
1F67D9EE
1F67C5F4
1E7791ED
1EC7B5EB
1F77E9EE
1EC7B5EB
1E6791ED
1F47C1F3
1F47D9EE
1E67A9E6
1EC7A9EE
1FA7C9F8
1EF7B9EE
1E47C1E5
1F97C1E3
1BE6A5AA
16B5495F
1885415C
1B465163
1E674DB8
214789F3
1D47097D
18D550FD
18450CED
177500DE
174508E4
173500F6
1765290A
1855192E
1D06F164
2017097E
1C671563
14C59116
08424CCA
02E1A8E8
04C18906
03A16103
0361892F
0371812E
04421152
04F1F93E
0442214A
0431C137
03C1A537
02E15916
0261210B
024118FF
03614516
03917914
02A10D15
02F140FD
06424941
07C28142
0681FD29
05D26102
0DC3D560
18E691CF
1CA799E5
1D6711DC
1BE6F1D7
1BE669BA
1685717F
0CB310D2
090194BC
0952C0D5
1304E163
1C9721F1
1E2779E3
1E778221
1D4749EE
1D8721ED
1D67ADF5
1B8689E4
16E5E5C4
1024918B
09C32136
07A2C11B
08E2C131
0742A110
08A2A118
0DC3F96D
12A50578
14C5316D
12C4FD4E
0EB45921
094258B8
0AB2C8AB
10C3B0A9
119388A7
13A3F8CC
1654E8DD
180560F6
1A05C917
19E5C51B
19359119
19459D20
1775B918
1865E94D
1CD741C2
1F67F1E2
1F97D9EE
1E47A5E3
1EB7A9EC
1FA7C9F8
1ED7B1ED
1E47A5E4
1F27D1ED
1F67C5F4
1E8799EE
1EA7ADE8
1F57E1EE
1EE7C1EF
1EC7B5EC
1EE7B1EC
1F07B9F0
1EE7B9EE
1EC7B5EC
1EE7B9EE
1F07B9F0
1EE7B1EC
1EC7B5EC
1EE7C1F0
1EF7BDF0
1EE7B1ED
1F17C1EE
1F17C1F1
1EC7B1D6
1B86E17C
15E4991A
1995C144
1F177DD2
2037BA06
20B83DF0
1D97599A
1895590C
183530D3
16B4E0D8
17A4F8E4
117434DC
100418C3
0FD3D4F4
1595813A
1AA6F174
1DF689A8
1424FD26
05C1D8C7
0540FCEA
000138F3
03414D1A
00F18929
03819538
01E1D93D
03C1C132
0191A92B
0331892A
0391A927
02F16D20
00718124
0401952C
02217921
0371711C
0101A123
04419134
0322193F
08224946
06426920
0EE4396E
18B659D2
19D719CA
1B96E1D6
1AC699C2
197661D2
177629AE
0D743922
08C180AC
0A22B8B4
1525557C
1D2739F8
1D27DDEE
1F7789FA
1D6745EC
1DB701DF
1C678DEE
1C775A03
1395299C
0D83D151
0B23555C
0632F13C
06A27932
07A2C133
0AD31150
0BF37155
10D4A57C
14A5319A
13A5597A
11E4F98A
0F24694C
09C250A9
0A120C7A
0E63409F
0C221072
0851A043
12B408CC
19A5C13E
1A860126
1975911A
19156D16
1825990F
1835C13A
1D2729A5
20884DF0
2087B1F5
1F17CDEC
2047C1EF
1EF7B9EE
1EE7B1EC
1EE7B9EE
1EE7C1EF
1EC7B5EC
1ED7B1EC
1F07BDF0
1EF7C1F0
1ED7B5EC
1F67C1F1
1E87A1ED
1E87ADE8
1F37D9EE
1F07B9F0
1E8799EF
1F07BDF0
1F47D9EE
1EA7B1E9
1E97A1ED
1F47C1F3
1F07C9EF
1E67ADE7
1F17B9EE
1F67CDF6
1F9779DE
1DC721A4
1A663158
1C669DA1
1EB799FA
1EC7D1EC
20B7D9ED
1E8779AB
1AB60953
1845390D
1704E0D9
1544FD17
0DA378F3
04C158A0
006170AD
0962B0D5
1886196C
1D67B9A2
18F5A138
0D22F107
04017100
03C15901
03E1B125
03A1A127
0381B932
03E1C520
0491F91C
0441D526
03A1B92D
03416523
02D198FD
0401E921
05A2412C
06426943
06826135
06427D43
05D23939
05A1D525
0532310F
0E640563
1A46F1EE
1DA81A05
1DF771EF
1AA6B9C6
187621A7
180659B6
13B5B180
0B832503
0A035106
15455582
1D7751FE
1DE7F9F4
1DE771EB
1CE731E1
1C7709F3
1D47D60D
1C7739F6
138561AB
0A93594D
0842793E
06F2C92D
06E2B54E
0682D15A
06623531
0AF2F13A
1164716B
11F40121
0EC37506
0D1328C4
0EE3FD17
0FA40938
09E240C8
0821A85A
0BA25088
0781E073
08C1BC6C
1364C0E2
1A062133
1AA5A11D
19057115
178560FC
19C5ED44
1D16F9A3
1F07C5C6
1FB7D9D0
1E4761CE
1E77A1E6
1F676DE9
1F07C1ED
1E67ADE6
1EF7C1EE
1F67C5F4
1EB7A9ED
1E87ADE8
1F37D1ED
1F27C1F2
1E8799EE
1ED789E7
1F67C9F6
1EE7D9F4
1E37A5E2
1ED7A9EB
1FA7CDFC
1EE7B1ED
1E37A5E2
1EE7D1F2
1F57C5F6
1ED791E6
1E97B5EA
1EE7F1FB
1E17B1EE
1E6761DE
1FA7FDF0
2177E1E1
1D0711AA
1DD719BB
1F37D1FA
1EE7C1F7
1EC7D1E0
1F77C9E6
1E47219A
1835392A
1113F4D4
0DD370F2
0A22B50A
01A170D6
04C138E8
02E198BB
0B8360FE
1295395B
1194D118
1233D926
0AD2A932
05B2611F
0381C122
03319918
0441D528
0401A10D
022140F4
03B1B918
0571D938
0351A911
0913254C
0F94A997
0DF48D82
1074A97E
0EA4918A
11C529A6
0EF49190
0E041142
0F03F958
17B611A8
1B5765E2
1F575A06
1CA755E6
197679C0
182635AA
17461992
13456578
13C5A984
18F675CE
1CF721EF
1B774DDE
1C4709D6
1C3705D2
1E0711E5
1A4715EE
1706C1F1
1064FD9A
0A739962
0BD38988
08335970
06B2BD50
0712D960
0963197E
06F2C149
0EA41962
1405196A
0F9390EC
0C433891
0D12CCA6
1254D136
11846932
0931C897
0681085C
0721C05F
0C529CAA
10E3F0E7
1565651A
19D5C93C
18D58918
17C568F6
16E53110
1CC6E994
219849F8
1E5769DD
1A56758A
1A262994
1DC6ADC6
1C1629BB
1F0771EA
1EE7F20E
1EC7B5EC
1ED789E4
1F37C1F4
1EE7E1F5
1E47A9E4
1ED7A1E6
1F27C9FA
1F47BDF0
1EA7A9EE
1EA7B1EA
1F37D1ED
1F07B9F0
1E8799EE
1EE7B5EE
1F27D1ED
1EA7B1EA
1EB7A9EE
1F47C5F4
1EF7C1EE
1E67C5ED
1D67B9ED
1C06F5BF
1CC779D0
1E8765CF
1E97B9F7
1DE791E1
1E0799F6
1EE7D1F3
2027D9FC
1EC7C5C1
1CC6C191
1885D13F
103488E6
07221CCA
03B1F10E
0541C11F
0521D91D
05618101
0431F0BA
07424CA8
113420D3
12C4AD62
09E21940
04018512
02F19124
0381B91D
0441D121
03C18D0F
02B168F5
0381710D
0351E931
0922E942
12D569B7
16E691D6
172611D2
14453D98
139521A2
1605E5B5
1625B9DD
156589A3
1785E1C6
1BE731DD
1DF721E2
1D0721DC
1B46E1BA
1886299F
16061983
1545356D
1806298C
1C6741E6
1D17020A
1BC729E4
1B26D1D3
1B66E9D3
1D3711EA
1CC78216
15D629DA
0CC4798D
09A42989
0B23E9A6
0C0471C8
0AA401A0
08F3917D
0762B566
0652B953
0BE3A56A
13053193
1545A17D
1505394D
16055D50
1955D968
1805FD69
11C42129
09E228B3
04B1985C
0520CC32
08E1E081
13A4B104
1A45A141
1945DD2E
17959110
18257D33
1B769980
1EC79DCE
1FA799FA
1DC791D8
1BD739B8
19661995
1A869994
1F474DDE
2007C1EE
1E67ADE7
1ED7B9ED
1F47C1F3
1EA7A9ED
1E87ADE9
1F17D1EF
1F07BDF1
1E97A1EE
1EE7C9F0
1EB7B5EC
1EE7B1EC
1F17C1F2
1EE7C1EF
1E97B1EA
1ED7B9EE
1F17BDF2
1EE7B1ED
1EB7B5EC
1EE7C9F1
1EF7BDF0
1ED7AA02
1E4791EC
195649A5
19959572
1A058981
2047C1F0
2027C211
1F27F9EA
2027B9F2
20A839F2
1DF769B8
19E60D48
18D5692D
0E63A0EE
05F240EB
07725D4A
0682214E
08927958
08F2292A
0CD3212A
0BA3A114
0C2368CE
0FE3991C
09B27130
02B1B90D
0421E530
04D2092C
02A15D04
029138F3
03D18114
0491F90E
09629D42
10948191
14F5DDB6
16F5B1DA
17B5F5B8
14F4A984
14C4E17E
1325098A
14F5259A
15E589A1
19A685CC
1BE729F3
1B66C5CC
19E651AE
1A364DA6
190629A2
1835BD84
1645316E
1B6695BA
1E5741ED
1CB731DA
1C0719DC
1C2731E6
1D3731FA
179639D2
135561B3
0EC4DDB2
09F479BA
0D24D9E6
0C54B1F0
0C24A5E0
0B0419CD
0A83E1A4
0642D153
0B138D70
1164F194
13D58998
17E611B1
1A76F9D0
1E175A0C
1D77A5EC
1735C19D
0E938908
0861F083
0621706A
04F17829
0671043A
101388AB
16D5911E
1BC5A141
1895C130
1AF61173
2057DDDE
2027B9FE
1ED7E1EA
1F77B9FB
1DF785DE
1956498F
1A16859E
2057C9E1
1F97E1F0
1ED7A9EB
1EE7B5EE
1EE7C9F1
1EC7B5EC
1ED7A9EB
1F17BDF2
1EE7C1F1
1EC7B1EA
1E47ADEA
1F67D9EF
1F67C5F5
1E6791EE
1EA7B1EB
1F67E9EF
1EC7B5EC
1E6791EE
1F47C1F4
1F37D9EF
1E47A9E5
1EB7A9EE
1FA7E1FD
1FE7B9ED
1BA69995
17B5891E
1A458957
1BD69977
1CC6F984
1E675995
1D26F989
1C86A983
1AE64D53
1A457911
18C58936
1003D900
0722250B
04C22956
0662154C
08727164
0BE2C135
10536914
15455D40
13D4990A
0A62C4FC
0411C92F
0361811F
0401C13A
03A19D1F
021130FD
02E12D0A
0451C925
06A1C91E
0C02D138
156569A1
1825D990
1645C998
195689BA
1A066DC6
17B6019B
13E50580
1234B977
1645A9B2
196649CA
1A26D1D3
1A96A1CA
1B26B9CB
1C2709CA
1CE721CB
1D6751C9
1D8719D6
1D9769E3
1D474DD9
1D3751E4
1D277DED
1DD73A07
1AA70E0F
117531CA
0B43E584
0AB4A19F
0B2449B4
0B6489C8
0B6491D6
0B3449DB
0B4469BE
0944218D
09035D57
0E44D990
1485A9A7
16F609B3
1A06C1D2
1E278208
1D87D1FF
1C0699D6
1605816C
0CC370E4
06E1B4A4
0691F07D
07419C6F
03D0F049
08E1DC65
112428D4
18259926
1C86C159
1CA6D979
1D8739BB
1E6799B9
1F87A9D8
1D2721A7
18C65174
19463985
1C9769D1
1E47C1DC
1F27A9F1
1FA7CDF9
1ED7B1EE
1E47A9E4
1F47D1EE
1F87C5F6
1E8791ED
1EA7A9E8
1F67E1ED
1EF7E1F4
1E77ADE8
1EE7A1EA
1F67C9F8
1ED7C1F0
1E47A5E4
1EE7C1F0
1F47BDF8
1ED7A1EA
1E77ADE8
1EE7D9F5
1F17BDF2
1ED791EA
1F9801EE
1EA7A9B7
1945D13A
191588FC
17850D04
1885990B
1965990E
18F5890A
18C57914
17E5E91F
17F5550E
1865613A
0ED38112
06423906
06D2595C
05C22153
09428D56
0AF268F6
0B82D8D4
1524A12B
0B7304E8
060200EB
07224144
05920945
0461AD2A
02413107
0301210C
0441911D
09829D46
0D82B132
1414C964
1D5601A8
18C64D8C
1936519F
1A56A9B8
1D96D1C4
1A36D1BE
19C6B9BC
18E671C4
1AB6F1C9
1A36E5D4
1B9759E3
1C073DEA
1D4779F0
1D7785F4
1EB781F3
1E479DEE
1F9761EA
1DE771E8
1DE751E6
1DB7A9EC
1EF78208
17563DD4
123529BA
0F44C1D2
093461BC
0BC46DBA
0BA431A6
0AB435A8
0B64B1CE
0D150DE6
0B94C1AF
0B241976
0EF4B971
13254594
1835F1B5
1A3685CA
1B36C9E4
1C9771EE
1C4721DB
1A4689A8
197679A2
0FB43524
06F21093
07E2249C
0A1270B0
09520894
04415049
06810846
0D32688C
17359D28
1C962973
1B868960
1CC6F18E
1C96D186
18E6013B
1645091C
1A96696C
1F27D9DE
1F57DA02
1F77D5F0
1F6791E6
1F37CDF0
1EF7E1F5
1E97ADE8
1EE799E7
1F67C5F6
1EE7C9F3
1EA7A5E4
1EE7B9EE
1EE7B9EE
1EE7B9EE
1EE7B9EE
1EE7B9EE
1EE7B9EE
1EE7B9F3
1EE7B9F7
1EE7B5F3
1EE7B9EE
1EE7B9EE
1EE7B9EE
1EE7B9EE
1F77B9EE
1EC7B5C3
1D771991
1A861D50
1865A10F
19055D0D
190588D9
19053CFE
187570DF
18C5A118
1B85C93C
1845754F
0D23210E
0561C516
04622959
0561FD4B
0602314D
0962A52C
0E83911F
0E038D2F
080218F5
05219912
06722955
05A1ED35
02E120F5
0280ECF7
02D1410C
05C1BCFC
0952A90F
0FA38111
16856954
1BC6A986
1EA759F6
1CC761C2
1BA6E1C8
1BE6CDBD
1C4711D4
1C8749D2
1C8731F0
1C0721D6
1BF709DE
1C8739E0
1CB729EA
1D0759EE
1D8759F5
1E078DF7
1E0781F3
1DC779EE
1E0781F9
1E67DDF6
1EF791FD
1A46BDE3
114501A0
0B036178
08C3D199
0A4425AB
0CB481B3
0E64F1CE
0D74D1B9
0B8499BA
0AE4A1C7
0AC3D974
0E84A96F
1505C5B4
195611BE
1C26F1DF
1C16B9CD
1BC705DA
1C4739E9
1A8699C7
1C1691BE
1D8795DE
1585D986
088258C1
0722A0B0
0AC2D4A9
0811E082
0440A03F
00009000
06010054
13A52111
1A268555
1B861938
1A25F944
18B5B12C
18A57931
19B5F93C
1C46B584
1DB701A9
1E0751BB
1E8779CB
1EA781D2
1F07B9E5
1EE7BDE7
1EE7B9EE
1EE7B9EE
1EE7B9EE
1EE7B9ED
1EE7B9ED
1EE799E9
1F47C1F4
1ED7D1F2
1E67ADE6
1EF7B1ED
1F47BDF8
1ED7B1F6
1EF7CDF8
1EE7C9FA
1F17B5F4
1EE799E7
1EA7B1EA
1EE7E1F5
1F37CDEE
1F0791E0
1EB791C6
1C46D99B
1B064166
1905D129
17E52102
188570F7
1905A514
1A865158
1C065966
18157974
0E436534
04F23114
06125D5E
05E23952
0642254A
07825946
08C28D38
07322144
09828D58
0652295E
06421948
02D14904
00C08CD8
02D128E5
0541B510
05E1F8FB
05314CAE
07A1085B
0821445E
0EB2C0C4
18D5C982
1EC739FF
1BF72DD2
1A7659A7
1AD655A8
1BD6D9C1
1BF6F5C8
1B96C9C5
1CA70DD4
1D3741E2
1D8761E8
1DC771EE
1E1785F4
1E7799F7
1EE7C9F6
1EE799F9
1D67A9F4
1D0751F0
16E5B9A0
1134A984
109455A0
0A63C182
0BB431A6
0C34E9C1
0CE4CDBC
0F9509CB
0E4521CC
0C64B9B4
0E7485AA
1054D18D
1545BDAA
1A46B1DD
1B8709E0
1D9711D4
1B56C9C0
1C9729DB
1C0701E2
1A66A1D1
1D8745EE
1EB78230
18E6A1C4
0B52F0E6
08D1B488
0942587F
0701B06A
0581605B
06610462
04011051
0DC32CCA
15450927
17E59D18
1B45A123
19F5BD30
1BB64156
1C768176
1B06B17B
1A863D72
1BC6B17D
1D16E99A
1DF739B6
1E175DCC
1EB791E1
1F47D5F4
1EE7D9F4
1E67ADE6
1ED7A9E8
1F07C1F6
1FA7C9F3
1E6799EE
1E67ADE7
1F77E9EF
1F27C1F2
1E5789EE
1F07B9F4
1F77E9F8
1E87ADED
1E8799EE
1F87C5F6
1F17C9ED
1E27A5E3
1EF7B9EE
1FA7D1F0
1EE799E0
1D4749C0
1C9701B3
1C66C990
1B56A979
1CC6D97D
1FE7899E
1E273582
1C85F949
1985E177
0E83B142
0581F927
04C26163
06224D5E
05822153
05620545
05822133
0601F537
0742494C
06C2454A
0441911C
02A13103
024140FE
02E1250A
03A16919
05C21116
076238FA
04810092
01D0C800
04402C4A
0981E89C
16C58587
1F2701E4
1B86B1C5
19861190
1B66B5C2
1C8709D2
1C06F9D0
1CB729D9
1E0781E8
1E9799F7
1E478DF0
1E4791FD
1E67ADE2
1ED799D6
1DE7C9ED
1BF6E9E6
1645B9AA
10D45956
10A45977
0F44618A
0E442591
0D54998B
0C8495A5
0DA4D9CB
0EE52DCF
0E6529DB
0D040D8C
118501A0
1AE6E9F6
1E0741F1
1C4749E4
1BC709EA
1B86D9D2
1C06E9C7
1CA719D5
1BF6D9CF
1C6701E1
1DA759F7
1D87ADF5
1E0721E8
1384A93C
0621684C
06A1546F
0A42A0AB
0C4330C6
0CF308DD
0AC26CB6
08520069
0E62DCA0
168538D7
1B05C936
1EA6A16E
1F27359A
1CC67194
1B067588
1B968986
1CA6B595
1CF6E181
1D8711B1
1E5751CD
1EE791E8
1EA7A1ED
1E47B1E6
1F47E1EE
1F27C5F3
1E4789EC
1EE7A9EC
1F17C1F2
1EE7C9F1
1E97B1EA
1ED7B1ED
1F37C1F4
1EF7B9EF
1E87A9EA
1EE7C1F0
1F27BDF2
1EE7A9EB
1EC7B5EC
1EF7D1F2
1EE7B9EE
1EE7A9EA
1F17D1F0
1F57C9F0
1EA7BDEA
1F97B1EC
200811F2
2167B9EE
213865E8
21B7A9B0
19A63950
1B865985
10C48D6E
06C2A131
0632455C
05A22956
05B23160
0512295B
06A26D60
06F27157
05721934
0521E918
02A1550A
03B1D126
0411AD2C
02810107
03A16524
0662415A
09A3195A
05F1D0E2
01805858
0240D020
04C06852
0C8320F0
1AA6D9C4
1D872205
1BD6E5C6
1BE719D4
1CD75DE2
1C3711D4
1BC6F1CC
1CE739DA
1D7769E6
1E0749E7
1E0785EA
1D3769CA
18C6A592
1956C1B3
1555C1A6
0DA4A15A
1184C180
148609BD
12A519A0
11049980
0F14B98E
0D6499A9
102549CE
0F94E9CC
10A4A9B8
1024A197
17E62DD6
1EA75A0B
1CB74DE0
1C6709E4
1B56F1DE
19C669BF
1B26D1CC
1C4721DA
1C06FDD2
1CE729D7
1CC739E0
1D3751F2
1D87C9E6
1AC6817D
09E23094
0511A846
0BE364E4
11F4291D
0F742104
0E1410F7
0D22D4C8
0C62E8A8
117374C4
12D3A0E3
1935594C
1D16A9A7
1D875DC0
1E5799E0
1E9791D2
1D1711A6
1B46898A
1CC701AD
1EB77DE0
1E0771E8
1EC7ADEE
1ED7C9F3
1EA7B5EA
1EE7B1EB
1EF7BDF2
1E87B1EB
1F27C9EE
1F27BDF2
1E97A1EE
1EC7B1EC
1F37D1ED
1EE7B9ED
1EA7A1EE
1F27BDF1
1F27C9EE
1EA7B1EA
1ED7B1EE
1F47C1F3
1ED7B9EE
1E87B1E8
1F07C9EF
1F27C9F4
1E97AA15
1EA83E0B
1F27D22D
1EE81A05
1EF79A08
1EC7C5D8
1DE741B8
1986B1B3
122529A4
0902F15A
0442314E
05620558
05422960
05621D58
0642395A
06C27556
05621938
03A1A125
03D1C130
0461ED34
03319928
02610D22
03919936
06623D54
07F26963
07225124
06F200E9
06416495
02415859
0801EC92
1535896A
1DE7DDD2
1EE779EE
1B46F9BE
1B8711CB
1BE715C7
1A96B1C0
1AA6B9BE
1C2701CD
1CC709D6
1C06E1CE
1AE72DC9
1846899D
12C5096D
0EB4B958
0E642D4B
10D4C172
13E56D9C
1475199A
16C61DBF
15D649C0
0F852592
0DE4C995
0DA3CD6A
0EF3F155
18E63DD4
1EE76206
1D8791F1
1C6719DA
1C472DE1
1B2749E4
192685CB
1A2701D3
1C0729D8
1C4721DC
1C4719DA
1C9721DC
1D2749E6
1FA739E7
1C2739B4
0F244911
05A16089
095318BF
0EE3A0EC
0C42D8BB
0E23A0ED
13C4D959
1745B968
17C5C962
1404A93C
11849141
1705997E
1D5751E4
1F2825F5
1FB7CA01
1E87A1D3
1D4759BF
1D271DC3
1D9779DE
1E67A5E5
1F27C1EC
1F27BDF1
1EB7A9EE
1EC7B1EB
1F27D1EE
1EE7E9F5
1E57A5E6
1ED799E8
1F97CDFA
1EE7C9F0
1E17A1E0
1EE7C1EE
1F97CDFA
1EE7A1EA
1E67A9E6
1EE7E1F6
1F27B9F2
1ED781E3
1EE7B5EE
1EE7E9F7
1E87B1E8
1EE791EB
1BF785F6
19F779EC
14F645C4
16A671BE
15B619C2
1655B9B6
15A5F5B0
12C531BE
1024E5A8
0AA38981
07828966
04F23950
06124D66
0612415D
05E23552
05D2314B
0431CD38
0321B93C
05A23D5C
05022159
03116D24
0250F915
0551E552
06323168
06B26160
08127168
0C937156
08A1D8D7
0571106E
0731E84F
0EB3A4D4
1E2719B0
1E07DDDC
1AF6C1AE
19764D96
1C4719B7
1AE6D9BE
193699B0
1A366DB2
1C0699B7
1A86D5BE
1786A1C8
1755ED9A
1464E95F
1675E192
17C6A1B8
14256578
1305215E
17B625AE
1CE6F1F3
16B6C5BC
1014E16B
0AA34530
0B5378FA
1294CD6C
1DF751E7
1DA7ADEA
1DC769E9
1D2739E0
1D3741EF
1B1721E6
199651C1
1A76E1D6
1C4729E8
1C672DDE
1C3719DB
1CA729E0
1D0741E6
1D5765E4
1CE72204
1635AD84
076200AC
06B1408A
09729084
0D930CC8
1685715C
1D979DCC
225731F0
1BB739C0
193649A8
13F51986
12F50964
180649B2
1C4741E5
1DA7B5E6
2107E9FE
1F87E9F0
1E4759D5
1DF781DE
1F17E9F1
1EA7B5E8
1ED791E7
1F77C5F8
1ED7C9F4
1E97A5E2
1E67ADEA
1F47D1EF
1F47C1F3
1E8799EE
1EC7B9EC
1F57E1EE
1EC7B5EC
1E7799EE
1F27BDF2
1F27D1EF
1E67A9E7
1EB7A9ED
1F87C5F6
1EF7B9EE
1E67ADE5
2097C9EC
1F27D9FE
16A601B7
0D644D84
0933D177
0AA3C57E
0C34718A
0DC4719B
0E7509A7
0E04D1A4
0FA509B8
0D8489B5
08A32979
0602555F
05C26168
06C27566
06023954
04C1E540
0391C932
0401D94A
05522161
05A2414C
0451F128
03A18531
04B21150
05E23157
0672395D
06620D1F
085210F7
08E1F0AE
05F1304A
06C0F450
0AD23072
16A57953
1F1711E8
1BE6FDCA
19C62191
1A4661AD
1A0681E8
18C6C1CA
1A1659EE
1C2745DE
199691BC
1385294D
13650947
19C5E58B
1E06C1BB
1CE785B9
16A5C18A
1424F156
19B6A1AE
1CE79DCA
17764994
0CC3DD3F
07435138
0E23C950
183681C1
1DA7BDED
1E7759E6
1D8749E1
1D7749E2
1DC791F2
1B5761E7
17E63DC7
1976F1D2
1C4735DA
1C772202
1C471DDC
1C7721E0
1CC739E3
1CE731E5
1C4769DE
1A06D9D0
10E44D5E
08931107
0C62D8EF
15955969
1D071596
1FE6C1B6
1B256534
1434592B
1364FD56
1364F9B4
13451D8E
144581AA
16A609A0
1A46B1B9
1D876DE3
1F87B217
1F87F5F7
1EC7A9E8
1E67A9E2
1F37C9EE
1F67C5F4
1E9799ED
1EA7A9E9
1F47D9EE
1ED7B1ED
1EF7BDF0
1EE7C1EF
1EB7B5EC
1EE7B9ED
1EF7BDF0
1EE7B9EE
1EB7B1EC
1ED7B9EE
1EF7B9F0
1EE7B1ED
1ED7B5EE
1EE7C1F0
1EE7B9EE
1ED7B1ED
1F77D5EC
1E679A02
12D50D92
06335153
09D36D9C
05E34990
09A38D92
0973B192
0C1459B0
0E0501CF
0E2539C6
100509D7
0B9439A8
08130972
06E28166
06325156
0511FD4E
0401D93C
0451E946
0422395B
0612756C
04A2715E
0481E52E
04219921
0461D93E
05220958
07927D5C
04B1C0E7
0380BC7C
0551C86D
05C0F040
0480E016
0700E452
0C6328E9
183635B4
1D670A0D
1B66ADC6
17D5E998
16259DA0
14C679C4
151615D2
197659A9
15F5D56A
16C5814D
1494F938
1804E91E
16954D4A
18E6798B
1885ED72
17B53954
1996557E
1B863191
10945126
09833107
0F33BD76
11649995
19A6D5DE
1DB74A0B
1D9741E0
1D6739DE
1D7749E0
1DD74A01
19B6D1DC
15152189
189649B8
1C0709E5
1C3689D8
1C6719D8
1BF70DD8
1C6721DF
1C672DE2
1BE709E6
19C6E9D2
19E631D5
1815B9D2
149521AF
1B36ADC6
1B65D988
18C398C2
19025039
0DA11046
0BB370DB
14559592
173599B8
15A5AD98
1655898A
1625D186
1A95C18A
1CE6F1C6
1E17B9FA
1E27CDEE
1ED7B1EC
1EE7B5EE
1EF7C1EE
1EC7B5EC
1EE7B9ED
1EE7BDF0
1F87C1F2
1E6799EE
1E67ADE7
1F57E1EE
1F07B9F0
1E5789ED
1F07B9F0
1F67E1EE
1E87ADE8
1E8799EE
1F87C9F7
1F17C9EE
1E27A5E3
1ED7B9EE
1F87C9F7
2137A1EC
1E27A5EF
12652171
0822DD5C
0643618C
07A32982
07B3416D
08432981
08335983
0AE415A4
0DB4D1C2
0E0531C9
0EC501E9
0A23CD94
05B2795A
0562094E
0461F94D
05020552
05424950
05A26D63
0742A970
07830965
05E25929
0441D533
0452093C
05220D4D
0632195C
05819CFC
05C1407E
08E27894
08F1D079
06012C59
01B0E030
06E170A3
12B4A975
1BA749FA
211701F3
1945F598
0CA2B8CD
09026919
0AB2F171
0DA34926
10B3C0CF
15E51938
1875A16A
1404A948
1093F928
1364C929
17056955
1A463587
1D46A993
18A5D164
0F4410FA
0A02890D
0BE3815E
1685BDB8
1DE749EC
1DA779ED
1D9741DF
1DC759E3
1D7751E5
1CA769E9
187719D2
12E4F180
1816319D
1C0685C7
17F4A98A
1B663DD1
1D96E1CE
1BA6EDD2
1B9701D6
1B86F1CF
1DC719D6
1C86F1E2
197571CD
1A4635C8
1CC5B9B0
16A47D0E
1711B047
1D0314D2
0CA06000
03E0281E
0C72E0E0
11040116
0F7360F5
1104111A
1595696A
13C4452C
11F440D9
19662D71
2007B9EE
1F87EE00
1EA7A1ED
1E67ADE6
1F47D9ED
1F27C5F2
1E6791EE
1EE791E8
1F67C9F6
1EE7D9F4
1E37A9E4
1EC7A9EB
1F87C5FA
1ED7B1ED
1E47A9E4
1EE7D1F3
1F57C1F6
1EE791E6
1E97B1EA
1ED7E9F7
1ED7B9EE
1EF791E6
1F97DDF4
1EF7E21C
1435E5B4
08A3B165
09637992
07E3597E
07030972
0763397C
0853358A
0753397D
0983B992
0B5449BE
0BD491BA
0AA3D998
06026D52
05424143
06A2756C
06326159
07129D64
08F36986
0BD461B0
0CA4A9BA
0712FD48
05320117
04E20544
05B24157
08D2CD64
080248FB
0BE3A0F2
12F5493C
0AB320B4
0681B043
01801842
0361908F
0DB3F564
1475A9D0
1A8739DA
1B26A99F
0A4254BE
046270E2
0EE38970
04D180BF
04302846
0AB248AD
1134192A
0FC3C13E
13E4E55E
15659166
13447D1C
15C4C933
17856D60
1584B154
0F63DD22
0A836102
11A48576
1B36A9D6
1C7749DE
1D8731E5
1D773DDE
1D9741E6
1C971DDA
1AF6B1EA
171631BE
11244141
1605356A
1C0701D4
1C8685D6
1A0681C2
1B06A9C8
1B66D1CD
1B66D9CC
1B96F1CC
1C5721D0
1D8729C5
1A563D9C
1BF67192
15A5C966
10B4A8FD
0C713048
0DD07800
08A03C1C
0030801A
03C08C2A
05F11039
0650A83E
05E1488D
0CB280E0
04B1A069
0BA23882
19767973
20480DEC
1EE791FC
1F47C5F4
1EF7E1F4
1E57A9E4
1EE7A9E7
1F17C5F8
1F27C1F0
1EC7B1EE
1EC7B5EC
1F07C9EF
1EE7B9EF
1EA7A9ED
1EE7B9EE
1F07C9EF
1EC7B5EC
1EB7B1EE
1F07B9F0
1EE7C1EF
1EA7B1EB
1EE7B9EE
1F27BDF1
1F47B1EE
1EC82602
19A759F4
0DC48D86
07A39973
08835182
07F35983
07C34587
07A3498A
07831583
07933170
08235D88
08E3597F
0803357F
0692A962
06A29164
06B2B170
0782B16A
08A31171
0D0475AE
10D511E1
0E4525AA
0A73D971
0602694C
04B25159
06423131
05D23913
0922A0DD
107400EB
11247CE2
0B2278AA
05A14890
02A1308A
0742590B
0A33B172
0C23ED6A
1575B1A8
1986C1BE
14650974
0B832508
077280DC
06812CB6
05518072
088210C2
0922A8CE
0A0270D8
1043E913
1484ED47
139428FF
12C44924
13847129
13C47D3B
0F147922
0BC3511E
13053196
1CE745E5
1F3731DB
1D6739DD
1D3721D9
1C8715D4
1B26D1C5
19C6ADC8
178681B4
1244614E
12F4A934
1C06D1A0
1E070202
1AE6BDCB
1AD6C1CC
1B86D1CE
1BA6E1CA
1BE6F9D3
1CD709D9
1C4711C6
1BB671AC
18661588
1124794F
05E1C079
00408020
02800000
0250781F
0280741F
02F0A000
0320200A
0300A000
03000030
0020A810
06E1B890
15257927
1E479DC6
20F7B9EE
1F27C1F2
1ED7B1EE
1EC7B5EB
1F07C1ED
1F07BDEF
1EB7A9EC
1EF7D9F2
1E87A9E8
1ED7A1E9
1F47C5F6
1ED7C1F0
1E67ADE6
1EE7C1EF
1F47C5F6
1ED7A9EB
1E87ADE8
1EE7D1F3
1F17C1F2
1EE799E9
1EE7B5EE
1EE7D1F2
1EB7B1EA
1EE7A200
1BD791F4
171661DB
0DD46D90
0773916B
08D3959A
07B36194
08136592
07B3498B
07E34188
06F34983
07030178
06A31179
07C3057C
0762E96F
06E2C568
0752F157
0A03A186
0EC4F9C5
0F756DC8
0F2521CB
09E3B570
05E2513D
09330568
07427124
076240D2
08322083
0991E856
0DB2D8A3
0C02ACB8
05B1D0B9
0812A516
0A93A176
0C04199E
0943B178
0FE4998E
1605A1E4
18C655D2
1194493E
0481308A
06A1E8A8
0DE3F546
0B538937
07F224BE
0671D887
0851E4B2
0CB338EE
1214B53A
14351967
13345930
1193D910
0FB3D51C
0DF3F134
174621B2
1D9731FA
1D3741D8
1CC719D5
1C16F1CC
1B66D1C5
1A0685B8
191659CB
183669BC
13A4C922
1383ED00
1BB6F18C
1CD765D6
1BE701D7
1B16C5CC
1AE6B1C4
1B96EDD0
1C36F9DB
1CB731DE
1B7701E1
1A568DA8
16752176
0E8328FE
00F10856
01802422
0260901B
01D04C22
00008823
0200202A
0110A828
05D0AC32
0741282A
0BE2C0B0
15461985
1DF801EC
20279A02
1EF7BDF0
1EF7D9F4
1EA7B1EA
1EE7A1E9
1F47C1F4
1EF7C9F2
1EB7ADE6
1E27A9E8
1F67D9EE
1F67C5F5
1E4789ED
1EA7B1EA
1F87F1EF
1EC7B9EC
1E4789ED
1F47C1F3
1F47D9ED
1E47A9E4
1EC7A9EE
1FC7CDFA
1EE7B9EE
1E27A1E2
1F27D1EE
1F87CDF8
205791F4
1DE7EA19
13C5B1B9
0943555D
06B3A18E
0803798D
08237985
0863758E
0843618A
08235D8B
07E3497F
07832182
0783217E
07A2F572
06930960
07C3858C
0AB411A1
0DC4FDC0
10C529CA
0F6535B4
0B140974
05C1FD12
04D260DD
082284DA
0942D0B1
0881E06C
0B22484E
1203DCC9
0F03D8D6
0862B8F7
08C3997C
09C3A979
0983A996
0C03F18D
1255198C
14C589BE
138499B6
1244A184
0F241916
0DC41532
0E44798D
0922E0EE
0602088F
0A0274E3
09232918
0B035122
1305A18C
1325195A
1184290A
13E49D2F
1154B12E
11C4B14B
18F6B9BF
1CC765D6
1CF711D4
1BE6F9CC
1B26C1C9
1AA6A5BC
199689B3
18E669B6
1A8679EB
15A4C948
10D328BA
1985B15E
1DA691BC
1AC6ADC2
1A1679B3
1AA6A9BB
1BD701CA
1BA6D1C4
1B46D1C6
1B4749D3
1E16D1F6
16253D66
08116883
0340343D
02409816
02E04025
02409014
0300C868
039138AB
0962B4D6
11748129
18C5FD5A
1E1769B4
1E280DD1
1F27AA10
1FC7D1FA
1ED7B1EE
1E27A1E2
1F37D1EE
1F87C5F6
1E7791EE
1EA7A9E7
1F77E9EE
1ED7D1F1
1E97B1EA
1EE7A9EB
1F37C1F4
1ED7C1EE
1E67ADE6
1EE7C1EE
1F37C1F4
1ED7A9EA
1E87ADE8
1EE7D1F2
1F07B9F0
1EE799E8
1EE7B5EE
1EE7D1F2
1EB7B1EA
1EE7A1E9
1F27C5F4
2007CA14
1966C5DE
120539AC
0D14299C
08F3B979
07D38182
0883998B
08638D94
07637995
08337998
06D36195
09939994
08E3517A
05A33572
0343C98B
09C4CDC2
0DD529DA
0FE55DCA
10B549D3
0F744582
090298F9
080274C4
08B28898
07919870
0B029874
10735CAC
148448F1
0DC3B8DE
0A633922
0CF42D94
09E3998B
0B63CD94
0E4489A8
11B5B1C4
1455B9E0
0FB4198C
0C73694A
11D5499E
1515C9D8
0E243156
06F240A7
06115C90
0C237931
11F4F5BA
0D23E9A6
1024C18C
0F442946
1074491C
15D54139
13B4BD36
16D55152
196699A2
1C26F9CF
1B86E1C4
1AB6D9C5
1AB6A5C2
1A4691BA
199669B0
18E639B5
19C5D1B2
17E5993E
13B3F4EA
1815F148
1AE6A9AC
1A1671AF
1A7695AC
1AB6B9B7
1B169DB4
1BE689A7
1AF709B4
1C9729EA
18E6A5BC
11F4A12C
07B1787A
04A10819
0560882A
0860F835
09C27092
0E937106
1004AD6A
11856998
17B6D9D0
2217A9FE
1FB845EA
2097D1F3
1F07B9F0
1EE799E8
1EE7B5EE
1ED7D1F2
1EB7B1EA
1EE7A1EA
1F47C1F4
1EE7C1F1
1EB7A9E6
1F27BDF0
1EC7B1EE
1EC7B5EC
1F07C9EE
1EE7B9EE
1EA7A9ED
1EE7B9EE
1F07C9EE
1EC7B5EC
1EB7B1EE
1F07BDF0
1EE7C1EE
1EA7B1EA
1EE7B9EE
1F27BDF1
1ED7B1EE
1EC7B5EB
1F07C1ED
1F07D1F2
20A7AA0C
1C876612
1084B18F
0902E55B
0843F190
08C3C595
0863C992
0843AD99
0813C19A
08E3B988
0B543193
0CE4D9C3
05542999
00031950
07F539D7
0DC581D9
108531C3
120509AD
10E48182
1425B990
1575F97D
0CA388FA
09D2609A
10E358D3
1313B8BD
142490E9
121480F3
0C839D1C
0A138979
0A237178
0A73D196
0F2509BA
15B649EC
12458DC0
09A3B979
09C32560
12D589C7
144601CF
0DE38159
0A6284F6
0AD2E0BA
0F643142
108449AA
0F4471AB
0EB48187
0FE47558
1385996F
12E50154
12F4913C
19C60592
1D36E9B2
1B46E5B9
1A6689C3
19A66DB4
195639A9
19E655AB
1CA65197
18E55999
1353292F
18850168
1965594A
1805B55E
19C669A6
1A2679A0
1AC6C19D
1A8689A6
1BA6A1C4
1D4749BC
1CA6C192
1424E54A
0C22E8F1
09C230A7
07F1E083
07C1585A
0861A84F
1023049B
15A500D4
11E3F8EC
0C93B8FD
0E23D526
16C5E1BC
1EC7FA08
20B7B1F5
1F27BDF1
1EE7B9ED
1EA7ADE9
1EE7B9ED
1F27BDF1
1ED7B1EE
1EC7B5EB
1F07C1ED
1F07B9EF
1EB7A9EC
1EF791E8
1F67C9F6
1EF7D9F4
1E47A9E4
1EC7A9EB
1F87C5FA
1ED7B1ED
1E47A9E4
1EE7D1F3
1F57C5F6
1EC791E6
1E97B1EA
1ED7E9F7
1ED7B9EE
1EF791E6
1F37C1F4
1EF7E1F5
1E57A5E4
1EE7A1E8
1F37D9F8
2037C223
1765F5C6
0D23996B
0D13E1A2
08A3F9A5
0A4451AC
0AF479B3
0CF4CDBC
0EC509B2
0C74AD98
0EB511AA
0AC525C2
082541C9
0A5549CA
0D9541C3
11754DC2
144571A9
161631B6
1B86D1DB
11A58D84
0E74514D
13C54D74
14E4B928
11C388C0
13C440CE
12F480FA
1194B146
0DF3E562
0943A154
0BE3E18A
0F44A9B7
1135B9CE
1124F9BB
0D43C582
0CC41189
1215F5DE
137599E6
10844982
0E33C108
0E73F906
1405A17C
11150196
0F949987
133535B4
155571B9
11F5157C
0DC4394A
1414FD6C
19A5A189
19F6499A
1A46A1BE
1AE6B9C4
1A76A9BE
1A467DAC
1AA6519E
19F64994
1A461993
19054D88
1865916D
18959166
1765A178
19A6319C
1A364198
1A16698C
1CF6A1B4
1E3775D2
1B16A9B6
12F47512
0AE26892
09A19892
0772208B
0911DC86
0691E878
0B61C084
0E7280A7
12237CAE
0F123082
0FD2B4A6
1214611C
1BB6C9BC
1EF7DA15
1FA7D9F6
1EF791E6
1EA7B1EA
1ED7E9F6
1EC7B5EC
1EF791E5
1F47C5F4
1EF7E1F4
1E57A9E4
1EE7A9E7
1F27C9F8
1F87C5F2
1E87A1EE
1E87B1E8
1F57E1EE
1F07B9F0
1E5789ED
1F07B9F0
1F67E1EF
1E87ADE9
1E7799ED
1F67C5F6
1F07C9EE
1E27A5E4
1ED7B9EE
1F87C5F7
1EA7A1ED
1E67A9E6
1F57D9EE
1F47C1F3
1E6791EE
1EC7EDF3
1FE7E211
19C695F4
0E848990
0B03C176
0C6509B5
0D24F5B3
0FD539CD
128615E6
104569C8
0D8525B5
0D6551D9
0D85B9E6
0D7551CC
0D84AD9E
11E561B6
18A6DDDC
1A1699D5
13E5B1A8
0A93F975
0D847574
1A3771FC
1A86E59B
14E4B905
14C434F1
1704B8E9
17057954
0F23912B
0982A928
09938968
0D245597
118541B3
0F64A5A2
0B23B983
0F44C1AC
160661EB
122555AF
0CF3B987
0F23D137
12D4C11F
1586097B
131541AC
0F043D77
13D4E98F
192649D0
1104D16C
0AE36926
1305B98D
19864DA1
18E5D178
1885E98A
18E60999
19E6499C
1AC691A4
1B067D9C
1B56C1A7
1B46A9A8
1B46B9E5
18C5DD7B
16456960
17E59175
1956219F
1B0699A0
1D46F1A3
1C66A99E
1AD63182
15E54536
0F93C0C7
0B61E49D
09E25865
0AE1E88C
09622864
0A6244B4
0D5330F6
1424C934
19462948
19E5DD54
1C06E16D
1EC765BB
1FE7E1F8
1E87B1DE
1EA7A1EE
1F87C5F6
1EF7C1ED
1E27A5E3
1EF7C1EE
1F87C9F7
1E97A1ED
1E67A9E6
1F47D9EE
1F27C5F2
1E6791ED
1ED7B1EC
1EF7B9EE
1EE7B9ED
1EC7B5EC
1EE7B9EE
1EF7B9F0
1EE7B9EF
1ED7B9EE
1ED7B9EE
1ED7B5EE
1EE7B9ED
1ED7B9EE
1EE7C1EF
1EE7B9EE
1ED7B1EC
1EE7B5EE
1EE7B9EE
1EE7B5EE
1EF7B9EF
1F07BDF0
1EE7B9EE
1DF7CDEC
20A7BA03
18A681D6
138599AD
10D565BC
0D5539AB
0ED539B2
10A599CA
0F8599CE
0D9551C9
0D6559CE
0D3551CE
0FF56DD0
111561B6
155639C2
1976A1D4
0F74A55C
09E38933
0D63C992
0EC4B1A2
18077DEC
1F17A214
1B668188
1644E8FD
15D4ACF6
1B06515F
16054958
1014314A
0EE4056E
0A33A16D
0BA40D86
0B23E17F
0CF3CD84
0FF4799B
117585B6
11C529BE
11844586
0E13D106
0F640CFE
17263199
15D631BE
1124D977
1425157E
18E5E9B2
13C52990
0BF44950
12751178
1945E995
18A5D97E
1845E97F
1895B97C
1845C97A
1935DD7E
1985D98B
19661994
18B5C997
1986259C
1865C17C
17255D60
18D5D979
1A2649A2
1A5669B6
1A96398C
17850939
15B4A91A
15054142
1324190C
0BB280AB
0CE230A2
0CC2808F
0FB374D6
15154957
1B0701CC
1EE7B202
1D97F1EC
21D7B9EE
20483DF0
2207B9EE
1F07C9EC
1EE7B9ED
1EE7B5EE
1ED7B1EC
1EE7B9EE
1EE7C1F0
1EE7B9EE
1ED7B1EC
1EE7B5EE
1EE7B9EE
1EE7B9EE
1EE7B9EE
1ED7B5EE
1E67ADEA
1F47D1ED
1F47C1F3
1E8799EE
1EC7B9EC
1F57E1EF
1EC7B5ED
1E7799EF
1F27BDF2
1F27D1EE
1E67A9E6
1EB7A9ED
1F87C9F6
1EF7B9EE
1E67A9E5
1F27C9ED
1F67C1F5
1E9799EE
1EA7B1EA
1F57D9EE
1F07B9EF
1E8791ED
1F27E9F5
2027DA11
1D47C213
15C631D3
0FC52D96
0DD54990
0DC4C592
0D7551A8
0D4509B7
0D3561D8
0D24D1A7
112571BB
16C69DE2
185649BC
1385B99D
0B03E942
06226138
05F3598E
0FC529C3
1B97C1F0
1E6865FC
1EB7A9EA
1BA6797D
1955E13B
1C46A161
1E06B191
19C6418E
10847959
0A233D38
0893A961
08C34166
0A43B18A
0EA4819F
13152198
11E51DA7
0EB3C187
10640D3F
12F4D102
15E5C17B
15F611C8
13455597
16F5F19E
1A46A5BD
15B5A1A1
10E4B981
13353182
17E5C998
1965F183
1966098A
1975F179
1985E580
1955F175
1945F992
1885F98B
15E53171
15051158
17254D64
18D5A968
19A5FD89
1945D18C
1865D584
1875B16D
17651D51
17050123
18859D55
16A53960
14251155
13F51950
17E5A15B
1C3709A7
1E47C9D0
1FB7D222
1F2811FE
1E779A09
1EC7DDF6
1F57E1FA
1EC7B9ED
1E8799EE
1F47C1F3
1F27D1ED
1E67ADE6
1ED7B1EF
1F87C9F7
1ED7B1ED
1E67A9E6
1F27C9ED
1F67C1F5
1E9799EE
1EA7A9E9
1F47D9ED
1EF7E9F5
1E57A9E6
1EE799E8
1F97CDFA
1EE7C9F1
1E27A5E2
1EE7C1EF
1F87C9FA
1EE7A1EA
1E67ADE6
1EE7E1F5
1F27BDF2
1EE789E4
1EE7B9EE
1EF7E9F6
1E97B1E8
1EE791E6
1F67C5F8
1ED7D1F3
1E27A1E2
1EE7B1EC
1FB7C9FA
1F17A9EA
1E37B1E2
2067D9FA
1BD779F4
18A719E2
15B639BA
13B5A9AA
1305B1BE
107559BF
13E5D5CE
13B579BA
15B669C6
196691D5
1175497E
0D147165
09F3956E
05A36164
0B3411AE
0F24F1B3
16E721E6
1F07EA21
1FA81DF0
1FA779C4
1CB6C588
1C16896D
1BE6AD6A
1D26516E
12348130
0CD40931
0AC3B972
0903B97E
0BD40D98
0B33D975
0BB40D72
0F04F188
1124898E
14E58980
14756958
16155183
1605B9AE
1295197F
1695E19A
1D6729E3
1986E1CE
171649CA
181649CE
16D5A198
17158D7E
1845D982
19C6358E
1AA6519D
19F62192
1945F99B
1896019C
15E5596A
15F4E950
17C5795B
1955D574
19E60186
1945ED86
1865F183
1895D57E
18E5D16D
1865A168
19760972
1575F18A
17F6A9B7
1A4795EC
206781F6
1F6821F2
2147E1F5
1E97B9E4
1EF7A1E9
1F97CDFA
1EE7C1EF
1E27A5E2
1EE7C9F1
1F97CDFA
1EE799E8
1E67ADE6
1EF7E9F7
1F17C1F2
1EE789E5
1EF7B9F0
1EF7E9F7
1E87ADE8
1EE791E7
1F77C5F8
1ED7C9F4
1E97A5E2
1E87ADEB
1F27C9EE
1F27BDF1
1E97A1ED
1EC7B1EC
1F37D1EE
1EE7B9EE
1EA7A1EE
1F27BDF1
1F27C9EE
1EA7B1EA
1ED7B1EE
1F47C1F3
1ED7B9EE
1E87ADE8
1F07C9EE
1F27C1F2
1E97A9EE
1EA7B1EB
1F17D1EF
1EE7B5ED
1EC7A1ED
1F67C9F2
1F57D1EF
1EA7B9EB
1EB7AA03
1F482A08
1F17B9FD
1D87A1FD
1B7719F6
1626319C
11E4D163
15C5BD8A
191691B2
16A67DB3
11B569A3
0B24197C
06436971
06432D6D
0683D190
0DA505A9
19C7A1EB
1E884E0F
1F77BA08
1F47F1E7
1D9741D2
1BE6CD89
1D76C97E
1C068D72
14A4C92D
0F444563
0B83C187
0A23CD83
0A33E180
09839973
0943A164
0A43757A
0E13F9BF
182681D3
1DD771C2
192651B2
1435B98F
12E4E57A
1605D1AD
1BE725D4
1D3749EF
1A6709D4
1966B1EC
17A60DA7
1595B987
1745B57C
1AD699A5
1C66F1B0
1B3679A0
1966159C
1856019B
16C5516B
16E54153
1A05E172
1AA60180
19C5FD80
19A5F988
1985FD84
1975E981
1905D97A
18E5A979
18C61192
1175618B
0E850173
18674A1C
1F488A1C
1F47B1F8
1EA7B1E9
1F27C9EE
1F27BDF0
1EA7A1ED
1EE7B9ED
1F37D1EE
1EC7B1EC
1E97A1ED
1F27BDF1
1F17C9EE
1E87ADE8
1EC7B1ED
1F47C1F3
1ED7B9EF
1E87ADE8
1F07C9EE
1F27BDF1
1EA7A9EE
1EC7B1EB
1F27D1EF
1ED7A1EA
1F27C1F2
1EE7C9F1
1E87ADE8
1ED7B1EC
1F37C1F4
1EF7B9EF
1EA7B1EA
1F17C1F0
1F27BDF2
1EE7A9EB
1EC7B5EC
1EE7D1F2
1EE7B9EE
1ED7A1E9
1EF7B9F0
1ED7C9F1
1E97B1EA
1ED7B1ED
1F27C1F4
1ED7B9EE
1E97ADE8
1F17C1F0
1F47C1F4
1ED7A9EB
1EA7B1EA
1F67D1F2
1F17D5F0
2217A1FD
1E1859F0
18D6A17A
0BE308BC
0A7360A4
0DE4012A
1075119D
10C585C8
09E481B0
0803E594
06E3C966
0703896E
0BF4B98A
158705E4
1D979A12
1EC7C1EC
2057D1F6
1EF7E1D8
1C76C196
19E61964
1A062966
1244D540
0D045156
0CC4699E
0944017F
0833A96E
0A74198A
0A33F598
07C3C18F
134525EC
19B69A1E
1AC72DDE
1955D9B8
1775E1AA
1545D1A7
1815CDAE
180619A6
19E66DAC
1BC6D1CC
19C69DC4
173641AA
16D5BD94
1645D17B
19F6559A
1D7721CD
1BF6DDB8
19B629A6
18E5F99A
16A5595D
17653550
1A860173
1A461980
19B5F982
19B60186
19960183
1925E17C
1945E97A
1915DD7E
18E5F9A2
1255398C
09843146
1305ADAA
1EA7B203
1DF7D9EC
1EE7A9ED
1F27BDF2
1EE7C1EF
1E97ADE8
1EF7B9EE
1F37C1F4
1ED7B1EC
1E87ADE8
1EE7C9F1
1F17BDF2
1ED7A1E9
1EC7B1EC
1EE7D1F3
1EE7B9EE
1ED7A1E9
1EF7B9F0
1ED7C9F1
1E97B1EA
1EE7B1EB
1F07C1F4
1FA7C5F3
1E6799EE
1E67ADE6
1F77E9EE
1F27C1F1
1E5789EE
1F07B9EF
1F77E9EF
1E87A1E8
1E8799EE
1F87C5F6
1F17C9ED
1E27A5E3
1EE7B9EE
1FA7C9F9
1E97A1ED
1E47A9E4
1F57E1EE
1F47C5F3
1E4789ED
1EC7B5EC
1F77E9ED
1EA7ADE9
1E5789ED
1F67C5F5
1F47D9EE
1E27A5E2
1F57AA09
1F682DEC
1BD6E9A1
10C494FC
05C2605A
0721FCA3
0CB40920
1005099B
0CB489AB
0723CD8F
0653E1A1
0763E994
06042195
0A249D96
16E721DE
1BA749C8
19D62154
1AC63D6F
1B36796B
18E5A154
17F57132
19C65981
14A5C966
0B03C548
0733E18E
0803BD7A
0A244196
0B64819E
0A343187
08E36177
0D2409B9
18E6EE02
1E6799F6
1C0739E4
1CB731DE
1A269DC2
15552172
16051176
19B5D173
1C66D9C8
1995F999
15C57D86
16259988
1886159C
1A763196
1D6739CD
1E8749DA
1B0699B5
18860995
17055168
16F54153
19E5E570
1A75F97F
19A5F581
19A5F986
1985F582
1945E17D
1945E57F
1995E984
192655A6
1225898E
09A37D56
0C646980
1826ADE5
1F67CA06
1F87FA00
1E7791EE
1E87ADE8
1F77E9EE
1F07B9EF
1E5789EE
1F27C1F1
1F77E9F1
1E67ADE6
1E8799EE
1FA7C9F8
1F17C9EE
1E27A5E2
1EF7C1EE
1FA7CDF8
1E97A1ED
1E47A9E5
1F47E1EE
1F27C5F3
1E4789ED
1EF799E9
1F47C1F4
1ED7D1F2
1E67ADE6
1EF7B1ED
1F87C5F8
1F07B1F0
1E779DE6
1E8799EB
1F47B5F4
1EE799EA
1EA7B1EA
1EE7E1F5
1EE7B9EE
1EF799E7
1F27C1F2
1EE7D9F3
1E77ADE6
1EE7A9E9
1F57C5F6
1EE7C1EE
1E47A9E4
1EE7C9F0
1F57C5F6
1EE7A1E9
1EA7B5E8
2047DA0B
1ED7F9EC
1835F970
0D7384C2
06028844
0952288C
1215414D
1886FDDE
15B671F9
0D14799A
05B3D172
074401A8
07F421B0
08C461B8
087469A0
147685CC
1B66C9BD
18358524
1654D8E5
15240CE6
1534E10B
1AA61D6E
1BB6D9CD
17767DA8
0EF4B17A
0C13F57E
09241989
0B64A1B0
09F4599A
08F4157C
09745963
0D14618E
14B671CC
19C76DEC
20079A00
1E67F1F4
1E97C1E4
18D62596
1745F168
19A64594
1C06F1B6
1A0669A6
1826618F
196675AA
1C3761C6
1C2709C2
1E0759DB
1E3781E4
1C86D1C9
19961D98
1795995F
17D5595A
19C5F972
19E6057E
1995F180
1995F584
1975F984
1955E580
1945E17E
1925E582
1925F9A6
11655590
09A44179
0D2475AE
0E54E9A2
17F68DD8
20079A0F
1F47CDF6
1EE7C9F2
1E67A9E6
1ED7B1ED
1F77C5F8
1EF7B1ED
1E67A1E6
1ED7D1F2
1F37C1F4
1EF799E8
1EC7B9EC
1EE7E1F5
1EC7B5EC
1EF799E6
1F27C1F2
1EE7D9F3
1E67ADE6
1ED7A9E8
1F07C1F6
1EE7B9EE
1EE7B9EE
1EE7B9EE
1EE7B9EE
1EE7B5ED
1F17B9ED
1F47C5F1
1F17B9EE
1EE7A5ED
1EE7B9ED
1EE7B9ED
1EE7B9EE
1EE7B5EE
1EE7B9EE
1EE7B9ED
1EE7B9ED
1EE7B9ED
1EE7B9EE
1EE7B9ED
1EE7B9ED
1EE7B9EE
1EE7B9EF
1EE7B9EE
1EE7B9ED
1EE7C9F0
20B7BA09
1EE805EC
17A5E16E
0CC344C6
04023821
0741886A
12049125
1E67E9EE
2357BA19
1A8711E5
0C84016E
0643456F
072421AE
08244DB9
05F451BA
0743FD85
136639C4
1EC835D6
2077C189
19655538
14C4E8FC
1B263571
1F0789C6
1DE7C9D4
1E67A9EF
176679C7
0C940174
0963996E
0924299A
0A248194
0C14F1A9
0B44C5A3
09945190
0DE4D580
1786A9C2
1EA83219
2017BA15
1EE815F5
1CF771ED
1B06CDB5
1B8729CB
1C4719B8
1C3701CF
1C4709CE
1C06E9D4
1CC749D1
1DC749E3
1E2769E0
1EF759E4
1D8721CF
1A9649A1
17E58171
1735595F
19A5D970
1A35F17C
1985E97E
1955E17F
1965E980
1965E981
1965E582
1985E982
192655A6
12C5A98D
0A23C963
06C44985
08C35157
12A599AD
1E27FE21
20A7B9FD
1EE7BDEF
1EE7B9EE
1EE7B9EE
1F17B9ED
1EE7ADEE
1E8789E8
1EE7ADEE
1F17B9EE
1EE7B9ED
1EE7B9EE
1EE7B5EE
1EE7B9EE
1EE7B9ED
1EE7B9ED
1EE7B9ED
1EE7B9EE
1EE7B9ED
1EE7B9ED
1EF7E1F4
1E77ADE8
1EE7A1EA
1F67C9F8
1ED7C1EF
1E47A1E2
1F17C1EF
1F87C9F8
1F07A1E9
1E67A9E6
1EE7D9F4
1F17BDF2
1EC789E5
1EE7B5EE
1EF7E1F5
1E97ADE8
1EE799E7
1F57C5F6
1EE7D1F2
1E57A5E4
1ED7B1ED
1F87C9FA
1EE7A9EC
1E47C5E4
2007D205
1DE7D5EC
16562182
0CF388D0
03D23039
06D19068
1144710F
1DB76DDA
2107D21C
1E57E1E4
1D5759E2
0FC4C988
05F41966
07B441B2
083441B6
07B455B8
06C4517C
11E5B1AC
1F37C204
1D6739AA
1AD5995D
1C767D9C
1F97C9E6
1EF805E6
1F57A1F1
1D5801F8
1B5751E7
1014A96E
0883C125
09F41584
0DC569C5
0E35D9D6
0CF589CF
0CA515B2
0B74F981
10A58598
1786A1C8
1AA719E2
1E779A05
1DF7C9F6
1E5701D0
1C46F1CA
1DF761DD
1DD775E4
1E3761E4
1DC75DE4
1D6759E4
1E1765E4
1E2751E3
1E5761E0
1E4739DC
1B3681AC
1845B96B
18356960
1975E970
19A5F17A
1965E17A
1965E17E
1965F182
1975ED82
1955E180
1925E182
1905F19F
1565798E
0F848988
0EE4C5A6
08D4417E
0F74D1A2
14A651CF
1AC755E4
1F47A201
1F77C9F8
1EE7C1EF
1E37A1E2
1ED7C1EF
1F67BDF8
1EE7A1EA
1E87B1E8
1EF7E1F5
1F07B9F0
1EC789E5
1F07B9F0
1EF7E1F6
1E97ADE8
1EE799E7
1F67C5F6
1EE7C9F3
1EA7A5E4
1E47ADEA
1F67D9EF
1F67C5F5
1E6791EE
1EA7B1EA
1F67E9EE
1EC7B1EB
1E6791EE
1F47C1F4
1F37D9EE
1E47A9E5
1EB7A9EE
1FA7C9F9
1EE7B9EE
1E47A9E3
1F37D1EE
1F87C5F6
1E7791ED
1E87ADE8
1F67E1ED
1F07B9EF
1E6789EE
1F285209
2027E1FC
1C071DC0
1535A17A
0DC408E5
06031071
06E1D075
1144C91D
1DE785DD
20B7A213
1E67BDE4
2137E1ED
1F080E08
1215A1AB
07035D5C
064449AD
086479C1
071459B8
0683AD80
0F54C99A
1C2765E8
1F8739BB
1EE751DB
1EC7A1EF
1E47C5D8
1F57D9F1
1F67FA02
1F6791EF
1946C9AD
0DF43947
09031D2E
0A540980
0F45A9CD
0FA5A9D1
0CA565B6
0CC599D7
0D4565B8
0F15B9A9
10656198
12E59999
192695D4
1DB751F1
1DA79A0D
1C96B9F7
1E0775F8
1EB761EA
1E2771E8
1E2761EB
1E2765E5
1E2759E3
1E274DDF
1EC749DD
1E2745D4
1BF699B4
1885A178
1705495B
1965C16A
19F5E178
1965DD7A
1955E17D
1965E97F
1985F182
1965E981
1925E180
1905DD84
18C5E190
19A6ADD6
17C671D8
10A555AB
0974616A
0B63B53B
1716D9B7
1F482E0F
1F6791EF
1EC7B5EC
1F67E9EE
1EA7B1EA
1E6791F1
1F67C5F5
1F47D9EF
1E47A9E4
1EB7A9ED
1FA7C9F9
1ED7B1EE
1E47A9E4
1F47D1EE
1F87C5F6
1E8791ED
1EA7A9E8
1F67E1ED
1EE7C9F0
1EB7B5EC
1EE7B1EC
1F17C1F2
1EE7C1EF
1EA7B1EA
1EE7B9EE
1F17BDF2
1EE7B1ED
1EB7B5EC
1EF7C9F1
1F07BDF0
1EF7A9EB
1EE7B9EE
1EE7C9F1
1EC7B5EC
1ED7A9EB
1F17BDF2
1EE7C1F0
1EA7B1EA
1EF7B9EE
1BF7F9F2
1A07A9F4
19B6EDB0
1875694C
12548D10
0C7460BC
09225C8A
10B46900
1D2775DE
2127AA19
1EE7CDF0
1ED7C1EF
1EC7B9EA
1F27B20F
18E6C9E2
0F4511AF
0BE491BC
06F471B3
07646DBA
06845184
0EC4D9A6
19B6F1E8
1CC7A9EE
2067A9F8
1F77E5F0
1F07C9F1
1EC7B5EC
1EE7B1FA
1EA7F5F2
1BB6E9A3
1013FD12
0D241114
0E75019C
0D6561B8
0DF57DB6
0F75B9CD
0ED5D5D6
0D5599D2
0E95DDD4
0D75A1C0
0FF50196
1194F986
1355A1AE
13E611D5
181685F6
1B16F9F5
1BC749E4
1E2761EA
1E2761E4
1E3761E3
1E1755E0
1E0749DD
1E4749DA
1E0731DF
1C16C1BA
18A5C96D
18053950
1965E165
1995ED78
1975E179
1955DD7C
1965E97E
1965E980
1985E97F
1925DD80
1915F172
19B6118C
1E3731CC
1B279DEE
1A477A04
162631C6
11052165
15B5BD94
1B1741DD
1E37CDF2
1ED7B9F5
1E97B1EA
1EE7C1EF
1F17C1F2
1EE7B1EC
1EC7B5EC
1EE7C9F1
1EF7BDF0
1ED7A9EB
1EE7B5EE
1EE7C9F1
1EC7B5EC
1ED7A9EB
1F17BDF2
1EE7C1F1
1EC7B1EA
1F47BDF0
1EA7A9EE
1EA7B1EA
1F37D1ED
1F07B9F0
1E9799EE
1F07B9EF
1F37D1ED
1EA7B5EB
1EB7AA06
1F480E05
1EF7C214
1E67E5F5
1ED7BA01
1F47C5F5
1EA7A9ED
1E87ADE8
1F27D1EF
1F27C1F1
1EA7A1F1
1EE86607
19A7D20A
0E24CD32
1044E135
16250135
1073C8BD
0D62F4B2
115400EB
1C46DDBB
20F7B216
1E87D5EE
1F17C9EE
1F27BDF2
1E97A1EE
1EC7D5F0
1FE7DA04
1B076E19
0EF509B4
0763896F
06947199
06A3C58E
0A6449A5
156655E1
1D47B9FD
1E6801FB
1EF7C1EE
1F47C1F3
1EB7A9EE
1EA7CDF0
2137D1ED
1BE6758F
10B400FE
0F040135
0D94E982
0BE48163
0F95A9C5
11E661F0
0F55B1C9
0C8545B6
0C7599D0
0CA559B4
0F25A1B5
10C569B7
0D65397E
0A040D76
0C64D1C0
14A611DD
1BE759ED
1E27A9F0
1E3761E4
1E2759E1
1E2751DE
1E0741DB
1E3731D6
1E0741D5
1D26D9C0
1945C177
16850140
1945A560
1A45E17A
1985E57E
1965E180
1965E180
1985E981
1985E982
1945E180
1925C179
1975E187
1D8731C6
1FC7BA02
1E683201
1FA7C20D
1DE75DFB
183649A7
188679A6
1D67C9EC
1EE7E5FB
1E8799EE
1F07B9F0
1F37D1ED
1EA7B1EA
1EB7A9EE
1F47C1F3
1EF7C1EE
1E67ADE7
1ED7B9ED
1F47C1F3
1EA7A9ED
1E87ADE9
1F17D1EF
1F07BDF1
1E97A1EE
1ED789E7
1F67C9F6
1EE7D9F4
1E37A5E2
1ED7A9EB
1FB7CDFC
1EF7B1ED
1E27A9E2
2027D1F2
1DF7ADF6
1CA789E2
1B273DE2
1DF7D9F2
1EE7F5EE
215789E6
1FE7F9F4
2077E1F5
1F17D9E4
20C7A1E9
20082DFA
1F47BA02
1756599A
0CD44915
0EF3A0EA
0F83A0B2
0C322C94
0D33C0DF
1AA6699E
20A781FD
1F07EDF2
1EE7E9F8
1E77ADE8
1EE799E9
1F87C9FA
1EE7C9F0
1D67B5E0
1F97C205
1886A9E6
11C591BE
0CB505B6
07446197
0BD47DB8
0EE529B1
17E72DEA
1EF7F21D
1EA7B5EA
1ED789E4
1F57C5F6
1EE7DA19
1E7799E2
1765595E
10F328E8
0CE340D5
1084A14E
12A589AF
12A5E5CC
0F55B1C4
0E8581BA
0FB5C1CB
0ED5D1D8
0D45B1D7
1025E9D8
1065B1D2
0DA571B8
08D509B2
0CA4A1BA
0D24C994
16B665CA
1E576201
1E676DE4
1E0751E0
1E1751DE
1E1749DB
1E0739D6
1E0731DE
1CE70DC6
19E61171
1744F136
1905C152
1995F57C
1975E182
1995E984
1955E183
1965E182
1965E180
1945E180
1945E96C
1AB5F980
1D9731BF
1F17DDEE
1F27F1FE
1E97C9EA
20D791E9
1E3795F8
1C07B1EF
1C9799E2
1ED7B1EF
1FA7CDFC
1ED7A9EB
1E37A5E2
1EE7D9F4
1F57C5F6
1ED789E4
1EA7B1EA
1EF7F1F8
1EC7B5EC
1ED789E4
1F37C1F4
1EE7E1F5
1E47A9E4
1ED7A1E6
1F27C9FA
1F67C1F1
1E87A1ED
1E87ADE8
1F37D9EE
1F07B9EF
1E8799EE
1F07C1ED
2067D9F0
1DE751DC
192629AC
15C53D74
13D5294F
16A58161
1AD68991
1E875DBB
1F77A9FA
1E87DDD7
1F67D204
1F27BDD4
1F8769D0
19A62977
11B3D8EC
0FE358E3
0E935881
0E22A4A8
0DB340C3
15E56965
1EA779F8
1F6811F8
1F07B1EE
1E67A9E7
1F17C9EE
1F47C1F4
1E8799EE
1EA7ADEB
1F37D9EE
1EC7D9F1
1F679A0D
1E482E30
14E679DE
09A4518E
054461AC
0AA45187
16A729DB
1E682E02
1FA7C9EF
1F67C5F5
1E97A1ED
1E87D1F1
20E7D9EE
1A863D82
0E43B0F0
0CE2ECDB
14C4F93E
1B0741E1
13E569A4
0C847D84
0FB5B9CA
128671F7
1055D1D1
0DE541AE
0F25C1B4
11E635CB
11E671D4
0C64FD9F
0754618A
0983594E
13F5F18A
1E27ADF7
1FA761E4
1E2755E0
1E2751DD
1E073DD7
1DF731D4
1DE73DD4
1E2711CD
1A660980
1624E933
18256157
19A5D97D
1965E582
1965E183
1965E182
1965E181
1965E181
1965E181
1945B173
19E5D17D
1E8751C2
2047B9EE
1E67B5E9
1F07C9EF
1F47CDF7
1E97A203
1EA7D9F6
1F37D9EE
1EE7B9EE
1E7799EE
1F07BDF0
1F37D9EE
1E87ADE8
1E97A1ED
1F67C1F4
1F07C1ED
1E67ADE6
1EF7C1EE
1F67C5F4
1EB7A9ED
1E87ADE8
1F37D1EE
1F27C1F2
1E8799EE
1EE7C1EF
1EC7B5EC
1EE7B1EC
1F07BDF0
1ED7B9ED
1EC7B9EA
1EE7BA00
1DF75DE2
18A61194
1744CD5E
13D52958
16E5595E
12449910
12F39CDC
15B4D919
1835F578
1726219B
1885E98E
1835E181
17C5C956
1304B10D
10B328B6
0DA31078
0E22DC9A
130470F8
1A76458E
1E7789EB
1E17FDEE
1EE7C9F3
1ED7B9EE
1ED7B1EC
1EF7B9F0
1EE7C1F0
1EB7B1EC
1ED7B1ED
1F07BDF2
1EE7B9EF
1EC7C5EC
2087C20F
1636D5E2
0DD549B2
0BC4B5B8
09B47979
143611BA
1ED7AA06
1F67D5F0
1EE7C1F0
1EC7B5EC
1EE7B1EF
20E875F0
1E8791CD
1384A52C
0D3380A2
0F03F0FA
1A8681A1
15D6C5CA
0F0589BF
1115D1D8
0F35B1CE
10659DC2
1025C1AC
14C675C8
1A075A04
180735EE
14E659DA
121535AC
0D648158
14E59D94
1D3729E3
1E4781E4
1E3759E4
1E0741DA
1DF731D3
1DF725D0
1E1721DB
1D9729CC
1B064187
1704FD40
15F55147
18B5D97E
1965E189
1965E182
1965E182
1965E182
1965E183
1975E982
1925D15D
1A85ED74
1E67A1CD
1F77E9EE
1ED7A9EE
1EF7B9F0
1ED7C1F0
1EB7B5EC
1F07B1EC
1F07BDF0
1ED7B9ED
1EA7B1EA
1ED7B9ED
1F07BDF0
1EE7B1EC
1EC7B5EC
1EE7C1EF
1EF7B9EE
1ED7A9EB
1EE7B5EE
1EE7C1EF
1ED7B5EC
1EE7B1EC
1F07B9F0
1EF7C1F0
1ED7B5EC
1E47ADE9
1F67D9EE
1F67C9F6
1E6791F4
1EA7C5EF
1FF7E9FF
1EC7E1FA
1D5701DB
18C59990
14748139
1B6681A4
2227A1DA
18858D44
0D929065
0E8298B1
0F6368BF
0E0320F7
0ED318E9
13647D2A
14C4A8FB
10E3DCC6
0E5398A9
128448E2
1865E15A
1D271DA9
1FD79A06
1F880DF3
1F07C9F3
1E27A9E3
1EF7C9EF
1F87C9F7
1E87A1EE
1E67ADE6
1F57E1EE
1F27BDF2
1E6789EE
1F07B9F0
1FA7E1EE
1E881E03
193759F2
10A5A9CB
0B6531CC
0C24257C
15060199
1FA7EE09
2067A9EE
1E47A5E4
1F47D9EE
1F67C5C2
21379187
1E879D97
14A50148
0CC2F8EC
09A368D4
12052549
19E79208
15A70DDA
0F45A9A9
0CE48179
0FE5C1AC
1686C5D4
1CE7A1F4
1F684A15
1F979202
1DC7AE05
198679D5
18465DC5
19C6D9C6
1BA6EDCE
1D9761E7
1E2765E1
1E0739D7
1E0729D2
1DF719CC
1E0721CE
1E3701C6
1B465194
16555159
15C51948
1805D17B
1965F983
1975E181
1965E181
1965E181
1965DD7F
1995E17F
1925996D
18E5916D
1DA731B1
20D7B9EE
1FA7CDFA
1EA7A9EE
1E47A9E5
1F47E1EF
1F47C5F3
1E5791ED
1EC7B5EB
1F67E9ED
1EA7B1EA
1E6791ED
1F67C5F4
1F47D9EE
1E47A9E3
1EC7B1ED
1FA7C9F8
1ED7B1ED
1E47A5E4
1F47D1EE
1F87C5F5
1E8791ED
1EA7A9E8
1F67E1EE
1F47E1F3
1EC7C9E6
1FB799E8
1F37D1F8
1E57C1F0
1D578DE2
1DB7B9F4
1D278DF0
1B66F9AF
1A363D98
1F2789DB
1FE869F0
1B86A17D
102320B2
0B02F862
0C827898
0DF380CD
14A4B926
15C5292C
115414D4
0F93E085
0D931490
16256125
1E37E5DA
22A7DA14
1FD7F9F6
1F0791E7
1EB7B5EC
1EE7E9F7
1EB7B5EC
1ED791E6
1F37C1F4
1EE7D9F3
1E47A9E4
1ED7A9EB
1F87C9FA
1ED7B1ED
1E57A9E4
1EE7D211
18E735F0
119579B8
124551CA
11A571AD
18E6A1D4
1ED789FF
1F57CDF2
1EE7E1F6
200811E6
1EE79982
19F6692C
1EF7C197
17C5F970
0D1358EA
0C22CCF4
0C6370FD
1535D582
1DE769F5
1766DDC0
1486219C
1846E1D8
1CF7D9FF
1D17BDE8
1F3799E7
1F47C9F6
2077D1F2
1CF771E4
1EC7B9FD
1CE785F6
1A8699CB
1D2719DC
1E1751E8
1E273DD8
1E1729D1
1DE705C8
1DB6F1CA
1D26E5BE
1BB64190
1935AD6C
17F5D967
1845B970
1945D977
1975E580
1965E181
1975E180
1985D97D
1955D57A
1945C953
1A85E56E
1E67C1D1
1F97EDEE
1ED789E7
1F17BDF2
1ED7D9F4
1E67ADE6
1ED7A1E9
1F77C9F8
1EE7C1EF
1E37A5E2
1ED7C1EF
1F77C5F8
1EE799E8
1E77ADE6
1EE7E1F5
1F07BDF0
1ED789E5
1F07B9F0
1EE7E1F6
1E97ADE8
1EF799E7
1F67C1F6
1EE7C9F3
1EA7A9E4
1EC7D9E3
1EF7B9E3
1E4779D3
1D7749D5
1C4719C1
1AA6A9AA
1B06CDB3
1BD701C7
1BE701B6
1C66F9C3
1CC729B7
1DE6E1BA
1AE69586
1424B128
0FE384C6
0F83B8B4
148484EE
18D57139
15E4E500
1103889C
0EE2D086
0C82F888
12246D02
1A8661AC
1EC7ADE0
2027B1EE
1F07B9F0
1EE7B9EE
1EC7B1EC
1EE7B9EE
1F07B9F0
1EC7B1EE
1EC7B5EC
1EF7C1EE
1EE7B9EE
1EC7B1ED
1EE7B9EE
1F07C1EE
1EE81603
1B57A9ED
134561A8
11A551A4
1986C1E1
1E97B1FB
1F07E5F3
1EE7B9EE
1EC7B5EB
1EF7C1EE
1F07B9BC
1FE7B187
1EE7E5B6
1966B1B8
1084314B
0CB40120
0D62CCF6
0F4390F3
1A8671A4
20D7CA16
1EA86207
1EA7BA10
1EC7F9F8
1EE7B9F1
1F07D1F2
1ED7B207
1EE7C9F6
1F07C205
1EE805FF
1E17B1F6
1BE6E5C8
1BE6E9C3
1E2741D1
1EA739D8
1E2725D1
1DD701C5
1DC6FDC3
1DD6E1BC
1B662991
18E58168
1945D16E
18F58964
1945C173
19B5E17E
1965D97D
1975D97E
1985D57B
19A5D17A
19659567
19559166
1E2735B2
20B7B9EE
1F07C1F1
1ED7B9EE
1EC7B5EC
1EE7C1EE
1EE7B5EE
1EC7B1ED
1EE7B9EE
1F07C1EE
1EE7B5ED
1ED7B1ED
1F07B9EF
1EF7C1EE
1EC7B5EB
1ED7B9ED
1F07BDEF
1EE7B9EE
1EC7B1EB
1EE7B9ED
1F07B9EF
1ED7B1EE
1EE7B5ED
1F07C1EE
1B6741C7
1AD6A5AA
1A16A193
1A76799A
1AF6E9A1
1B96BD9E
1C56E19E
1BF6D99E
1C86D19E
1CE6F5A0
1C16D19B
1B96B198
1CA6D9AB
1A46898C
14854931
13646CE6
152430D3
1283E4C6
0F4348AE
114378B6
106358A2
1043089C
0F33D8C7
1474D13A
1A8691A8
1EE7C5E8
1EE7DA05
1F07B9F0
1ED791E7
1EF7B5F0
1EE7D9F5
1E97B1EA
1ED7A1EA
1F47C5F6
1EE7C9F0
1E47A9E4
1EE7C1EE
1F57C5F6
1EE7AA08
1B5755E8
1606019D
189635BA
1EA791E8
1E27E1EE
1EE7E1F5
1EA7B1EA
1EE799E7
1F47C5F4
1EF7D1F2
20381DE6
1EF7B212
1B9715E4
1324B985
1374A164
0FA3B113
0E3290DC
0FB378ED
1805FD90
1F97CA06
1EC835EC
21D799E8
1FB821F2
2137D1F5
1DB761DC
1CE721D3
1E17A1F4
1EE7B9FC
1E17B5E4
1D2749BD
1C269DA6
1E2751C3
1E9759D8
1E1719CE
1DE701C6
1DE6F1CC
1D06BDB4
1A75D975
1885715C
1965F164
1885B166
1955D96F
1995E57C
1975D97C
1975CD7A
1965C176
1985C576
1985C153
1A85BD64
1DE759BA
1F97F1EE
1EE7E1F8
1EA7B5EA
1EE7A1E8
1F37C1F4
1ED7C9F1
1E67A9E6
1ED7B1ED
1F77C5F8
1EF7B1ED
1E77ADE6
1EF7D1F2
1F37C1F4
1EE799E8
1EC7B9EC
1EE7E1F5
1EC7B5EC
1EE799E7
1F17BDF2
1EE7D1F3
1E87ADE8
1ED7A9E9
1F07C1F6
18E639AA
1845E17F
19261999
19D64183
1AE67991
1C66C982
1D46BD93
1D36F985
1CC6E995
1D16F9AF
1D0711A0
1CC6C1A0
1BE6CDA2
19E63997
1605A531
14B4B902
142404C8
0F3398A8
0F433CA8
15B4F0FD
1604DCF7
0F433889
0F02D0BE
1374C12A
1B06BDB0
1FD7D9EE
1E27C5EB
1EC7A9ED
1FC7CDFB
1EC7A9ED
1E27A1E3
1F37D1EE
1F67C1F6
1E5789ED
1EA7B5EA
1F87F1EF
1EC7B5EC
1E4789ED
1F47D9F9
1E37E1F0
1B4719D7
1C6749EE
1FA7F5FC
1F47C1EF
1E07A1E1
1F07C9ED
1FA7CDF8
1E8799ED
1E67A9E6
1F77E9EE
1F27F1F9
1DB781F4
18C64DAD
1655595E
14246D2A
0E4350B7
0BE220BF
0B8300DD
1364E538
1BF6C991
1E878DBA
1F3789D4
1B469D97
1775F188
19E685B0
1D677204
1EE80A01
2097F20C
1E075DCB
1B86519A
1E0705C1
1F0731D4
1DE70DCD
1E2701C8
1DE705BE
1C9689AA
1A05D17C
1745715C
17254156
1845A96B
1965DD76
19B5D979
1985D579
1975C174
1965B174
1925A16F
19658D66
1A45C163
1EE751BC
2057B9EE
1E07A5E3
1F07C9ED
1F87C9F7
1E7791EC
1E87ADE8
1F87E9EE
1F07B9EF
1E4781ED
1F27BDF1
1F77E9EE
1E67A9E6
1E8799ED
1FA7CDF9
1F07C9EE
1E07A1E1
1EE7C1EE
1FA7CDF9
1E97A1EE
1E47A5E5
1F47E1EF
1F27C5F4
1E4789ED
1AB709C3
1C370DCC
1C6741CF
1C86F9BA
1B86B1A3
1C067582
1AB5D160
1A76156E
19767180
1A56518E
1A16E9A4
19062988
1705C968
19069D74
19860942
156430C8
1774089F
1423A0CC
13C4B10B
17E6153C
15E4E0F9
0F32A48A
10D3B0C8
1B0679AA
1DA7A206
1E17D5EA
1EE7D1F3
1EF7BDF0
1EE7A1EA
1EF7BDF0
1EE7D1F2
1E97B1EA
1ED7A9EB
1F37C1F4
1EE7C1F0
1E87ADE8
1ED7B9EE
1F37BDF4
1ED7A9EC
1DD7ADEA
1F37C9F2
1EC7C1F2
1EE7A1EA
1ED7B9EE
1ED7D1F3
1EC7B5EC
1EE7A1E9
1F27BDF2
1EE7C9F1
1E87ADE8
1ED7B1EE
1EB7F9F4
1E6791DB
19363576
16C50921
0FD370DE
08E308B3
0B5228C4
0A22E0B7
0FF398D8
12D42918
1454A52A
1093F8FE
11D41918
1775F186
1D17C9EE
2117BA07
1F07C5E8
1E97C1D4
1D16D5AE
1DB739BD
1E073DD4
1D76F1C7
1DA6F9C2
1DC6E1BB
1B662D90
19B5B174
17D54162
15A4D148
18157D6C
1955D983
1975DD78
1965D177
1965C574
1975B170
1905A16E
18459950
1A15ED74
1E8789CB
1FA7F1EE
1ED7D1F4
1EC7B5EC
1EE7A9EA
1F27C1F2
1EE7C9F0
1E87B1E8
1EF7B9ED
1F37C1F4
1ED7B1EC
1E87ADE8
1EE7C9F1
1F27BDF2
1EE7A1E9
1EC7B1EC
1ED7D1F3
1ED7B9EE
1EE7A1EA
1F17BDF2
1EE7C9F2
1E97B1EA
1EE7B1EB
1EF7C1F4
1EA7C1E6
1F27C9F7
1F27C9E7
1EB7A9F1
1EC799CE
1F57C9C0
1E2739BC
1C7701AB
1946359A
16F57177
1826199B
15D59998
14A5B95B
18F65168
1544A4ED
13D30889
1A8428F3
1863D0E3
1945BD2E
1A06193C
12242CD6
10D410E0
1AC62971
2037A1F0
1EA7E9E9
1ED7A9ED
1F27BDF2
1EE7C1EE
1E87B1E8
1EE7C1EE
1F27C1F1
1EB7B1EE
1EA7B1EA
1F17C9EF
1F07B9F0
1EA7A1ED
1EE7B5EE
1F17C9ED
1EC7B5EC
1EB7A9EE
1F27D5F8
1F07C1F3
1EA7B1EA
1EF7B9EF
1F47C1F3
1ED7B1EE
1EA7B1E9
1F17C9EE
1F27C1F1
1EA7A9EE
1EC7B5EC
1F27D1EF
1EC7F5E3
1F4799DC
1BE6D9A8
1605715D
0FA42115
0B4300CC
0B8220B4
0B62E06B
0BA29CB6
0B72F0AE
0BE2B0CB
0C3348CA
11244112
1865F16D
1A06218D
1AB5C967
1DA6FD9E
1DE6B9AD
1D6709BE
1E6741D7
1D66FDC9
1D56C1B7
1C26559B
19E5A96D
19A5A572
17E59169
1685055D
17B5A16D
1945D977
1995D978
1965D976
1985D178
1945B96E
17859960
18056566
1AE6799F
1E8795D6
2027B9EE
1F47C1F3
1ED7B1EE
1EA7B1E9
1F07C9ED
1F07BDEF
1EA7A9EE
1EE7BDEE
1F27D1EF
1EC7B5EC
1EA7A9EE
1F27C1F1
1F17C9EE
1EA7B1E9
1ED7B1ED
1F47C1F3
1EF7B9EF
1EA7B1EA
1F07C1EE
1F27BDF2
1EB7A9EE
1EC7B1EC
1F17C9EE
1F87E1F3
1EB7B9E6
1F6799E8
1FE7E5FA
1FE7C9F1
1EE7DDE2
2067C1EF
1EF7E5FA
1D57A1EC
1C273DDE
1D1779E1
1A46F9B8
1515F168
104424E8
0C92E876
1041F880
1493B8BA
1A955136
1B76916C
14852108
113490D5
17854544
200799BF
1EC815E2
1EE7D9F5
1F57C5F6
1EC789E5
1EA7B1EA
1ED7E9F6
1EA7B1EA
1EC789E4
1F37C1F4
1EE7D9F4
1E57A9E4
1EE7A9EB
1F97C9FA
1EE7B1EC
1E37A5E2
1EE7D1F3
1F67C5F8
1EE791E6
1E87ADE8
1EE7E9F7
1EF7B9F0
1EE789E5
1F27BDF2
1EF7E9F7
1E77ADE6
1EE799E8
1F87CDFA
1EE7C9F1
1E27A9E2
1F07C9F1
1FA801FA
200799EE
1D07C5E4
1B3779E7
15F58568
0F7348CD
0B624CAE
07D2F0B1
0AE2BCC6
0B3320CF
0CE2F8C8
0B72C8B4
0CD2C0B4
0DD310AD
15B4DD2A
1DD779B6
1E572DAA
1D5721BE
1E3751D8
1D66F9D1
1CB6A1B2
1A660985
1985796A
1975A170
18156D6C
1694E152
18057D6E
1945D182
1955DD78
1955D178
18E5AD6E
17D57956
17550556
1985D97F
1E6769DE
1EF7EA0D
1EF7BDEE
1EE789E4
1F27BDF2
1EE7E1F4
1E57A9E4
1EE7A1E9
1F97CDFA
1EE7C1EF
1E27A5E2
1EE7C9F1
1F87CDFA
1EE799E8
1E77ADE6
1EF7E9F7
1F27C1F2
1EE789E5
1EF7B9F0
1EE7E9F7
1E87ADE8
1EE791E7
1F77C5F8
1ED7C9F4
1E97A1E2
1E67ADEA
1F47D1ED
1F47C1F3
1E8799EE
1EC7B9EC
1F57E1EE
1EC7B9ED
1E8799F9
1F47F9FE
2187D218
1D8775C4
1564E93A
0EE360C8
0BE2C84E
0DA2389A
0F9300B4
16E4D939
1BD5E18B
1A866576
1815A127
15850147
16B55178
1DA761CC
20D7D9F0
1E87B9EB
1E97A1EE
1F67C1F5
1EF7C1ED
1E47A9E4
1EF7C1ED
1F67C1F5
1E97A1ED
1E87ADE8
1F57D9EE
1F27BDF1
1E7791EE
1F07BDEF
1F57E1EE
1E87ADE8
1E7799EE
1F67C5F5
1F27D1EF
1E47A9E5
1EC7B1ED
1F87C5F7
1EC7A9ED
1E67A9E6
1F37D1ED
1F47C1F3
1E8799EE
1EC7B9EC
1F57E1EE
1EC7B9EC
1E8799EF
1F47D9F9
1F47D212
1E6821E9
1FE799F1
1B8691AA
12247127
0C22F4CD
0A82F89D
0BE2A4B6
0C3300A1
0BE29CAC
07B2B079
0A421CB1
1665B94B
1F27BDC1
1F8709C0
1DC725C5
1E7741D7
1D8705C8
1CD6A9AE
1B862D92
19C5C16E
1985A974
17D59167
1685095D
17B5916A
1965E176
19A5D177
18A5A16E
1775695B
17A51D60
1915A976
1E4725D8
2077C9FD
1E47B1E4
1EE7B9EE
1F87C5F6
1EB7A9ED
1E67ADE6
1F47D9EE
1F47C5F3
1E7799EE
1EC7B5EC
1F57E1EE
1EC7B9EC
1E8799EE
1F47C1F3
1F27D1ED
1E67ADE6
1ED7B1EF
1F87C5F7
1EC7B1ED
1E47A9E5
1F27D1EF
1F67C5F5
1E8799EE
1EA7A9E9
1F47D9ED
1EF7B9EE
1EE7B9EE
1EE7B9EE
1EE7B9EE
1EE7B9EE
1EE7B9EE
1EE7B9EE
1EE7B9EE
1EF7BA0C
1F0815EC
17C5C151
0D828496
08A2C04D
0EA2F8A0
1524A0FF
1A86317E
1E0781E6
1E57ADDE
1C76E1AF
1AB68994
1B96E1A8
1D8745D6
1E17A9ED
1EB7BDEE
1EE7B9EF
1ED7B9EE
1ED7B9EE
1ED7B9EE
1EE7B9EE
1ED7B9EE
1ED7B9EE
1ED7B9EE
1EE7B9EE
1EE7B5EE
1EE7B9EE
1EE7B9EE
1EE7B9EE
1EE7B9EE
1EE7B9EE
1EE7B9EE
1EE7B9EE
1EE7B9EE
1EE7B9EE
1EE7B9EE
1EE7B9EE
1EE7B9EE
1EE7B9EE
1EE7B9EE
1EE7B9EE
1EE7B9EE
1EE7B9EE
1EE7B9EE
1EE7B9EE
1EE7B9EE
1EE7B9EE
1EE7B9EE
1F67B9EE
1F2805EE
2127BA02
1D1759D8
16C5C175
10E400F8
0C82F8AD
0C1280B2
0822A8A9
0901A8AC
08D2B8DB
18A67DA8
1F17BA0E
1EC751C6
1E0749CA
1E1749D6
1DB711CA
1D26D1B8
1CC6A1AA
1AF61D8C
1955A979
17C5656C
1604D947
1765415C
1995D17E
1915CD76
1805795E
17650D5E
1955D984
1E4735DA
2007BA02
1ED7C9EE
1EE7B9EE
1EE7B9EE
1EE7B9EE
1EE7B9EE
1EE7B9EE
1EE7B9EE
1EE7B9EE
1EE7B9EE
1EE7B9EE
1EE7B9EE
1EE7B9EE
1EE7B9EE
1EE7B9EE
1EE7B9EE
1EF7B9EE
1EE7B9EE
1EE7B9EE
1EE7B9EE
1EE7B9EE
1EE7B9EE
1EE7B9EE
1EE7B9EE
1EE7B9EE
1ED7B5EE
1F87C5F2
1E87A1EE
1E87B1E8
1F57E1EE
1F07B9EF
1E6791ED
1F07BDF0
1FF7E1EF
1E8801DB
1AA701B6
10A3A4FA
0A030885
128464F3
1B469972
1F078DBD
1F87A202
1E67E1D8
1F57DA02
1F47ADE0
1E6791E4
1EC7C9E3
1F57E206
1EA7B9E8
1E6791ED
1F47C1F4
1F27D1EE
1E47A9E5
1EC7B1EE
1F87C9F8
1EC7B1EE
1E47A9E5
1F27D1EF
1F47C1F4
1E6791EC
1EA7B1EA
1F57E1EE
1EC7B5EC
1E6791ED
1F47C1F3
1F57D9EE
1E67A9E6
1E97A1ED
1F87C9F7
1EF7C1EE
1E47A9E4
1F17C9EE
1F87C9F6
1E97A1EE
1E87B1E8
1F57E1EE
1F07B9EF
1E6791ED
1F07B9EF
1F57E1EE
1E87B1E8
1E97A1EE
1F87C9F6
1F17C9EF
1E47C9E7
1F67C217
1F67F1E5
1D6721AF
1745C56A
1144712A
0D835506
0952E0F1
11A4B162
1D8789DE
1EA7E1DD
1D26D1C4
1E0725CC
1EB741D8
1E0729D0
1DF701C8
1DC701BF
1C56A9AE
1A060D8D
1805D979
1644FD56
16552950
1905AD6F
1935C17D
1805697C
18A5A97D
1DE711CF
2087DA03
1E67BDE5
1EB7A9ED
1F87C9F7
1EE7B9EE
1E47A9E5
1F17C9EE
1F67C5F6
1E7799ED
1E87ADE8
1F57E1EE
1F07BDEF
1E6791ED
1F07B9EF
1F57E1EE
1E87B1E8
1EA7A1EE
1F87C5F6
1F07C1ED
1E47A5E4
1F07C1EE
1F87C9F7
1E97A1ED
1E67A9E6
1F47D9EE
1F27C5F3
1E6791ED
1ED789E7
1F67C9F6
1EE7D9F4
1E37A5E2
1ED7A9EA
1F87C9FA
1EE7B1EE
1F77FDE4
1E87C1DD
17251146
0F3350B9
15351544
1D67A1DF
1FA855EE
21B789EA
1FF7F9F4
1F27E1F5
1E87B1E4
1FC7A1E9
2037F9FA
1FB7C1EF
1E57B1E2
1EE7C9F1
1F77C9FA
1ED799E8
1E67A9E6
1EE7E9F7
1F17C1F2
1EE789E6
1F07BDF2
1EE7E9F8
1E87B1E8
1ED799E8
1F67C5F8
1ED7C9F0
1E27A5E2
1EE7C1EF
1F87CDFA
1EE7A1E9
1E67A9E4
1EE7E1F5
1F37C1F4
1ED789E4
1EC7B5EC
1EE7E9F6
1EA7B5EA
1EE791E6
1F57C5F6
1EE7D9F3
1E37A5E2
1ED7A9EB
1F87C9FA
1ED7A9EB
1E37A5E2
1EE7D9F4
1F57C5F6
1ED789E5
1EA7B1EA
1EE7E9F7
1EE7C1EC
20C789E4
1F581DF4
2017E1FB
1AD755DE
1A0719C1
18D6B1CA
1CC781D8
1C37D9E2
1EC7C9DB
1DF6FDBC
1DD751C6
1E7761DC
1DE739D8
1E5731D2
1DE711D4
1CE6E1BE
1A5621A1
18E5D584
16852955
16E4FD4E
17756967
17957578
16B5697E
1BD6D1CC
2017A1F7
1E97C9E4
1EE7E1F4
1F17BDF2
1ED789E4
1ED7B9EE
1EE7E9F7
1E97B1EA
1ED791E7
1F57C5F8
1ED7D1F3
1E37A5E2
1EE7B1EC
1F87C9FA
1ED7A9EA
1E37A5E2
1EE7D9F4
1F57C5F6
1ED789E5
1EA7ADEA
1EE7E9F7
1EC7B5EC
1ED789E4
1F37C1F4
1EE7E1F5
1E57A9E4
1EE7A9E7
1F27CDFA
1F07ADEC
1EC7B1F2
1EC7BDEC
1EF7C1E7
1EE7B1ED
1EB7A9F3
1EE7B9EF
21E7C1E8
1DE6F594
14545903
18252D58
1E97A1DF
1EA839E6
1EF7BA00
1F07B1F0
1EC7B1F1
1EC7BDEC
1F07C1E8
1F07B5EE
1EC7B1F5
1EE7BDEE
1F07C9E8
1EC7B9EE
1EB7B1F5
1F07B5EF
1EF7C1EA
1EC7C1ED
1EE7B9F0
1F27B1F0
1EE7B9F0
1EC7C1ED
1EF7C1EB
1F07B5EF
1EB7B1F4
1EC7B9ED
1F07C9E8
1EE7BDEE
1EC7B1F5
1F07B5EE
1F07C1E8
1EC7BDEC
1EC7B1F1
1F07ADEE
1ED7B9EC
1EA7BDEC
1EE7C1EC
1F07B1EF
1EC7B1F2
1EC7BDEC
1EF7C1E7
1EE7B1ED
1EB7A9F3
1EE7B1ED
1EF7C1E7
1EC7BDEC
1EC7B1F2
1F07ADEF
1EE7C1EC
1EA7BDEC
1ED7B9EC
1F07ADEF
1EC7B1F9
1EC7F9F9
1F07C21C
1F082204
1EB7AA26
1EC80DFB
2017C1EC
1E8761C9
1BF661A3
1E071DC0
1F1751D9
1E0749D2
1E1729D0
1E2749CD
1D46F9C3
1B0685A3
19761187
17A57961
16750946
17E57959
14D5495D
1585697E
1BF761ED
1F07F5F3
1F47C1E8
1EC7C1EC
1ED7B9F1
1F07ADEF
1EC7B9EE
1EA7BDEC
1EE7C1EC
1F07B1F0
1EC7B1F3
1EC7B9ED
1EF7C1E7
1EE7B5ED
1EB7A9F3
1EE7B1ED
1EF7C1E7
1EC7BDEC
1EC7B1F2
1F07ADEE
1ED7B9EB
1EA7BDEB
1ED7B9EC
1F07ADEE
1EC7B1F1
1EC7BDEC
1F07C1E8
1F07B9EF
1ED7B1F5
